사고번호,사고일시,요일,시군구,사고내용,사망자수,중상자수,경상자수,부상신고자수,사고유형,법규위반,노면상태,기상상태,도로형태,가해운전자 차종,가해운전자 성별,가해운전자 연령,가해운전자 상해정도,피해운전자 차종,피해운전자 성별,피해운전자 연령,피해운전자 상해정도
2021011100100106,2021년 1월 11일 09시,월요일,경상북도 포항시 북구 양덕동,경상사고,0,0,1,0,차대차 - 측면충돌,안전운전불이행,건조,맑음,교차로 - 교차로안,승용,여,41세,기타불명,승용,여,61세,경상
2021011100100107,2021년 1월 11일 09시,월요일,경상북도 영주시 가흥동,경상사고,0,0,1,0,차대차 - 측면충돌,안전운전불이행,건조,맑음,교차로 - 교차로안,특수,남,54세,상해없음,승용,여,41세,경상
2021011100100127,2021년 1월 11일 10시,월요일,경상북도 포항시 남구 대잠동,경상사고,0,0,1,0,차대차 - 측면충돌,안전운전불이행,건조,맑음,교차로 - 교차로안,승용,남,72세,상해없음,승용,남,55세,경상
2021011100100151,2021년 1월 11일 11시,월요일,경상북도 영주시 영주동,경상사고,0,0,1,0,차대차 - 측면충돌,안전운전불이행,건조,맑음,교차로 - 교차로안,이륜,남,52세,상해없음,승용,여,59세,경상
2021011100100181,2021년 1월 11일 12시,월요일,경상북도 예천군 풍양면,중상사고,0,1,0,0,차량단독 - 전도전복 - 전도,안전운전불이행,건조,맑음,단일로 - 기타,이륜,남,59세,중상,,,,
2021011100100182,2021년 1월 11일 12시,월요일,경상북도 포항시 남구 대송면,중상사고,0,1,0,0,차대차 - 측면충돌,신호위반,건조,맑음,교차로 - 교차로안,승용,남,30세,상해없음,승용,남,58세,중상
2021011100100209,2021년 1월 11일 13시,월요일,경상북도 안동시 일직면,중상사고,0,1,1,0,차대차 - 기타,안전운전불이행,건조,맑음,교차로 - 교차로부근,화물,남,44세,경상,화물,남,48세,중상
2021011100100210,2021년 1월 11일 13시,월요일,경상북도 의성군 안계면,중상사고,0,1,1,0,차대차 - 정면충돌,신호위반,건조,맑음,교차로 - 교차로안,화물,남,35세,경상,화물,남,72세,중상
2021011100100211,2021년 1월 11일 13시,월요일,경상북도 경산시 하양읍,경상사고,0,0,1,0,차대차 - 측면충돌,차로위반,건조,맑음,단일로 - 기타,화물,남,56세,상해없음,승용,여,31세,경상
2021011100100212,2021년 1월 11일 13시,월요일,경상북도 성주군 성주읍,중상사고,0,2,0,0,차대차 - 추돌,안전운전불이행,건조,맑음,단일로 - 교량,화물,남,56세,중상,화물,남,61세,중상
2021011100100243,2021년 1월 11일 14시,월요일,경상북도 안동시 안흥동,경상사고,0,0,1,0,차대차 - 기타,안전운전불이행,건조,맑음,교차로 - 교차로안,화물,남,62세,상해없음,이륜,남,28세,경상
2021011100100244,2021년 1월 11일 14시,월요일,경상북도 영천시 고경면,중상사고,0,1,0,0,차량단독 - 도로외이탈 - 추락,안전운전불이행,건조,맑음,단일로 - 기타,건설기계,남,49세,중상,,,,
2021011100100245,2021년 1월 11일 14시,월요일,경상북도 구미시 오태동,경상사고,0,0,1,0,차대차 - 정면충돌,중앙선침범,건조,맑음,교차로 - 교차로안,화물,남,62세,상해없음,특수,남,50세,경상
2021011100100285,2021년 1월 11일 15시,월요일,경상북도 영주시 휴천동,경상사고,0,0,1,0,차대차 - 측면충돌,안전운전불이행,건조,맑음,단일로 - 기타,승용,남,18세,상해없음,이륜,남,54세,경상
2021011100100286,2021년 1월 11일 15시,월요일,경상북도 구미시 형곡동,경상사고,0,0,1,0,차대차 - 기타,안전운전불이행,건조,맑음,교차로 - 교차로부근,승용,여,58세,상해없음,자전거,여,38세,경상
2021011100100309,2021년 1월 11일 16시,월요일,경상북도 경주시 양남면,중상사고,0,2,1,0,차대차 - 정면충돌,중앙선침범,서리/결빙,흐림,교차로 - 교차로부근,승용,여,43세,경상,화물,여,68세,중상
2021011100100310,2021년 1월 11일 16시,월요일,경상북도 안동시 옥야동,경상사고,0,0,1,0,차대차 - 측면충돌,기타,건조,맑음,단일로 - 기타,승용,남,64세,상해없음,이륜,남,27세,경상
2021011100100311,2021년 1월 11일 16시,월요일,경상북도 안동시 안흥동,부상신고사고,0,0,0,5,차대차 - 후진중충돌,안전운전불이행,건조,맑음,단일로 - 기타,화물,남,64세,부상신고,승용,남,30세,부상신고
2021011100100333,2021년 1월 11일 17시,월요일,경상북도 경주시 황성동,경상사고,0,0,2,0,차대차 - 측면충돌,안전거리미확보,서리/결빙,맑음,교차로 - 교차로부근,화물,남,70세,상해없음,승용,여,63세,경상
2021011100100334,2021년 1월 11일 17시,월요일,경상북도 영천시 완산동,경상사고,0,0,1,0,차대차 - 추돌,안전운전불이행,건조,맑음,교차로 - 교차로부근,승용,남,34세,상해없음,승용,여,43세,경상
2021011100100335,2021년 1월 11일 17시,월요일,경상북도 경산시 백천동,경상사고,0,0,1,0,차대차 - 측면충돌,안전운전불이행,건조,맑음,교차로 - 교차로안,화물,남,57세,상해없음,승용,여,51세,경상
2021011100100385,2021년 1월 11일 18시,월요일,경상북도 의성군 봉양면,경상사고,0,0,2,0,차대차 - 측면충돌,안전운전불이행,건조,맑음,교차로 - 교차로부근,화물,남,52세,경상,화물,남,57세,경상
2021011100100386,2021년 1월 11일 18시,월요일,경상북도 칠곡군 석적읍,중상사고,0,1,0,0,차대차 - 기타,안전운전불이행,건조,맑음,단일로 - 기타,이륜,남,26세,중상,승용,남,26세,상해없음
2021011100100387,2021년 1월 11일 18시,월요일,경상북도 구미시 선산읍,경상사고,0,0,4,0,차대차 - 기타,안전운전불이행,건조,맑음,교차로 - 교차로안,승용,남,52세,상해없음,승용,남,31세,경상
2021011100100388,2021년 1월 11일 18시,월요일,경상북도 포항시 남구 대잠동,중상사고,0,1,0,0,차대차 - 기타,안전운전불이행,건조,맑음,단일로 - 지하차도(도로)내,승용,남,58세,상해없음,이륜,남,37세,중상
2021011100100428,2021년 1월 11일 19시,월요일,경상북도 포항시 북구 학잠동,경상사고,0,0,1,0,차대차 - 기타,교차로운행방법위반,서리/결빙,맑음,교차로 - 교차로안,승용,여,56세,기타불명,이륜,남,43세,경상
2021011100100429,2021년 1월 11일 19시,월요일,경상북도 구미시 구평동,경상사고,0,0,1,0,차대차 - 추돌,안전거리미확보,건조,맑음,단일로 - 기타,이륜,남,35세,경상,승용,여,27세,상해없음
2021011100100472,2021년 1월 11일 20시,월요일,경상북도 포항시 북구 장성동,경상사고,0,0,1,0,차대차 - 측면충돌,교차로운행방법위반,건조,맑음,교차로 - 교차로안,승합,남,41세,상해없음,승용,남,50세,경상
2021011100100473,2021년 1월 11일 20시,월요일,경상북도 구미시 산동읍,경상사고,0,0,3,0,차대차 - 정면충돌,안전운전불이행,건조,맑음,교차로 - 교차로안,승용,여,59세,상해없음,승용,남,30세,경상
2021011100100507,2021년 1월 11일 21시,월요일,경상북도 경산시 와촌면,경상사고,0,0,1,0,차대차 - 기타,안전거리미확보,기타,맑음,단일로 - 기타,화물,남,55세,상해없음,승용,여,56세,경상
2021011100100533,2021년 1월 11일 22시,월요일,경상북도 포항시 북구 양덕동,경상사고,0,0,2,0,차대차 - 측면충돌,교차로운행방법위반,건조,맑음,교차로 - 교차로안,승용,여,55세,경상,승용,남,51세,경상
2021011200100021,2021년 1월 12일 06시,화요일,경상북도 구미시 선기동,경상사고,0,0,1,0,차대차 - 추돌,교차로운행방법위반,건조,맑음,교차로 - 교차로안,승용,남,53세,경상,특수,남,58세,상해없음
2021011200100037,2021년 1월 12일 07시,화요일,경상북도 안동시 서후면,경상사고,0,0,1,0,차대차 - 추돌,안전거리미확보,건조,맑음,단일로 - 기타,승용,남,31세,상해없음,건설기계,남,46세,경상
2021011200100038,2021년 1월 12일 07시,화요일,경상북도 청송군 진보면,중상사고,0,2,1,0,차대차 - 정면충돌,신호위반,건조,맑음,교차로 - 교차로안,화물,남,71세,중상,승용,남,61세,경상
2021011200100039,2021년 1월 12일 07시,화요일,경상북도 구미시 구포동,경상사고,0,0,1,0,차대차 - 추돌,안전운전불이행,건조,맑음,교차로 - 교차로부근,승용,남,32세,상해없음,승용,남,42세,경상
2021011200100040,2021년 1월 12일 07시,화요일,경상북도 구미시 산동읍,경상사고,0,0,2,1,차대차 - 기타,안전운전불이행,건조,맑음,주차장 - 주차장,승용,여,50세,부상신고,승용,여,37세,경상
2021011200100067,2021년 1월 12일 08시,화요일,경상북도 경주시 산내면,경상사고,0,0,3,2,차대차 - 측면충돌,중앙선침범,건조,맑음,단일로 - 기타,승용,남,83세,부상신고,승용,남,49세,부상신고
2021011200100068,2021년 1월 12일 08시,화요일,경상북도 포항시 남구 연일읍,경상사고,0,0,1,0,차대차 - 측면충돌,신호위반,건조,맑음,교차로 - 교차로안,화물,남,76세,상해없음,화물,남,31세,경상
2021011200100108,2021년 1월 12일 10시,화요일,경상북도 경주시 외동읍,경상사고,0,0,1,0,차대차 - 정면충돌,중앙선침범,건조,맑음,단일로 - 지하차도(도로)내,화물,남,50세,상해없음,화물,남,64세,경상
2021011200100109,2021년 1월 12일 10시,화요일,경상북도 영천시 완산동,경상사고,0,0,1,0,차대차 - 측면충돌,교차로운행방법위반,건조,맑음,교차로 - 교차로부근,화물,남,74세,상해없음,승용,여,65세,경상
2021011200100132,2021년 1월 12일 11시,화요일,경상북도 경주시 동천동,경상사고,0,0,1,0,차대차 - 측면충돌,안전운전불이행,건조,맑음,교차로 - 교차로부근,승용,여,54세,상해없음,이륜,남,43세,경상
2021011200100133,2021년 1월 12일 11시,화요일,경상북도 예천군 호명면,경상사고,0,0,1,0,차대차 - 측면충돌,차로위반,건조,맑음,단일로 - 터널,승용,남,87세,상해없음,승용,남,42세,경상
2021011200100162,2021년 1월 12일 12시,화요일,경상북도 포항시 북구 죽도동,경상사고,0,0,1,0,차대차 - 측면충돌,교차로운행방법위반,건조,맑음,단일로 - 기타,승용,남,58세,상해없음,승용,여,41세,경상
2021011200100163,2021년 1월 12일 12시,화요일,경상북도 안동시 길안면,경상사고,0,0,1,0,차대차 - 기타,안전운전불이행,건조,맑음,단일로 - 기타,승합,남,77세,경상,화물,남,48세,상해없음
2021011200100164,2021년 1월 12일 12시,화요일,경상북도 영주시 가흥동,경상사고,0,0,4,0,차대차 - 추돌,안전운전불이행,건조,맑음,기타 - 기타,승용,여,59세,경상,승용,여,41세,경상
2021011200100197,2021년 1월 12일 13시,화요일,경상북도 예천군 예천읍,중상사고,0,1,0,0,차대차 - 측면충돌,중앙선침범,건조,맑음,단일로 - 기타,승용,여,49세,상해없음,이륜,여,70세,중상
2021011200100198,2021년 1월 12일 13시,화요일,경상북도 포항시 남구 효자동,경상사고,0,0,1,0,차대차 - 측면충돌,안전운전불이행,건조,맑음,교차로 - 교차로안,승용,여,38세,상해없음,이륜,남,38세,경상
2021011200100231,2021년 1월 12일 14시,화요일,경상북도 구미시 봉곡동,경상사고,0,0,1,0,차대차 - 측면충돌,직진우회전진행방해,건조,맑음,교차로 - 교차로안,이륜,남,64세,경상,승용,남,61세,상해없음
2021011200100263,2021년 1월 12일 15시,화요일,경상북도 포항시 남구 장흥동,중상사고,0,1,0,0,차대차 - 측면충돌,안전거리미확보,건조,맑음,교차로 - 교차로안,특수,남,58세,상해없음,승용,여,45세,중상
2021011200100300,2021년 1월 12일 16시,화요일,경상북도 경주시 노동동,경상사고,0,0,1,0,차대차 - 측면충돌,차로위반,건조,맑음,단일로 - 기타,승용,남,56세,상해없음,승용,남,64세,경상
2021011200100322,2021년 1월 12일 17시,화요일,경상북도 칠곡군 왜관읍,중상사고,0,1,0,0,차대사람 - 기타,안전운전불이행,건조,맑음,단일로 - 기타,승용,남,64세,상해없음,보행자,남,47세,중상
2021011200100358,2021년 1월 12일 18시,화요일,경상북도 김천시 개령면,경상사고,0,0,1,0,차대차 - 정면충돌,중앙선침범,건조,기타,단일로 - 기타,승용,여,67세,경상,건설기계,남,46세,상해없음
2021011200100359,2021년 1월 12일 18시,화요일,경상북도 경산시 서상동,경상사고,0,0,1,0,차대사람 - 기타,안전운전불이행,건조,맑음,기타 - 기타,승용,남,54세,기타불명,보행자,남,56세,경상
2021011200100388,2021년 1월 12일 19시,화요일,경상북도 포항시 북구 장성동,중상사고,0,1,0,0,차대차 - 기타,교차로운행방법위반,건조,맑음,교차로 - 교차로안,승합,남,67세,상해없음,이륜,남,38세,중상
2021011200100409,2021년 1월 12일 20시,화요일,경상북도 경주시 용강동,경상사고,0,0,1,0,차대차 - 측면충돌,안전운전불이행,건조,맑음,교차로 - 교차로안,승용,남,28세,경상,승용,남,43세,상해없음
2021011200100442,2021년 1월 12일 21시,화요일,경상북도 경산시 정평동,중상사고,0,1,0,0,차대사람 - 횡단중,보행자보호의무위반,건조,맑음,교차로 - 교차로횡단보도내,화물,남,41세,상해없음,보행자,남,67세,중상
2021011200100469,2021년 1월 12일 23시,화요일,경상북도 의성군 봉양면,중상사고,0,1,0,0,차대차 - 추돌,안전운전불이행,건조,맑음,단일로 - 기타,화물,남,59세,중상,건설기계,남,68세,상해없음
2021011300100006,2021년 1월 13일 01시,수요일,경상북도 포항시 남구 대도동,중상사고,0,2,0,0,차대사람 - 횡단중,신호위반,건조,맑음,교차로 - 교차로횡단보도내,승용,남,69세,상해없음,보행자,여,51세,중상
2021011300100035,2021년 1월 13일 06시,수요일,경상북도 포항시 북구 죽도동,중상사고,0,1,0,0,차대사람 - 횡단중,안전운전불이행,건조,맑음,단일로 - 기타,승용,여,47세,상해없음,보행자,남,66세,중상
2021011300100036,2021년 1월 13일 06시,수요일,경상북도 김천시 어모면,중상사고,0,1,0,0,차대차 - 측면충돌,직진우회전진행방해,서리/결빙,기타,교차로 - 교차로안,화물,남,55세,중상,건설기계,남,63세,상해없음
2021011300100089,2021년 1월 13일 08시,수요일,경상북도 포항시 북구 용흥동,경상사고,0,0,1,0,차대차 - 추돌,안전거리미확보,건조,맑음,교차로 - 교차로부근,승용,남,58세,상해없음,승용,여,32세,경상
2021011300100090,2021년 1월 13일 08시,수요일,경상북도 영천시 채신동,경상사고,0,0,4,0,차대차 - 측면충돌,신호위반,건조,맑음,교차로 - 교차로안,승용,남,31세,경상,승용,남,32세,경상
2021011300100091,2021년 1월 13일 08시,수요일,경상북도 경산시 하양읍,경상사고,0,0,2,0,차대차 - 추돌,안전거리미확보,건조,맑음,단일로 - 교량,승용,여,45세,경상,승용,남,46세,경상
2021011300100115,2021년 1월 13일 09시,수요일,경상북도 안동시 옥동,경상사고,0,0,2,0,차대차 - 추돌,안전운전불이행,건조,맑음,단일로 - 기타,승용,남,28세,상해없음,화물,여,59세,경상
2021011300100116,2021년 1월 13일 09시,수요일,경상북도 포항시 남구 대송면,경상사고,0,0,1,0,차대차 - 측면충돌,안전운전불이행,건조,맑음,단일로 - 기타,특수,남,50세,상해없음,화물,남,50세,경상
2021011300100138,2021년 1월 13일 10시,수요일,경상북도 경주시 외동읍,중상사고,0,1,2,0,차대차 - 정면충돌,중앙선침범,건조,맑음,단일로 - 기타,화물,남,79세,중상,화물,남,46세,경상
2021011300100139,2021년 1월 13일 10시,수요일,경상북도 안동시 풍산읍,중상사고,0,1,0,0,차량단독 - 기타,안전운전불이행,건조,맑음,교차로 - 교차로부근,승용,여,70세,중상,,,,
2021011300100186,2021년 1월 13일 12시,수요일,경상북도 포항시 북구 양덕동,중상사고,0,1,0,0,차대차 - 측면충돌,안전운전불이행,건조,맑음,단일로 - 기타,승용,여,39세,상해없음,이륜,남,39세,중상
2021011300100187,2021년 1월 13일 12시,수요일,경상북도 봉화군 봉화읍,경상사고,0,0,1,0,차대차 - 후진중충돌,중앙선침범,건조,맑음,단일로 - 기타,화물,남,63세,상해없음,이륜,남,42세,경상
2021011300100188,2021년 1월 13일 12시,수요일,경상북도 구미시 옥계동,경상사고,0,0,2,0,차대차 - 추돌,안전운전불이행,건조,맑음,교차로 - 교차로부근,승용,여,53세,상해없음,승용,여,34세,경상
2021011300100211,2021년 1월 13일 13시,수요일,경상북도 경주시 황오동,경상사고,0,0,1,0,차대차 - 측면충돌,신호위반,건조,맑음,교차로 - 교차로부근,승용,남,70세,상해없음,이륜,남,59세,경상
2021011300100212,2021년 1월 13일 13시,수요일,경상북도 안동시 태화동,부상신고사고,0,0,0,4,차대차 - 추돌,교차로운행방법위반,건조,맑음,교차로 - 교차로안,승용,남,36세,상해없음,승용,남,20세,부상신고
2021011300100213,2021년 1월 13일 13시,수요일,경상북도 의성군 의성읍,중상사고,0,5,0,0,차대차 - 정면충돌,신호위반,건조,맑음,교차로 - 교차로안,승합,남,28세,중상,승용,남,66세,중상
2021011300100214,2021년 1월 13일 13시,수요일,경상북도 영덕군 축산면,부상신고사고,0,0,0,1,차대차 - 추돌,안전거리미확보,건조,맑음,단일로 - 기타,이륜,남,71세,부상신고,화물,남,59세,상해없음
2021011300100233,2021년 1월 13일 14시,수요일,경상북도 포항시 북구 여천동,경상사고,0,0,1,0,차대차 - 후진중충돌,안전운전불이행,건조,맑음,단일로 - 기타,승용,여,52세,상해없음,이륜,남,28세,경상
2021011300100234,2021년 1월 13일 14시,수요일,경상북도 상주시 만산동,경상사고,0,0,1,0,차량단독 - 공작물충돌,안전운전불이행,건조,맑음,단일로 - 기타,승용,남,70세,경상,,,,
2021011300100235,2021년 1월 13일 14시,수요일,경상북도 포항시 남구 대도동,중상사고,0,1,0,0,차대차 - 측면충돌,안전운전불이행,건조,맑음,단일로 - 기타,자전거,기타불명,미분류,기타불명,자전거,남,69세,중상
2021011300100263,2021년 1월 13일 15시,수요일,경상북도 경산시 중방동,경상사고,0,0,1,0,차대차 - 추돌,안전운전불이행,건조,맑음,단일로 - 기타,승용,남,39세,상해없음,승용,여,64세,상해없음
2021011300100295,2021년 1월 13일 16시,수요일,경상북도 김천시 율곡동,경상사고,0,0,1,0,차대차 - 정면충돌,신호위반,건조,맑음,단일로 - 기타,승합,남,64세,상해없음,이륜,남,42세,경상
2021011300100296,2021년 1월 13일 16시,수요일,경상북도 구미시 형곡동,경상사고,0,0,1,0,차대차 - 측면충돌,안전운전불이행,건조,맑음,기타 - 기타,승용,여,49세,상해없음,자전거,남,10세,경상
2021011300100376,2021년 1월 13일 18시,수요일,경상북도 칠곡군 지천면,경상사고,0,0,1,0,차대사람 - 차도통행중,안전운전불이행,건조,기타,교차로 - 교차로부근,승용,여,51세,상해없음,보행자,여,66세,경상
2021011300100377,2021년 1월 13일 18시,수요일,경상북도 영천시 망정동,경상사고,0,0,4,1,차대차 - 측면충돌,안전운전불이행,건조,맑음,교차로 - 교차로안,승용,남,56세,상해없음,승용,남,19세,경상
2021011300100416,2021년 1월 13일 19시,수요일,경상북도 영주시 안정면,중상사고,0,1,0,0,차량단독 - 공작물충돌,안전운전불이행,서리/결빙,흐림,단일로 - 기타,화물,남,60세,중상,,,,
2021011300100417,2021년 1월 13일 19시,수요일,경상북도 구미시 형곡동,경상사고,0,0,1,0,차대차 - 후진중충돌,안전운전불이행,건조,맑음,교차로 - 교차로안,승용,남,55세,상해없음,승용,여,29세,경상
2021011300100418,2021년 1월 13일 19시,수요일,경상북도 경산시 와촌면,경상사고,0,0,2,0,차대차 - 측면충돌,안전운전불이행,건조,맑음,단일로 - 기타,특수,남,54세,상해없음,승용,남,34세,경상
2021011300100446,2021년 1월 13일 20시,수요일,경상북도 칠곡군 왜관읍,경상사고,0,0,2,0,차대차 - 측면충돌,안전운전불이행,건조,맑음,단일로 - 기타,승용,남,27세,상해없음,승용,남,66세,경상
2021011300100480,2021년 1월 13일 21시,수요일,경상북도 경산시 중방동,경상사고,0,0,1,0,차대차 - 추돌,안전운전불이행,건조,맑음,단일로 - 기타,승용,남,47세,상해없음,승용,남,32세,경상
2021011400100005,2021년 1월 14일 00시,목요일,경상북도 포항시 북구 환호동,경상사고,0,0,2,0,차대차 - 추돌,안전운전불이행,건조,맑음,교차로 - 교차로부근,승용,여,46세,상해없음,승용,여,21세,경상
2021011400100018,2021년 1월 14일 03시,목요일,경상북도 경산시 옥산동,중상사고,0,1,0,0,차대사람 - 횡단중,안전운전불이행,건조,맑음,단일로 - 기타,화물,남,66세,상해없음,보행자,남,59세,중상
2021011400100037,2021년 1월 14일 06시,목요일,경상북도 의성군 봉양면,사망사고,1,0,0,0,차대차 - 추돌,안전운전불이행,건조,맑음,교차로 - 교차로부근,승용,남,65세,상해없음,자전거,남,53세,사망
2021011400100061,2021년 1월 14일 07시,목요일,경상북도 구미시 공단동,경상사고,0,0,1,1,차대차 - 기타,차로위반,건조,맑음,단일로 - 기타,승용,남,29세,부상신고,특수,남,57세,경상
2021011400100094,2021년 1월 14일 08시,목요일,경상북도 상주시 이안면,경상사고,0,0,1,0,차대차 - 측면충돌,신호위반,건조,맑음,교차로 - 교차로안,화물,남,47세,상해없음,승용,여,49세,경상
2021011400100095,2021년 1월 14일 08시,목요일,경상북도 예천군 감천면,경상사고,0,0,2,0,차대차 - 후진중충돌,안전운전불이행,건조,맑음,단일로 - 기타,화물,남,62세,상해없음,승용,여,72세,경상
2021011400100096,2021년 1월 14일 08시,목요일,경상북도 구미시 원평동,중상사고,0,1,1,0,차대사람 - 횡단중,보행자보호의무위반,건조,맑음,단일로 - 기타,승용,남,45세,상해없음,보행자,여,78세,중상
2021011400100132,2021년 1월 14일 09시,목요일,경상북도 영천시 야사동,중상사고,0,1,0,0,차대차 - 측면충돌,중앙선침범,서리/결빙,맑음,교차로 - 교차로부근,화물,남,76세,상해없음,승용,남,27세,중상
2021011400100169,2021년 1월 14일 10시,목요일,경상북도 영천시 북안면,경상사고,0,0,1,0,차대차 - 추돌,안전운전불이행,건조,맑음,단일로 - 터널,화물,남,65세,상해없음,화물,남,22세,경상
2021011400100170,2021년 1월 14일 10시,목요일,경상북도 봉화군 명호면,경상사고,0,0,1,0,차대차 - 추돌,안전거리미확보,젖음/습기,맑음,단일로 - 기타,승용,남,36세,상해없음,승용,남,68세,경상
2021011400100171,2021년 1월 14일 10시,목요일,경상북도 구미시 도량동,중상사고,0,1,0,0,차대사람 - 보도통행중,보행자보호의무위반,건조,맑음,단일로 - 기타,승용,남,65세,상해없음,보행자,여,56세,중상
2021011400100201,2021년 1월 14일 11시,목요일,경상북도 안동시 풍산읍,경상사고,0,0,1,0,차대차 - 측면충돌,직진우회전진행방해,건조,맑음,교차로 - 교차로안,화물,남,65세,상해없음,승용,남,52세,경상
2021011400100202,2021년 1월 14일 11시,목요일,경상북도 의성군 의성읍,경상사고,0,0,1,0,차대차 - 측면충돌,안전운전불이행,건조,맑음,교차로 - 교차로부근,승용,남,70세,상해없음,승용,남,35세,경상
2021011400100203,2021년 1월 14일 11시,목요일,경상북도 성주군 성주읍,경상사고,0,0,1,0,차대차 - 기타,안전운전불이행,건조,맑음,단일로 - 기타,기타불명,기타불명,미분류,기타불명,이륜,남,80세,경상
2021011400100204,2021년 1월 14일 11시,목요일,경상북도 포항시 남구 해도동,중상사고,0,1,0,0,차대차 - 측면충돌,중앙선침범,건조,맑음,교차로 - 교차로부근,승용,남,66세,상해없음,이륜,남,26세,중상
2021011400100227,2021년 1월 14일 12시,목요일,경상북도 경주시 황성동,중상사고,0,3,0,0,차대차 - 측면충돌,신호위반,건조,맑음,교차로 - 교차로안,승용,여,67세,중상,승용,남,45세,중상
2021011400100228,2021년 1월 14일 12시,목요일,경상북도 청도군 운문면,중상사고,0,1,2,0,차대차 - 측면충돌,중앙선침범,건조,맑음,단일로 - 지하차도(도로)내,이륜,남,33세,중상,승용,여,60세,경상
2021011400100229,2021년 1월 14일 12시,목요일,경상북도 고령군 다산면,중상사고,0,1,0,0,차대차 - 측면충돌,교차로운행방법위반,건조,맑음,교차로 - 교차로안,화물,남,54세,상해없음,이륜,남,76세,중상
2021011400100257,2021년 1월 14일 13시,목요일,경상북도 예천군 예천읍,중상사고,0,2,1,0,차대차 - 측면충돌,직진우회전진행방해,건조,맑음,교차로 - 교차로안,승합,남,59세,중상,승용,남,29세,중상
2021011400100258,2021년 1월 14일 13시,목요일,경상북도 포항시 남구 대도동,중상사고,0,1,0,0,차대사람 - 횡단중,안전운전불이행,건조,맑음,교차로 - 교차로안,승용,여,64세,상해없음,보행자,여,61세,중상
2021011400100292,2021년 1월 14일 14시,목요일,경상북도 칠곡군 약목면,경상사고,0,0,1,0,차대차 - 측면충돌,안전운전불이행,건조,맑음,단일로 - 기타,승용,여,34세,상해없음,자전거,여,58세,경상
2021011400100293,2021년 1월 14일 14시,목요일,경상북도 고령군 다산면,중상사고,0,1,2,0,차대차 - 측면충돌,안전운전불이행,건조,맑음,교차로 - 교차로안,승용,남,69세,경상,건설기계,남,60세,중상
2021011400100294,2021년 1월 14일 14시,목요일,경상북도 포항시 남구 구룡포읍,경상사고,0,0,2,0,차대차 - 측면충돌,안전거리미확보,건조,맑음,교차로 - 교차로부근,승용,남,43세,상해없음,승용,여,63세,경상
2021011400100331,2021년 1월 14일 15시,목요일,경상북도 경산시 중산동,경상사고,0,0,1,0,차대차 - 기타,중앙선침범,건조,맑음,단일로 - 기타,승합,남,81세,상해없음,승용,남,23세,경상
2021011400100332,2021년 1월 14일 15시,목요일,경상북도 청도군 운문면,경상사고,0,0,2,0,차대차 - 정면충돌,중앙선침범,건조,맑음,단일로 - 기타,승용,남,63세,상해없음,승용,남,70세,경상
2021011400100370,2021년 1월 14일 16시,목요일,경상북도 경주시 건천읍,중상사고,0,2,0,0,차대차 - 측면충돌,안전운전불이행,건조,맑음,교차로 - 교차로안,화물,남,60세,상해없음,승용,남,73세,중상
2021011400100371,2021년 1월 14일 16시,목요일,경상북도 포항시 남구 해도동,중상사고,0,1,0,0,차대차 - 기타,안전운전불이행,건조,맑음,교차로 - 교차로안,자전거,남,76세,중상,승용,여,63세,상해없음
2021011400100403,2021년 1월 14일 17시,목요일,경상북도 경산시 옥곡동,경상사고,0,0,3,0,차대차 - 측면충돌,교차로운행방법위반,건조,맑음,교차로 - 교차로안,승용,남,24세,경상,승용,여,39세,경상
2021011400100465,2021년 1월 14일 18시,목요일,경상북도 영천시 금호읍,경상사고,0,0,1,0,차대차 - 측면충돌,교차로운행방법위반,건조,맑음,교차로 - 교차로안,화물,남,51세,상해없음,승용,남,56세,경상
2021011400100466,2021년 1월 14일 18시,목요일,경상북도 구미시 임은동,중상사고,0,1,0,1,차대차 - 추돌,안전운전불이행,건조,맑음,단일로 - 기타,승용,남,76세,부상신고,승용,남,42세,중상
2021011400100519,2021년 1월 14일 19시,목요일,경상북도 포항시 북구 대흥동,중상사고,0,1,0,0,차대차 - 기타,안전운전불이행,젖음/습기,흐림,단일로 - 기타,이륜,남,56세,중상,기타불명,기타불명,미분류,기타불명
2021011400100520,2021년 1월 14일 19시,목요일,경상북도 구미시 구포동,중상사고,0,1,0,0,차대차 - 기타,안전운전불이행,건조,맑음,교차로 - 교차로안,승용,여,27세,상해없음,이륜,남,33세,중상
2021011400100521,2021년 1월 14일 19시,목요일,경상북도 포항시 남구 상도동,경상사고,0,0,1,0,차대차 - 추돌,차로위반,건조,맑음,교차로 - 교차로부근,승용,남,68세,상해없음,원동기,남,24세,경상
2021011400100549,2021년 1월 14일 20시,목요일,경상북도 경산시 자인면,경상사고,0,0,1,0,차대차 - 추돌,안전운전불이행,건조,맑음,교차로 - 교차로부근,승용,여,27세,상해없음,승용,남,41세,경상
2021011400100586,2021년 1월 14일 21시,목요일,경상북도 상주시 초산동,경상사고,0,0,1,0,차량단독 - 공작물충돌,안전운전불이행,서리/결빙,맑음,단일로 - 기타,승용,여,30세,경상,,,,