사고번호,사고일시,요일,시군구,사고내용,사망자수,중상자수,경상자수,부상신고자수,사고유형,법규위반,노면상태,기상상태,도로형태,가해운전자 차종,가해운전자 성별,가해운전자 연령,가해운전자 상해정도,피해운전자 차종,피해운전자 성별,피해운전자 연령,피해운전자 상해정도
2021011900100386,2021년 1월 19일 17시,화요일,경상북도 칠곡군 북삼읍,중상사고,0,1,0,0,차대차 - 측면충돌,기타,건조,맑음,교차로 - 교차로안,승용,남,67세,상해없음,개인형이동수단(PM),여,17세,중상
2021011900100387,2021년 1월 19일 17시,화요일,경상북도 포항시 남구 해도동,중상사고,0,1,1,0,차대차 - 측면충돌,안전운전불이행,건조,맑음,교차로 - 교차로안,이륜,남,51세,중상,승용,남,65세,경상
2021011900100487,2021년 1월 19일 19시,화요일,경상북도 칠곡군 석적읍,경상사고,0,0,2,0,차대차 - 측면충돌,안전운전불이행,건조,맑음,교차로 - 교차로안,승용,남,45세,상해없음,승용,여,24세,경상
2021011900100530,2021년 1월 19일 20시,화요일,경상북도 구미시 원평동,경상사고,0,0,1,1,차대차 - 기타,안전거리미확보,건조,맑음,단일로 - 기타,승용,남,23세,부상신고,승용,남,26세,경상
2021011900100573,2021년 1월 19일 21시,화요일,경상북도 안동시 태화동,중상사고,0,1,0,0,차대사람 - 횡단중,보행자보호의무위반,건조,맑음,단일로 - 기타,승용,남,54세,상해없음,보행자,남,76세,중상
2021011900100574,2021년 1월 19일 21시,화요일,경상북도 안동시 안기동,경상사고,0,0,1,0,차대차 - 측면충돌,안전운전불이행,건조,맑음,단일로 - 기타,승용,남,59세,상해없음,승합,남,26세,경상
2021011900100575,2021년 1월 19일 21시,화요일,경상북도 구미시 황상동,중상사고,0,1,0,0,차대차 - 기타,교차로운행방법위반,건조,맑음,교차로 - 교차로안,승용,여,60세,상해없음,이륜,남,66세,중상
2021011900100576,2021년 1월 19일 21시,화요일,경상북도 구미시 공단동,경상사고,0,0,1,0,차대차 - 정면충돌,신호위반,건조,맑음,교차로 - 교차로안,승용,남,46세,상해없음,승용,남,34세,경상
2021011900100604,2021년 1월 19일 22시,화요일,경상북도 구미시 임은동,경상사고,0,0,1,0,차대차 - 추돌,안전운전불이행,건조,맑음,단일로 - 기타,특수,남,59세,상해없음,화물,남,44세,경상
2021012000100008,2021년 1월 20일 00시,수요일,경상북도 포항시 북구 두호동,중상사고,0,1,0,0,차대사람 - 기타,안전운전불이행,건조,맑음,단일로 - 기타,승합,남,61세,상해없음,보행자,남,90세,중상
2021012000100046,2021년 1월 20일 06시,수요일,경상북도 포항시 남구 이동,경상사고,0,0,2,0,차대차 - 측면충돌,안전운전불이행,건조,맑음,단일로 - 기타,건설기계,남,51세,상해없음,승용,여,47세,경상
2021012000100123,2021년 1월 20일 09시,수요일,경상북도 영덕군 영덕읍,경상사고,0,0,1,0,차대차 - 측면충돌,직진우회전진행방해,건조,맑음,교차로 - 교차로안,승용,남,54세,상해없음,화물,남,56세,경상
2021012000100124,2021년 1월 20일 09시,수요일,경상북도 구미시 봉곡동,경상사고,0,0,1,0,차대차 - 추돌,안전운전불이행,건조,맑음,교차로 - 교차로부근,승용,남,25세,상해없음,승용,남,36세,경상
2021012000100204,2021년 1월 20일 11시,수요일,경상북도 성주군 월항면,경상사고,0,0,1,0,차대차 - 기타,안전운전불이행,건조,맑음,단일로 - 기타,승용,남,50세,상해없음,화물,여,63세,경상
2021012000100205,2021년 1월 20일 11시,수요일,경상북도 구미시 송정동,경상사고,0,0,2,0,차대차 - 측면충돌,교차로운행방법위반,건조,맑음,교차로 - 교차로안,승용,여,49세,경상,승용,남,53세,경상
2021012000100246,2021년 1월 20일 12시,수요일,경상북도 포항시 남구 오천읍,경상사고,0,0,1,0,차대사람 - 차도통행중,안전운전불이행,건조,맑음,교차로 - 교차로부근,승용,남,20세,상해없음,보행자,남,72세,경상
2021012000100283,2021년 1월 20일 13시,수요일,경상북도 포항시 북구 우현동,경상사고,0,0,1,0,차대차 - 측면충돌,안전운전불이행,건조,맑음,단일로 - 기타,특수,남,39세,상해없음,승용,남,71세,경상
2021012000100284,2021년 1월 20일 13시,수요일,경상북도 김천시 지례면,경상사고,0,0,1,0,차대차 - 측면충돌,안전운전불이행,건조,맑음,단일로 - 기타,이륜,남,86세,경상,화물,남,69세,상해없음
2021012000100321,2021년 1월 20일 14시,수요일,경상북도 구미시 산동읍,중상사고,0,1,0,0,차대차 - 기타,차로위반,건조,맑음,단일로 - 기타,이륜,남,45세,중상,특수,남,60세,상해없음
2021012000100384,2021년 1월 20일 16시,수요일,경상북도 경주시 내남면,중상사고,0,1,2,2,차대차 - 기타,안전운전불이행,건조,맑음,교차로 - 교차로부근,화물,남,56세,상해없음,승용,남,80세,경상
2021012000100385,2021년 1월 20일 16시,수요일,경상북도 경산시 중방동,중상사고,0,1,0,0,차대사람 - 횡단중,보행자보호의무위반,건조,맑음,교차로 - 교차로횡단보도내,승용,여,30세,상해없음,보행자,여,78세,중상
2021012000100426,2021년 1월 20일 17시,수요일,경상북도 안동시 정상동,경상사고,0,0,2,0,차대차 - 측면충돌,직진우회전진행방해,건조,맑음,교차로 - 교차로안,승용,여,52세,상해없음,승용,여,64세,경상
2021012000100427,2021년 1월 20일 17시,수요일,경상북도 성주군 성주읍,사망사고,1,0,0,1,차대차 - 기타,안전운전불이행,건조,맑음,단일로 - 기타,승용,남,84세,사망,화물,남,58세,상해없음
2021012000100428,2021년 1월 20일 17시,수요일,경상북도 포항시 남구 송내동,경상사고,0,0,2,0,차대차 - 측면충돌,차로위반,건조,맑음,단일로 - 기타,승용,남,59세,경상,승용,남,57세,경상
2021012000100501,2021년 1월 20일 18시,수요일,경상북도 경주시 황성동,중상사고,0,1,0,0,차대차 - 측면충돌,안전운전불이행,건조,맑음,교차로 - 교차로안,승용,여,52세,상해없음,이륜,남,42세,중상
2021012000100502,2021년 1월 20일 18시,수요일,경상북도 안동시 태화동,중상사고,0,1,5,0,차대차 - 추돌,안전거리미확보,건조,맑음,단일로 - 기타,승용,남,30세,중상,승용,남,26세,상해없음
2021012000100503,2021년 1월 20일 18시,수요일,경상북도 김천시 성내동,중상사고,0,1,0,0,차대사람 - 횡단중,보행자보호의무위반,건조,기타,교차로 - 교차로횡단보도내,화물,남,46세,상해없음,보행자,남,74세,중상
2021012000100504,2021년 1월 20일 18시,수요일,경상북도 구미시 지산동,경상사고,0,0,1,0,차대차 - 측면충돌,안전운전불이행,건조,맑음,단일로 - 기타,자전거,남,39세,경상,이륜,남,46세,상해없음
2021012000100505,2021년 1월 20일 18시,수요일,경상북도 포항시 남구 이동,경상사고,0,0,1,0,차대차 - 측면충돌,안전거리미확보,건조,맑음,교차로 - 교차로부근,승용,여,44세,상해없음,승용,여,37세,경상
2021012000100561,2021년 1월 20일 19시,수요일,경상북도 영천시 문외동,경상사고,0,0,1,0,차대차 - 후진중충돌,불법유턴,건조,맑음,교차로 - 교차로횡단보도내,승용,남,33세,상해없음,이륜,남,42세,경상
2021012000100562,2021년 1월 20일 19시,수요일,경상북도 울진군 온정면,중상사고,0,1,0,0,차대차 - 정면충돌,중앙선침범,건조,맑음,교차로 - 교차로부근,화물,남,60세,중상,화물,남,55세,상해없음
2021012000100598,2021년 1월 20일 20시,수요일,경상북도 구미시 임은동,경상사고,0,0,1,0,차대사람 - 횡단중,보행자보호의무위반,건조,맑음,교차로 - 교차로횡단보도내,승용,남,53세,상해없음,보행자,남,43세,경상
2021012000100688,2021년 1월 20일 23시,수요일,경상북도 포항시 북구 용흥동,경상사고,0,0,1,0,차대차 - 측면충돌,안전운전불이행,건조,맑음,단일로 - 기타,화물,여,40세,상해없음,승용,남,47세,경상
2021012000100689,2021년 1월 20일 23시,수요일,경상북도 영주시 가흥동,중상사고,0,1,0,0,차대사람 - 기타,안전운전불이행,젖음/습기,맑음,단일로 - 기타,승용,여,24세,상해없음,보행자,남,36세,중상
2021012100100022,2021년 1월 21일 05시,목요일,경상북도 경산시 중방동,경상사고,0,0,1,0,차대사람 - 횡단중,보행자보호의무위반,건조,맑음,교차로 - 교차로횡단보도내,화물,남,50세,상해없음,보행자,여,65세,경상
2021012100100054,2021년 1월 21일 07시,목요일,경상북도 포항시 북구 죽도동,중상사고,0,1,0,0,차대차 - 측면충돌,안전운전불이행,건조,맑음,단일로 - 기타,승용,남,67세,상해없음,승합,남,49세,상해없음
2021012100100055,2021년 1월 21일 07시,목요일,경상북도 포항시 남구 송도동,경상사고,0,0,1,0,차대차 - 측면충돌,안전운전불이행,건조,맑음,교차로 - 교차로부근,건설기계,남,52세,상해없음,승용,남,61세,경상
2021012100100056,2021년 1월 21일 07시,목요일,경상북도 포항시 남구 해도동,경상사고,0,0,1,0,차대차 - 측면충돌,안전운전불이행,건조,맑음,단일로 - 지하차도(도로)내,승용,남,64세,상해없음,화물,남,53세,경상
2021012100100077,2021년 1월 21일 08시,목요일,경상북도 포항시 남구 인덕동,경상사고,0,0,2,0,차대차 - 측면충돌,안전거리미확보,건조,맑음,교차로 - 교차로부근,승용,남,39세,경상,승용,남,34세,경상
2021012100100144,2021년 1월 21일 10시,목요일,경상북도 포항시 북구 흥해읍,중상사고,0,1,0,0,차대차 - 측면충돌,안전운전불이행,건조,맑음,단일로 - 기타,화물,남,59세,상해없음,승용,남,72세,중상
2021012100100145,2021년 1월 21일 10시,목요일,경상북도 포항시 북구 청하면,중상사고,0,4,1,0,차대차 - 기타,안전운전불이행,건조,맑음,단일로 - 기타,화물,남,59세,상해없음,승용,남,63세,중상
2021012100100146,2021년 1월 21일 10시,목요일,경상북도 칠곡군 석적읍,중상사고,0,1,0,0,차대차 - 기타,안전운전불이행,건조,맑음,교차로 - 교차로안,승용,남,32세,상해없음,화물,남,51세,중상
2021012100100147,2021년 1월 21일 10시,목요일,경상북도 구미시 산동읍,경상사고,0,0,1,1,차대차 - 기타,교차로운행방법위반,건조,맑음,교차로 - 교차로안,승용,여,34세,부상신고,승용,남,26세,경상
2021012100100219,2021년 1월 21일 12시,목요일,경상북도 예천군 지보면,중상사고,0,1,0,0,차대사람 - 횡단중,안전운전불이행,건조,맑음,교차로 - 교차로안,화물,남,71세,상해없음,보행자,여,87세,중상
2021012100100248,2021년 1월 21일 13시,목요일,경상북도 포항시 북구 흥해읍,경상사고,0,0,2,0,차대차 - 측면충돌,직진우회전진행방해,건조,맑음,교차로 - 교차로안,승용,여,52세,경상,승용,여,61세,경상
2021012100100249,2021년 1월 21일 13시,목요일,경상북도 문경시 문경읍,경상사고,0,0,2,0,차대차 - 측면충돌,안전운전불이행,건조,맑음,단일로 - 기타,화물,남,52세,상해없음,승용,남,38세,경상
2021012100100275,2021년 1월 21일 14시,목요일,경상북도 청도군 금천면,사망사고,1,0,0,0,차량단독 - 전도전복 - 전도,안전운전불이행,건조,맑음,단일로 - 기타,자전거,여,68세,사망,,,,
2021012100100276,2021년 1월 21일 14시,목요일,경상북도 구미시 진평동,경상사고,0,0,1,0,차대차 - 기타,안전운전불이행,건조,맑음,교차로 - 교차로부근,승용,여,45세,상해없음,자전거,남,31세,경상
2021012100100296,2021년 1월 21일 15시,목요일,경상북도 경주시 강동면,중상사고,0,1,1,0,차대차 - 측면충돌,안전운전불이행,건조,맑음,단일로 - 기타,승용,남,50세,상해없음,승용,남,64세,중상
2021012100100297,2021년 1월 21일 15시,목요일,경상북도 성주군 성주읍,경상사고,0,0,1,0,차량단독 - 공작물충돌,안전운전불이행,건조,맑음,단일로 - 기타,승용,남,57세,상해없음,,,,
2021012100100332,2021년 1월 21일 16시,목요일,경상북도 영천시 망정동,부상신고사고,0,0,0,2,차대차 - 측면충돌,안전거리미확보,건조,맑음,교차로 - 교차로부근,승용,남,72세,상해없음,승용,남,29세,부상신고
2021012100100362,2021년 1월 21일 17시,목요일,경상북도 경주시 구황동,중상사고,0,1,0,0,차대차 - 측면충돌,안전운전불이행,건조,맑음,교차로 - 교차로안,승용,남,49세,상해없음,이륜,남,40세,중상
2021012100100363,2021년 1월 21일 17시,목요일,경상북도 김천시 부곡동,부상신고사고,0,0,0,1,차대차 - 추돌,안전거리미확보,젖음/습기,흐림,교차로 - 교차로부근,승용,남,50세,상해없음,승용,여,52세,부상신고
2021012100100364,2021년 1월 21일 17시,목요일,경상북도 칠곡군 석적읍,경상사고,0,0,2,0,차대차 - 측면충돌,직진우회전진행방해,젖음/습기,비,교차로 - 교차로안,승합,여,55세,상해없음,승용,남,74세,경상
2021012100100419,2021년 1월 21일 18시,목요일,경상북도 경주시 양남면,경상사고,0,0,1,0,차대차 - 측면충돌,신호위반,젖음/습기,흐림,교차로 - 교차로부근,승용,남,44세,상해없음,승용,남,49세,경상
2021012100100420,2021년 1월 21일 18시,목요일,경상북도 포항시 북구 흥해읍,사망사고,1,0,0,0,차량단독 - 공작물충돌,안전운전불이행,건조,흐림,단일로 - 기타,승용,남,42세,사망,,,,
2021012100100421,2021년 1월 21일 18시,목요일,경상북도 포항시 북구 장성동,경상사고,0,0,2,0,차대차 - 추돌,안전거리미확보,젖음/습기,비,단일로 - 기타,승용,남,68세,상해없음,승용,여,60세,경상
2021012100100422,2021년 1월 21일 18시,목요일,경상북도 영덕군 남정면,경상사고,0,0,1,0,차대차 - 측면충돌,안전거리미확보,건조,맑음,단일로 - 기타,승용,남,70세,기타불명,승용,남,39세,경상
2021012100100423,2021년 1월 21일 18시,목요일,경상북도 구미시 원평동,경상사고,0,0,1,0,차대사람 - 길가장자리구역통행중,안전운전불이행,건조,맑음,단일로 - 기타,승용,여,53세,상해없음,보행자,여,29세,경상
2021012100100475,2021년 1월 21일 19시,목요일,경상북도 안동시 동부동,중상사고,0,1,4,0,차대차 - 측면충돌,신호위반,건조,맑음,단일로 - 기타,승용,여,21세,상해없음,승용,남,40세,경상
2021012100100476,2021년 1월 21일 19시,목요일,경상북도 칠곡군 왜관읍,중상사고,0,1,0,0,차대사람 - 차도통행중,안전운전불이행,젖음/습기,비,단일로 - 기타,이륜,남,24세,상해없음,보행자,여,77세,중상
2021012100100477,2021년 1월 21일 19시,목요일,경상북도 구미시 사곡동,경상사고,0,0,1,0,차대차 - 기타,안전운전불이행,건조,맑음,교차로 - 교차로안,승용,남,46세,상해없음,승용,여,32세,경상
2021012100100519,2021년 1월 21일 20시,목요일,경상북도 안동시 태화동,경상사고,0,0,1,0,차대사람 - 보도통행중,신호위반,젖음/습기,비,단일로 - 기타,이륜,남,44세,상해없음,보행자,여,27세,경상
2021012100100520,2021년 1월 21일 20시,목요일,경상북도 칠곡군 왜관읍,중상사고,0,1,1,0,차대사람 - 차도통행중,안전운전불이행,젖음/습기,비,단일로 - 기타,이륜,남,19세,경상,보행자,남,39세,중상
2021012100100521,2021년 1월 21일 20시,목요일,경상북도 구미시 선산읍,중상사고,0,1,0,0,차대사람 - 차도통행중,안전운전불이행,젖음/습기,비,단일로 - 기타,승용,남,50세,상해없음,보행자,여,58세,중상
2021012100100560,2021년 1월 21일 21시,목요일,경상북도 포항시 북구 학잠동,경상사고,0,0,1,0,차대차 - 추돌,안전운전불이행,건조,맑음,단일로 - 기타,승용,여,52세,상해없음,승용,여,44세,경상
2021012100100561,2021년 1월 21일 21시,목요일,경상북도 경산시 정평동,중상사고,0,1,0,0,차대차 - 기타,교차로운행방법위반,젖음/습기,비,교차로 - 교차로안,승용,남,60세,상해없음,이륜,남,49세,중상
2021012100100562,2021년 1월 21일 21시,목요일,경상북도 경산시 중산동,경상사고,0,0,1,0,차대차 - 측면충돌,안전운전불이행,젖음/습기,비,교차로 - 교차로안,승용,남,44세,기타불명,승용,여,52세,경상
2021012200100010,2021년 1월 22일 01시,금요일,경상북도 안동시 법흥동,중상사고,0,1,0,0,차대차 - 측면충돌,교차로운행방법위반,젖음/습기,비,교차로 - 교차로안,승용,남,23세,상해없음,화물,남,57세,중상
2021012200100024,2021년 1월 22일 05시,금요일,경상북도 성주군 월항면,경상사고,0,0,2,0,차대차 - 기타,신호위반,젖음/습기,흐림,교차로 - 교차로안,화물,남,63세,상해없음,화물,남,68세,경상
2021012200100056,2021년 1월 22일 07시,금요일,경상북도 구미시 산동면,중상사고,0,1,0,0,차대차 - 추돌,안전운전불이행,젖음/습기,안개,단일로 - 기타,승용,남,61세,중상,승용,남,64세,상해없음
2021012200100074,2021년 1월 22일 08시,금요일,경상북도 안동시 북후면,중상사고,0,1,0,0,차량단독 - 전도전복 - 전도,안전운전불이행,서리/결빙,흐림,단일로 - 기타,이륜,여,65세,중상,,,,
2021012200100075,2021년 1월 22일 08시,금요일,경상북도 안동시 서후면,중상사고,0,1,0,0,차량단독 - 공작물충돌,안전운전불이행,서리/결빙,맑음,교차로 - 교차로부근,승합,남,55세,상해없음,,,,
2021012200100100,2021년 1월 22일 09시,금요일,경상북도 포항시 북구 흥해읍,경상사고,0,0,1,0,차대차 - 측면충돌,안전거리미확보,건조,흐림,교차로 - 교차로부근,화물,남,57세,상해없음,승용,남,61세,경상
2021012200100101,2021년 1월 22일 09시,금요일,경상북도 구미시 봉곡동,중상사고,0,1,1,0,차대차 - 추돌,안전운전불이행,건조,맑음,교차로 - 교차로부근,승용,여,56세,상해없음,승용,남,29세,경상
2021012200100120,2021년 1월 22일 10시,금요일,경상북도 경산시 백천동,경상사고,0,0,1,0,차대차 - 측면충돌,직진우회전진행방해,건조,맑음,교차로 - 교차로안,승용,남,63세,상해없음,승용,여,32세,경상
2021012200100143,2021년 1월 22일 11시,금요일,경상북도 칠곡군 왜관읍,경상사고,0,0,1,0,차대사람 - 횡단중,보행자보호의무위반,건조,맑음,교차로 - 교차로안,승용,여,55세,상해없음,보행자,여,24세,경상
2021012200100144,2021년 1월 22일 11시,금요일,경상북도 영천시 완산동,중상사고,0,1,0,0,차대사람 - 횡단중,안전운전불이행,건조,맑음,교차로 - 교차로안,화물,남,57세,상해없음,보행자,남,61세,중상
2021012200100165,2021년 1월 22일 12시,금요일,경상북도 경주시 황성동,경상사고,0,0,2,0,차대차 - 측면충돌,안전운전불이행,건조,흐림,교차로 - 교차로부근,승용,남,65세,상해없음,승용,남,52세,상해없음
2021012200100166,2021년 1월 22일 12시,금요일,경상북도 칠곡군 왜관읍,경상사고,0,0,1,0,차대차 - 측면충돌,안전운전불이행,건조,맑음,교차로 - 교차로안,이륜,여,59세,경상,승용,여,60세,상해없음
2021012200100167,2021년 1월 22일 12시,금요일,경상북도 구미시 봉곡동,경상사고,0,0,1,0,차대차 - 기타,직진우회전진행방해,건조,맑음,교차로 - 교차로안,이륜,남,16세,경상,승용,여,53세,상해없음
2021012200100168,2021년 1월 22일 12시,금요일,경상북도 상주시 화남면,경상사고,0,0,2,0,차대차 - 추돌,안전운전불이행,건조,맑음,단일로 - 기타,승용,남,82세,상해없음,화물,남,51세,경상
2021012200100191,2021년 1월 22일 13시,금요일,경상북도 경주시 인왕동,중상사고,0,1,0,0,차량단독 - 전도전복 - 전복,안전운전불이행,건조,맑음,단일로 - 기타,승용,남,42세,중상,,,,
2021012200100224,2021년 1월 22일 14시,금요일,경상북도 고령군 대가야읍,경상사고,0,0,1,0,차대차 - 측면충돌,안전운전불이행,건조,맑음,단일로 - 기타,승용,여,37세,상해없음,화물,남,62세,경상
2021012200100248,2021년 1월 22일 15시,금요일,경상북도 안동시 송현동,경상사고,0,0,2,0,차대차 - 측면충돌,안전운전불이행,건조,맑음,단일로 - 기타,이륜,남,29세,경상,승용,여,61세,경상
2021012200100249,2021년 1월 22일 15시,금요일,경상북도 고령군 성산면,경상사고,0,0,2,1,차대차 - 추돌,안전운전불이행,건조,흐림,단일로 - 기타,승용,남,51세,부상신고,화물,남,30세,경상
2021012200100285,2021년 1월 22일 16시,금요일,경상북도 경주시 성동동,중상사고,0,1,0,0,차대사람 - 기타,안전운전불이행,건조,맑음,단일로 - 기타,승합,여,47세,상해없음,보행자,남,88세,중상
2021012200100286,2021년 1월 22일 16시,금요일,경상북도 영주시 휴천동,경상사고,0,0,1,0,차대차 - 측면충돌,안전운전불이행,건조,맑음,기타 - 기타,원동기,여,62세,경상,승용,여,29세,상해없음
2021012200100287,2021년 1월 22일 16시,금요일,경상북도 구미시 형곡동,부상신고사고,0,0,0,1,차대차 - 기타,교차로운행방법위반,건조,맑음,교차로 - 교차로안,이륜,남,30세,부상신고,승용,여,56세,상해없음
2021012200100330,2021년 1월 22일 17시,금요일,경상북도 경산시 진량읍,경상사고,0,0,1,0,차대차 - 측면충돌,안전운전불이행,건조,맑음,단일로 - 기타,승용,남,39세,상해없음,승용,여,32세,경상
2021012200100331,2021년 1월 22일 17시,금요일,경상북도 포항시 남구 상도동,경상사고,0,0,1,0,차대차 - 측면충돌,안전거리미확보,건조,맑음,단일로 - 기타,화물,남,72세,상해없음,승용,남,37세,경상
2021012200100399,2021년 1월 22일 18시,금요일,경상북도 안동시 송현동,경상사고,0,0,1,0,차대차 - 기타,안전운전불이행,건조,맑음,교차로 - 교차로안,승용,여,54세,상해없음,이륜,남,17세,경상
2021012200100400,2021년 1월 22일 18시,금요일,경상북도 안동시 정하동,경상사고,0,0,1,0,차대차 - 기타,안전운전불이행,건조,맑음,교차로 - 교차로안,승용,여,53세,상해없음,승용,남,57세,경상
2021012200100468,2021년 1월 22일 19시,금요일,경상북도 안동시 서후면,중상사고,0,1,1,0,차대차 - 정면충돌,중앙선침범,건조,맑음,단일로 - 기타,화물,남,64세,경상,승용,남,37세,상해없음
2021012200100469,2021년 1월 22일 19시,금요일,경상북도 영천시 문외동,중상사고,0,1,0,0,차대사람 - 횡단중,보행자보호의무위반,건조,맑음,단일로 - 기타,이륜,남,29세,상해없음,보행자,남,80세,중상
2021012200100505,2021년 1월 22일 20시,금요일,경상북도 포항시 남구 대잠동,중상사고,0,1,0,0,차대사람 - 횡단중,보행자보호의무위반,건조,맑음,교차로 - 교차로횡단보도내,승용,여,25세,상해없음,보행자,여,32세,중상
2021012200100506,2021년 1월 22일 20시,금요일,경상북도 상주시 화서면,경상사고,0,0,3,0,차대차 - 기타,안전운전불이행,건조,맑음,단일로 - 기타,화물,여,61세,상해없음,승용,여,33세,경상
2021012200100507,2021년 1월 22일 20시,금요일,경상북도 상주시 내서면,중상사고,0,2,0,0,차대차 - 추돌,안전운전불이행,건조,맑음,단일로 - 기타,승용,남,33세,상해없음,승용,여,57세,중상
2021012200100547,2021년 1월 22일 21시,금요일,경상북도 경산시 중방동,경상사고,0,0,4,0,차대차 - 추돌,안전운전불이행,건조,맑음,단일로 - 기타,승용,남,39세,상해없음,승용,남,27세,경상
2021012200100548,2021년 1월 22일 21시,금요일,경상북도 구미시 인의동,경상사고,0,0,1,0,차대차 - 정면충돌,안전운전불이행,건조,흐림,단일로 - 기타,승용,남,59세,상해없음,이륜,남,36세,경상
2021012200100599,2021년 1월 22일 23시,금요일,경상북도 포항시 북구 흥해읍,경상사고,0,0,1,0,차량단독 - 공작물충돌,안전운전불이행,건조,맑음,단일로 - 기타,화물,남,55세,상해없음,,,,
2021012300100006,2021년 1월 23일 00시,토요일,경상북도 칠곡군 동명면,경상사고,0,0,2,0,차대차 - 측면충돌,중앙선침범,건조,맑음,단일로 - 기타,승용,남,27세,상해없음,승용,남,64세,경상
2021012300100055,2021년 1월 23일 08시,토요일,경상북도 경주시 내남면,중상사고,0,1,1,0,차대차 - 측면충돌,신호위반,젖음/습기,비,교차로 - 교차로안,승용,남,74세,중상,화물,남,54세,경상
2021012300100056,2021년 1월 23일 08시,토요일,경상북도 경주시 성건동,중상사고,0,1,0,0,차대차 - 측면충돌,안전운전불이행,젖음/습기,비,교차로 - 교차로안,승용,남,77세,상해없음,승용,남,46세,중상
2021012300100057,2021년 1월 23일 08시,토요일,경상북도 영덕군 영덕읍,경상사고,0,0,1,0,차량단독 - 공작물충돌,안전운전불이행,젖음/습기,비,교차로 - 교차로부근,건설기계,남,48세,경상,,,,
2021012300100071,2021년 1월 23일 09시,토요일,경상북도 봉화군 봉화읍,경상사고,0,0,1,0,차대차 - 측면충돌,안전운전불이행,건조,맑음,교차로 - 교차로안,승용,여,50세,상해없음,이륜,남,78세,경상
2021012300100086,2021년 1월 23일 10시,토요일,경상북도 경주시 동부동,경상사고,0,0,3,0,차대차 - 측면충돌,안전운전불이행,젖음/습기,비,교차로 - 교차로안,승용,여,60세,경상,승용,남,73세,상해없음
2021012300100219,2021년 1월 23일 14시,토요일,경상북도 경주시 내남면,중상사고,0,2,1,0,차량단독 - 공작물충돌,안전운전불이행,젖음/습기,비,단일로 - 기타,승용,남,28세,경상,,,,
2021012300100220,2021년 1월 23일 14시,토요일,경상북도 안동시 옥정동,경상사고,0,0,2,0,차대차 - 측면충돌,신호위반,건조,맑음,단일로 - 기타,승용,여,27세,상해없음,승용,남,42세,경상
2021012300100221,2021년 1월 23일 14시,토요일,경상북도 영천시 야사동,경상사고,0,0,3,0,차대차 - 측면충돌,안전운전불이행,건조,기타,단일로 - 기타,승용,남,74세,상해없음,승용,여,28세,경상
2021012300100253,2021년 1월 23일 15시,토요일,경상북도 김천시 부곡동,중상사고,0,1,0,0,차대차 - 측면충돌,신호위반,건조,맑음,교차로 - 교차로안,승용,남,35세,상해없음,이륜,남,45세,중상
2021012300100254,2021년 1월 23일 15시,토요일,경상북도 구미시 오태동,경상사고,0,0,4,0,차대차 - 추돌,안전운전불이행,건조,맑음,교차로 - 교차로부근,승용,남,56세,상해없음,승용,남,31세,경상
2021012300100314,2021년 1월 23일 17시,토요일,경상북도 포항시 북구 죽도동,경상사고,0,0,3,0,차대차 - 측면충돌,직진우회전진행방해,건조,맑음,교차로 - 교차로안,승용,남,45세,상해없음,승용,여,40세,경상
2021012300100315,2021년 1월 23일 17시,토요일,경상북도 포항시 남구 해도동,경상사고,0,0,1,0,차대사람 - 길가장자리구역통행중,안전운전불이행,건조,맑음,단일로 - 기타,승용,남,70세,상해없음,보행자,남,48세,경상
2021012300100316,2021년 1월 23일 17시,토요일,경상북도 포항시 남구 대도동,중상사고,0,1,0,0,차대차 - 측면충돌,안전운전불이행,젖음/습기,비,교차로 - 교차로안,이륜,남,51세,중상,승용,여,28세,상해없음
2021012300100359,2021년 1월 23일 18시,토요일,경상북도 경주시 용강동,중상사고,0,1,0,0,차대사람 - 차도통행중,안전운전불이행,젖음/습기,비,주차장 - 주차장,화물,남,56세,상해없음,보행자,남,45세,중상
2021012300100360,2021년 1월 23일 18시,토요일,경상북도 안동시 남선면,경상사고,0,0,2,0,차대차 - 정면충돌,중앙선침범,건조,맑음,단일로 - 기타,승용,남,61세,경상,승용,여,53세,경상
2021012300100361,2021년 1월 23일 18시,토요일,경상북도 안동시 옥동,경상사고,0,0,1,0,차대차 - 측면충돌,안전운전불이행,건조,맑음,교차로 - 교차로안,승용,남,59세,상해없음,승용,여,53세,상해없음
2021012300100362,2021년 1월 23일 18시,토요일,경상북도 안동시 태화동,경상사고,0,0,3,0,차대차 - 추돌,안전운전불이행,건조,맑음,교차로 - 교차로부근,승용,남,29세,상해없음,승용,남,64세,경상
2021012300100363,2021년 1월 23일 18시,토요일,경상북도 경산시 남천면,경상사고,0,0,1,0,차대차 - 추돌,안전운전불이행,건조,맑음,단일로 - 기타,승용,남,61세,상해없음,승용,남,25세,경상
2021012300100369,2021년 1월 23일 18시,토요일,경상북도 경산시 중산동,부상신고사고,0,0,0,1,차대차 - 측면충돌,안전운전불이행,젖음/습기,비,교차로 - 교차로부근,이륜,남,27세,부상신고,승용,남,49세,상해없음
2021012300100396,2021년 1월 23일 19시,토요일,경상북도 울릉군 울릉읍,경상사고,0,0,1,0,차대사람 - 길가장자리구역통행중,안전운전불이행,건조,맑음,단일로 - 기타,승용,남,53세,상해없음,보행자,남,50세,경상