사고번호,사고일시,요일,시군구,사고내용,사망자수,중상자수,경상자수,부상신고자수,사고유형,법규위반,노면상태,기상상태,도로형태,가해운전자 차종,가해운전자 성별,가해운전자 연령,가해운전자 상해정도,피해운전자 차종,피해운전자 성별,피해운전자 연령,피해운전자 상해정도
2021020100100112,2021년 2월 1일 09시,월요일,경상북도 영주시 부석면,중상사고,0,1,0,0,차대차 - 기타,중앙선침범,서리/결빙,비,단일로 - 기타,화물,남,76세,상해없음,승합,남,40세,중상
2021020100100113,2021년 2월 1일 09시,월요일,경상북도 문경시 농암면,경상사고,0,0,1,0,차대차 - 정면충돌,중앙선침범,서리/결빙,흐림,단일로 - 기타,승용,남,55세,상해없음,화물,남,62세,경상
2021020100100125,2021년 2월 1일 10시,월요일,경상북도 포항시 북구 용흥동,경상사고,0,0,1,0,차대차 - 기타,신호위반,젖음/습기,흐림,단일로 - 기타,승용,남,67세,상해없음,승용,여,58세,경상
2021020100100126,2021년 2월 1일 10시,월요일,경상북도 포항시 남구 오천읍,경상사고,0,0,1,0,차대차 - 측면충돌,차로위반,건조,맑음,단일로 - 기타,승용,남,61세,경상,특수,남,60세,상해없음
2021020100100150,2021년 2월 1일 11시,월요일,경상북도 경주시 감포읍,중상사고,0,1,0,0,차대사람 - 기타,안전운전불이행,젖음/습기,비,단일로 - 기타,화물,남,82세,상해없음,보행자,남,82세,중상
2021020100100151,2021년 2월 1일 11시,월요일,경상북도 구미시 선기동,중상사고,0,1,0,0,차대사람 - 기타,안전운전불이행,건조,맑음,주차장 - 주차장,승합,남,61세,상해없음,보행자,남,57세,중상
2021020100100205,2021년 2월 1일 13시,월요일,경상북도 포항시 북구 장성동,경상사고,0,0,1,0,차대차 - 측면충돌,안전운전불이행,건조,맑음,단일로 - 기타,승용,남,41세,경상,승용,남,39세,상해없음
2021020100100226,2021년 2월 1일 14시,월요일,경상북도 경산시 압량읍,경상사고,0,0,2,0,차대차 - 추돌,안전운전불이행,건조,맑음,교차로 - 교차로부근,승용,남,27세,상해없음,승용,여,36세,경상
2021020100100227,2021년 2월 1일 14시,월요일,경상북도 포항시 남구 괴동동,경상사고,0,0,1,0,차대차 - 측면충돌,교차로운행방법위반,건조,맑음,교차로 - 교차로안,승용,남,32세,상해없음,화물,남,53세,경상
2021020100100251,2021년 2월 1일 15시,월요일,경상북도 안동시 수상동,경상사고,0,0,1,0,차대사람 - 보도통행중,보행자보호의무위반,건조,맑음,교차로 - 교차로안,기타불명,기타불명,미분류,기타불명,보행자,여,60세,경상
2021020100100252,2021년 2월 1일 15시,월요일,경상북도 의성군 단촌면,중상사고,0,1,1,0,차대차 - 정면충돌,안전운전불이행,건조,맑음,교차로 - 교차로안,화물,남,79세,중상,승용,남,48세,경상
2021020100100253,2021년 2월 1일 15시,월요일,경상북도 칠곡군 왜관읍,경상사고,0,0,1,0,차대차 - 추돌,안전운전불이행,건조,맑음,교차로 - 교차로부근,승용,여,49세,상해없음,이륜,여,76세,경상
2021020100100254,2021년 2월 1일 15시,월요일,경상북도 영천시 완산동,경상사고,0,0,4,0,차대차 - 추돌,안전거리미확보,건조,맑음,교차로 - 교차로부근,화물,남,69세,상해없음,승용,남,44세,경상
2021020100100255,2021년 2월 1일 15시,월요일,경상북도 구미시 송정동,경상사고,0,0,1,0,차대차 - 기타,교차로운행방법위반,건조,맑음,교차로 - 교차로안,승용,여,58세,상해없음,승용,여,27세,경상
2021020100100279,2021년 2월 1일 16시,월요일,경상북도 포항시 남구 상도동,중상사고,0,1,0,0,차대차 - 측면충돌,안전운전불이행,건조,맑음,교차로 - 교차로횡단보도내,승용,여,35세,상해없음,자전거,남,23세,중상
2021020100100303,2021년 2월 1일 17시,월요일,경상북도 상주시 남성동,중상사고,0,1,0,0,차대사람 - 횡단중,안전운전불이행,건조,맑음,단일로 - 기타,승용,남,67세,상해없음,보행자,여,64세,중상
2021020100100304,2021년 2월 1일 17시,월요일,경상북도 경산시 대동,경상사고,0,0,1,0,차대차 - 추돌,안전운전불이행,건조,맑음,단일로 - 기타,승용,남,19세,상해없음,승용,남,74세,경상
2021020100100355,2021년 2월 1일 18시,월요일,경상북도 포항시 북구 두호동,중상사고,0,1,0,0,차대사람 - 차도통행중,보행자보호의무위반,건조,맑음,교차로 - 교차로안,승용,남,39세,상해없음,보행자,여,77세,중상
2021020100100356,2021년 2월 1일 18시,월요일,경상북도 포항시 북구 우현동,경상사고,0,0,2,0,차대차 - 측면충돌,신호위반,건조,맑음,교차로 - 교차로안,승용,여,55세,상해없음,승용,남,33세,경상
2021020100100357,2021년 2월 1일 18시,월요일,경상북도 영주시 가흥동,중상사고,0,1,0,0,차대차 - 측면충돌,교차로운행방법위반,건조,맑음,교차로 - 교차로안,승용,여,28세,상해없음,이륜,남,73세,중상
2021020100100358,2021년 2월 1일 18시,월요일,경상북도 칠곡군 왜관읍,중상사고,0,1,0,0,차대차 - 기타,교차로운행방법위반,젖음/습기,흐림,교차로 - 교차로안,승용,남,44세,상해없음,이륜,남,40세,중상
2021020100100359,2021년 2월 1일 18시,월요일,경상북도 칠곡군 동명면,경상사고,0,0,2,0,차대차 - 측면충돌,교차로운행방법위반,건조,맑음,교차로 - 교차로안,승용,남,49세,경상,승용,여,49세,경상
2021020100100360,2021년 2월 1일 18시,월요일,경상북도 문경시 문경읍,경상사고,0,0,1,0,차대차 - 측면충돌,안전운전불이행,건조,맑음,교차로 - 교차로안,승용,여,51세,상해없음,이륜,남,79세,경상
2021020100100361,2021년 2월 1일 18시,월요일,경상북도 경산시 진량읍,경상사고,0,0,1,0,차대사람 - 기타,안전운전불이행,건조,맑음,단일로 - 기타,기타불명,기타불명,미분류,기타불명,보행자,여,14세,경상
2021020100100401,2021년 2월 1일 19시,월요일,경상북도 김천시 어모면,중상사고,0,1,1,0,차대차 - 정면충돌,안전거리미확보,건조,맑음,단일로 - 기타,화물,남,47세,상해없음,승용,남,39세,경상
2021020100100402,2021년 2월 1일 19시,월요일,경상북도 영천시 문외동,경상사고,0,0,2,0,차대차 - 측면충돌,신호위반,건조,맑음,교차로 - 교차로안,원동기,남,49세,경상,승용,여,44세,경상
2021020100100403,2021년 2월 1일 19시,월요일,경상북도 영천시 본촌동,경상사고,0,0,1,0,차대차 - 측면충돌,안전운전불이행,건조,맑음,단일로 - 기타,화물,남,65세,상해없음,승용,남,27세,경상
2021020100100404,2021년 2월 1일 19시,월요일,경상북도 경산시 압량읍,경상사고,0,0,2,0,차대차 - 추돌,안전운전불이행,건조,맑음,단일로 - 기타,이륜,남,35세,상해없음,승용,남,25세,경상
2021020100100475,2021년 2월 1일 21시,월요일,경상북도 의성군 안계면,경상사고,0,0,1,0,차대차 - 측면충돌,안전운전불이행,건조,맑음,단일로 - 기타,승용,여,61세,상해없음,승용,여,24세,경상
2021020100100476,2021년 2월 1일 21시,월요일,경상북도 구미시 형곡동,경상사고,0,0,2,0,차대차 - 측면충돌,안전거리미확보,건조,맑음,교차로 - 교차로부근,승용,여,51세,상해없음,승용,남,50세,경상
2021020100100499,2021년 2월 1일 22시,월요일,경상북도 경산시 옥산동,경상사고,0,0,1,0,차대사람 - 횡단중,보행자보호의무위반,건조,맑음,교차로 - 교차로횡단보도내,기타불명,기타불명,미분류,기타불명,보행자,남,41세,경상
2021020100100510,2021년 2월 1일 23시,월요일,경상북도 칠곡군 석적읍,부상신고사고,0,0,0,1,차량단독 - 공작물충돌,안전운전불이행,건조,맑음,단일로 - 기타,승용,여,40세,부상신고,,,,
2021020100100511,2021년 2월 1일 23시,월요일,경상북도 군위군 소보면,중상사고,0,1,1,0,차량단독 - 도로외이탈 - 추락,안전운전불이행,건조,맑음,단일로 - 기타,승용,남,51세,경상,,,,
2021020200100039,2021년 2월 2일 07시,화요일,경상북도 포항시 남구 송내동,경상사고,0,0,1,0,차대차 - 기타,안전운전불이행,건조,맑음,단일로 - 지하차도(도로)내,이륜,남,42세,상해없음,자전거,남,58세,경상
2021020200100066,2021년 2월 2일 08시,화요일,경상북도 포항시 남구 상도동,경상사고,0,0,1,0,차대사람 - 길가장자리구역통행중,안전운전불이행,건조,맑음,단일로 - 기타,승용,여,62세,상해없음,보행자,여,66세,경상
2021020200100090,2021년 2월 2일 09시,화요일,경상북도 김천시 응명동,경상사고,0,0,1,0,차대차 - 측면충돌,안전운전불이행,건조,맑음,교차로 - 교차로안,이륜,여,69세,경상,승용,남,40세,상해없음
2021020200100091,2021년 2월 2일 09시,화요일,경상북도 포항시 남구 연일읍,경상사고,0,0,2,0,차대차 - 측면충돌,신호위반,건조,맑음,교차로 - 교차로안,이륜,남,78세,경상,승용,남,56세,경상
2021020200100113,2021년 2월 2일 10시,화요일,경상북도 영주시 장수면,경상사고,0,0,1,0,차대차 - 정면충돌,안전운전불이행,건조,맑음,단일로 - 기타,승용,남,51세,상해없음,승용,남,68세,경상
2021020200100145,2021년 2월 2일 11시,화요일,경상북도 포항시 북구 흥해읍,경상사고,0,0,1,0,차대차 - 측면충돌,안전운전불이행,건조,맑음,단일로 - 기타,화물,남,62세,상해없음,승용,남,30세,경상
2021020200100146,2021년 2월 2일 11시,화요일,경상북도 안동시 와룡면,중상사고,0,1,1,0,차량단독 - 공작물충돌,안전운전불이행,건조,맑음,단일로 - 기타,승용,여,37세,경상,,,,
2021020200100147,2021년 2월 2일 11시,화요일,경상북도 경산시 계양동,경상사고,0,0,1,0,차대차 - 측면충돌,안전운전불이행,건조,맑음,단일로 - 기타,화물,남,33세,상해없음,자전거,남,76세,경상
2021020200100148,2021년 2월 2일 11시,화요일,경상북도 구미시 산동면,부상신고사고,0,0,0,1,차량단독 - 공작물충돌,안전운전불이행,건조,맑음,단일로 - 기타,화물,남,65세,부상신고,,,,
2021020200100178,2021년 2월 2일 12시,화요일,경상북도 울진군 금강송면,중상사고,0,1,0,0,차량단독 - 전도전복 - 전도,기타,건조,맑음,기타 - 기타,사륜오토바이(ATV),남,78세,중상,,,,
2021020200100198,2021년 2월 2일 13시,화요일,경상북도 안동시 옥동,경상사고,0,0,1,0,차대차 - 기타,교차로운행방법위반,건조,맑음,교차로 - 교차로부근,승합,남,62세,상해없음,승용,남,32세,경상
2021020200100199,2021년 2월 2일 13시,화요일,경상북도 구미시 공단동,경상사고,0,0,2,0,차대차 - 측면충돌,안전운전불이행,건조,맑음,교차로 - 교차로횡단보도내,승용,여,47세,상해없음,승용,남,24세,경상
2021020200100231,2021년 2월 2일 14시,화요일,경상북도 칠곡군 왜관읍,경상사고,0,0,2,0,차대차 - 측면충돌,안전운전불이행,건조,맑음,교차로 - 교차로안,특수,남,51세,상해없음,승용,여,60세,경상
2021020200100269,2021년 2월 2일 15시,화요일,경상북도 칠곡군 지천면,경상사고,0,0,1,0,차대차 - 측면충돌,중앙선침범,건조,맑음,교차로 - 교차로부근,화물,남,62세,상해없음,화물,남,48세,경상
2021020200100270,2021년 2월 2일 15시,화요일,경상북도 포항시 남구 해도동,경상사고,0,0,1,0,차대차 - 측면충돌,직진우회전진행방해,건조,맑음,교차로 - 교차로안,승용,남,58세,상해없음,승용,남,42세,경상
2021020200100299,2021년 2월 2일 16시,화요일,경상북도 포항시 남구 구룡포읍,중상사고,0,1,0,0,차대사람 - 길가장자리구역통행중,안전운전불이행,건조,맑음,단일로 - 기타,승용,남,62세,상해없음,보행자,여,60세,중상
2021020200100329,2021년 2월 2일 17시,화요일,경상북도 영주시 봉현면,경상사고,0,0,2,0,차대차 - 정면충돌,중앙선침범,건조,맑음,단일로 - 기타,화물,남,68세,상해없음,승용,여,65세,경상
2021020200100330,2021년 2월 2일 17시,화요일,경상북도 경산시 진량읍,중상사고,0,1,1,0,차대차 - 정면충돌,중앙선침범,건조,맑음,단일로 - 기타,승용,남,27세,상해없음,화물,남,55세,경상
2021020200100331,2021년 2월 2일 17시,화요일,경상북도 봉화군 춘양면,경상사고,0,0,1,0,차대차 - 측면충돌,신호위반,건조,맑음,기타 - 기타,승용,여,57세,상해없음,승용,남,55세,경상
2021020200100332,2021년 2월 2일 17시,화요일,경상북도 경주시 건천읍,경상사고,0,0,1,0,차대차 - 추돌,안전운전불이행,건조,맑음,단일로 - 기타,승용,여,19세,상해없음,화물,남,57세,경상
2021020200100400,2021년 2월 2일 19시,화요일,경상북도 포항시 북구 두호동,중상사고,0,1,0,0,차대차 - 측면충돌,안전운전불이행,건조,맑음,단일로 - 기타,승용,여,33세,상해없음,이륜,남,59세,중상
2021020200100401,2021년 2월 2일 19시,화요일,경상북도 김천시 용두동,중상사고,0,1,0,0,차대차 - 후진중충돌,안전운전불이행,건조,맑음,교차로 - 교차로부근,승용,남,70세,기타불명,자전거,여,62세,중상
2021020200100402,2021년 2월 2일 19시,화요일,경상북도 성주군 성주읍,중상사고,0,1,0,0,차대사람 - 기타,기타,건조,맑음,단일로 - 기타,승용,남,67세,상해없음,보행자,남,57세,중상
2021020200100474,2021년 2월 2일 21시,화요일,경상북도 포항시 남구 오천읍,중상사고,0,1,0,0,차대차 - 측면충돌,안전운전불이행,건조,맑음,단일로 - 기타,승용,남,48세,상해없음,이륜,남,33세,중상
2021020200100497,2021년 2월 2일 22시,화요일,경상북도 포항시 북구 양덕동,중상사고,0,1,0,0,차대차 - 측면충돌,안전운전불이행,건조,맑음,교차로 - 교차로부근,화물,남,48세,상해없음,이륜,남,23세,중상
2021020200100498,2021년 2월 2일 22시,화요일,경상북도 구미시 진평동,경상사고,0,0,1,0,차대차 - 측면충돌,안전운전불이행,건조,맑음,교차로 - 교차로안,승용,남,27세,상해없음,승용,여,50세,경상
2021020300100030,2021년 2월 3일 06시,수요일,경상북도 포항시 남구 송내동,중상사고,0,1,1,0,차대차 - 측면충돌,직진우회전진행방해,건조,맑음,교차로 - 교차로안,건설기계,남,38세,경상,승용,남,51세,중상
2021020300100039,2021년 2월 3일 07시,수요일,경상북도 영천시 청통면,경상사고,0,0,2,0,차대차 - 측면충돌,중앙선침범,건조,맑음,교차로 - 교차로부근,승용,남,64세,경상,화물,남,68세,경상
2021020300100040,2021년 2월 3일 07시,수요일,경상북도 고령군 쌍림면,경상사고,0,0,1,0,차대차 - 측면충돌,안전운전불이행,건조,맑음,교차로 - 교차로안,승용,여,62세,경상,건설기계,남,62세,상해없음
2021020300100093,2021년 2월 3일 09시,수요일,경상북도 경주시 안강읍,중상사고,0,1,0,0,차대차 - 측면충돌,안전운전불이행,건조,맑음,단일로 - 기타,화물,남,50세,상해없음,이륜,남,77세,중상
2021020300100094,2021년 2월 3일 09시,수요일,경상북도 칠곡군 석적읍,경상사고,0,0,5,0,차대차 - 측면충돌,직진우회전진행방해,건조,맑음,교차로 - 교차로안,승용,남,68세,경상,승용,여,25세,경상
2021020300100095,2021년 2월 3일 09시,수요일,경상북도 구미시 선산읍,경상사고,0,0,2,0,차대차 - 측면충돌,기타,건조,맑음,교차로 - 교차로안,승용,남,28세,경상,승용,여,77세,경상
2021020300100096,2021년 2월 3일 09시,수요일,경상북도 구미시 임은동,경상사고,0,0,2,0,차대차 - 측면충돌,직진우회전진행방해,건조,맑음,교차로 - 교차로안,승용,남,34세,경상,승용,여,48세,경상
2021020300100097,2021년 2월 3일 09시,수요일,경상북도 포항시 남구 오천읍,중상사고,0,1,0,0,차대사람 - 기타,안전운전불이행,건조,맑음,교차로 - 교차로안,화물,남,34세,상해없음,보행자,남,39세,중상
2021020300100125,2021년 2월 3일 10시,수요일,경상북도 김천시 조마면,경상사고,0,0,1,0,차량단독 - 기타,안전운전불이행,건조,맑음,단일로 - 기타,이륜,남,48세,경상,,,,
2021020300100179,2021년 2월 3일 12시,수요일,경상북도 경주시 서면,경상사고,0,0,1,0,차대차 - 후진중충돌,안전운전불이행,건조,맑음,기타 - 기타,승용,남,56세,상해없음,승용,남,26세,경상
2021020300100209,2021년 2월 3일 13시,수요일,경상북도 상주시 무양동,중상사고,0,1,0,0,차대차 - 추돌,안전거리미확보,건조,맑음,교차로 - 교차로안,특수,남,35세,상해없음,화물,남,41세,중상
2021020300100210,2021년 2월 3일 13시,수요일,경상북도 구미시 원평동,중상사고,0,1,0,0,차대차 - 측면충돌,직진우회전진행방해,건조,맑음,교차로 - 교차로안,승용,남,28세,상해없음,이륜,여,61세,중상
2021020300100237,2021년 2월 3일 14시,수요일,경상북도 영천시 문외동,경상사고,0,0,1,0,차대차 - 측면충돌,안전운전불이행,건조,맑음,단일로 - 기타,승용,여,46세,상해없음,승용,여,62세,경상
2021020300100238,2021년 2월 3일 14시,수요일,경상북도 포항시 남구 구룡포읍,경상사고,0,0,4,0,차대차 - 측면충돌,직진우회전진행방해,건조,맑음,교차로 - 교차로안,승용,여,36세,경상,승용,남,67세,경상
2021020300100277,2021년 2월 3일 15시,수요일,경상북도 영주시 하망동,경상사고,0,0,1,0,차대차 - 추돌,안전운전불이행,건조,맑음,단일로 - 기타,승용,여,60세,상해없음,승용,남,30세,경상
2021020300100278,2021년 2월 3일 15시,수요일,경상북도 예천군 호명면,경상사고,0,0,2,0,차대차 - 추돌,안전운전불이행,건조,맑음,교차로 - 교차로부근,승용,여,47세,상해없음,승용,여,43세,상해없음
2021020300100279,2021년 2월 3일 15시,수요일,경상북도 성주군 선남면,경상사고,0,0,1,0,차대차 - 기타,안전운전불이행,건조,맑음,교차로 - 교차로안,화물,남,70세,상해없음,이륜,남,70세,경상
2021020300100355,2021년 2월 3일 17시,수요일,경상북도 의성군 의성읍,경상사고,0,0,1,0,차대사람 - 길가장자리구역통행중,안전운전불이행,건조,맑음,단일로 - 기타,승용,남,56세,상해없음,보행자,여,76세,경상
2021020300100356,2021년 2월 3일 17시,수요일,경상북도 구미시 도량동,경상사고,0,0,1,0,차대차 - 측면충돌,안전거리미확보,건조,맑음,단일로 - 기타,건설기계,남,52세,상해없음,승용,남,32세,경상
2021020300100357,2021년 2월 3일 17시,수요일,경상북도 포항시 남구 송도동,경상사고,0,0,1,0,차대차 - 측면충돌,교차로운행방법위반,건조,맑음,교차로 - 교차로안,승용,여,43세,상해없음,승용,여,41세,경상
2021020300100410,2021년 2월 3일 18시,수요일,경상북도 경주시 외동읍,경상사고,0,0,1,0,차대차 - 측면충돌,안전운전불이행,건조,맑음,단일로 - 기타,승용,남,44세,경상,승용,남,36세,상해없음
2021020300100411,2021년 2월 3일 18시,수요일,경상북도 김천시 지좌동,사망사고,1,0,0,0,차대사람 - 기타,안전운전불이행,건조,맑음,단일로 - 교량,화물,남,67세,상해없음,보행자,남,65세,사망
2021020300100412,2021년 2월 3일 18시,수요일,경상북도 상주시 낙양동,경상사고,0,0,1,0,차대차 - 기타,안전거리미확보,건조,맑음,교차로 - 교차로부근,이륜,남,68세,경상,승용,남,82세,상해없음
2021020300100413,2021년 2월 3일 18시,수요일,경상북도 영덕군 강구면,경상사고,0,0,1,0,차대차 - 측면충돌,기타,건조,맑음,교차로 - 교차로안,승용,여,47세,경상,승용,남,59세,상해없음
2021020300100461,2021년 2월 3일 19시,수요일,경상북도 칠곡군 석적읍,경상사고,0,0,2,0,차대차 - 추돌,안전운전불이행,건조,맑음,교차로 - 교차로부근,승용,남,43세,상해없음,승용,여,54세,경상
2021020300100462,2021년 2월 3일 19시,수요일,경상북도 구미시 고아읍,경상사고,0,0,1,1,차대차 - 측면충돌,차로위반,건조,맑음,단일로 - 기타,승용,남,52세,부상신고,승용,남,42세,경상
2021020300100485,2021년 2월 3일 20시,수요일,경상북도 경주시 건천읍,중상사고,0,1,0,0,차량단독 - 기타,안전운전불이행,건조,맑음,단일로 - 기타,승용,남,47세,중상,,,,
2021020300100486,2021년 2월 3일 20시,수요일,경상북도 칠곡군 지천면,경상사고,0,0,1,0,차대차 - 측면충돌,안전운전불이행,건조,맑음,단일로 - 기타,기타불명,기타불명,미분류,기타불명,승용,남,59세,경상
2021020400100034,2021년 2월 4일 06시,목요일,경상북도 김천시 부곡동,경상사고,0,0,1,0,차대차 - 추돌,안전운전불이행,건조,맑음,기타 - 기타,이륜,남,45세,상해없음,승용,여,62세,상해없음
2021020400100094,2021년 2월 4일 08시,목요일,경상북도 포항시 북구 흥해읍,경상사고,0,0,1,0,차대차 - 측면충돌,안전운전불이행,건조,맑음,단일로 - 기타,승용,남,18세,상해없음,승용,여,30세,경상
2021020400100140,2021년 2월 4일 09시,목요일,경상북도 경산시 옥곡동,중상사고,0,1,0,0,차대사람 - 횡단중,안전운전불이행,건조,맑음,교차로 - 교차로안,승용,여,50세,상해없음,보행자,여,59세,중상
2021020400100206,2021년 2월 4일 11시,목요일,경상북도 경주시 노동동,중상사고,0,2,4,0,차대차 - 측면충돌,직진우회전진행방해,건조,맑음,교차로 - 교차로안,승용,여,51세,중상,승용,여,47세,경상
2021020400100207,2021년 2월 4일 11시,목요일,경상북도 경주시 노동동,경상사고,0,0,1,0,차대차 - 기타,안전운전불이행,건조,맑음,교차로 - 교차로안,원동기,남,24세,경상,승용,남,54세,상해없음
2021020400100208,2021년 2월 4일 11시,목요일,경상북도 성주군 용암면,경상사고,0,0,2,0,차대차 - 측면충돌,교차로운행방법위반,건조,맑음,교차로 - 교차로부근,화물,남,63세,상해없음,승용,남,69세,경상
2021020400100209,2021년 2월 4일 11시,목요일,경상북도 포항시 남구 효자동,경상사고,0,0,2,0,차대차 - 측면충돌,직진우회전진행방해,건조,맑음,교차로 - 교차로안,이륜,남,21세,경상,승용,여,40세,경상
2021020400100242,2021년 2월 4일 12시,목요일,경상북도 김천시 평화동,중상사고,0,1,0,0,차대사람 - 횡단중,보행자보호의무위반,건조,맑음,교차로 - 교차로부근,승용,남,29세,상해없음,보행자,여,60세,중상
2021020400100243,2021년 2월 4일 12시,목요일,경상북도 영주시 풍기읍,중상사고,0,2,0,0,차대차 - 측면충돌,교차로운행방법위반,건조,맑음,교차로 - 교차로안,승용,여,41세,기타불명,승용,여,42세,중상
2021020400100283,2021년 2월 4일 13시,목요일,경상북도 영천시 야사동,경상사고,0,0,1,0,차대차 - 측면충돌,안전운전불이행,건조,맑음,교차로 - 교차로안,승용,여,43세,상해없음,이륜,남,34세,경상
2021020400100284,2021년 2월 4일 13시,목요일,경상북도 구미시 인의동,부상신고사고,0,0,0,1,차대차 - 기타,안전운전불이행,건조,맑음,단일로 - 기타,이륜,남,39세,부상신고,승용,여,35세,상해없음
2021020400100315,2021년 2월 4일 14시,목요일,경상북도 경주시 내남면,중상사고,0,1,0,0,차대차 - 측면충돌,안전운전불이행,건조,맑음,단일로 - 기타,승용,남,62세,상해없음,이륜,남,74세,중상
2021020400100316,2021년 2월 4일 14시,목요일,경상북도 구미시 송정동,경상사고,0,0,1,0,차대사람 - 기타,안전운전불이행,건조,맑음,기타 - 기타,이륜,남,56세,상해없음,보행자,남,41세,경상
2021020400100350,2021년 2월 4일 15시,목요일,경상북도 포항시 북구 기계면,중상사고,0,1,0,0,차대차 - 측면충돌,직진우회전진행방해,건조,맑음,교차로 - 교차로안,화물,남,73세,상해없음,승용,여,70세,중상
2021020400100351,2021년 2월 4일 15시,목요일,경상북도 안동시 신안동,중상사고,0,1,0,0,차대사람 - 횡단중,보행자보호의무위반,건조,맑음,단일로 - 기타,이륜,남,81세,상해없음,보행자,여,58세,중상
2021020400100394,2021년 2월 4일 16시,목요일,경상북도 경산시 임당동,중상사고,0,1,0,0,차대차 - 기타,안전운전불이행,건조,맑음,단일로 - 기타,승용,남,37세,상해없음,이륜,남,38세,중상
2021020400100434,2021년 2월 4일 17시,목요일,경상북도 경산시 옥산동,경상사고,0,0,1,0,차대차 - 측면충돌,안전운전불이행,건조,맑음,교차로 - 교차로부근,승용,남,54세,상해없음,승용,여,59세,경상
2021020400100470,2021년 2월 4일 18시,목요일,경상북도 경산시 갑제동,경상사고,0,0,1,0,차대차 - 기타,안전운전불이행,건조,맑음,단일로 - 기타,승용,남,22세,상해없음,승용,남,33세,경상
2021020400100507,2021년 2월 4일 19시,목요일,경상북도 경주시 안강읍,경상사고,0,0,3,0,차대차 - 추돌,안전운전불이행,건조,맑음,단일로 - 기타,승용,여,32세,상해없음,화물,남,61세,경상
2021020400100534,2021년 2월 4일 20시,목요일,경상북도 포항시 북구 장성동,부상신고사고,0,0,0,2,차대차 - 측면충돌,직진우회전진행방해,건조,맑음,교차로 - 교차로안,승용,여,23세,상해없음,승용,남,58세,부상신고
2021020400100535,2021년 2월 4일 20시,목요일,경상북도 상주시 서성동,경상사고,0,0,1,0,차대차 - 기타,교차로운행방법위반,건조,맑음,교차로 - 교차로안,승용,남,56세,상해없음,이륜,남,20세,경상
2021020400100536,2021년 2월 4일 20시,목요일,경상북도 구미시 인의동,경상사고,0,0,1,0,차대차 - 측면충돌,안전운전불이행,건조,기타,단일로 - 기타,승용,남,28세,상해없음,승용,남,38세,경상
2021020400100537,2021년 2월 4일 20시,목요일,경상북도 포항시 남구 오천읍,경상사고,0,0,1,0,차대차 - 측면충돌,교차로운행방법위반,건조,맑음,교차로 - 교차로안,승용,남,34세,상해없음,이륜,남,45세,경상
2021020400100576,2021년 2월 4일 21시,목요일,경상북도 경주시 황오동,경상사고,0,0,1,0,차대사람 - 차도통행중,안전운전불이행,건조,맑음,단일로 - 기타,승용,여,43세,상해없음,보행자,남,55세,경상
2021020400100577,2021년 2월 4일 21시,목요일,경상북도 안동시 안흥동,경상사고,0,0,2,0,차대차 - 측면충돌,안전운전불이행,건조,맑음,단일로 - 기타,승용,남,25세,상해없음,화물,남,59세,경상
2021020400100578,2021년 2월 4일 21시,목요일,경상북도 김천시 율곡동,경상사고,0,0,1,0,차대차 - 측면충돌,안전운전불이행,건조,기타,교차로 - 교차로안,승용,여,30세,상해없음,승용,여,35세,경상
2021020400100579,2021년 2월 4일 21시,목요일,경상북도 김천시 개령면,부상신고사고,0,0,0,1,차량단독 - 공작물충돌,안전운전불이행,젖음/습기,기타,단일로 - 기타,승용,남,52세,부상신고,,,,
2021020400100580,2021년 2월 4일 21시,목요일,경상북도 포항시 북구 죽도동,경상사고,0,0,1,1,차대차 - 추돌,안전운전불이행,건조,맑음,단일로 - 지하차도(도로)내,이륜,남,26세,경상,승용,남,66세,부상신고
2021020400100613,2021년 2월 4일 22시,목요일,경상북도 영천시 창구동,경상사고,0,0,2,0,차량단독 - 기타,안전운전불이행,건조,맑음,단일로 - 기타,승용,남,30세,경상,,,,
2021020400100614,2021년 2월 4일 22시,목요일,경상북도 포항시 남구 상도동,경상사고,0,0,2,0,차대차 - 정면충돌,중앙선침범,건조,맑음,교차로 - 교차로부근,이륜,남,17세,경상,승용,남,58세,경상
2021020500100016,2021년 2월 5일 05시,금요일,경상북도 예천군 예천읍,중상사고,0,1,0,0,차대차 - 측면충돌,중앙선침범,건조,맑음,단일로 - 기타,화물,남,63세,상해없음,승용,남,39세,중상
2021020500100031,2021년 2월 5일 06시,금요일,경상북도 포항시 남구 호동,중상사고,0,1,0,0,차대차 - 측면충돌,신호위반,건조,맑음,교차로 - 교차로안,승용,남,50세,상해없음,승용,남,23세,중상
2021020500100099,2021년 2월 5일 09시,금요일,경상북도 청도군 각북면,경상사고,0,0,1,0,차대차 - 정면충돌,중앙선침범,건조,맑음,단일로 - 기타,승용,남,56세,경상,건설기계,남,55세,상해없음
2021020500100143,2021년 2월 5일 11시,금요일,경상북도 경주시 동부동,중상사고,0,1,1,0,차대차 - 측면충돌,안전운전불이행,건조,맑음,교차로 - 교차로안,화물,남,54세,상해없음,승용,여,55세,중상
2021020500100144,2021년 2월 5일 11시,금요일,경상북도 포항시 북구 죽도동,경상사고,0,0,2,0,차대차 - 측면충돌,안전운전불이행,건조,맑음,단일로 - 기타,화물,남,63세,상해없음,승용,남,20세,경상
2021020500100145,2021년 2월 5일 11시,금요일,경상북도 영덕군 강구면,중상사고,0,1,0,0,차대사람 - 차도통행중,중앙선침범,건조,맑음,교차로 - 교차로부근,승용,여,62세,상해없음,보행자,여,52세,중상