사고번호,사고일시,요일,시군구,사고내용,사망자수,중상자수,경상자수,부상신고자수,사고유형,법규위반,노면상태,기상상태,도로형태,가해운전자 차종,가해운전자 성별,가해운전자 연령,가해운전자 상해정도,피해운전자 차종,피해운전자 성별,피해운전자 연령,피해운전자 상해정도
2021020500100146,2021년 2월 5일 11시,금요일,경상북도 영덕군 강구면,경상사고,0,0,1,0,차대차 - 측면충돌,직진우회전진행방해,건조,맑음,교차로 - 교차로안,승용,여,51세,상해없음,자전거,남,60세,경상
2021020500100147,2021년 2월 5일 11시,금요일,경상북도 구미시 인의동,경상사고,0,0,1,0,차대차 - 기타,기타,건조,맑음,교차로 - 교차로부근,승용,여,35세,상해없음,자전거,남,12세,경상
2021020500100182,2021년 2월 5일 12시,금요일,경상북도 포항시 남구 연일읍,경상사고,0,0,1,0,차대차 - 후진중충돌,안전운전불이행,건조,맑음,교차로 - 교차로부근,승용,여,35세,경상,특수,남,61세,상해없음
2021020500100230,2021년 2월 5일 13시,금요일,경상북도 안동시 평화동,경상사고,0,0,1,0,차대차 - 측면충돌,안전거리미확보,건조,맑음,단일로 - 기타,이륜,남,76세,경상,승용,남,43세,상해없음
2021020500100231,2021년 2월 5일 13시,금요일,경상북도 안동시 용상동,경상사고,0,0,6,0,차대차 - 추돌,안전거리미확보,건조,맑음,교차로 - 교차로부근,승합,남,55세,상해없음,승합,남,64세,경상
2021020500100232,2021년 2월 5일 13시,금요일,경상북도 포항시 남구 오천읍,중상사고,0,1,2,0,차대차 - 측면충돌,신호위반,건조,맑음,교차로 - 교차로안,승용,남,59세,중상,승용,여,48세,경상
2021020500100270,2021년 2월 5일 14시,금요일,경상북도 안동시 운안동,경상사고,0,0,1,0,차대사람 - 횡단중,보행자보호의무위반,건조,맑음,단일로 - 기타,승용,남,31세,상해없음,보행자,여,11세,경상
2021020500100271,2021년 2월 5일 14시,금요일,경상북도 상주시 성동동,경상사고,0,0,1,0,차대차 - 기타,교차로운행방법위반,건조,맑음,교차로 - 교차로안,화물,남,61세,상해없음,이륜,남,20세,경상
2021020500100272,2021년 2월 5일 14시,금요일,경상북도 영천시 청통면,경상사고,0,0,1,0,차대차 - 측면충돌,안전운전불이행,건조,맑음,단일로 - 기타,승용,남,28세,상해없음,화물,남,61세,경상
2021020500100306,2021년 2월 5일 15시,금요일,경상북도 안동시 정하동,경상사고,0,0,2,0,차대차 - 기타,불법유턴,건조,맑음,단일로 - 기타,승용,남,65세,상해없음,승용,남,31세,경상
2021020500100347,2021년 2월 5일 16시,금요일,경상북도 성주군 벽진면,경상사고,0,0,1,0,차량단독 - 공작물충돌,안전운전불이행,건조,맑음,단일로 - 기타,화물,남,69세,경상,,,,
2021020500100348,2021년 2월 5일 16시,금요일,경상북도 구미시 오태동,경상사고,0,0,1,0,차대차 - 추돌,안전거리미확보,건조,맑음,단일로 - 기타,승용,여,38세,상해없음,화물,남,49세,경상
2021020500100400,2021년 2월 5일 17시,금요일,경상북도 문경시 산양면,경상사고,0,0,1,0,차대차 - 기타,안전운전불이행,건조,맑음,교차로 - 교차로안,승용,남,45세,경상,승용,여,42세,상해없음
2021020500100401,2021년 2월 5일 17시,금요일,경상북도 포항시 남구 대도동,경상사고,0,0,2,0,차대차 - 측면충돌,직진우회전진행방해,건조,맑음,교차로 - 교차로안,승용,남,55세,경상,승용,여,49세,경상
2021020500100452,2021년 2월 5일 18시,금요일,경상북도 상주시 서문동,경상사고,0,0,1,0,차대차 - 측면충돌,교차로운행방법위반,건조,맑음,교차로 - 교차로안,이륜,남,26세,경상,승용,남,57세,상해없음
2021020500100453,2021년 2월 5일 18시,금요일,경상북도 구미시 시미동,경상사고,0,0,1,0,차대차 - 기타,신호위반,건조,맑음,교차로 - 교차로안,이륜,남,26세,상해없음,승용,남,34세,경상
2021020500100490,2021년 2월 5일 19시,금요일,경상북도 경주시 문무대왕면,중상사고,0,1,1,0,차대차 - 추돌,안전운전불이행,건조,맑음,단일로 - 기타,승용,남,34세,상해없음,승용,남,26세,상해없음
2021020500100516,2021년 2월 5일 19시,금요일,경상북도 경산시 옥산동,중상사고,0,1,0,0,차대차 - 측면충돌,차로위반,건조,맑음,단일로 - 기타,승용,여,28세,상해없음,이륜,남,31세,중상
2021020500100559,2021년 2월 5일 20시,금요일,경상북도 포항시 북구 죽도동,중상사고,0,1,0,0,차대차 - 기타,교차로운행방법위반,건조,맑음,교차로 - 교차로안,승용,남,41세,상해없음,이륜,남,60세,중상
2021020500100560,2021년 2월 5일 20시,금요일,경상북도 구미시 신평동,부상신고사고,0,0,0,1,차량단독 - 공작물충돌,안전운전불이행,건조,맑음,단일로 - 기타,승용,남,47세,부상신고,,,,
2021020500100640,2021년 2월 5일 22시,금요일,경상북도 상주시 신봉동,경상사고,0,0,1,0,차대차 - 측면충돌,교차로운행방법위반,건조,맑음,교차로 - 교차로안,승용,남,36세,상해없음,이륜,남,53세,경상
2021020500100641,2021년 2월 5일 22시,금요일,경상북도 경산시 와촌면,중상사고,0,1,0,0,차대차 - 추돌,안전운전불이행,건조,맑음,단일로 - 기타,승용,남,38세,상해없음,이륜,남,42세,중상
2021020600100035,2021년 2월 6일 06시,토요일,경상북도 경주시 인왕동,중상사고,0,1,0,0,차량단독 - 공작물충돌,안전운전불이행,건조,맑음,교차로 - 교차로부근,승용,남,58세,중상,,,,
2021020600100056,2021년 2월 6일 08시,토요일,경상북도 영덕군 영덕읍,경상사고,0,0,1,0,차대차 - 측면충돌,안전거리미확보,건조,맑음,단일로 - 기타,건설기계,남,29세,상해없음,승용,남,40세,경상
2021020600100069,2021년 2월 6일 09시,토요일,경상북도 포항시 남구 연일읍,경상사고,0,0,1,0,차대차 - 측면충돌,중앙선침범,건조,맑음,단일로 - 기타,화물,남,35세,상해없음,승용,남,58세,경상
2021020600100087,2021년 2월 6일 10시,토요일,경상북도 포항시 북구 죽도동,경상사고,0,0,1,0,차대차 - 기타,안전운전불이행,건조,맑음,교차로 - 교차로부근,승용,여,65세,상해없음,승용,여,65세,경상
2021020600100088,2021년 2월 6일 10시,토요일,경상북도 의성군 안계면,경상사고,0,0,1,0,차대차 - 측면충돌,신호위반,건조,맑음,교차로 - 교차로안,이륜,남,90세,경상,화물,남,51세,상해없음
2021020600100111,2021년 2월 6일 11시,토요일,경상북도 포항시 북구 양덕동,중상사고,0,1,0,0,차대차 - 기타,안전운전불이행,건조,맑음,단일로 - 기타,승용,남,47세,상해없음,승합,남,48세,상해없음
2021020600100112,2021년 2월 6일 11시,토요일,경상북도 안동시 옥동,경상사고,0,0,2,0,차대차 - 측면충돌,직진우회전진행방해,건조,맑음,단일로 - 기타,승용,남,63세,경상,승용,남,61세,경상
2021020600100113,2021년 2월 6일 11시,토요일,경상북도 칠곡군 왜관읍,경상사고,0,0,1,0,차대차 - 측면충돌,안전운전불이행,건조,맑음,교차로 - 교차로안,승용,여,65세,상해없음,승용,여,45세,경상
2021020600100142,2021년 2월 6일 12시,토요일,경상북도 경산시 정평동,경상사고,0,0,1,0,차대차 - 추돌,안전운전불이행,건조,맑음,단일로 - 기타,이륜,남,37세,상해없음,이륜,남,47세,경상
2021020600100143,2021년 2월 6일 12시,토요일,경상북도 구미시 원평동,경상사고,0,0,1,0,차대차 - 추돌,안전운전불이행,건조,맑음,단일로 - 기타,승용,남,23세,상해없음,승용,남,38세,경상
2021020600100189,2021년 2월 6일 13시,토요일,경상북도 경주시 동부동,경상사고,0,0,1,0,차량단독 - 기타,기타,건조,맑음,교차로 - 교차로횡단보도내,승용,남,55세,상해없음,,,,
2021020600100190,2021년 2월 6일 13시,토요일,경상북도 김천시 평화동,경상사고,0,0,1,0,차대차 - 측면충돌,안전운전불이행,건조,맑음,교차로 - 교차로부근,승용,남,51세,상해없음,자전거,남,88세,경상
2021020600100191,2021년 2월 6일 13시,토요일,경상북도 상주시 이안면,중상사고,0,1,1,0,차대차 - 추돌,안전운전불이행,건조,맑음,단일로 - 기타,승용,남,58세,상해없음,승용,여,24세,경상
2021020600100192,2021년 2월 6일 13시,토요일,경상북도 칠곡군 가산면,중상사고,0,1,0,0,차량단독 - 전도전복 - 전도,안전운전불이행,건조,맑음,단일로 - 기타,이륜,남,49세,중상,,,,
2021020600100221,2021년 2월 6일 14시,토요일,경상북도 칠곡군 왜관읍,경상사고,0,0,1,0,차대사람 - 길가장자리구역통행중,안전운전불이행,건조,맑음,단일로 - 지하차도(도로)내,승용,기타불명,미분류,기타불명,보행자,남,50세,경상
2021020600100222,2021년 2월 6일 14시,토요일,경상북도 구미시 인의동,경상사고,0,0,2,0,차대차 - 측면충돌,안전운전불이행,건조,맑음,단일로 - 기타,승용,여,53세,상해없음,승용,남,58세,경상
2021020600100252,2021년 2월 6일 15시,토요일,경상북도 문경시 산양면,부상신고사고,0,0,0,1,차대차 - 추돌,안전운전불이행,건조,맑음,교차로 - 교차로부근,화물,남,67세,상해없음,승용,여,38세,부상신고
2021020600100282,2021년 2월 6일 16시,토요일,경상북도 경주시 신평동,경상사고,0,0,4,0,차대차 - 측면충돌,기타,건조,맑음,교차로 - 교차로안,이륜,남,22세,상해없음,승용,남,38세,경상
2021020600100283,2021년 2월 6일 16시,토요일,경상북도 경주시 문무대왕면,중상사고,0,3,0,0,차대차 - 추돌,안전운전불이행,건조,맑음,단일로 - 기타,승용,남,34세,상해없음,승용,남,59세,중상
2021020600100284,2021년 2월 6일 16시,토요일,경상북도 칠곡군 지천면,경상사고,0,0,1,0,차대차 - 측면충돌,기타,건조,맑음,단일로 - 기타,승용,남,30세,상해없음,승용,남,37세,경상
2021020600100322,2021년 2월 6일 17시,토요일,경상북도 칠곡군 가산면,부상신고사고,0,0,0,1,차량단독 - 공작물충돌,안전운전불이행,건조,맑음,단일로 - 기타,승용,여,30세,부상신고,,,,
2021020600100323,2021년 2월 6일 17시,토요일,경상북도 구미시 도량동,경상사고,0,0,3,0,차대차 - 기타,안전운전불이행,건조,맑음,단일로 - 기타,건설기계,남,40세,경상,승용,남,60세,경상
2021020600100324,2021년 2월 6일 17시,토요일,경상북도 포항시 남구 대도동,경상사고,0,0,1,0,차대차 - 측면충돌,차로위반,건조,맑음,단일로 - 기타,승용,남,31세,상해없음,승용,남,26세,경상
2021020600100357,2021년 2월 6일 18시,토요일,경상북도 경주시 동천동,경상사고,0,0,1,0,차대차 - 측면충돌,신호위반,건조,맑음,교차로 - 교차로안,승용,여,53세,상해없음,승용,남,49세,경상
2021020600100399,2021년 2월 6일 19시,토요일,경상북도 포항시 북구 흥해읍,중상사고,0,1,0,0,차대차 - 추돌,안전운전불이행,건조,맑음,단일로 - 기타,기타불명,기타불명,미분류,기타불명,이륜,남,52세,중상
2021020600100400,2021년 2월 6일 19시,토요일,경상북도 칠곡군 동명면,경상사고,0,0,4,0,차대차 - 측면충돌,안전운전불이행,건조,맑음,교차로 - 교차로안,승용,남,28세,상해없음,승용,남,19세,경상
2021020600100426,2021년 2월 6일 20시,토요일,경상북도 안동시 옥동,경상사고,0,0,2,1,차대차 - 측면충돌,신호위반,건조,맑음,교차로 - 교차로안,승용,여,23세,부상신고,승용,여,56세,경상
2021020600100427,2021년 2월 6일 20시,토요일,경상북도 구미시 신평동,경상사고,0,0,1,0,차대차 - 측면충돌,신호위반,건조,맑음,교차로 - 교차로안,승용,남,53세,상해없음,승용,남,22세,경상
2021020700100021,2021년 2월 7일 01시,일요일,경상북도 구미시 송정동,경상사고,0,0,2,0,차대차 - 추돌,기타,건조,맑음,교차로 - 교차로부근,승용,남,27세,경상,승합,남,47세,경상
2021020700100035,2021년 2월 7일 05시,일요일,경상북도 경산시 점촌동,경상사고,0,0,2,0,차대차 - 추돌,안전운전불이행,건조,맑음,단일로 - 기타,승용,여,59세,상해없음,승용,남,71세,경상
2021020700100039,2021년 2월 7일 06시,일요일,경상북도 안동시 정하동,경상사고,0,0,1,0,차대차 - 측면충돌,안전운전불이행,건조,맑음,주차장 - 주차장,화물,남,50세,상해없음,자전거,여,70세,경상
2021020700100049,2021년 2월 7일 07시,일요일,경상북도 경주시 효현동,중상사고,0,2,1,0,차대차 - 추돌,안전운전불이행,건조,맑음,교차로 - 교차로부근,승용,남,56세,상해없음,승용,남,76세,중상
2021020700100050,2021년 2월 7일 07시,일요일,경상북도 군위군 군위읍,중상사고,0,1,0,0,차대차 - 측면충돌,신호위반,건조,맑음,교차로 - 교차로안,이륜,여,68세,중상,화물,남,70세,상해없음
2021020700100057,2021년 2월 7일 08시,일요일,경상북도 상주시 중동면,경상사고,0,0,1,0,차대차 - 기타,안전운전불이행,건조,맑음,교차로 - 교차로안,건설기계,남,70세,상해없음,승용,여,44세,경상
2021020700100066,2021년 2월 7일 09시,일요일,경상북도 경주시 외동읍,중상사고,0,1,0,0,차대사람 - 횡단중,안전운전불이행,건조,맑음,단일로 - 기타,화물,남,60세,상해없음,보행자,여,68세,중상
2021020700100077,2021년 2월 7일 10시,일요일,경상북도 포항시 북구 용흥동,경상사고,0,0,1,0,차대차 - 추돌,안전거리미확보,건조,맑음,교차로 - 교차로부근,승용,남,63세,상해없음,이륜,남,53세,경상
2021020700100109,2021년 2월 7일 12시,일요일,경상북도 경주시 성건동,중상사고,0,1,0,0,차대사람 - 횡단중,보행자보호의무위반,건조,맑음,교차로 - 교차로횡단보도내,승용,남,72세,상해없음,보행자,여,77세,중상
2021020700100110,2021년 2월 7일 12시,일요일,경상북도 김천시 부곡동,중상사고,0,1,0,0,차대차 - 측면충돌,기타,건조,맑음,교차로 - 교차로안,이륜,남,18세,중상,승용,남,49세,상해없음
2021020700100111,2021년 2월 7일 12시,일요일,경상북도 예천군 예천읍,중상사고,0,1,0,0,차대차 - 측면충돌,안전운전불이행,건조,맑음,교차로 - 교차로부근,승용,남,61세,상해없음,이륜,남,77세,중상
2021020700100112,2021년 2월 7일 12시,일요일,경상북도 청도군 운문면,경상사고,0,0,1,0,차량단독 - 도로외이탈 - 기타,안전운전불이행,건조,맑음,단일로 - 기타,이륜,남,19세,경상,,,,
2021020700100113,2021년 2월 7일 12시,일요일,경상북도 구미시 임은동,경상사고,0,0,1,0,차대차 - 기타,차로위반,건조,맑음,교차로 - 교차로부근,승용,남,38세,상해없음,승용,남,80세,상해없음
2021020700100114,2021년 2월 7일 12시,일요일,경상북도 영덕군 강구면,사망사고,1,0,2,0,차대차 - 기타,안전운전불이행,건조,맑음,단일로 - 터널,화물,남,74세,사망,승용,남,65세,경상
2021020700100131,2021년 2월 7일 13시,일요일,경상북도 포항시 북구 남빈동,중상사고,0,1,0,0,차대사람 - 횡단중,보행자보호의무위반,건조,맑음,단일로 - 기타,승용,남,63세,상해없음,보행자,여,81세,중상
2021020700100132,2021년 2월 7일 13시,일요일,경상북도 영주시 휴천동,경상사고,0,0,1,0,차대차 - 추돌,안전운전불이행,건조,맑음,단일로 - 기타,승용,남,58세,상해없음,승용,남,55세,상해없음
2021020700100133,2021년 2월 7일 13시,일요일,경상북도 예천군 예천읍,중상사고,0,1,0,0,차대차 - 측면충돌,중앙선침범,건조,맑음,교차로 - 교차로부근,승용,남,29세,상해없음,이륜,남,74세,중상
2021020700100134,2021년 2월 7일 13시,일요일,경상북도 예천군 예천읍,중상사고,0,1,0,0,차대차 - 측면충돌,중앙선침범,건조,맑음,교차로 - 교차로부근,화물,남,49세,상해없음,이륜,남,64세,중상
2021020700100135,2021년 2월 7일 13시,일요일,경상북도 구미시 고아읍,부상신고사고,0,0,0,1,차대차 - 기타,안전운전불이행,건조,맑음,단일로 - 기타,자전거,남,11세,부상신고,승용,남,24세,상해없음
2021020700100136,2021년 2월 7일 13시,일요일,경상북도 포항시 남구 오천읍,경상사고,0,0,1,0,차대차 - 측면충돌,교차로운행방법위반,건조,맑음,교차로 - 교차로안,승용,남,52세,상해없음,이륜,남,36세,경상
2021020700100137,2021년 2월 7일 13시,일요일,경상북도 포항시 남구 이동,경상사고,0,0,2,0,차대차 - 추돌,안전운전불이행,건조,맑음,단일로 - 기타,승용,여,30세,상해없음,승용,여,36세,경상
2021020700100160,2021년 2월 7일 14시,일요일,경상북도 군위군 군위읍,경상사고,0,0,1,0,차대차 - 측면충돌,안전운전불이행,건조,맑음,단일로 - 기타,승용,남,64세,상해없음,승용,남,42세,경상
2021020700100202,2021년 2월 7일 15시,일요일,경상북도 칠곡군 왜관읍,중상사고,0,1,2,0,차대차 - 측면충돌,안전운전불이행,건조,맑음,단일로 - 기타,승용,남,22세,상해없음,승용,여,45세,중상
2021020700100225,2021년 2월 7일 16시,일요일,경상북도 상주시 중동면,경상사고,0,0,2,0,차대차 - 기타,중앙선침범,건조,맑음,교차로 - 교차로부근,화물,여,62세,상해없음,승용,남,53세,경상
2021020700100226,2021년 2월 7일 16시,일요일,경상북도 청도군 각북면,경상사고,0,0,1,0,차대차 - 측면충돌,중앙선침범,건조,맑음,단일로 - 기타,승용,남,25세,상해없음,화물,남,51세,경상
2021020700100227,2021년 2월 7일 16시,일요일,경상북도 영천시 임고면,중상사고,0,1,0,0,차대사람 - 기타,안전운전불이행,건조,맑음,주차장 - 주차장,기타불명,기타불명,미분류,기타불명,보행자,남,43세,중상
2021020700100280,2021년 2월 7일 18시,일요일,경상북도 칠곡군 지천면,중상사고,0,1,0,1,차대차 - 추돌,안전운전불이행,건조,맑음,단일로 - 기타,승용,남,62세,부상신고,화물,남,67세,중상
2021020700100281,2021년 2월 7일 18시,일요일,경상북도 포항시 남구 대송면,중상사고,0,1,5,0,차대차 - 기타,안전운전불이행,건조,맑음,단일로 - 기타,특수,남,39세,중상,승용,남,32세,경상
2021020700100326,2021년 2월 7일 19시,일요일,경상북도 경주시 용강동,경상사고,0,0,1,0,차대사람 - 횡단중,보행자보호의무위반,건조,맑음,교차로 - 교차로횡단보도내,승용,남,24세,상해없음,보행자,남,54세,경상
2021020700100378,2021년 2월 7일 21시,일요일,경상북도 경주시 석장동,중상사고,0,2,0,0,차대차 - 측면충돌,안전운전불이행,건조,맑음,교차로 - 교차로안,승용,남,55세,상해없음,승용,여,53세,중상
2021020700100394,2021년 2월 7일 22시,일요일,경상북도 포항시 남구 해도동,경상사고,0,0,1,0,차대차 - 후진중충돌,안전운전불이행,건조,맑음,교차로 - 교차로안,승용,남,33세,상해없음,자전거,남,47세,경상
2021020800100032,2021년 2월 8일 06시,월요일,경상북도 경산시 계양동,경상사고,0,0,1,0,차대차 - 측면충돌,신호위반,건조,맑음,교차로 - 교차로안,승용,남,27세,상해없음,승용,여,54세,경상
2021020800100084,2021년 2월 8일 08시,월요일,경상북도 김천시 신음동,경상사고,0,0,2,0,차대차 - 측면충돌,안전운전불이행,건조,맑음,단일로 - 기타,승용,여,39세,상해없음,승용,남,31세,경상
2021020800100085,2021년 2월 8일 08시,월요일,경상북도 예천군 예천읍,중상사고,0,1,0,0,차대차 - 측면충돌,기타,건조,맑음,교차로 - 교차로안,화물,남,49세,상해없음,자전거,남,83세,중상
2021020800100127,2021년 2월 8일 09시,월요일,경상북도 포항시 북구 장성동,경상사고,0,0,2,0,차대차 - 측면충돌,기타,건조,맑음,교차로 - 교차로부근,승용,남,46세,상해없음,승합,여,45세,경상
2021020800100128,2021년 2월 8일 09시,월요일,경상북도 상주시 남장동,경상사고,0,0,1,0,차대차 - 추돌,안전거리미확보,건조,맑음,단일로 - 기타,승용,여,73세,상해없음,승용,여,59세,경상
2021020800100158,2021년 2월 8일 10시,월요일,경상북도 포항시 북구 죽도동,경상사고,0,0,1,0,차대차 - 추돌,안전운전불이행,건조,맑음,교차로 - 교차로안,승용,남,68세,상해없음,승용,남,57세,경상
2021020800100159,2021년 2월 8일 10시,월요일,경상북도 김천시 용두동,경상사고,0,0,1,0,차대사람 - 차도통행중,교차로운행방법위반,건조,맑음,교차로 - 교차로안,화물,남,64세,상해없음,보행자,남,41세,경상
2021020800100160,2021년 2월 8일 10시,월요일,경상북도 칠곡군 북삼읍,경상사고,0,0,1,0,차대차 - 기타,안전운전불이행,건조,맑음,교차로 - 교차로안,화물,남,62세,상해없음,승용,남,57세,경상
2021020800100187,2021년 2월 8일 11시,월요일,경상북도 포항시 북구 죽도동,중상사고,0,1,0,0,차대차 - 측면충돌,안전운전불이행,건조,맑음,교차로 - 교차로안,승용,남,38세,상해없음,자전거,남,70세,중상
2021020800100188,2021년 2월 8일 11시,월요일,경상북도 상주시 함창읍,중상사고,0,1,0,0,차대차 - 측면충돌,안전운전불이행,건조,맑음,교차로 - 교차로안,승용,여,67세,상해없음,이륜,남,69세,중상
2021020800100189,2021년 2월 8일 11시,월요일,경상북도 성주군 월항면,중상사고,0,1,0,0,차대차 - 측면충돌,교차로운행방법위반,건조,맑음,교차로 - 교차로안,이륜,여,71세,중상,승용,남,27세,상해없음
2021020800100190,2021년 2월 8일 11시,월요일,경상북도 포항시 남구 오천읍,경상사고,0,0,1,0,차대차 - 측면충돌,안전거리미확보,건조,맑음,단일로 - 지하차도(도로)내,승용,남,43세,상해없음,이륜,남,28세,경상
2021020800100229,2021년 2월 8일 12시,월요일,경상북도 포항시 북구 우현동,경상사고,0,0,1,0,차대차 - 측면충돌,신호위반,건조,맑음,교차로 - 교차로안,승용,여,69세,상해없음,승용,여,45세,경상
2021020800100230,2021년 2월 8일 12시,월요일,경상북도 경산시 옥산동,중상사고,0,1,0,0,차량단독 - 기타,안전운전불이행,건조,맑음,단일로 - 기타,승합,남,60세,상해없음,,,,
2021020800100231,2021년 2월 8일 12시,월요일,경상북도 구미시 인의동,경상사고,0,0,1,1,차대차 - 측면충돌,교차로운행방법위반,건조,맑음,교차로 - 교차로횡단보도내,승용,남,34세,부상신고,승용,여,36세,경상
2021020800100232,2021년 2월 8일 12시,월요일,경상북도 포항시 남구 구룡포읍,부상신고사고,0,0,0,1,차대차 - 추돌,안전거리미확보,건조,맑음,교차로 - 교차로부근,이륜,여,51세,부상신고,승용,남,48세,상해없음
2021020800100233,2021년 2월 8일 12시,월요일,경상북도 포항시 남구 상도동,경상사고,0,0,1,0,차대차 - 기타,안전운전불이행,건조,맑음,교차로 - 교차로안,승용,여,42세,상해없음,이륜,남,40세,경상
2021020800100278,2021년 2월 8일 13시,월요일,경상북도 포항시 북구 창포동,경상사고,0,0,1,0,차대차 - 측면충돌,신호위반,건조,맑음,교차로 - 교차로안,승용,여,69세,상해없음,이륜,남,36세,경상
2021020800100279,2021년 2월 8일 13시,월요일,경상북도 김천시 부곡동,부상신고사고,0,0,0,1,차대차 - 측면충돌,신호위반,건조,맑음,교차로 - 교차로안,승용,여,58세,상해없음,이륜,남,19세,부상신고
2021020800100280,2021년 2월 8일 13시,월요일,경상북도 구미시 황상동,경상사고,0,0,1,0,차대사람 - 길가장자리구역통행중,안전운전불이행,건조,맑음,교차로 - 교차로부근,승용,여,52세,상해없음,보행자,여,32세,경상
2021020800100324,2021년 2월 8일 14시,월요일,경상북도 경주시 황오동,경상사고,0,0,4,0,차대차 - 추돌,안전운전불이행,건조,맑음,교차로 - 교차로부근,화물,남,67세,상해없음,승용,남,30세,경상
2021020800100325,2021년 2월 8일 14시,월요일,경상북도 구미시 광평동,경상사고,0,0,2,0,차대차 - 측면충돌,신호위반,건조,맑음,교차로 - 교차로안,승용,여,50세,경상,화물,남,37세,경상
2021020800100352,2021년 2월 8일 15시,월요일,경상북도 포항시 북구 죽도동,경상사고,0,0,1,0,차대사람 - 차도통행중,안전운전불이행,건조,맑음,단일로 - 기타,승용,여,63세,상해없음,보행자,남,29세,경상
2021020800100353,2021년 2월 8일 15시,월요일,경상북도 칠곡군 지천면,중상사고,0,1,0,0,차대차 - 측면충돌,안전운전불이행,건조,맑음,교차로 - 교차로부근,특수,남,71세,상해없음,원동기,여,78세,중상
2021020800100354,2021년 2월 8일 15시,월요일,경상북도 예천군 개포면,중상사고,0,1,0,0,차량단독 - 도로외이탈 - 추락,안전운전불이행,건조,맑음,단일로 - 기타,화물,남,53세,중상,,,,
2021020800100397,2021년 2월 8일 16시,월요일,경상북도 영천시 망정동,중상사고,0,1,0,0,차대사람 - 횡단중,기타,건조,맑음,단일로 - 기타,승용,여,54세,상해없음,보행자,여,7세,중상
2021020800100398,2021년 2월 8일 16시,월요일,경상북도 포항시 남구 오천읍,경상사고,0,0,2,0,차대차 - 측면충돌,안전운전불이행,건조,맑음,교차로 - 교차로안,승용,남,61세,상해없음,화물,남,65세,경상
2021020800100444,2021년 2월 8일 17시,월요일,경상북도 영주시 영주동,부상신고사고,0,0,0,1,차대차 - 기타,안전운전불이행,건조,맑음,교차로 - 교차로부근,이륜,남,21세,상해없음,승용,남,18세,부상신고
2021020800100445,2021년 2월 8일 17시,월요일,경상북도 예천군 호명면,경상사고,0,0,1,0,차대차 - 측면충돌,안전운전불이행,건조,맑음,교차로 - 교차로횡단보도내,화물,남,43세,상해없음,자전거,남,12세,경상
2021020800100446,2021년 2월 8일 17시,월요일,경상북도 구미시 원평동,경상사고,0,0,1,0,차대사람 - 기타,안전운전불이행,건조,맑음,교차로 - 교차로부근,승용,여,68세,상해없음,보행자,남,59세,경상
2021020800100490,2021년 2월 8일 18시,월요일,경상북도 안동시 송현동,중상사고,0,1,0,0,차대차 - 측면충돌,안전운전불이행,건조,맑음,단일로 - 기타,승용,남,40세,상해없음,이륜,남,22세,중상
2021020800100529,2021년 2월 8일 19시,월요일,경상북도 안동시 태화동,중상사고,0,1,0,0,차대차 - 기타,안전운전불이행,건조,맑음,교차로 - 교차로부근,승용,남,63세,상해없음,이륜,남,16세,중상
2021020800100530,2021년 2월 8일 19시,월요일,경상북도 영천시 야사동,경상사고,0,0,1,0,차대차 - 측면충돌,안전운전불이행,건조,맑음,교차로 - 교차로안,승용,여,45세,상해없음,원동기,남,27세,경상
2021020800100568,2021년 2월 8일 20시,월요일,경상북도 경주시 성동동,경상사고,0,0,3,0,차대차 - 추돌,안전운전불이행,건조,맑음,교차로 - 교차로안,승용,여,51세,상해없음,승용,여,51세,경상
2021020800100569,2021년 2월 8일 20시,월요일,경상북도 경주시 성건동,중상사고,0,2,0,0,차대사람 - 횡단중,보행자보호의무위반,건조,맑음,교차로 - 교차로횡단보도내,승합,남,79세,상해없음,보행자,여,29세,중상
2021020800100570,2021년 2월 8일 20시,월요일,경상북도 예천군 예천읍,경상사고,0,0,1,0,차대차 - 측면충돌,신호위반,건조,기타,교차로 - 교차로안,승용,남,29세,상해없음,승용,남,42세,경상
2021020900100003,2021년 2월 9일 00시,화요일,경상북도 경산시 조영동,중상사고,0,1,1,0,차대차 - 정면충돌,신호위반,건조,맑음,교차로 - 교차로안,승용,남,78세,상해없음,승용,남,59세,경상
2021020900100033,2021년 2월 9일 06시,화요일,경상북도 경주시 탑동,경상사고,0,0,1,0,차대차 - 측면충돌,신호위반,건조,맑음,교차로 - 교차로안,승용,남,40세,상해없음,화물,남,56세,경상
2021020900100034,2021년 2월 9일 06시,화요일,경상북도 칠곡군 가산면,경상사고,0,0,1,0,차대차 - 측면충돌,중앙선침범,건조,맑음,단일로 - 기타,특수,남,59세,상해없음,승용,남,49세,경상
2021020900100056,2021년 2월 9일 07시,화요일,경상북도 문경시 모전동,경상사고,0,0,1,0,차대차 - 측면충돌,안전운전불이행,건조,맑음,교차로 - 교차로안,승용,남,66세,기타불명,승용,남,48세,경상
2021020900100112,2021년 2월 9일 09시,화요일,경상북도 영천시 완산동,경상사고,0,0,2,0,차대차 - 추돌,안전운전불이행,건조,맑음,교차로 - 교차로부근,화물,남,76세,경상,승용,여,69세,경상
2021020900100113,2021년 2월 9일 09시,화요일,경상북도 구미시 광평동,경상사고,0,0,2,0,차대차 - 기타,중앙선침범,건조,맑음,단일로 - 기타,화물,남,82세,상해없음,승용,여,41세,경상
2021020900100160,2021년 2월 9일 10시,화요일,경상북도 구미시 송정동,경상사고,0,0,1,0,차대차 - 측면충돌,안전운전불이행,건조,맑음,교차로 - 교차로안,승용,남,81세,상해없음,승용,여,59세,경상