사고번호,사고일시,요일,시군구,사고내용,사망자수,중상자수,경상자수,부상신고자수,사고유형,법규위반,노면상태,기상상태,도로형태,가해운전자 차종,가해운전자 성별,가해운전자 연령,가해운전자 상해정도,피해운전자 차종,피해운전자 성별,피해운전자 연령,피해운전자 상해정도
2021020900100197,2021년 2월 9일 11시,화요일,경상북도 포항시 북구 우현동,경상사고,0,0,1,0,차대차 - 측면충돌,신호위반,건조,맑음,교차로 - 교차로안,승용,남,64세,상해없음,승합,남,61세,경상
2021020900100198,2021년 2월 9일 11시,화요일,경상북도 칠곡군 가산면,경상사고,0,0,1,0,차대차 - 측면충돌,신호위반,건조,맑음,교차로 - 교차로안,승용,남,77세,상해없음,특수,남,39세,경상
2021020900100233,2021년 2월 9일 12시,화요일,경상북도 포항시 북구 양덕동,경상사고,0,0,1,0,차대사람 - 기타,보행자보호의무위반,건조,맑음,교차로 - 교차로부근,승용,남,47세,상해없음,보행자,여,19세,경상
2021020900100234,2021년 2월 9일 12시,화요일,경상북도 고령군 대가야읍,경상사고,0,0,1,0,차대차 - 측면충돌,안전운전불이행,건조,맑음,교차로 - 교차로안,승용,남,42세,상해없음,승용,남,34세,경상
2021020900100235,2021년 2월 9일 12시,화요일,경상북도 군위군 군위읍,중상사고,0,2,1,0,차대차 - 추돌,안전거리미확보,건조,맑음,단일로 - 기타,화물,남,49세,상해없음,화물,남,66세,중상
2021020900100275,2021년 2월 9일 13시,화요일,경상북도 포항시 북구 창포동,경상사고,0,0,2,3,차대차 - 추돌,안전거리미확보,건조,맑음,단일로 - 기타,승용,여,59세,상해없음,승용,남,47세,경상
2021020900100276,2021년 2월 9일 13시,화요일,경상북도 포항시 북구 장성동,경상사고,0,0,1,0,차대차 - 기타,신호위반,건조,맑음,단일로 - 기타,승합,남,63세,상해없음,이륜,남,36세,경상
2021020900100277,2021년 2월 9일 13시,화요일,경상북도 칠곡군 북삼읍,부상신고사고,0,0,0,1,차대차 - 측면충돌,안전운전불이행,건조,맑음,교차로 - 교차로안,화물,남,50세,상해없음,자전거,남,86세,부상신고
2021020900100278,2021년 2월 9일 13시,화요일,경상북도 성주군 성주읍,경상사고,0,0,1,0,차대차 - 기타,안전운전불이행,건조,맑음,교차로 - 교차로안,건설기계,남,55세,상해없음,승용,남,40세,경상
2021020900100279,2021년 2월 9일 13시,화요일,경상북도 군위군 군위읍,중상사고,0,1,0,0,차대차 - 측면충돌,안전운전불이행,건조,맑음,단일로 - 기타,화물,남,65세,상해없음,화물,남,41세,중상
2021020900100321,2021년 2월 9일 14시,화요일,경상북도 성주군 선남면,중상사고,0,3,0,0,차량단독 - 공작물충돌,안전운전불이행,건조,맑음,단일로 - 고가도로위,승용,여,48세,중상,,,,
2021020900100322,2021년 2월 9일 14시,화요일,경상북도 구미시 고아읍,경상사고,0,0,2,0,차대차 - 추돌,안전거리미확보,건조,맑음,교차로 - 교차로부근,화물,남,33세,상해없음,화물,남,39세,경상
2021020900100371,2021년 2월 9일 15시,화요일,경상북도 포항시 북구 죽도동,중상사고,0,1,0,0,차대차 - 측면충돌,교차로운행방법위반,건조,맑음,교차로 - 교차로횡단보도내,승용,남,51세,상해없음,자전거,여,73세,중상
2021020900100372,2021년 2월 9일 15시,화요일,경상북도 영천시 금노동,경상사고,0,0,1,0,차대차 - 후진중충돌,안전운전불이행,건조,맑음,기타 - 기타,화물,남,64세,상해없음,승용,남,47세,경상
2021020900100373,2021년 2월 9일 15시,화요일,경상북도 청송군 안덕면,경상사고,0,0,1,0,차대차 - 측면충돌,중앙선침범,건조,맑음,단일로 - 지하차도(도로)내,화물,남,73세,상해없음,승용,여,61세,경상
2021020900100416,2021년 2월 9일 16시,화요일,경상북도 김천시 어모면,중상사고,0,3,1,1,차대차 - 측면충돌,신호위반,건조,맑음,교차로 - 교차로안,건설기계,남,29세,부상신고,승용,여,33세,중상
2021020900100417,2021년 2월 9일 16시,화요일,경상북도 상주시 남성동,경상사고,0,0,1,0,차대차 - 후진중충돌,안전운전불이행,건조,맑음,기타 - 기타,승용,여,39세,상해없음,승용,여,47세,경상
2021020900100418,2021년 2월 9일 16시,화요일,경상북도 구미시 양호동,경상사고,0,0,1,0,차대차 - 측면충돌,교차로운행방법위반,건조,맑음,교차로 - 교차로횡단보도내,승용,남,34세,상해없음,화물,남,72세,경상
2021020900100460,2021년 2월 9일 17시,화요일,경상북도 경주시 서부동,경상사고,0,0,1,0,차대차 - 측면충돌,안전거리미확보,건조,맑음,교차로 - 교차로부근,승용,여,62세,상해없음,승용,남,48세,상해없음
2021020900100461,2021년 2월 9일 17시,화요일,경상북도 경주시 사정동,경상사고,0,0,1,0,차대차 - 추돌,안전운전불이행,건조,맑음,단일로 - 지하차도(도로)내,승용,남,23세,상해없음,승용,남,37세,경상
2021020900100463,2021년 2월 9일 17시,화요일,경상북도 포항시 북구 항구동,경상사고,0,0,1,0,차대차 - 측면충돌,교차로운행방법위반,건조,맑음,교차로 - 교차로부근,승용,남,33세,상해없음,이륜,남,29세,경상
2021020900100464,2021년 2월 9일 17시,화요일,경상북도 상주시 남성동,경상사고,0,0,1,0,차대사람 - 기타,안전운전불이행,건조,맑음,기타 - 기타,승용,남,65세,상해없음,보행자,여,12세,경상
2021020900100465,2021년 2월 9일 17시,화요일,경상북도 구미시 사곡동,중상사고,0,1,0,1,차대차 - 측면충돌,교차로운행방법위반,건조,맑음,교차로 - 교차로안,승용,남,51세,부상신고,승용,남,39세,중상
2021020900100516,2021년 2월 9일 18시,화요일,경상북도 포항시 북구 우현동,중상사고,0,1,0,0,차대사람 - 횡단중,보행자보호의무위반,건조,맑음,교차로 - 교차로횡단보도내,화물,남,61세,상해없음,보행자,여,59세,중상
2021020900100517,2021년 2월 9일 18시,화요일,경상북도 포항시 남구 상도동,중상사고,0,1,0,0,차대차 - 측면충돌,안전운전불이행,건조,맑음,교차로 - 교차로안,승용,남,33세,상해없음,이륜,남,25세,중상
2021020900100616,2021년 2월 9일 20시,화요일,경상북도 경주시 내남면,경상사고,0,0,1,0,차대차 - 측면충돌,안전운전불이행,건조,맑음,단일로 - 지하차도(도로)내,승용,남,40세,상해없음,화물,남,67세,경상
2021020900100617,2021년 2월 9일 20시,화요일,경상북도 상주시 남성동,경상사고,0,0,1,0,차대차 - 기타,직진우회전진행방해,건조,맑음,교차로 - 교차로안,승용,남,54세,상해없음,이륜,남,24세,경상
2021020900100618,2021년 2월 9일 20시,화요일,경상북도 구미시 도량동,중상사고,0,1,0,0,차대차 - 정면충돌,중앙선침범,건조,맑음,단일로 - 기타,승용,여,67세,상해없음,이륜,남,25세,중상
2021020900100619,2021년 2월 9일 20시,화요일,경상북도 구미시 형곡동,경상사고,0,0,2,0,차대차 - 측면충돌,안전운전불이행,건조,맑음,단일로 - 기타,승용,남,67세,경상,승용,남,65세,경상
2021020900100620,2021년 2월 9일 20시,화요일,경상북도 포항시 남구 효자동,부상신고사고,0,0,0,1,차대사람 - 차도통행중,안전운전불이행,건조,맑음,단일로 - 기타,승용,남,60세,상해없음,보행자,남,45세,부상신고
2021020900100621,2021년 2월 9일 20시,화요일,경상북도 포항시 북구 기계면,사망사고,1,0,1,0,차대차 - 추돌,안전운전불이행,건조,맑음,단일로 - 기타,화물,남,47세,사망,승용,남,43세,상해없음
2021020900100671,2021년 2월 9일 21시,화요일,경상북도 구미시 고아읍,중상사고,0,1,0,0,차대사람 - 횡단중,보행자보호의무위반,건조,맑음,교차로 - 교차로부근,이륜,남,42세,상해없음,보행자,여,51세,중상
2021020900100731,2021년 2월 9일 23시,화요일,경상북도 구미시 황상동,중상사고,0,1,0,0,차대사람 - 기타,안전운전불이행,건조,맑음,단일로 - 기타,승용,남,25세,상해없음,보행자,여,71세,중상
2021021000100013,2021년 2월 10일 00시,수요일,경상북도 경산시 임당동,경상사고,0,0,1,0,차대차 - 정면충돌,안전운전불이행,건조,맑음,단일로 - 기타,개인형이동수단(PM),여,23세,경상,승용,남,56세,상해없음
2021021000100022,2021년 2월 10일 02시,수요일,경상북도 상주시 남성동,중상사고,0,1,0,0,차대차 - 기타,안전운전불이행,건조,맑음,단일로 - 기타,승용,여,39세,상해없음,자전거,남,13세,중상
2021021000100048,2021년 2월 10일 06시,수요일,경상북도 구미시 해평면,중상사고,0,1,0,0,차대사람 - 횡단중,안전운전불이행,건조,맑음,단일로 - 기타,승용,여,62세,상해없음,보행자,여,83세,중상
2021021000100067,2021년 2월 10일 07시,수요일,경상북도 성주군 성주읍,중상사고,0,1,0,0,차대차 - 정면충돌,중앙선침범,건조,맑음,단일로 - 고가도로위,승용,남,51세,기타불명,화물,남,40세,중상
2021021000100099,2021년 2월 10일 08시,수요일,경상북도 경주시 용강동,경상사고,0,0,1,0,차대차 - 측면충돌,안전운전불이행,건조,맑음,단일로 - 기타,승용,여,52세,상해없음,화물,남,56세,상해없음
2021021000100100,2021년 2월 10일 08시,수요일,경상북도 포항시 북구 흥해읍,중상사고,0,2,0,0,차대차 - 측면충돌,중앙선침범,건조,맑음,교차로 - 교차로안,승용,남,54세,중상,승용,남,43세,중상
2021021000100101,2021년 2월 10일 08시,수요일,경상북도 구미시 원평동,중상사고,0,1,0,0,차대사람 - 기타,안전운전불이행,건조,맑음,단일로 - 기타,승용,남,62세,상해없음,보행자,남,49세,중상
2021021000100127,2021년 2월 10일 09시,수요일,경상북도 김천시 조마면,경상사고,0,0,2,0,차대차 - 측면충돌,안전운전불이행,건조,맑음,교차로 - 교차로안,이륜,남,81세,경상,화물,남,68세,경상
2021021000100158,2021년 2월 10일 10시,수요일,경상북도 경주시 노서동,경상사고,0,0,2,0,차대차 - 측면충돌,안전운전불이행,건조,맑음,교차로 - 교차로안,이륜,남,38세,경상,승용,남,41세,경상
2021021000100159,2021년 2월 10일 10시,수요일,경상북도 포항시 북구 학잠동,중상사고,0,1,0,0,차대사람 - 횡단중,보행자보호의무위반,건조,맑음,교차로 - 교차로부근,승용,여,68세,상해없음,보행자,여,48세,중상
2021021000100200,2021년 2월 10일 11시,수요일,경상북도 경주시 황성동,중상사고,0,1,0,0,차대차 - 측면충돌,신호위반,건조,맑음,교차로 - 교차로부근,자전거,남,67세,중상,승용,남,61세,상해없음
2021021000100201,2021년 2월 10일 11시,수요일,경상북도 경주시 서부동,경상사고,0,0,1,0,차대차 - 추돌,안전운전불이행,건조,맑음,교차로 - 교차로부근,자전거,남,71세,경상,승용,남,64세,상해없음
2021021000100202,2021년 2월 10일 11시,수요일,경상북도 김천시 용두동,중상사고,0,1,0,0,차대사람 - 횡단중,안전운전불이행,건조,맑음,교차로 - 교차로안,화물,남,63세,상해없음,보행자,여,87세,중상
2021021000100203,2021년 2월 10일 11시,수요일,경상북도 칠곡군 약목면,경상사고,0,0,3,0,차대차 - 측면충돌,기타,건조,맑음,단일로 - 기타,화물,남,68세,상해없음,승용,남,61세,경상
2021021000100204,2021년 2월 10일 11시,수요일,경상북도 청송군 현서면,중상사고,0,1,1,0,차대차 - 측면충돌,안전거리미확보,건조,맑음,단일로 - 지하차도(도로)내,승용,남,45세,상해없음,화물,남,54세,경상
2021021000100205,2021년 2월 10일 11시,수요일,경상북도 포항시 남구 상도동,중상사고,0,1,0,0,차대차 - 측면충돌,안전운전불이행,건조,맑음,교차로 - 교차로부근,승용,남,26세,상해없음,이륜,남,50세,중상
2021021000100238,2021년 2월 10일 12시,수요일,경상북도 구미시 공단동,경상사고,0,0,1,0,차대차 - 기타,안전운전불이행,건조,맑음,교차로 - 교차로부근,화물,남,62세,상해없음,승용,남,47세,경상
2021021000100270,2021년 2월 10일 13시,수요일,경상북도 안동시 풍천면,중상사고,0,1,0,0,차대사람 - 기타,안전운전불이행,건조,맑음,교차로 - 교차로부근,승용,남,48세,상해없음,보행자,남,83세,중상
2021021000100271,2021년 2월 10일 13시,수요일,경상북도 성주군 월항면,중상사고,0,1,0,0,차대사람 - 기타,안전운전불이행,건조,맑음,단일로 - 기타,화물,남,63세,상해없음,보행자,남,76세,중상
2021021000100317,2021년 2월 10일 14시,수요일,경상북도 경주시 외동읍,경상사고,0,0,1,0,차대차 - 측면충돌,안전운전불이행,건조,맑음,단일로 - 기타,화물,남,61세,상해없음,이륜,여,69세,경상
2021021000100318,2021년 2월 10일 14시,수요일,경상북도 경주시 건천읍,경상사고,0,0,1,0,차대차 - 추돌,안전운전불이행,건조,맑음,단일로 - 기타,승용,남,70세,상해없음,승용,남,68세,경상
2021021000100319,2021년 2월 10일 14시,수요일,경상북도 구미시 광평동,경상사고,0,0,2,0,차대차 - 기타,안전운전불이행,건조,맑음,단일로 - 기타,승용,여,51세,상해없음,승용,여,33세,경상
2021021000100320,2021년 2월 10일 14시,수요일,경상북도 경산시 남천면,중상사고,0,4,0,0,차대차 - 추돌,안전운전불이행,건조,맑음,단일로 - 기타,승용,여,22세,상해없음,승용,남,36세,중상
2021021000100358,2021년 2월 10일 15시,수요일,경상북도 포항시 북구 죽도동,경상사고,0,0,2,0,차대차 - 측면충돌,직진우회전진행방해,건조,맑음,교차로 - 교차로안,승용,남,40세,상해없음,승용,남,31세,경상
2021021000100359,2021년 2월 10일 15시,수요일,경상북도 김천시 율곡동,경상사고,0,0,1,0,차대차 - 측면충돌,안전운전불이행,건조,맑음,교차로 - 교차로부근,승합,남,69세,상해없음,승용,여,37세,경상
2021021000100360,2021년 2월 10일 15시,수요일,경상북도 군위군 우보면,경상사고,0,0,1,0,차대사람 - 길가장자리구역통행중,안전운전불이행,건조,맑음,단일로 - 기타,승용,남,81세,기타불명,보행자,남,74세,경상
2021021000100404,2021년 2월 10일 16시,수요일,경상북도 칠곡군 석적읍,경상사고,0,0,1,0,차대차 - 추돌,안전운전불이행,건조,맑음,교차로 - 교차로부근,승용,남,23세,상해없음,승용,여,47세,경상
2021021000100405,2021년 2월 10일 16시,수요일,경상북도 칠곡군 동명면,중상사고,0,2,0,0,차대차 - 측면충돌,중앙선침범,건조,맑음,기타 - 기타,승용,남,76세,상해없음,승용,여,49세,중상
2021021000100406,2021년 2월 10일 16시,수요일,경상북도 문경시 마성면,경상사고,0,0,2,0,차대차 - 추돌,안전거리미확보,건조,맑음,단일로 - 기타,승용,남,30세,상해없음,승용,남,24세,경상
2021021000100407,2021년 2월 10일 16시,수요일,경상북도 문경시 모전동,경상사고,0,0,1,0,차대사람 - 횡단중,보행자보호의무위반,건조,맑음,단일로 - 기타,승용,남,52세,상해없음,보행자,여,23세,경상
2021021000100450,2021년 2월 10일 17시,수요일,경상북도 안동시 안기동,경상사고,0,0,1,0,차대차 - 측면충돌,안전운전불이행,건조,맑음,단일로 - 기타,이륜,남,81세,상해없음,승용,남,26세,경상
2021021000100451,2021년 2월 10일 17시,수요일,경상북도 포항시 남구 효자동,중상사고,0,1,0,0,차대차 - 측면충돌,안전운전불이행,건조,맑음,단일로 - 기타,승용,여,44세,상해없음,이륜,남,57세,중상
2021021000100515,2021년 2월 10일 18시,수요일,경상북도 경주시 문무대왕면,중상사고,0,1,0,0,차량단독 - 기타,안전운전불이행,건조,맑음,단일로 - 기타,원동기,남,73세,중상,,,,
2021021000100584,2021년 2월 10일 19시,수요일,경상북도 영천시 금호읍,경상사고,0,0,1,0,차대차 - 추돌,안전거리미확보,건조,맑음,교차로 - 교차로부근,화물,남,47세,상해없음,승용,남,53세,경상
2021021000100585,2021년 2월 10일 19시,수요일,경상북도 영천시 금호읍,경상사고,0,0,2,0,차대차 - 기타,안전운전불이행,건조,흐림,단일로 - 기타,화물,남,59세,기타불명,승용,남,27세,경상
2021021000100586,2021년 2월 10일 19시,수요일,경상북도 문경시 마성면,경상사고,0,0,5,0,차대차 - 추돌,안전운전불이행,건조,맑음,단일로 - 기타,승용,여,24세,상해없음,승용,남,28세,상해없음
2021021000100697,2021년 2월 10일 21시,수요일,경상북도 영양군 영양읍,경상사고,0,0,1,0,차대차 - 측면충돌,직진우회전진행방해,건조,맑음,교차로 - 교차로안,이륜,남,64세,경상,화물,남,48세,상해없음
2021021000100724,2021년 2월 10일 22시,수요일,경상북도 칠곡군 석적읍,경상사고,0,0,2,0,차대차 - 측면충돌,안전운전불이행,건조,맑음,교차로 - 교차로안,화물,남,41세,상해없음,승용,남,48세,경상
2021021000100725,2021년 2월 10일 22시,수요일,경상북도 경산시 삼북동,경상사고,0,0,2,0,차대차 - 추돌,안전운전불이행,건조,맑음,교차로 - 교차로부근,승용,여,53세,상해없음,승용,여,23세,경상
2021021000100751,2021년 2월 10일 23시,수요일,경상북도 포항시 남구 오천읍,중상사고,0,1,0,0,차대차 - 측면충돌,안전운전불이행,건조,맑음,단일로 - 기타,승용,여,40세,중상,화물,남,57세,기타불명
2021021100100019,2021년 2월 11일 01시,목요일,경상북도 영양군 영양읍,부상신고사고,0,0,0,1,차대차 - 정면충돌,안전운전불이행,건조,맑음,교차로 - 교차로부근,승용,남,31세,부상신고,화물,남,81세,기타불명
2021021100100070,2021년 2월 11일 09시,목요일,경상북도 상주시 모서면,경상사고,0,0,1,0,차량단독 - 기타,안전운전불이행,건조,맑음,단일로 - 기타,승용,남,68세,경상,,,,
2021021100100115,2021년 2월 11일 12시,목요일,경상북도 영주시 풍기읍,경상사고,0,0,1,0,차대차 - 추돌,안전운전불이행,건조,맑음,교차로 - 교차로안,승용,여,29세,상해없음,이륜,남,49세,경상
2021021100100116,2021년 2월 11일 12시,목요일,경상북도 영주시 영주동,경상사고,0,0,1,0,차대차 - 측면충돌,안전운전불이행,건조,맑음,교차로 - 교차로안,승용,여,29세,상해없음,승합,남,60세,경상
2021021100100117,2021년 2월 11일 12시,목요일,경상북도 구미시 송정동,경상사고,0,0,1,0,차대차 - 측면충돌,안전운전불이행,건조,맑음,단일로 - 기타,승용,남,52세,상해없음,승용,여,50세,경상
2021021100100118,2021년 2월 11일 12시,목요일,경상북도 포항시 남구 오천읍,경상사고,0,0,4,0,차대차 - 측면충돌,안전운전불이행,건조,맑음,단일로 - 지하차도(도로)내,승용,남,45세,경상,승용,남,21세,경상
2021021100100138,2021년 2월 11일 13시,목요일,경상북도 칠곡군 동명면,경상사고,0,0,4,1,차대차 - 측면충돌,안전거리미확보,건조,맑음,단일로 - 기타,승합,남,74세,부상신고,승용,남,41세,경상
2021021100100139,2021년 2월 11일 13시,목요일,경상북도 문경시 흥덕동,경상사고,0,0,3,0,차대차 - 측면충돌,안전운전불이행,건조,맑음,교차로 - 교차로안,승용,여,45세,상해없음,승용,남,53세,상해없음
2021021100100140,2021년 2월 11일 13시,목요일,경상북도 예천군 예천읍,중상사고,0,1,0,0,차대사람 - 횡단중,안전운전불이행,건조,맑음,단일로 - 기타,승용,남,81세,상해없음,보행자,여,31세,중상
2021021100100141,2021년 2월 11일 13시,목요일,경상북도 구미시 공단동,부상신고사고,0,0,0,1,차대차 - 측면충돌,신호위반,건조,맑음,단일로 - 기타,이륜,남,31세,부상신고,승용,남,30세,상해없음
2021021100100167,2021년 2월 11일 14시,목요일,경상북도 영천시 망정동,경상사고,0,0,1,0,차대사람 - 기타,안전운전불이행,건조,맑음,단일로 - 기타,승용,남,66세,상해없음,보행자,남,41세,경상
2021021100100209,2021년 2월 11일 16시,목요일,경상북도 포항시 북구 죽도동,경상사고,0,0,1,0,차대차 - 측면충돌,안전운전불이행,건조,맑음,단일로 - 기타,승용,여,25세,상해없음,자전거,남,71세,경상
2021021100100210,2021년 2월 11일 16시,목요일,경상북도 포항시 남구 해도동,경상사고,0,0,1,0,차대차 - 측면충돌,차로위반,건조,맑음,단일로 - 기타,승용,남,22세,상해없음,승합,남,59세,경상
2021021100100227,2021년 2월 11일 17시,목요일,경상북도 성주군 성주읍,경상사고,0,0,1,0,차대차 - 기타,안전운전불이행,건조,맑음,단일로 - 기타,승용,남,69세,상해없음,승용,남,80세,경상
2021021100100245,2021년 2월 11일 18시,목요일,경상북도 영주시 영주동,중상사고,0,1,0,0,차대사람 - 기타,보행자보호의무위반,건조,맑음,단일로 - 기타,이륜,남,55세,상해없음,보행자,남,60세,중상
2021021100100246,2021년 2월 11일 18시,목요일,경상북도 구미시 오태동,중상사고,0,1,0,0,차량단독 - 기타,안전운전불이행,건조,맑음,단일로 - 기타,사륜오토바이(ATV),남,54세,중상,,,,
2021021100100271,2021년 2월 11일 19시,목요일,경상북도 영천시 오수동,경상사고,0,0,2,0,차대차 - 추돌,안전운전불이행,건조,맑음,기타 - 기타,승용,남,28세,경상,승용,남,52세,경상
2021021100100272,2021년 2월 11일 19시,목요일,경상북도 청도군 화양읍,중상사고,0,1,0,0,차대차 - 추돌,안전운전불이행,건조,맑음,단일로 - 기타,승용,남,38세,상해없음,승용,남,50세,중상
2021021100100301,2021년 2월 11일 20시,목요일,경상북도 영주시 가흥동,경상사고,0,0,1,0,차대차 - 기타,안전운전불이행,건조,맑음,교차로 - 교차로부근,화물,남,52세,상해없음,이륜,여,47세,경상
2021021100100334,2021년 2월 11일 21시,목요일,경상북도 포항시 남구 오천읍,중상사고,0,1,0,0,차대차 - 측면충돌,직진우회전진행방해,건조,맑음,교차로 - 교차로안,이륜,남,48세,중상,승용,남,58세,상해없음
2021021100100355,2021년 2월 11일 22시,목요일,경상북도 영천시 북안면,경상사고,0,0,1,0,차량단독 - 공작물충돌,안전운전불이행,건조,맑음,단일로 - 기타,승용,남,27세,경상,,,,
2021021200100010,2021년 2월 12일 01시,금요일,경상북도 포항시 북구 대신동,경상사고,0,0,2,0,차대차 - 측면충돌,신호위반,건조,맑음,교차로 - 교차로안,승용,남,72세,상해없음,승용,여,22세,경상
2021021200100031,2021년 2월 12일 07시,금요일,경상북도 포항시 북구 두호동,경상사고,0,0,2,0,차대차 - 측면충돌,직진우회전진행방해,건조,맑음,교차로 - 교차로안,승용,여,33세,상해없음,승용,여,33세,경상
2021021200100050,2021년 2월 12일 10시,금요일,경상북도 구미시 선산읍,중상사고,0,1,0,0,차대차 - 측면충돌,기타,건조,맑음,단일로 - 기타,승용,남,61세,상해없음,농기계,남,63세,중상
2021021200100066,2021년 2월 12일 11시,금요일,경상북도 영천시 금호읍,경상사고,0,0,5,0,차대차 - 추돌,안전운전불이행,건조,맑음,단일로 - 기타,화물,남,73세,상해없음,승용,남,47세,경상
2021021200100080,2021년 2월 12일 12시,금요일,경상북도 경주시 현곡면,중상사고,0,3,0,0,차대차 - 측면충돌,신호위반,건조,맑음,교차로 - 교차로안,승용,여,52세,상해없음,승용,남,45세,중상
2021021200100081,2021년 2월 12일 12시,금요일,경상북도 칠곡군 왜관읍,경상사고,0,0,2,0,차대차 - 기타,신호위반,건조,맑음,교차로 - 교차로안,승합,남,58세,상해없음,승용,남,35세,경상
2021021200100082,2021년 2월 12일 12시,금요일,경상북도 봉화군 물야면,중상사고,0,1,0,0,차량단독 - 기타,안전운전불이행,건조,맑음,단일로 - 기타,승용,남,53세,상해없음,,,,
2021021200100102,2021년 2월 12일 13시,금요일,경상북도 영덕군 남정면,경상사고,0,0,2,0,차대차 - 추돌,안전운전불이행,건조,맑음,교차로 - 교차로안,승용,여,42세,상해없음,화물,남,54세,경상
2021021200100120,2021년 2월 12일 14시,금요일,경상북도 경주시 배반동,경상사고,0,0,2,0,차대차 - 추돌,안전거리미확보,건조,맑음,교차로 - 교차로부근,승합,남,63세,상해없음,화물,남,72세,경상
2021021200100121,2021년 2월 12일 14시,금요일,경상북도 군위군 군위읍,경상사고,0,0,2,0,차대차 - 추돌,안전운전불이행,건조,맑음,단일로 - 기타,승용,남,36세,경상,승용,남,31세,상해없음
2021021200100138,2021년 2월 12일 15시,금요일,경상북도 안동시 남선면,경상사고,0,0,1,0,차대차 - 측면충돌,안전운전불이행,건조,맑음,교차로 - 교차로부근,승용,남,55세,상해없음,승용,여,61세,경상
2021021200100139,2021년 2월 12일 15시,금요일,경상북도 영덕군 강구면,경상사고,0,0,1,0,차대사람 - 길가장자리구역통행중,안전운전불이행,건조,맑음,교차로 - 교차로부근,화물,남,69세,상해없음,보행자,여,21세,경상
2021021200100140,2021년 2월 12일 15시,금요일,경상북도 구미시 사곡동,중상사고,0,1,0,0,차대사람 - 기타,안전운전불이행,건조,맑음,단일로 - 기타,특수,남,49세,상해없음,보행자,여,78세,중상
2021021200100141,2021년 2월 12일 15시,금요일,경상북도 포항시 남구 오천읍,중상사고,0,1,0,0,차대차 - 측면충돌,안전운전불이행,건조,맑음,교차로 - 교차로안,승용,남,24세,상해없음,이륜,남,27세,중상
2021021200100142,2021년 2월 12일 15시,금요일,경상북도 포항시 남구 송도동,경상사고,0,0,3,0,차대차 - 측면충돌,안전운전불이행,건조,맑음,단일로 - 기타,승용,남,57세,상해없음,승용,여,56세,경상
2021021200100178,2021년 2월 12일 17시,금요일,경상북도 영천시 망정동,경상사고,0,0,2,0,차대차 - 측면충돌,안전거리미확보,건조,맑음,단일로 - 기타,승용,남,18세,상해없음,승용,남,42세,경상
2021021200100197,2021년 2월 12일 18시,금요일,경상북도 영양군 수비면,사망사고,1,0,0,0,차량단독 - 도로외이탈 - 기타,안전운전불이행,건조,맑음,단일로 - 기타,화물,남,65세,사망,,,,
2021021200100223,2021년 2월 12일 19시,금요일,경상북도 칠곡군 북삼읍,경상사고,0,0,1,0,차대차 - 측면충돌,안전운전불이행,건조,맑음,단일로 - 기타,승합,남,38세,상해없음,승용,남,35세,경상
2021021200100233,2021년 2월 12일 20시,금요일,경상북도 구미시 형곡동,경상사고,0,0,1,0,차대사람 - 횡단중,보행자보호의무위반,건조,맑음,교차로 - 교차로부근,승용,여,56세,상해없음,보행자,여,43세,경상
2021021200100234,2021년 2월 12일 20시,금요일,경상북도 포항시 남구 오천읍,부상신고사고,0,0,0,1,차대사람 - 차도통행중,안전운전불이행,건조,맑음,단일로 - 기타,승용,남,33세,상해없음,보행자,남,50세,부상신고
2021021200100252,2021년 2월 12일 21시,금요일,경상북도 포항시 북구 동빈1가,경상사고,0,0,1,0,차대차 - 측면충돌,중앙선침범,건조,맑음,단일로 - 기타,승용,여,46세,상해없음,이륜,남,24세,경상
2021021200100253,2021년 2월 12일 21시,금요일,경상북도 포항시 북구 우현동,경상사고,0,0,2,0,차대차 - 측면충돌,안전거리미확보,건조,맑음,교차로 - 교차로부근,승용,여,54세,경상,승용,남,34세,경상
2021021200100254,2021년 2월 12일 21시,금요일,경상북도 안동시 옥동,경상사고,0,0,1,0,차대사람 - 기타,안전운전불이행,건조,맑음,단일로 - 기타,승용,남,22세,상해없음,보행자,여,23세,경상
2021021200100255,2021년 2월 12일 21시,금요일,경상북도 영주시 가흥동,경상사고,0,0,1,0,차대차 - 측면충돌,직진우회전진행방해,건조,맑음,교차로 - 교차로안,승용,남,26세,상해없음,승용,남,20세,경상
2021021200100256,2021년 2월 12일 21시,금요일,경상북도 문경시 점촌동,중상사고,0,1,0,0,차대사람 - 보도통행중,안전운전불이행,건조,맑음,교차로 - 교차로부근,승용,남,37세,상해없음,보행자,남,47세,중상
2021021300100011,2021년 2월 13일 02시,토요일,경상북도 경주시 내남면,경상사고,0,0,1,0,차량단독 - 공작물충돌,안전운전불이행,건조,맑음,단일로 - 기타,승용,여,23세,경상,,,,
2021021300100016,2021년 2월 13일 04시,토요일,경상북도 포항시 북구 죽도동,경상사고,0,0,1,0,차대차 - 측면충돌,안전운전불이행,건조,맑음,교차로 - 교차로부근,승용,남,32세,상해없음,자전거,여,51세,경상
2021021300100032,2021년 2월 13일 09시,토요일,경상북도 경주시 북군동,경상사고,0,0,1,0,차대차 - 측면충돌,안전운전불이행,건조,맑음,단일로 - 기타,승용,남,64세,상해없음,승용,남,69세,경상