사고번호,사고일시,요일,시군구,사고내용,사망자수,중상자수,경상자수,부상신고자수,사고유형,법규위반,노면상태,기상상태,도로형태,가해운전자 차종,가해운전자 성별,가해운전자 연령,가해운전자 상해정도,피해운전자 차종,피해운전자 성별,피해운전자 연령,피해운전자 상해정도
2021022200100483,2021년 2월 22일 19시,월요일,경상북도 김천시 평화동,경상사고,0,0,1,0,차대차 - 추돌,안전거리미확보,건조,맑음,교차로 - 교차로부근,승합,남,23세,상해없음,승용,여,55세,경상
2021022200100512,2021년 2월 22일 20시,월요일,경상북도 구미시 봉곡동,경상사고,0,0,1,0,차대사람 - 보도통행중,안전운전불이행,건조,맑음,기타 - 기타,개인형이동수단(PM),여,19세,상해없음,보행자,남,30세,경상
2021022200100539,2021년 2월 22일 21시,월요일,경상북도 칠곡군 동명면,중상사고,0,1,1,1,차대차 - 측면충돌,중앙선침범,건조,맑음,단일로 - 기타,화물,남,63세,부상신고,승용,여,54세,중상
2021022200100564,2021년 2월 22일 22시,월요일,경상북도 포항시 남구 연일읍,경상사고,0,0,1,0,차대차 - 추돌,안전운전불이행,건조,맑음,단일로 - 기타,승용,남,53세,경상,특수,남,48세,기타불명
2021022200100576,2021년 2월 22일 23시,월요일,경상북도 경산시 계양동,경상사고,0,0,1,0,차대차 - 추돌,안전운전불이행,건조,맑음,단일로 - 기타,이륜,남,17세,상해없음,승용,남,47세,기타불명
2021022200100577,2021년 2월 22일 23시,월요일,경상북도 구미시 옥계동,경상사고,0,0,1,0,차대사람 - 횡단중,안전운전불이행,건조,맑음,교차로 - 교차로횡단보도내,승용,여,36세,상해없음,보행자,남,25세,경상
2021022300100005,2021년 2월 23일 00시,화요일,경상북도 경산시 중방동,경상사고,0,0,3,0,차대차 - 추돌,안전운전불이행,건조,맑음,단일로 - 기타,화물,남,55세,경상,승용,남,20세,경상
2021022300100058,2021년 2월 23일 07시,화요일,경상북도 의성군 안계면,중상사고,0,2,0,0,차대차 - 측면충돌,신호위반,건조,맑음,교차로 - 교차로안,승용,여,62세,중상,화물,남,51세,중상
2021022300100082,2021년 2월 23일 08시,화요일,경상북도 안동시 용상동,경상사고,0,0,2,0,차대차 - 측면충돌,교차로운행방법위반,건조,맑음,교차로 - 교차로안,승용,남,72세,상해없음,승용,여,37세,경상
2021022300100083,2021년 2월 23일 08시,화요일,경상북도 울진군 후포면,경상사고,0,0,1,0,차대차 - 측면충돌,교차로운행방법위반,건조,맑음,교차로 - 교차로안,화물,남,75세,상해없음,승용,남,49세,경상
2021022300100084,2021년 2월 23일 08시,화요일,경상북도 구미시 황상동,사망사고,1,0,1,0,차대차 - 측면충돌,안전운전불이행,건조,맑음,교차로 - 교차로안,승용,남,31세,경상,승용,남,30세,사망
2021022300100117,2021년 2월 23일 09시,화요일,경상북도 영천시 완산동,중상사고,0,1,0,0,차대사람 - 길가장자리구역통행중,안전운전불이행,건조,맑음,단일로 - 기타,승용,여,63세,상해없음,보행자,여,86세,중상
2021022300100170,2021년 2월 23일 11시,화요일,경상북도 상주시 공성면,중상사고,0,1,0,0,차대차 - 측면충돌,안전운전불이행,건조,맑음,단일로 - 기타,승용,남,54세,상해없음,자전거,남,85세,중상
2021022300100195,2021년 2월 23일 12시,화요일,경상북도 영주시 휴천동,중상사고,0,1,0,0,차대차 - 측면충돌,안전운전불이행,건조,맑음,단일로 - 기타,승용,남,71세,상해없음,이륜,남,24세,중상
2021022300100196,2021년 2월 23일 12시,화요일,경상북도 칠곡군 가산면,경상사고,0,0,1,0,차대차 - 측면충돌,안전거리미확보,건조,맑음,단일로 - 기타,승용,여,56세,상해없음,승용,남,48세,경상
2021022300100197,2021년 2월 23일 12시,화요일,경상북도 구미시 고아읍,경상사고,0,0,1,0,차대사람 - 기타,안전운전불이행,건조,맑음,단일로 - 기타,승용,남,27세,상해없음,보행자,여,11세,경상
2021022300100229,2021년 2월 23일 13시,화요일,경상북도 경주시 황성동,경상사고,0,0,2,0,차대차 - 측면충돌,기타,건조,맑음,교차로 - 교차로안,승용,남,21세,경상,승용,여,45세,경상
2021022300100230,2021년 2월 23일 13시,화요일,경상북도 상주시 남성동,경상사고,0,0,1,0,차대사람 - 차도통행중,안전운전불이행,건조,맑음,단일로 - 기타,화물,남,36세,상해없음,보행자,여,75세,경상
2021022300100231,2021년 2월 23일 13시,화요일,경상북도 영천시 청통면,중상사고,0,1,3,0,차대차 - 측면충돌,신호위반,건조,맑음,교차로 - 교차로안,승용,여,58세,경상,승용,남,70세,중상
2021022300100266,2021년 2월 23일 14시,화요일,경상북도 안동시 옥동,부상신고사고,0,0,0,1,차대차 - 측면충돌,안전운전불이행,건조,맑음,교차로 - 교차로부근,승용,여,65세,부상신고,화물,남,74세,상해없음
2021022300100267,2021년 2월 23일 14시,화요일,경상북도 군위군 군위읍,중상사고,0,1,0,0,차대사람 - 횡단중,안전운전불이행,건조,맑음,교차로 - 교차로부근,승용,남,84세,상해없음,보행자,남,72세,중상
2021022300100312,2021년 2월 23일 15시,화요일,경상북도 경주시 성건동,중상사고,0,1,0,0,차대사람 - 기타,안전운전불이행,건조,맑음,교차로 - 교차로부근,승용,남,71세,상해없음,보행자,여,75세,중상
2021022300100313,2021년 2월 23일 15시,화요일,경상북도 경주시 성동동,경상사고,0,0,1,0,차대차 - 기타,안전운전불이행,건조,맑음,교차로 - 교차로안,승용,남,29세,상해없음,이륜,남,36세,경상
2021022300100348,2021년 2월 23일 16시,화요일,경상북도 경산시 중방동,경상사고,0,0,2,0,차대차 - 추돌,안전운전불이행,건조,맑음,교차로 - 교차로부근,이륜,여,57세,상해없음,승용,여,48세,경상
2021022300100349,2021년 2월 23일 16시,화요일,경상북도 예천군 예천읍,중상사고,0,1,0,0,차대차 - 측면충돌,직진우회전진행방해,건조,맑음,교차로 - 교차로안,승용,여,36세,상해없음,승용,남,73세,중상
2021022300100390,2021년 2월 23일 17시,화요일,경상북도 상주시 화서면,중상사고,0,1,0,0,차대차 - 측면충돌,안전운전불이행,건조,맑음,단일로 - 기타,화물,남,56세,상해없음,이륜,남,60세,중상
2021022300100391,2021년 2월 23일 17시,화요일,경상북도 경산시 자인면,경상사고,0,0,1,0,차대차 - 측면충돌,안전거리미확보,건조,맑음,단일로 - 기타,화물,남,60세,상해없음,화물,남,56세,경상
2021022300100392,2021년 2월 23일 17시,화요일,경상북도 포항시 남구 동해면,중상사고,0,1,0,0,차대차 - 측면충돌,직진우회전진행방해,건조,맑음,교차로 - 교차로안,승용,여,60세,상해없음,이륜,남,37세,중상
2021022300100393,2021년 2월 23일 17시,화요일,경상북도 포항시 남구 대잠동,중상사고,0,1,1,0,차대차 - 측면충돌,신호위반,건조,맑음,교차로 - 교차로안,이륜,남,16세,상해없음,승용,남,53세,경상
2021022300100418,2021년 2월 23일 18시,화요일,경상북도 경주시 안강읍,경상사고,0,0,2,0,차대차 - 정면충돌,안전운전불이행,건조,맑음,교차로 - 교차로안,승용,남,49세,상해없음,승용,남,37세,경상
2021022300100419,2021년 2월 23일 18시,화요일,경상북도 경산시 진량읍,경상사고,0,0,2,0,차대차 - 측면충돌,안전운전불이행,건조,맑음,교차로 - 교차로안,화물,남,66세,상해없음,승용,남,32세,경상
2021022300100420,2021년 2월 23일 18시,화요일,경상북도 구미시 황상동,경상사고,0,0,2,0,차대차 - 추돌,안전운전불이행,건조,맑음,교차로 - 교차로안,승합,남,50세,상해없음,승용,여,48세,경상
2021022300100465,2021년 2월 23일 19시,화요일,경상북도 안동시 당북동,경상사고,0,0,1,0,차대사람 - 횡단중,신호위반,기타,맑음,교차로 - 교차로부근,승용,남,33세,상해없음,보행자,여,29세,경상
2021022300100466,2021년 2월 23일 19시,화요일,경상북도 경산시 정평동,중상사고,0,1,0,0,차대사람 - 횡단중,안전운전불이행,건조,맑음,단일로 - 기타,승용,남,31세,상해없음,보행자,여,74세,중상
2021022300100467,2021년 2월 23일 19시,화요일,경상북도 포항시 남구 상도동,부상신고사고,0,0,0,1,차대차 - 정면충돌,신호위반,건조,맑음,교차로 - 교차로부근,이륜,남,16세,부상신고,승용,남,58세,상해없음
2021022300100498,2021년 2월 23일 20시,화요일,경상북도 포항시 북구 학산동,경상사고,0,0,1,0,차대차 - 측면충돌,차로위반,건조,맑음,교차로 - 교차로부근,화물,남,60세,상해없음,승용,여,37세,경상
2021022300100549,2021년 2월 23일 22시,화요일,경상북도 김천시 신음동,경상사고,0,0,2,0,차대차 - 추돌,안전운전불이행,건조,기타,단일로 - 기타,화물,남,57세,상해없음,승용,남,58세,경상
2021022300100562,2021년 2월 23일 23시,화요일,경상북도 구미시 신평동,경상사고,0,0,2,0,차대차 - 추돌,안전운전불이행,건조,맑음,단일로 - 기타,승용,남,61세,상해없음,승용,남,50세,경상
2021022300100563,2021년 2월 23일 23시,화요일,경상북도 포항시 남구 상도동,중상사고,0,1,0,0,차대차 - 측면충돌,신호위반,건조,맑음,교차로 - 교차로부근,원동기,남,60세,중상,승용,남,39세,상해없음
2021022400100009,2021년 2월 24일 01시,수요일,경상북도 포항시 북구 상원동,경상사고,0,0,2,0,차대차 - 기타,안전운전불이행,건조,맑음,교차로 - 교차로안,승용,남,61세,상해없음,승합,여,49세,경상
2021022400100010,2021년 2월 24일 02시,수요일,경상북도 포항시 남구 청림동,경상사고,0,0,1,0,차량단독 - 공작물충돌,안전운전불이행,건조,맑음,교차로 - 교차로부근,화물,남,66세,경상,,,,
2021022400100047,2021년 2월 24일 07시,수요일,경상북도 포항시 남구 오천읍,경상사고,0,0,2,0,차대차 - 측면충돌,직진우회전진행방해,건조,맑음,교차로 - 교차로안,승용,남,39세,경상,승용,여,41세,경상
2021022400100072,2021년 2월 24일 08시,수요일,경상북도 구미시 공단동,경상사고,0,0,1,0,차대차 - 측면충돌,신호위반,건조,맑음,교차로 - 교차로안,화물,남,55세,상해없음,승용,여,29세,경상
2021022400100097,2021년 2월 24일 09시,수요일,경상북도 포항시 북구 죽도동,경상사고,0,0,2,0,차대차 - 측면충돌,신호위반,건조,맑음,교차로 - 교차로안,승용,남,22세,상해없음,승용,남,35세,경상
2021022400100098,2021년 2월 24일 09시,수요일,경상북도 김천시 황금동,경상사고,0,0,1,0,차대차 - 측면충돌,안전거리미확보,건조,맑음,단일로 - 기타,화물,남,68세,상해없음,화물,남,66세,경상
2021022400100139,2021년 2월 24일 11시,수요일,경상북도 봉화군 재산면,중상사고,0,1,0,0,차대사람 - 보도통행중,안전운전불이행,건조,맑음,기타 - 기타,승용,남,79세,상해없음,보행자,여,86세,중상
2021022400100140,2021년 2월 24일 11시,수요일,경상북도 포항시 남구 동촌동,경상사고,0,0,1,0,차대차 - 추돌,안전운전불이행,건조,맑음,교차로 - 교차로부근,승용,여,56세,상해없음,화물,남,67세,경상
2021022400100200,2021년 2월 24일 13시,수요일,경상북도 경주시 구정동,경상사고,0,0,2,0,차대차 - 측면충돌,안전운전불이행,건조,맑음,단일로 - 지하차도(도로)내,화물,남,62세,상해없음,승용,남,25세,경상
2021022400100201,2021년 2월 24일 13시,수요일,경상북도 포항시 북구 대흥동,경상사고,0,0,3,0,차대차 - 측면충돌,교차로운행방법위반,건조,맑음,교차로 - 교차로안,승용,남,35세,기타불명,승용,남,65세,경상
2021022400100235,2021년 2월 24일 14시,수요일,경상북도 군위군 군위읍,경상사고,0,0,1,0,차대차 - 측면충돌,안전운전불이행,건조,맑음,단일로 - 기타,승용,남,73세,상해없음,자전거,여,64세,경상
2021022400100273,2021년 2월 24일 15시,수요일,경상북도 경주시 황남동,경상사고,0,0,1,0,차대차 - 측면충돌,안전운전불이행,건조,맑음,단일로 - 기타,화물,남,57세,경상,승용,남,36세,기타불명
2021022400100274,2021년 2월 24일 15시,수요일,경상북도 포항시 북구 두호동,경상사고,0,0,1,0,차대차 - 기타,중앙선침범,건조,맑음,교차로 - 교차로안,승용,여,64세,상해없음,이륜,남,27세,경상
2021022400100275,2021년 2월 24일 15시,수요일,경상북도 구미시 도량동,경상사고,0,0,1,0,차대차 - 측면충돌,교차로운행방법위반,건조,맑음,교차로 - 교차로부근,승용,남,51세,상해없음,자전거,남,62세,경상
2021022400100276,2021년 2월 24일 15시,수요일,경상북도 구미시 황상동,경상사고,0,0,1,0,차대차 - 추돌,안전운전불이행,건조,맑음,교차로 - 교차로안,승용,여,26세,상해없음,승용,남,48세,경상
2021022400100300,2021년 2월 24일 16시,수요일,경상북도 김천시 부곡동,경상사고,0,0,1,0,차대차 - 측면충돌,교차로운행방법위반,건조,맑음,단일로 - 기타,승용,남,71세,상해없음,승용,기타불명,미분류,기타불명
2021022400100301,2021년 2월 24일 16시,수요일,경상북도 구미시 공단동,경상사고,0,0,2,0,차대차 - 기타,신호위반,건조,맑음,교차로 - 교차로안,승합,남,39세,상해없음,승용,남,57세,경상
2021022400100302,2021년 2월 24일 16시,수요일,경상북도 구미시 임수동,경상사고,0,0,3,0,차대차 - 측면충돌,중앙선침범,건조,맑음,단일로 - 기타,승용,여,54세,상해없음,승용,남,33세,경상
2021022400100303,2021년 2월 24일 16시,수요일,경상북도 포항시 남구 오천읍,경상사고,0,0,1,0,차대차 - 측면충돌,직진우회전진행방해,건조,맑음,교차로 - 교차로안,자전거,남,62세,경상,승합,남,59세,상해없음
2021022400100332,2021년 2월 24일 17시,수요일,경상북도 영주시 풍기읍,경상사고,0,0,1,0,차대차 - 측면충돌,안전운전불이행,건조,맑음,교차로 - 교차로안,승용,남,35세,상해없음,화물,남,59세,경상
2021022400100333,2021년 2월 24일 17시,수요일,경상북도 고령군 대가야읍,경상사고,0,0,1,0,차대차 - 기타,안전운전불이행,건조,맑음,기타 - 기타,자전거,여,47세,상해없음,자전거,남,66세,경상
2021022400100374,2021년 2월 24일 18시,수요일,경상북도 안동시 수상동,중상사고,0,1,0,0,차대차 - 추돌,안전운전불이행,건조,맑음,교차로 - 교차로부근,이륜,남,24세,중상,승용,남,50세,상해없음
2021022400100375,2021년 2월 24일 18시,수요일,경상북도 김천시 황금동,경상사고,0,0,1,0,차대차 - 측면충돌,신호위반,건조,맑음,교차로 - 교차로안,승용,남,77세,상해없음,승용,여,59세,경상
2021022400100376,2021년 2월 24일 18시,수요일,경상북도 경산시 하양읍,경상사고,0,0,1,0,차대차 - 측면충돌,신호위반,건조,맑음,교차로 - 교차로안,승용,남,25세,상해없음,승용,남,39세,경상
2021022400100377,2021년 2월 24일 18시,수요일,경상북도 경산시 대평동,경상사고,0,0,1,0,차대차 - 측면충돌,안전거리미확보,건조,맑음,단일로 - 기타,승용,여,61세,상해없음,승용,남,44세,경상
2021022400100378,2021년 2월 24일 18시,수요일,경상북도 청도군 각남면,중상사고,0,1,0,0,차대사람 - 차도통행중,기타,건조,흐림,단일로 - 기타,승용,남,76세,상해없음,보행자,여,79세,중상
2021022400100379,2021년 2월 24일 18시,수요일,경상북도 포항시 남구 오천읍,경상사고,0,0,2,0,차대차 - 측면충돌,직진우회전진행방해,건조,맑음,교차로 - 교차로부근,승용,남,77세,상해없음,승용,남,43세,경상
2021022400100421,2021년 2월 24일 19시,수요일,경상북도 상주시 사벌국면,사망사고,1,0,0,0,차량단독 - 전도전복 - 전도,안전운전불이행,건조,맑음,단일로 - 기타,이륜,남,59세,사망,,,,
2021022400100422,2021년 2월 24일 19시,수요일,경상북도 칠곡군 북삼읍,경상사고,0,0,1,0,차대차 - 측면충돌,직진우회전진행방해,건조,맑음,교차로 - 교차로안,승용,남,45세,상해없음,이륜,남,19세,경상
2021022400100443,2021년 2월 24일 20시,수요일,경상북도 경산시 자인면,경상사고,0,0,1,0,차대차 - 측면충돌,안전거리미확보,건조,맑음,단일로 - 기타,승합,남,56세,상해없음,승용,여,29세,경상
2021022400100501,2021년 2월 24일 22시,수요일,경상북도 구미시 원평동,중상사고,0,1,0,0,차대차 - 기타,안전운전불이행,건조,맑음,단일로 - 기타,승용,남,34세,상해없음,승용,남,53세,중상
2021022400100526,2021년 2월 24일 23시,수요일,경상북도 구미시 봉곡동,경상사고,0,0,1,0,차대차 - 기타,불법유턴,건조,맑음,교차로 - 교차로부근,개인형이동수단(PM),여,18세,경상,승용,여,25세,상해없음
2021022500100034,2021년 2월 25일 04시,목요일,경상북도 구미시 임수동,중상사고,0,1,2,0,차대차 - 정면충돌,직진우회전진행방해,건조,맑음,교차로 - 교차로안,승용,여,47세,상해없음,승용,남,41세,경상
2021022500100053,2021년 2월 25일 06시,목요일,경상북도 구미시 공단동,경상사고,0,0,1,0,차대차 - 기타,신호위반,건조,맑음,교차로 - 교차로안,승용,여,26세,상해없음,승용,남,35세,경상
2021022500100069,2021년 2월 25일 07시,목요일,경상북도 경주시 효현동,경상사고,0,0,1,0,차대차 - 추돌,안전운전불이행,건조,맑음,교차로 - 교차로부근,승용,남,36세,상해없음,화물,남,59세,경상
2021022500100093,2021년 2월 25일 08시,목요일,경상북도 구미시 고아읍,중상사고,0,1,0,0,차대차 - 기타,차로위반,건조,맑음,단일로 - 기타,화물,남,43세,상해없음,승용,여,35세,중상
2021022500100120,2021년 2월 25일 10시,목요일,경상북도 영주시 봉현면,중상사고,0,1,0,0,차대차 - 측면충돌,안전운전불이행,건조,맑음,단일로 - 기타,승합,남,79세,상해없음,화물,남,69세,중상
2021022500100121,2021년 2월 25일 10시,목요일,경상북도 구미시 도량동,중상사고,0,1,0,0,차대차 - 측면충돌,직진우회전진행방해,건조,맑음,교차로 - 교차로안,승용,여,62세,상해없음,자전거,여,74세,중상
2021022500100140,2021년 2월 25일 11시,목요일,경상북도 경산시 계양동,중상사고,0,1,0,0,차대사람 - 횡단중,신호위반,건조,맑음,교차로 - 교차로횡단보도내,이륜,남,29세,상해없음,보행자,여,78세,중상
2021022500100158,2021년 2월 25일 12시,목요일,경상북도 안동시 길안면,경상사고,0,0,1,0,차대차 - 기타,안전운전불이행,건조,맑음,교차로 - 교차로안,승용,여,60세,상해없음,화물,남,57세,경상
2021022500100225,2021년 2월 25일 14시,목요일,경상북도 경주시 황성동,경상사고,0,0,1,0,차대사람 - 차도통행중,안전운전불이행,건조,맑음,단일로 - 지하차도(도로)내,승용,남,60세,상해없음,보행자,여,56세,경상
2021022500100226,2021년 2월 25일 14시,목요일,경상북도 상주시 신봉동,중상사고,0,1,1,0,차대차 - 측면충돌,안전운전불이행,건조,맑음,교차로 - 교차로안,승용,남,75세,상해없음,화물,남,46세,중상
2021022500100227,2021년 2월 25일 14시,목요일,경상북도 문경시 문경읍,중상사고,0,1,0,0,차대사람 - 기타,안전운전불이행,건조,맑음,단일로 - 기타,화물,남,33세,상해없음,보행자,여,94세,중상
2021022500100228,2021년 2월 25일 14시,목요일,경상북도 예천군 예천읍,중상사고,0,1,0,0,차대차 - 측면충돌,신호위반,건조,맑음,교차로 - 교차로안,승용,남,73세,상해없음,승용,남,59세,상해없음
2021022500100229,2021년 2월 25일 14시,목요일,경상북도 포항시 남구 대도동,경상사고,0,0,1,0,차대사람 - 횡단중,신호위반,건조,맑음,교차로 - 교차로횡단보도내,승용,여,52세,상해없음,보행자,여,64세,경상
2021022500100254,2021년 2월 25일 15시,목요일,경상북도 경산시 계양동,중상사고,0,1,0,0,차대차 - 측면충돌,안전운전불이행,젖음/습기,비,교차로 - 교차로안,승용,남,68세,상해없음,자전거,남,11세,중상
2021022500100255,2021년 2월 25일 15시,목요일,경상북도 청도군 각남면,중상사고,0,1,0,0,차대차 - 측면충돌,신호위반,젖음/습기,비,교차로 - 교차로안,건설기계,남,59세,상해없음,승용,여,57세,중상
2021022500100320,2021년 2월 25일 17시,목요일,경상북도 경주시 황성동,경상사고,0,0,2,0,차대차 - 측면충돌,안전운전불이행,젖음/습기,비,교차로 - 교차로안,화물,남,20세,경상,승용,남,52세,경상
2021022500100366,2021년 2월 25일 18시,목요일,경상북도 경주시 황오동,사망사고,1,0,1,0,차대차 - 정면충돌,신호위반,젖음/습기,비,교차로 - 교차로안,화물,남,54세,경상,승용,남,61세,사망
2021022500100367,2021년 2월 25일 18시,목요일,경상북도 경주시 현곡면,경상사고,0,0,1,0,차대차 - 추돌,안전운전불이행,젖음/습기,흐림,단일로 - 기타,화물,남,51세,상해없음,승용,여,24세,경상
2021022500100368,2021년 2월 25일 18시,목요일,경상북도 포항시 북구 흥해읍,사망사고,1,1,0,0,차대차 - 정면충돌,중앙선침범,젖음/습기,비,단일로 - 기타,이륜,남,67세,사망,화물,남,39세,중상
2021022500100369,2021년 2월 25일 18시,목요일,경상북도 구미시 비산동,부상신고사고,0,0,0,1,차대차 - 추돌,안전운전불이행,젖음/습기,비,단일로 - 기타,이륜,남,33세,부상신고,승용,여,28세,상해없음
2021022500100370,2021년 2월 25일 18시,목요일,경상북도 구미시 사곡동,경상사고,0,0,1,0,차대차 - 기타,안전운전불이행,건조,맑음,교차로 - 교차로부근,화물,남,43세,상해없음,승용,여,35세,경상
2021022500100416,2021년 2월 25일 19시,목요일,경상북도 경산시 사동,경상사고,0,0,1,0,차대차 - 정면충돌,중앙선침범,젖음/습기,비,교차로 - 교차로횡단보도내,승용,남,25세,상해없음,승용,남,48세,경상
2021022500100417,2021년 2월 25일 19시,목요일,경상북도 구미시 도량동,중상사고,0,1,0,0,차대사람 - 횡단중,보행자보호의무위반,젖음/습기,비,교차로 - 교차로횡단보도내,승용,남,26세,상해없음,보행자,여,63세,중상
2021022500100449,2021년 2월 25일 20시,목요일,경상북도 포항시 북구 용흥동,경상사고,0,0,1,0,차대사람 - 횡단중,보행자보호의무위반,젖음/습기,비,교차로 - 교차로부근,승용,남,52세,상해없음,보행자,남,63세,경상
2021022500100507,2021년 2월 25일 22시,목요일,경상북도 청도군 풍각면,중상사고,0,1,0,0,차대차 - 추돌,안전운전불이행,젖음/습기,비,단일로 - 기타,승용,남,33세,상해없음,화물,남,42세,중상
2021022500100526,2021년 2월 25일 23시,목요일,경상북도 구미시 거의동,경상사고,0,0,1,0,차대차 - 측면충돌,안전거리미확보,건조,맑음,단일로 - 기타,승용,남,66세,상해없음,승용,여,35세,경상
2021022600100008,2021년 2월 26일 00시,금요일,경상북도 구미시 도량동,중상사고,0,1,0,0,차대사람 - 횡단중,신호위반,젖음/습기,맑음,교차로 - 교차로안,승용,남,44세,상해없음,보행자,남,49세,중상
2021022600100019,2021년 2월 26일 01시,금요일,경상북도 칠곡군 지천면,경상사고,0,0,1,0,차대차 - 추돌,안전운전불이행,젖음/습기,비,단일로 - 기타,승용,남,31세,경상,화물,남,33세,상해없음
2021022600100020,2021년 2월 26일 01시,금요일,경상북도 칠곡군 석적읍,사망사고,2,0,0,0,차대차 - 측면충돌,안전운전불이행,젖음/습기,흐림,단일로 - 기타,승용,남,28세,상해없음,승용,남,24세,사망
2021022600100051,2021년 2월 26일 06시,금요일,경상북도 포항시 남구 동해면,경상사고,0,0,1,0,차대사람 - 기타,안전운전불이행,젖음/습기,비,단일로 - 기타,승용,남,67세,상해없음,보행자,남,60세,경상
2021022600100065,2021년 2월 26일 07시,금요일,경상북도 포항시 남구 연일읍,경상사고,0,0,1,0,차대차 - 측면충돌,차로위반,젖음/습기,비,교차로 - 교차로부근,건설기계,남,62세,상해없음,승용,여,45세,경상
2021022600100088,2021년 2월 26일 08시,금요일,경상북도 경주시 천군동,경상사고,0,0,1,0,차대차 - 측면충돌,안전운전불이행,젖음/습기,비,단일로 - 지하차도(도로)내,승용,남,33세,상해없음,승용,남,44세,경상
2021022600100116,2021년 2월 26일 09시,금요일,경상북도 경주시 감포읍,사망사고,1,0,0,0,차대사람 - 기타,안전운전불이행,젖음/습기,맑음,단일로 - 기타,건설기계,남,56세,상해없음,보행자,여,84세,사망
2021022600100117,2021년 2월 26일 09시,금요일,경상북도 김천시 모암동,중상사고,0,1,0,0,차대사람 - 횡단중,보행자보호의무위반,건조,맑음,교차로 - 교차로부근,승용,남,75세,상해없음,보행자,여,73세,중상
2021022600100173,2021년 2월 26일 11시,금요일,경상북도 경주시 보문동,중상사고,0,1,1,0,차량단독 - 공작물충돌,안전운전불이행,건조,맑음,교차로 - 교차로부근,화물,남,65세,경상,,,,
2021022600100174,2021년 2월 26일 11시,금요일,경상북도 경산시 정평동,경상사고,0,0,1,0,차대사람 - 차도통행중,안전운전불이행,건조,맑음,교차로 - 교차로부근,승용,남,69세,상해없음,보행자,여,41세,경상
2021022600100175,2021년 2월 26일 11시,금요일,경상북도 군위군 효령면,중상사고,0,1,0,0,차대차 - 측면충돌,신호위반,건조,맑음,교차로 - 교차로안,승용,남,86세,상해없음,이륜,남,63세,중상
2021022600100176,2021년 2월 26일 11시,금요일,경상북도 구미시 진평동,중상사고,0,1,0,0,차대사람 - 길가장자리구역통행중,안전운전불이행,건조,맑음,교차로 - 교차로안,승용,여,28세,상해없음,보행자,남,52세,중상
2021022600100177,2021년 2월 26일 11시,금요일,경상북도 구미시 옥성면,중상사고,0,1,3,0,차대차 - 추돌,안전운전불이행,건조,맑음,단일로 - 터널,화물,남,50세,상해없음,화물,남,35세,경상
2021022600100210,2021년 2월 26일 12시,금요일,경상북도 영주시 휴천동,중상사고,0,1,0,0,차대차 - 측면충돌,교차로운행방법위반,건조,맑음,교차로 - 교차로안,승용,남,50세,상해없음,이륜,남,84세,중상
2021022600100211,2021년 2월 26일 12시,금요일,경상북도 칠곡군 석적읍,경상사고,0,0,1,0,차대차 - 추돌,안전운전불이행,건조,맑음,단일로 - 기타,승용,남,49세,상해없음,승용,남,65세,경상
2021022600100281,2021년 2월 26일 14시,금요일,경상북도 경주시 탑동,경상사고,0,0,4,0,차대차 - 추돌,안전운전불이행,건조,맑음,교차로 - 교차로부근,화물,남,55세,상해없음,승용,남,41세,경상
2021022600100282,2021년 2월 26일 14시,금요일,경상북도 김천시 개령면,경상사고,0,0,1,0,차량단독 - 공작물충돌,안전운전불이행,건조,맑음,단일로 - 기타,이륜,남,74세,경상,,,,
2021022600100283,2021년 2월 26일 14시,금요일,경상북도 영주시 영주동,경상사고,0,0,2,0,차대차 - 측면충돌,안전운전불이행,건조,맑음,단일로 - 기타,화물,남,80세,상해없음,승용,남,47세,경상
2021022600100284,2021년 2월 26일 14시,금요일,경상북도 영천시 임고면,경상사고,0,0,1,0,차대차 - 측면충돌,기타,건조,맑음,교차로 - 교차로안,화물,남,55세,상해없음,화물,남,53세,경상
2021022600100285,2021년 2월 26일 14시,금요일,경상북도 문경시 점촌동,중상사고,0,1,0,0,차대사람 - 횡단중,안전운전불이행,건조,맑음,단일로 - 기타,이륜,남,17세,상해없음,보행자,남,60세,중상
2021022600100286,2021년 2월 26일 14시,금요일,경상북도 경산시 압량읍,경상사고,0,0,1,0,차대차 - 기타,중앙선침범,건조,맑음,단일로 - 기타,승용,여,61세,상해없음,승용,남,68세,경상
2021022600100324,2021년 2월 26일 15시,금요일,경상북도 포항시 북구 남빈동,중상사고,0,1,0,0,차대차 - 측면충돌,안전운전불이행,건조,맑음,단일로 - 기타,화물,남,49세,상해없음,승합,남,49세,상해없음
2021022600100325,2021년 2월 26일 15시,금요일,경상북도 상주시 서성동,중상사고,0,1,0,0,차대차 - 측면충돌,기타,건조,맑음,단일로 - 기타,화물,남,57세,상해없음,이륜,남,42세,중상
2021022600100326,2021년 2월 26일 15시,금요일,경상북도 구미시 선산읍,중상사고,0,1,0,0,차대차 - 기타,중앙선침범,건조,맑음,교차로 - 교차로안,건설기계,남,43세,상해없음,화물,남,72세,중상
2021022600100354,2021년 2월 26일 16시,금요일,경상북도 경산시 옥산동,경상사고,0,0,1,0,차대차 - 측면충돌,안전운전불이행,건조,맑음,교차로 - 교차로부근,승용,남,74세,상해없음,승용,여,33세,경상