사고번호,사고일시,요일,시군구,사고내용,사망자수,중상자수,경상자수,부상신고자수,사고유형,법규위반,노면상태,기상상태,도로형태,가해운전자 차종,가해운전자 성별,가해운전자 연령,가해운전자 상해정도,피해운전자 차종,피해운전자 성별,피해운전자 연령,피해운전자 상해정도
2021031400100260,2021년 3월 14일 17시,일요일,경상북도 포항시 북구 장성동,경상사고,0,0,2,0,차대차 - 측면충돌,직진우회전진행방해,건조,맑음,교차로 - 교차로안,화물,남,65세,상해없음,승용,남,44세,경상
2021031400100261,2021년 3월 14일 17시,일요일,경상북도 경산시 자인면,경상사고,0,0,1,0,차대차 - 정면충돌,안전운전불이행,건조,맑음,교차로 - 교차로부근,화물,남,75세,상해없음,이륜,남,58세,경상
2021031400100328,2021년 3월 14일 19시,일요일,경상북도 경산시 남천면,중상사고,0,1,0,0,차대사람 - 길가장자리구역통행중,안전운전불이행,건조,맑음,단일로 - 기타,승용,남,44세,상해없음,보행자,여,82세,중상
2021031400100329,2021년 3월 14일 19시,일요일,경상북도 영덕군 지품면,중상사고,0,1,0,0,차대사람 - 기타,안전운전불이행,건조,맑음,단일로 - 기타,승용,여,53세,상해없음,보행자,남,66세,중상
2021031400100330,2021년 3월 14일 19시,일요일,경상북도 구미시 고아읍,경상사고,0,0,1,0,차대차 - 기타,안전운전불이행,건조,맑음,단일로 - 기타,승합,남,57세,상해없음,이륜,남,25세,경상
2021031400100346,2021년 3월 14일 20시,일요일,경상북도 구미시 원평동,경상사고,0,0,1,0,차대차 - 측면충돌,안전운전불이행,건조,맑음,단일로 - 기타,승용,남,47세,상해없음,이륜,남,33세,경상
2021031500100010,2021년 3월 15일 01시,월요일,경상북도 영주시 이산면,경상사고,0,0,1,0,차대차 - 추돌,안전운전불이행,건조,맑음,단일로 - 기타,화물,남,27세,상해없음,건설기계,남,47세,경상
2021031500100011,2021년 3월 15일 01시,월요일,경상북도 경산시 임당동,부상신고사고,0,0,0,1,차대차 - 측면충돌,안전운전불이행,건조,흐림,단일로 - 기타,이륜,남,19세,부상신고,승용,남,31세,상해없음
2021031500100015,2021년 3월 15일 03시,월요일,경상북도 영천시 서산동,경상사고,0,0,1,0,차량단독 - 공작물충돌,안전운전불이행,건조,맑음,단일로 - 기타,화물,남,61세,상해없음,,,,
2021031500100088,2021년 3월 15일 08시,월요일,경상북도 김천시 아포읍,사망사고,1,0,1,0,차대차 - 측면충돌,신호위반,건조,맑음,교차로 - 교차로안,화물,남,77세,사망,승용,남,64세,경상
2021031500100089,2021년 3월 15일 08시,월요일,경상북도 청도군 이서면,경상사고,0,0,1,0,차대차 - 측면충돌,교차로운행방법위반,건조,맑음,교차로 - 교차로안,승용,여,47세,상해없음,사륜오토바이(ATV),남,82세,경상
2021031500100131,2021년 3월 15일 09시,월요일,경상북도 영주시 가흥동,부상신고사고,0,0,0,1,차대차 - 측면충돌,안전운전불이행,건조,맑음,교차로 - 교차로안,이륜,남,73세,부상신고,승용,남,51세,상해없음
2021031500100162,2021년 3월 15일 10시,월요일,경상북도 영덕군 영해면,중상사고,0,1,0,0,차대사람 - 횡단중,안전운전불이행,건조,맑음,교차로 - 교차로부근,승용,여,47세,상해없음,보행자,여,60세,중상
2021031500100216,2021년 3월 15일 12시,월요일,경상북도 김천시 율곡동,경상사고,0,0,2,0,차대차 - 후진중충돌,안전운전불이행,건조,맑음,단일로 - 기타,승용,여,62세,상해없음,승용,여,30세,경상
2021031500100237,2021년 3월 15일 13시,월요일,경상북도 경주시 하동,중상사고,0,2,2,0,차대차 - 추돌,안전운전불이행,건조,맑음,단일로 - 기타,화물,남,59세,상해없음,승용,남,64세,경상
2021031500100238,2021년 3월 15일 13시,월요일,경상북도 안동시 남문동,경상사고,0,0,1,0,차대사람 - 기타,안전운전불이행,건조,맑음,단일로 - 기타,승용,여,54세,상해없음,보행자,여,65세,경상
2021031500100239,2021년 3월 15일 13시,월요일,경상북도 상주시 서성동,경상사고,0,0,1,0,차대차 - 측면충돌,중앙선침범,건조,맑음,단일로 - 기타,자전거,여,66세,경상,승용,남,39세,상해없음
2021031500100306,2021년 3월 15일 15시,월요일,경상북도 안동시 용상동,경상사고,0,0,2,0,차대차 - 측면충돌,안전운전불이행,건조,맑음,교차로 - 교차로안,승용,여,69세,경상,승용,남,56세,경상
2021031500100307,2021년 3월 15일 15시,월요일,경상북도 군위군 부계면,경상사고,0,0,2,0,차대차 - 측면충돌,안전거리미확보,건조,맑음,교차로 - 교차로부근,건설기계,남,61세,경상,승용,남,59세,경상
2021031500100308,2021년 3월 15일 15시,월요일,경상북도 구미시 인의동,경상사고,0,0,2,0,차대차 - 측면충돌,직진우회전진행방해,건조,맑음,교차로 - 교차로안,승용,남,59세,상해없음,승용,남,50세,상해없음
2021031500100338,2021년 3월 15일 16시,월요일,경상북도 경주시 강동면,경상사고,0,0,2,0,차대차 - 측면충돌,신호위반,건조,맑음,단일로 - 터널,승용,여,59세,상해없음,승용,남,31세,경상
2021031500100339,2021년 3월 15일 16시,월요일,경상북도 경주시 구정동,경상사고,0,0,1,0,차대사람 - 차도통행중,안전운전불이행,건조,맑음,단일로 - 기타,화물,남,63세,상해없음,보행자,남,12세,경상
2021031500100380,2021년 3월 15일 17시,월요일,경상북도 포항시 북구 용흥동,경상사고,0,0,1,0,차대차 - 추돌,안전거리미확보,건조,맑음,교차로 - 교차로부근,승용,남,52세,상해없음,승용,남,50세,경상
2021031500100381,2021년 3월 15일 17시,월요일,경상북도 안동시 옥동,경상사고,0,0,1,0,차대차 - 측면충돌,직진우회전진행방해,건조,맑음,교차로 - 교차로안,승용,남,47세,상해없음,이륜,남,32세,경상
2021031500100382,2021년 3월 15일 17시,월요일,경상북도 영덕군 병곡면,중상사고,0,1,0,0,차량단독 - 공작물충돌,안전운전불이행,건조,맑음,단일로 - 기타,승용,여,40세,중상,,,,
2021031500100383,2021년 3월 15일 17시,월요일,경상북도 영천시 본촌동,경상사고,0,0,2,0,차대차 - 추돌,안전운전불이행,건조,맑음,단일로 - 기타,승용,남,33세,상해없음,승용,남,25세,경상
2021031500100426,2021년 3월 15일 18시,월요일,경상북도 안동시 태화동,경상사고,0,0,1,0,차대차 - 추돌,안전거리미확보,건조,맑음,단일로 - 기타,화물,남,63세,상해없음,승용,남,34세,상해없음
2021031500100427,2021년 3월 15일 18시,월요일,경상북도 김천시 황금동,중상사고,0,1,0,0,차대사람 - 기타,교차로운행방법위반,건조,맑음,교차로 - 교차로안,승용,남,39세,상해없음,보행자,남,71세,중상
2021031500100428,2021년 3월 15일 18시,월요일,경상북도 경산시 압량읍,경상사고,0,0,1,0,차대차 - 후진중충돌,안전운전불이행,건조,맑음,단일로 - 기타,승용,남,42세,상해없음,승용,여,28세,경상
2021031500100467,2021년 3월 15일 19시,월요일,경상북도 포항시 북구 창포동,경상사고,0,0,2,0,차대차 - 측면충돌,신호위반,건조,맑음,교차로 - 교차로안,화물,남,49세,상해없음,승용,남,56세,경상
2021031500100468,2021년 3월 15일 19시,월요일,경상북도 포항시 남구 효자동,경상사고,0,0,1,0,차대차 - 측면충돌,교차로운행방법위반,건조,맑음,교차로 - 교차로안,승용,남,65세,상해없음,승합,남,41세,경상
2021031500100497,2021년 3월 15일 20시,월요일,경상북도 포항시 북구 두호동,경상사고,0,0,4,0,차대차 - 기타,안전운전불이행,건조,맑음,단일로 - 기타,승용,여,49세,상해없음,승용,남,18세,경상
2021031500100498,2021년 3월 15일 20시,월요일,경상북도 안동시 옥동,경상사고,0,0,5,1,차대차 - 측면충돌,안전운전불이행,건조,맑음,교차로 - 교차로안,승용,남,45세,경상,승합,남,60세,경상
2021031500100499,2021년 3월 15일 20시,월요일,경상북도 구미시 원평동,경상사고,0,0,1,0,차대사람 - 횡단중,안전운전불이행,건조,맑음,단일로 - 기타,승용,남,61세,상해없음,보행자,남,27세,경상
2021031500100555,2021년 3월 15일 23시,월요일,경상북도 포항시 북구 두호동,경상사고,0,0,1,0,차대사람 - 길가장자리구역통행중,안전운전불이행,건조,맑음,단일로 - 기타,승용,남,58세,상해없음,보행자,남,17세,경상
2021031500100556,2021년 3월 15일 23시,월요일,경상북도 영천시 오미동,경상사고,0,0,1,0,차대차 - 측면충돌,신호위반,건조,맑음,교차로 - 교차로안,승용,남,49세,상해없음,화물,남,59세,경상
2021031600100043,2021년 3월 16일 05시,화요일,경상북도 경산시 압량읍,중상사고,0,1,0,0,차대차 - 측면충돌,중앙선침범,건조,맑음,교차로 - 교차로안,건설기계,남,47세,상해없음,이륜,남,32세,중상
2021031600100080,2021년 3월 16일 07시,화요일,경상북도 영천시 쌍계동,중상사고,0,1,0,0,차대차 - 측면충돌,안전운전불이행,건조,맑음,단일로 - 기타,승용,여,25세,상해없음,승용,여,44세,중상
2021031600100081,2021년 3월 16일 07시,화요일,경상북도 예천군 호명면,경상사고,0,0,1,0,차대차 - 측면충돌,교차로운행방법위반,건조,맑음,교차로 - 교차로안,승용,남,31세,상해없음,화물,남,61세,경상
2021031600100115,2021년 3월 16일 08시,화요일,경상북도 김천시 율곡동,경상사고,0,0,1,0,차대차 - 측면충돌,안전거리미확보,건조,맑음,교차로 - 교차로부근,승용,남,72세,상해없음,승용,남,25세,경상
2021031600100116,2021년 3월 16일 08시,화요일,경상북도 칠곡군 석적읍,중상사고,0,1,0,0,차대사람 - 차도통행중,안전운전불이행,건조,맑음,기타 - 기타,자전거,남,36세,상해없음,보행자,여,82세,중상
2021031600100117,2021년 3월 16일 08시,화요일,경상북도 영천시 망정동,부상신고사고,0,0,0,1,차대차 - 기타,안전거리미확보,건조,맑음,단일로 - 기타,승용,남,63세,상해없음,승용,여,46세,상해없음
2021031600100118,2021년 3월 16일 08시,화요일,경상북도 문경시 점촌동,중상사고,0,1,0,0,차대사람 - 횡단중,보행자보호의무위반,건조,맑음,교차로 - 교차로횡단보도내,승용,여,62세,상해없음,보행자,여,36세,중상
2021031600100148,2021년 3월 16일 09시,화요일,경상북도 영주시 평은면,경상사고,0,0,1,0,차대차 - 기타,안전운전불이행,건조,맑음,단일로 - 기타,화물,남,78세,상해없음,화물,남,64세,경상
2021031600100149,2021년 3월 16일 09시,화요일,경상북도 성주군 선남면,경상사고,0,0,1,0,차대차 - 추돌,안전운전불이행,건조,맑음,단일로 - 기타,승용,남,80세,상해없음,승용,남,30세,경상
2021031600100181,2021년 3월 16일 10시,화요일,경상북도 경산시 하양읍,경상사고,0,0,1,0,차대차 - 기타,안전운전불이행,건조,맑음,단일로 - 기타,승용,여,49세,상해없음,승용,남,32세,경상
2021031600100182,2021년 3월 16일 10시,화요일,경상북도 울릉군 울릉읍,중상사고,0,1,0,0,차대사람 - 기타,안전운전불이행,건조,맑음,단일로 - 기타,승용,남,28세,상해없음,보행자,여,66세,중상
2021031600100183,2021년 3월 16일 10시,화요일,경상북도 구미시 해평면,중상사고,0,1,0,0,차대차 - 기타,안전운전불이행,건조,맑음,단일로 - 기타,승용,남,60세,상해없음,승용,남,70세,중상
2021031600100215,2021년 3월 16일 11시,화요일,경상북도 포항시 남구 오천읍,경상사고,0,0,1,0,차대차 - 측면충돌,교차로운행방법위반,건조,맑음,교차로 - 교차로안,승용,여,65세,상해없음,승용,남,29세,경상
2021031600100243,2021년 3월 16일 12시,화요일,경상북도 구미시 진평동,경상사고,0,0,1,0,차대차 - 기타,안전운전불이행,건조,맑음,단일로 - 기타,승용,여,44세,상해없음,승용,남,42세,경상
2021031600100244,2021년 3월 16일 12시,화요일,경상북도 구미시 원평동,중상사고,0,1,0,0,차대사람 - 기타,안전운전불이행,건조,맑음,주차장 - 주차장,승용,남,37세,상해없음,보행자,여,60세,중상
2021031600100277,2021년 3월 16일 13시,화요일,경상북도 포항시 북구 장성동,중상사고,0,1,0,0,차대차 - 측면충돌,신호위반,건조,맑음,교차로 - 교차로안,자전거,여,81세,중상,화물,남,61세,상해없음
2021031600100278,2021년 3월 16일 13시,화요일,경상북도 칠곡군 왜관읍,부상신고사고,0,0,0,1,차량단독 - 전도전복 - 전도,안전운전불이행,건조,맑음,단일로 - 기타,이륜,남,85세,부상신고,,,,
2021031600100279,2021년 3월 16일 13시,화요일,경상북도 구미시 공단동,경상사고,0,0,2,1,차대차 - 측면충돌,안전운전불이행,건조,맑음,교차로 - 교차로안,승용,여,63세,부상신고,승용,여,47세,경상
2021031600100304,2021년 3월 16일 14시,화요일,경상북도 경주시 천군동,경상사고,0,0,2,0,차량단독 - 공작물충돌,안전운전불이행,건조,맑음,교차로 - 교차로안,승용,여,22세,상해없음,,,,
2021031600100305,2021년 3월 16일 14시,화요일,경상북도 포항시 북구 두호동,경상사고,0,0,2,0,차대차 - 측면충돌,안전운전불이행,건조,맑음,교차로 - 교차로부근,승용,여,43세,상해없음,승용,남,31세,경상
2021031600100306,2021년 3월 16일 14시,화요일,경상북도 안동시 옥야동,경상사고,0,0,2,0,차대차 - 측면충돌,안전거리미확보,건조,맑음,단일로 - 기타,승용,남,65세,상해없음,승용,남,62세,경상
2021031600100307,2021년 3월 16일 14시,화요일,경상북도 상주시 사벌국면,중상사고,0,1,0,0,차대차 - 측면충돌,교차로운행방법위반,건조,맑음,교차로 - 교차로안,화물,남,44세,상해없음,이륜,남,63세,중상
2021031600100308,2021년 3월 16일 14시,화요일,경상북도 구미시 옥계동,경상사고,0,0,2,0,차대차 - 기타,안전운전불이행,건조,맑음,단일로 - 기타,승용,남,31세,상해없음,승용,여,40세,경상
2021031600100339,2021년 3월 16일 15시,화요일,경상북도 안동시 이천동,경상사고,0,0,1,0,차대차 - 기타,기타,건조,맑음,단일로 - 기타,화물,남,41세,상해없음,승용,여,30세,경상
2021031600100375,2021년 3월 16일 16시,화요일,경상북도 청도군 운문면,중상사고,0,1,0,0,차대차 - 측면충돌,중앙선침범,건조,맑음,교차로 - 교차로안,화물,남,62세,상해없음,승용,남,35세,중상
2021031600100404,2021년 3월 16일 17시,화요일,경상북도 상주시 외답동,중상사고,0,1,0,0,차대차 - 측면충돌,신호위반,건조,맑음,교차로 - 교차로안,승용,여,51세,상해없음,이륜,여,57세,중상
2021031600100405,2021년 3월 16일 17시,화요일,경상북도 성주군 금수면,경상사고,0,0,1,0,차대차 - 측면충돌,안전운전불이행,건조,맑음,단일로 - 기타,화물,남,52세,상해없음,승용,남,58세,경상
2021031600100406,2021년 3월 16일 17시,화요일,경상북도 구미시 산동읍,중상사고,0,1,3,0,차대차 - 측면충돌,교차로운행방법위반,건조,맑음,교차로 - 교차로안,승용,남,38세,경상,승용,남,50세,중상
2021031600100407,2021년 3월 16일 17시,화요일,경상북도 포항시 남구 송도동,중상사고,0,1,0,0,차대차 - 측면충돌,안전운전불이행,건조,맑음,교차로 - 교차로부근,승용,남,29세,중상,승용,남,32세,상해없음
2021031600100454,2021년 3월 16일 18시,화요일,경상북도 경주시 충효동,경상사고,0,0,2,0,차대차 - 측면충돌,안전운전불이행,건조,맑음,단일로 - 기타,승용,여,35세,상해없음,승용,남,53세,경상
2021031600100455,2021년 3월 16일 18시,화요일,경상북도 포항시 북구 덕산동,경상사고,0,0,1,0,차대차 - 측면충돌,신호위반,건조,맑음,교차로 - 교차로안,승용,여,23세,상해없음,승용,여,38세,경상
2021031600100456,2021년 3월 16일 18시,화요일,경상북도 경산시 압량읍,중상사고,0,1,0,0,차대차 - 측면충돌,안전운전불이행,건조,맑음,교차로 - 교차로안,승용,여,49세,상해없음,사륜오토바이(ATV),남,43세,중상
2021031600100457,2021년 3월 16일 18시,화요일,경상북도 봉화군 상운면,사망사고,1,0,1,0,차대차 - 정면충돌,안전운전불이행,건조,맑음,교차로 - 교차로안,화물,남,51세,경상,화물,남,73세,사망
2021031600100458,2021년 3월 16일 18시,화요일,경상북도 구미시 고아읍,경상사고,0,0,2,0,차대차 - 측면충돌,교차로운행방법위반,건조,맑음,교차로 - 교차로부근,승용,여,68세,상해없음,승합,남,63세,경상
2021031600100459,2021년 3월 16일 18시,화요일,경상북도 구미시 구포동,경상사고,0,0,1,0,차대차 - 기타,안전운전불이행,건조,맑음,단일로 - 기타,화물,남,31세,상해없음,승용,남,55세,경상
2021031600100521,2021년 3월 16일 20시,화요일,경상북도 경주시 안강읍,중상사고,0,1,0,0,차대차 - 기타,안전운전불이행,건조,맑음,단일로 - 기타,승용,남,48세,상해없음,자전거,남,29세,중상
2021031600100522,2021년 3월 16일 20시,화요일,경상북도 포항시 북구 환호동,경상사고,0,0,2,0,차대차 - 측면충돌,안전운전불이행,건조,맑음,단일로 - 기타,승용,남,20세,상해없음,이륜,남,25세,경상
2021031600100523,2021년 3월 16일 20시,화요일,경상북도 포항시 북구 양덕동,경상사고,0,0,3,0,차대차 - 측면충돌,차로위반,건조,맑음,교차로 - 교차로부근,승용,남,28세,상해없음,승용,남,38세,경상
2021031600100538,2021년 3월 16일 21시,화요일,경상북도 구미시 구평동,경상사고,0,0,1,0,차대차 - 기타,안전운전불이행,건조,맑음,교차로 - 교차로부근,승용,여,34세,상해없음,승용,여,26세,경상
2021031600100539,2021년 3월 16일 21시,화요일,경상북도 구미시 형곡동,중상사고,0,1,0,0,차대차 - 측면충돌,교차로운행방법위반,건조,맑음,교차로 - 교차로안,승용,남,62세,상해없음,이륜,남,48세,중상
2021031600100594,2021년 3월 16일 23시,화요일,경상북도 포항시 북구 득량동,중상사고,0,1,0,0,차대차 - 기타,신호위반,건조,맑음,단일로 - 기타,승용,남,41세,상해없음,자전거,남,43세,중상
2021031700100003,2021년 3월 17일 00시,수요일,경상북도 예천군 용궁면,경상사고,0,0,2,0,차대차 - 추돌,안전운전불이행,건조,맑음,단일로 - 기타,승용,남,19세,경상,화물,남,45세,상해없음
2021031700100020,2021년 3월 17일 04시,수요일,경상북도 군위군 효령면,경상사고,0,0,1,0,차대차 - 측면충돌,안전운전불이행,건조,맑음,단일로 - 기타,화물,남,48세,상해없음,화물,남,55세,경상
2021031700100028,2021년 3월 17일 05시,수요일,경상북도 안동시 옥동,경상사고,0,0,1,0,차대차 - 기타,안전운전불이행,건조,맑음,단일로 - 기타,승용,남,37세,상해없음,화물,남,49세,경상
2021031700100058,2021년 3월 17일 07시,수요일,경상북도 칠곡군 왜관읍,경상사고,0,0,1,0,차대차 - 측면충돌,신호위반,건조,맑음,교차로 - 교차로안,화물,남,28세,상해없음,승용,여,40세,경상
2021031700100087,2021년 3월 17일 08시,수요일,경상북도 경주시 동천동,경상사고,0,0,1,0,차대차 - 측면충돌,안전운전불이행,건조,맑음,단일로 - 기타,승용,여,38세,상해없음,승용,여,31세,경상
2021031700100088,2021년 3월 17일 08시,수요일,경상북도 구미시 지산동,경상사고,0,0,1,0,차대차 - 측면충돌,차로위반,건조,맑음,교차로 - 교차로부근,승용,여,57세,상해없음,화물,남,58세,경상
2021031700100089,2021년 3월 17일 08시,수요일,경상북도 구미시 장천면,경상사고,0,0,1,0,차대차 - 측면충돌,중앙선침범,건조,맑음,단일로 - 기타,화물,남,59세,상해없음,승용,여,50세,경상
2021031700100142,2021년 3월 17일 10시,수요일,경상북도 포항시 북구 흥해읍,경상사고,0,0,1,0,차대사람 - 기타,안전운전불이행,건조,맑음,단일로 - 기타,승용,남,64세,상해없음,보행자,여,64세,경상
2021031700100143,2021년 3월 17일 10시,수요일,경상북도 상주시 서성동,경상사고,0,0,1,0,차대차 - 측면충돌,안전운전불이행,건조,맑음,단일로 - 기타,승용,남,60세,상해없음,이륜,남,28세,경상
2021031700100144,2021년 3월 17일 10시,수요일,경상북도 예천군 예천읍,경상사고,0,0,2,0,차대차 - 측면충돌,직진우회전진행방해,건조,맑음,교차로 - 교차로안,승합,남,74세,상해없음,화물,남,32세,경상
2021031700100172,2021년 3월 17일 11시,수요일,경상북도 문경시 가은읍,경상사고,0,0,1,0,차대차 - 측면충돌,직진우회전진행방해,건조,맑음,교차로 - 교차로안,화물,남,61세,상해없음,승용,남,80세,상해없음
2021031700100173,2021년 3월 17일 11시,수요일,경상북도 포항시 남구 대도동,경상사고,0,0,1,0,차대차 - 추돌,안전운전불이행,건조,맑음,교차로 - 교차로횡단보도내,화물,남,50세,상해없음,자전거,남,71세,경상
2021031700100240,2021년 3월 17일 13시,수요일,경상북도 경산시 진량읍,중상사고,0,1,2,1,차대차 - 기타,신호위반,건조,맑음,교차로 - 교차로안,승용,남,20세,경상,화물,남,60세,상해없음
2021031700100274,2021년 3월 17일 14시,수요일,경상북도 경주시 외동읍,경상사고,0,0,2,0,차대차 - 측면충돌,신호위반,건조,맑음,교차로 - 교차로안,승용,남,74세,상해없음,승용,여,60세,경상
2021031700100275,2021년 3월 17일 14시,수요일,경상북도 포항시 북구 두호동,경상사고,0,0,2,0,차대차 - 기타,안전운전불이행,건조,맑음,교차로 - 교차로안,승용,남,70세,상해없음,승용,여,28세,경상
2021031700100276,2021년 3월 17일 14시,수요일,경상북도 영주시 영주동,중상사고,0,1,0,0,차대차 - 측면충돌,안전운전불이행,건조,맑음,단일로 - 기타,화물,남,40세,상해없음,자전거,남,78세,중상
2021031700100277,2021년 3월 17일 14시,수요일,경상북도 울진군 평해읍,경상사고,0,0,2,0,차대차 - 추돌,기타,건조,맑음,단일로 - 기타,승용,남,28세,경상,화물,남,57세,경상
2021031700100278,2021년 3월 17일 14시,수요일,경상북도 구미시 인의동,경상사고,0,0,1,0,차대사람 - 길가장자리구역통행중,안전운전불이행,건조,맑음,단일로 - 기타,승용,여,57세,상해없음,보행자,남,46세,경상
2021031700100307,2021년 3월 17일 15시,수요일,경상북도 칠곡군 왜관읍,경상사고,0,0,1,0,차대차 - 기타,안전운전불이행,건조,맑음,교차로 - 교차로안,승합,여,40세,상해없음,이륜,여,58세,경상
2021031700100308,2021년 3월 17일 15시,수요일,경상북도 영천시 망정동,경상사고,0,0,1,0,차대차 - 추돌,안전운전불이행,건조,맑음,단일로 - 기타,승용,여,24세,상해없음,승용,여,55세,경상
2021031700100309,2021년 3월 17일 15시,수요일,경상북도 청도군 화양읍,경상사고,0,0,2,0,차대차 - 측면충돌,직진우회전진행방해,건조,맑음,교차로 - 교차로안,승용,여,40세,상해없음,승용,여,71세,경상
2021031700100310,2021년 3월 17일 15시,수요일,경상북도 포항시 남구 송도동,경상사고,0,0,1,0,차대차 - 추돌,안전운전불이행,건조,맑음,교차로 - 교차로부근,승용,남,71세,상해없음,승용,남,63세,경상
2021031700100344,2021년 3월 17일 16시,수요일,경상북도 영천시 완산동,경상사고,0,0,1,0,차대사람 - 횡단중,안전운전불이행,건조,맑음,교차로 - 교차로안,승용,여,61세,상해없음,보행자,남,66세,경상
2021031700100429,2021년 3월 17일 18시,수요일,경상북도 구미시 임수동,경상사고,0,0,1,0,차대차 - 추돌,안전운전불이행,건조,맑음,교차로 - 교차로부근,승용,남,24세,상해없음,승용,남,42세,경상
2021031700100465,2021년 3월 17일 19시,수요일,경상북도 의성군 의성읍,사망사고,1,0,0,0,차대사람 - 기타,기타,건조,맑음,기타 - 기타,승용,남,31세,상해없음,보행자,여,70세,사망
2021031700100506,2021년 3월 17일 20시,수요일,경상북도 청도군 이서면,중상사고,0,1,0,0,차대차 - 추돌,안전운전불이행,건조,맑음,교차로 - 교차로부근,승용,여,54세,상해없음,승용,남,67세,중상
2021031700100507,2021년 3월 17일 20시,수요일,경상북도 포항시 남구 상도동,경상사고,0,0,2,0,차대차 - 측면충돌,신호위반,건조,맑음,교차로 - 교차로안,이륜,남,28세,경상,승용,남,79세,경상
2021031700100533,2021년 3월 17일 21시,수요일,경상북도 의성군 의성읍,경상사고,0,0,1,0,차대차 - 기타,안전운전불이행,건조,맑음,단일로 - 기타,승용,남,49세,경상,승용,남,37세,상해없음
2021031700100534,2021년 3월 17일 21시,수요일,경상북도 고령군 성산면,중상사고,0,1,0,0,차대차 - 기타,안전운전불이행,건조,맑음,단일로 - 기타,특수,남,52세,상해없음,승용,남,32세,중상
2021031800100018,2021년 3월 18일 02시,목요일,경상북도 포항시 남구 호동,중상사고,0,1,1,0,차대차 - 측면충돌,안전운전불이행,건조,맑음,기타 - 기타,이륜,남,17세,경상,특수,남,37세,상해없음
2021031800100100,2021년 3월 18일 08시,목요일,경상북도 포항시 북구 흥해읍,중상사고,0,1,1,0,차대차 - 측면충돌,중앙선침범,건조,맑음,단일로 - 기타,승용,남,49세,상해없음,승용,남,77세,경상
2021031800100101,2021년 3월 18일 08시,목요일,경상북도 영천시 오미동,중상사고,0,1,1,0,차대차 - 측면충돌,안전운전불이행,건조,맑음,단일로 - 기타,승용,여,56세,경상,승용,여,37세,중상
2021031800100123,2021년 3월 18일 09시,목요일,경상북도 안동시 금곡동,중상사고,0,1,0,0,차대사람 - 기타,기타,건조,맑음,단일로 - 기타,기타불명,기타불명,미분류,기타불명,보행자,여,77세,중상
2021031800100124,2021년 3월 18일 09시,목요일,경상북도 구미시 해평면,사망사고,1,0,0,0,차대차 - 추돌,안전운전불이행,건조,맑음,단일로 - 기타,승용,남,72세,상해없음,자전거,남,78세,사망
2021031800100145,2021년 3월 18일 10시,목요일,경상북도 포항시 남구 오천읍,경상사고,0,0,1,0,차대차 - 기타,안전운전불이행,건조,맑음,교차로 - 교차로부근,승용,여,67세,상해없음,이륜,여,19세,경상
2021031800100172,2021년 3월 18일 11시,목요일,경상북도 김천시 감문면,중상사고,0,1,0,0,차대차 - 측면충돌,안전운전불이행,건조,맑음,교차로 - 교차로부근,화물,남,52세,상해없음,이륜,남,77세,중상
2021031800100173,2021년 3월 18일 11시,목요일,경상북도 문경시 흥덕동,중상사고,0,1,0,0,차대사람 - 횡단중,보행자보호의무위반,건조,맑음,교차로 - 교차로횡단보도내,이륜,남,76세,상해없음,보행자,여,74세,중상
2021031800100174,2021년 3월 18일 11시,목요일,경상북도 구미시 옥계동,경상사고,0,0,2,0,차대차 - 기타,안전운전불이행,건조,맑음,단일로 - 기타,화물,남,43세,상해없음,승용,남,44세,경상
2021031800100175,2021년 3월 18일 11시,목요일,경상북도 영덕군 지품면,중상사고,0,1,0,0,차대차 - 추돌,안전거리미확보,건조,맑음,단일로 - 터널,화물,남,36세,중상,화물,남,53세,상해없음
2021031800100203,2021년 3월 18일 12시,목요일,경상북도 경주시 외동읍,경상사고,0,0,1,0,차대차 - 측면충돌,안전운전불이행,건조,맑음,교차로 - 교차로부근,승용,여,45세,상해없음,승용,남,34세,상해없음
2021031800100204,2021년 3월 18일 12시,목요일,경상북도 상주시 남성동,경상사고,0,0,1,0,차대사람 - 차도통행중,안전운전불이행,건조,맑음,단일로 - 기타,승용,남,71세,상해없음,보행자,남,88세,경상
2021031800100205,2021년 3월 18일 12시,목요일,경상북도 영천시 망정동,경상사고,0,0,1,0,차대차 - 측면충돌,안전운전불이행,건조,맑음,단일로 - 기타,이륜,남,20세,상해없음,승용,여,33세,경상
2021031800100206,2021년 3월 18일 12시,목요일,경상북도 울진군 평해읍,경상사고,0,0,1,0,차량단독 - 도로외이탈 - 추락,안전운전불이행,건조,맑음,단일로 - 기타,화물,남,74세,경상,,,,
2021031800100232,2021년 3월 18일 13시,목요일,경상북도 칠곡군 석적읍,경상사고,0,0,1,1,차대차 - 추돌,안전운전불이행,건조,맑음,단일로 - 기타,승용,남,39세,부상신고,화물,남,44세,경상
2021031800100233,2021년 3월 18일 13시,목요일,경상북도 경산시 진량읍,경상사고,0,0,3,0,차대차 - 측면충돌,안전거리미확보,건조,맑음,단일로 - 기타,건설기계,남,66세,상해없음,승용,남,51세,경상