사고번호,사고일시,요일,시군구,사고내용,사망자수,중상자수,경상자수,부상신고자수,사고유형,법규위반,노면상태,기상상태,도로형태,가해운전자 차종,가해운전자 성별,가해운전자 연령,가해운전자 상해정도,피해운전자 차종,피해운전자 성별,피해운전자 연령,피해운전자 상해정도
2021031800100301,2021년 3월 18일 15시,목요일,경상북도 영주시 휴천동,중상사고,0,1,0,0,차대차 - 측면충돌,안전운전불이행,건조,맑음,교차로 - 교차로부근,승합,여,42세,상해없음,자전거,남,13세,중상
2021031800100333,2021년 3월 18일 16시,목요일,경상북도 경주시 동방동,경상사고,0,0,1,0,차량단독 - 기타,안전운전불이행,건조,맑음,교차로 - 교차로부근,승합,남,62세,상해없음,,,,
2021031800100334,2021년 3월 18일 16시,목요일,경상북도 포항시 북구 죽도동,경상사고,0,0,1,0,차대차 - 측면충돌,안전운전불이행,건조,맑음,단일로 - 기타,승용,여,51세,기타불명,자전거,여,41세,경상
2021031800100335,2021년 3월 18일 16시,목요일,경상북도 군위군 군위읍,경상사고,0,0,1,0,차대차 - 측면충돌,안전운전불이행,건조,맑음,교차로 - 교차로부근,화물,남,71세,상해없음,이륜,남,69세,경상
2021031800100370,2021년 3월 18일 17시,목요일,경상북도 경주시 황성동,경상사고,0,0,1,0,차대차 - 측면충돌,안전운전불이행,건조,맑음,단일로 - 교량,화물,남,56세,상해없음,승용,남,47세,경상
2021031800100371,2021년 3월 18일 17시,목요일,경상북도 경주시 황성동,경상사고,0,0,1,0,차대차 - 측면충돌,안전운전불이행,건조,맑음,교차로 - 교차로안,승용,여,54세,상해없음,승용,여,63세,경상
2021031800100372,2021년 3월 18일 17시,목요일,경상북도 안동시 송현동,중상사고,0,1,1,0,차대차 - 측면충돌,안전운전불이행,건조,맑음,교차로 - 교차로안,승용,여,47세,상해없음,승용,여,62세,경상
2021031800100373,2021년 3월 18일 17시,목요일,경상북도 안동시 옥동,경상사고,0,0,1,0,차대차 - 측면충돌,교차로운행방법위반,건조,맑음,교차로 - 교차로안,승용,여,31세,상해없음,승용,남,48세,경상
2021031800100374,2021년 3월 18일 17시,목요일,경상북도 경산시 하양읍,경상사고,0,0,1,0,차대차 - 기타,안전운전불이행,건조,맑음,교차로 - 교차로안,이륜,남,20세,경상,승용,남,45세,상해없음
2021031800100401,2021년 3월 18일 18시,목요일,경상북도 경주시 동천동,중상사고,0,2,0,0,차대사람 - 횡단중,안전운전불이행,건조,맑음,교차로 - 교차로안,승용,여,30세,상해없음,보행자,남,30세,중상
2021031800100402,2021년 3월 18일 18시,목요일,경상북도 안동시 송현동,경상사고,0,0,5,0,차대차 - 측면충돌,안전운전불이행,건조,맑음,교차로 - 교차로부근,승용,여,40세,경상,승용,여,42세,경상
2021031800100458,2021년 3월 18일 20시,목요일,경상북도 포항시 북구 장성동,경상사고,0,0,1,0,차대차 - 기타,안전운전불이행,건조,맑음,교차로 - 교차로안,승용,여,56세,상해없음,승용,남,46세,경상
2021031800100459,2021년 3월 18일 20시,목요일,경상북도 영덕군 병곡면,중상사고,0,1,0,0,차량단독 - 공작물충돌,안전운전불이행,건조,맑음,단일로 - 기타,이륜,남,71세,중상,,,,
2021031800100479,2021년 3월 18일 21시,목요일,경상북도 김천시 부곡동,중상사고,0,1,0,0,차대사람 - 횡단중,보행자보호의무위반,건조,맑음,교차로 - 교차로횡단보도내,승용,남,45세,상해없음,보행자,남,49세,중상
2021031800100480,2021년 3월 18일 21시,목요일,경상북도 포항시 남구 해도동,중상사고,0,1,0,0,차대차 - 측면충돌,안전운전불이행,건조,맑음,교차로 - 교차로부근,승용,남,55세,상해없음,이륜,남,47세,중상
2021031900100042,2021년 3월 19일 06시,금요일,경상북도 영천시 완산동,중상사고,0,2,0,0,차대차 - 측면충돌,신호위반,건조,맑음,교차로 - 교차로안,승용,남,32세,중상,승용,여,58세,중상
2021031900100054,2021년 3월 19일 07시,금요일,경상북도 경주시 강동면,경상사고,0,0,2,0,차대차 - 측면충돌,중앙선침범,건조,맑음,단일로 - 기타,승용,여,28세,상해없음,승용,남,46세,경상
2021031900100088,2021년 3월 19일 08시,금요일,경상북도 경주시 현곡면,중상사고,0,1,0,0,차대차 - 측면충돌,안전운전불이행,건조,맑음,교차로 - 교차로부근,승합,남,57세,상해없음,자전거,남,73세,중상
2021031900100089,2021년 3월 19일 08시,금요일,경상북도 안동시 북후면,경상사고,0,0,1,0,차대차 - 기타,안전운전불이행,건조,맑음,단일로 - 기타,건설기계,남,52세,상해없음,화물,남,65세,경상
2021031900100090,2021년 3월 19일 08시,금요일,경상북도 영천시 완산동,경상사고,0,0,1,0,차대차 - 추돌,안전운전불이행,건조,맑음,단일로 - 기타,승용,남,39세,상해없음,승용,여,35세,경상
2021031900100091,2021년 3월 19일 08시,금요일,경상북도 포항시 남구 상도동,경상사고,0,0,1,0,차대사람 - 기타,안전거리미확보,건조,맑음,교차로 - 교차로안,승합,남,52세,상해없음,보행자,여,39세,경상
2021031900100121,2021년 3월 19일 09시,금요일,경상북도 김천시 용두동,중상사고,0,1,0,0,차대차 - 측면충돌,교차로운행방법위반,건조,맑음,교차로 - 교차로안,승용,남,67세,상해없음,이륜,남,74세,중상
2021031900100149,2021년 3월 19일 10시,금요일,경상북도 경주시 인왕동,중상사고,0,1,0,0,차대차 - 기타,신호위반,건조,맑음,교차로 - 교차로안,승용,여,26세,상해없음,이륜,남,42세,중상
2021031900100150,2021년 3월 19일 10시,금요일,경상북도 안동시 서부동,중상사고,0,1,0,0,차대사람 - 횡단중,보행자보호의무위반,건조,맑음,교차로 - 교차로부근,승용,여,57세,상해없음,보행자,여,70세,중상
2021031900100183,2021년 3월 19일 11시,금요일,경상북도 포항시 남구 대잠동,경상사고,0,0,2,0,차대차 - 측면충돌,직진우회전진행방해,건조,맑음,교차로 - 교차로안,승용,남,40세,경상,승용,여,58세,경상
2021031900100215,2021년 3월 19일 12시,금요일,경상북도 봉화군 소천면,사망사고,1,0,0,0,차대사람 - 기타,안전운전불이행,건조,맑음,기타 - 기타,화물,남,58세,상해없음,보행자,남,98세 이상,사망
2021031900100282,2021년 3월 19일 14시,금요일,경상북도 포항시 북구 덕산동,경상사고,0,0,2,0,차대차 - 추돌,안전거리미확보,건조,맑음,단일로 - 기타,승용,남,50세,기타불명,승용,남,43세,경상
2021031900100283,2021년 3월 19일 14시,금요일,경상북도 군위군 부계면,경상사고,0,0,2,0,차대차 - 측면충돌,안전운전불이행,건조,맑음,단일로 - 기타,화물,남,64세,상해없음,승용,남,85세,경상
2021031900100284,2021년 3월 19일 14시,금요일,경상북도 구미시 지산동,경상사고,0,0,2,0,차대차 - 기타,안전운전불이행,건조,맑음,교차로 - 교차로안,승용,남,40세,상해없음,승용,여,27세,경상
2021031900100285,2021년 3월 19일 14시,금요일,경상북도 구미시 산동읍,경상사고,0,0,1,0,차대차 - 측면충돌,안전거리미확보,건조,맑음,교차로 - 교차로부근,승용,남,59세,상해없음,승용,남,44세,경상
2021031900100328,2021년 3월 19일 15시,금요일,경상북도 구미시 원평동,경상사고,0,0,1,1,차대차 - 기타,안전운전불이행,건조,맑음,단일로 - 기타,승용,남,49세,부상신고,승용,남,60세,경상
2021031900100374,2021년 3월 19일 16시,금요일,경상북도 안동시 옥야동,경상사고,0,0,1,0,차대차 - 후진중충돌,안전운전불이행,건조,맑음,주차장 - 주차장,화물,여,62세,상해없음,승용,남,35세,경상
2021031900100375,2021년 3월 19일 16시,금요일,경상북도 성주군 대가면,중상사고,0,1,0,0,차대사람 - 길가장자리구역통행중,안전운전불이행,건조,맑음,주차장 - 주차장,화물,남,65세,상해없음,보행자,여,52세,중상
2021031900100423,2021년 3월 19일 17시,금요일,경상북도 김천시 율곡동,경상사고,0,0,1,0,차대차 - 후진중충돌,안전운전불이행,건조,맑음,기타 - 기타,승용,남,25세,상해없음,이륜,남,22세,경상
2021031900100459,2021년 3월 19일 18시,금요일,경상북도 경산시 진량읍,경상사고,0,0,1,0,차대차 - 측면충돌,안전거리미확보,건조,맑음,단일로 - 기타,승용,여,28세,상해없음,승용,여,57세,경상
2021031900100460,2021년 3월 19일 18시,금요일,경상북도 구미시 봉곡동,중상사고,0,1,0,0,차대차 - 측면충돌,교차로운행방법위반,건조,맑음,교차로 - 교차로안,화물,남,67세,상해없음,이륜,남,37세,중상
2021031900100461,2021년 3월 19일 18시,금요일,경상북도 구미시 송정동,경상사고,0,0,1,0,차대차 - 측면충돌,안전운전불이행,건조,맑음,단일로 - 기타,승용,남,45세,상해없음,이륜,남,48세,경상
2021031900100506,2021년 3월 19일 19시,금요일,경상북도 안동시 용상동,경상사고,0,0,2,0,차대차 - 측면충돌,안전운전불이행,건조,맑음,교차로 - 교차로안,승용,남,46세,경상,화물,남,43세,경상
2021031900100507,2021년 3월 19일 19시,금요일,경상북도 문경시 점촌동,중상사고,0,1,0,0,차대사람 - 횡단중,안전운전불이행,건조,맑음,교차로 - 교차로안,승용,여,46세,상해없음,보행자,남,54세,중상
2021031900100508,2021년 3월 19일 19시,금요일,경상북도 구미시 원평동,중상사고,0,1,0,0,차대차 - 측면충돌,교차로운행방법위반,건조,맑음,교차로 - 교차로안,승용,남,22세,상해없음,이륜,남,17세,중상
2021031900100556,2021년 3월 19일 20시,금요일,경상북도 경주시 성건동,경상사고,0,0,2,0,차대차 - 추돌,안전운전불이행,건조,맑음,단일로 - 기타,승용,남,25세,상해없음,승용,남,72세,경상
2021031900100557,2021년 3월 19일 20시,금요일,경상북도 경산시 옥산동,경상사고,0,0,1,0,차대차 - 정면충돌,안전운전불이행,건조,맑음,교차로 - 교차로안,승용,남,29세,상해없음,이륜,남,43세,경상
2021031900100558,2021년 3월 19일 20시,금요일,경상북도 구미시 봉곡동,경상사고,0,0,1,0,차대차 - 추돌,교차로운행방법위반,건조,맑음,교차로 - 교차로안,화물,여,67세,상해없음,승용,여,24세,경상
2021031900100559,2021년 3월 19일 20시,금요일,경상북도 포항시 남구 오천읍,경상사고,0,0,1,4,차대차 - 추돌,안전운전불이행,건조,맑음,단일로 - 기타,승용,여,35세,상해없음,승용,여,62세,부상신고
2021031900100587,2021년 3월 19일 21시,금요일,경상북도 포항시 남구 대잠동,중상사고,0,1,0,0,차대차 - 기타,직진우회전진행방해,건조,맑음,교차로 - 교차로안,승용,여,54세,상해없음,이륜,남,28세,중상
2021031900100628,2021년 3월 19일 22시,금요일,경상북도 상주시 무양동,경상사고,0,0,1,0,차대사람 - 횡단중,안전운전불이행,건조,맑음,교차로 - 교차로횡단보도내,승용,남,46세,상해없음,보행자,남,27세,경상
2021031900100629,2021년 3월 19일 22시,금요일,경상북도 구미시 시미동,경상사고,0,0,1,0,차대차 - 추돌,안전거리미확보,건조,맑음,단일로 - 기타,승용,여,37세,상해없음,승용,남,48세,경상
2021032000100029,2021년 3월 20일 04시,토요일,경상북도 칠곡군 석적읍,부상신고사고,0,0,0,1,차량단독 - 공작물충돌,안전운전불이행,건조,맑음,단일로 - 기타,승용,여,20세,부상신고,,,,
2021032000100066,2021년 3월 20일 08시,토요일,경상북도 경주시 강동면,경상사고,0,0,1,0,차량단독 - 도로외이탈 - 기타,안전운전불이행,젖음/습기,비,기타 - 기타,승용,남,53세,경상,,,,
2021032000100082,2021년 3월 20일 09시,토요일,경상북도 김천시 모암동,경상사고,0,0,3,0,차대차 - 측면충돌,교차로운행방법위반,건조,맑음,교차로 - 교차로부근,화물,남,71세,상해없음,승용,남,64세,경상
2021032000100102,2021년 3월 20일 10시,토요일,경상북도 포항시 북구 학산동,경상사고,0,0,1,0,차대차 - 측면충돌,안전운전불이행,젖음/습기,비,단일로 - 기타,승용,남,76세,상해없음,승용,남,31세,경상
2021032000100103,2021년 3월 20일 10시,토요일,경상북도 김천시 신음동,중상사고,0,1,0,0,차대사람 - 기타,안전운전불이행,젖음/습기,맑음,주차장 - 주차장,승용,여,55세,상해없음,보행자,여,79세,중상
2021032000100130,2021년 3월 20일 11시,토요일,경상북도 구미시 옥계동,부상신고사고,0,0,0,1,차대차 - 정면충돌,안전운전불이행,젖음/습기,비,단일로 - 기타,이륜,남,53세,부상신고,승합,여,51세,상해없음
2021032000100167,2021년 3월 20일 12시,토요일,경상북도 의성군 안계면,사망사고,1,0,0,0,차량단독 - 공작물충돌,안전운전불이행,젖음/습기,비,단일로 - 기타,승용,남,58세,사망,,,,
2021032000100168,2021년 3월 20일 12시,토요일,경상북도 영천시 망정동,경상사고,0,0,2,0,차대차 - 기타,안전운전불이행,젖음/습기,비,단일로 - 기타,화물,남,68세,상해없음,승용,남,50세,경상
2021032000100207,2021년 3월 20일 13시,토요일,경상북도 구미시 공단동,경상사고,0,0,2,0,차대차 - 기타,안전운전불이행,건조,맑음,교차로 - 교차로안,승용,여,47세,상해없음,승용,남,48세,경상
2021032000100242,2021년 3월 20일 14시,토요일,경상북도 경주시 효현동,사망사고,1,0,0,0,차대차 - 정면충돌,안전운전불이행,젖음/습기,비,단일로 - 기타,이륜,남,85세,사망,승합,남,55세,상해없음
2021032000100243,2021년 3월 20일 14시,토요일,경상북도 안동시 용상동,경상사고,0,0,1,0,차대차 - 기타,안전운전불이행,건조,맑음,교차로 - 교차로부근,승용,여,29세,상해없음,승용,여,48세,경상
2021032000100244,2021년 3월 20일 14시,토요일,경상북도 의성군 금성면,경상사고,0,0,4,0,차대차 - 측면충돌,안전운전불이행,젖음/습기,비,교차로 - 교차로안,승용,여,52세,경상,승용,여,39세,경상
2021032000100245,2021년 3월 20일 14시,토요일,경상북도 칠곡군 석적읍,중상사고,0,1,0,0,차대차 - 추돌,안전운전불이행,젖음/습기,흐림,교차로 - 교차로안,화물,남,61세,상해없음,이륜,남,30세,중상
2021032000100246,2021년 3월 20일 14시,토요일,경상북도 성주군 대가면,경상사고,0,0,4,0,차대차 - 추돌,안전운전불이행,젖음/습기,기타,교차로 - 교차로부근,승용,남,55세,기타불명,승용,남,68세,경상
2021032000100270,2021년 3월 20일 15시,토요일,경상북도 김천시 교동,경상사고,0,0,1,0,차대차 - 측면충돌,안전운전불이행,건조,맑음,단일로 - 기타,승용,여,63세,상해없음,이륜,여,20세,경상
2021032000100296,2021년 3월 20일 16시,토요일,경상북도 포항시 북구 용흥동,중상사고,0,1,0,0,차대차 - 정면충돌,중앙선침범,건조,흐림,단일로 - 기타,승용,남,25세,상해없음,이륜,남,58세,중상
2021032000100297,2021년 3월 20일 16시,토요일,경상북도 포항시 남구 해도동,중상사고,0,1,0,0,차대차 - 측면충돌,신호위반,건조,흐림,교차로 - 교차로안,이륜,남,36세,중상,승용,여,69세,상해없음
2021032000100331,2021년 3월 20일 17시,토요일,경상북도 영주시 영주동,경상사고,0,0,3,0,차대차 - 후진중충돌,안전운전불이행,건조,맑음,단일로 - 기타,승용,여,60세,상해없음,승용,남,72세,경상
2021032000100332,2021년 3월 20일 17시,토요일,경상북도 청도군 각남면,경상사고,0,0,1,0,차대차 - 측면충돌,안전운전불이행,건조,맑음,단일로 - 기타,승용,남,50세,상해없음,승용,남,48세,상해없음
2021032000100401,2021년 3월 20일 19시,토요일,경상북도 경산시 진량읍,경상사고,0,0,1,0,차대차 - 측면충돌,안전운전불이행,건조,맑음,교차로 - 교차로안,승용,남,47세,상해없음,승용,남,37세,경상
2021032000100439,2021년 3월 20일 20시,토요일,경상북도 포항시 북구 항구동,경상사고,0,0,1,0,차대차 - 측면충돌,안전운전불이행,건조,맑음,교차로 - 교차로부근,승용,남,36세,상해없음,승용,남,27세,경상
2021032000100440,2021년 3월 20일 20시,토요일,경상북도 경산시 정평동,경상사고,0,0,2,0,차대차 - 측면충돌,안전운전불이행,건조,맑음,교차로 - 교차로횡단보도내,승용,남,33세,경상,승용,남,42세,경상
2021032000100462,2021년 3월 20일 21시,토요일,경상북도 경주시 시래동,경상사고,0,0,1,0,차대사람 - 기타,안전운전불이행,건조,맑음,단일로 - 기타,승용,남,62세,상해없음,보행자,여,42세,경상
2021032000100463,2021년 3월 20일 21시,토요일,경상북도 영주시 휴천동,경상사고,0,0,2,0,차대차 - 추돌,안전운전불이행,건조,맑음,교차로 - 교차로횡단보도내,승용,남,53세,상해없음,승용,여,61세,경상
2021032000100521,2021년 3월 20일 23시,토요일,경상북도 안동시 평화동,경상사고,0,0,2,0,차대차 - 기타,안전운전불이행,건조,맑음,단일로 - 기타,승용,남,58세,상해없음,승용,남,44세,경상
2021032100100015,2021년 3월 21일 01시,일요일,경상북도 영주시 가흥동,경상사고,0,0,1,0,차대차 - 기타,안전운전불이행,건조,맑음,교차로 - 교차로안,승용,남,18세,상해없음,승용,남,46세,경상
2021032100100016,2021년 3월 21일 01시,일요일,경상북도 경산시 계양동,경상사고,0,0,2,0,차대차 - 추돌,안전운전불이행,건조,맑음,단일로 - 기타,승용,남,33세,상해없음,승용,남,46세,경상
2021032100100025,2021년 3월 21일 02시,일요일,경상북도 경산시 하양읍,부상신고사고,0,0,0,1,차량단독 - 공작물충돌,안전운전불이행,젖음/습기,흐림,교차로 - 교차로부근,승용,남,60세,부상신고,,,,
2021032100100042,2021년 3월 21일 05시,일요일,경상북도 안동시 법흥동,경상사고,0,0,2,0,차대차 - 기타,신호위반,건조,맑음,교차로 - 교차로안,승용,여,56세,경상,승용,남,42세,경상
2021032100100043,2021년 3월 21일 05시,일요일,경상북도 구미시 인의동,경상사고,0,0,1,0,차대차 - 기타,교차로운행방법위반,건조,맑음,교차로 - 교차로안,승용,남,72세,상해없음,개인형이동수단(PM),남,19세,경상
2021032100100114,2021년 3월 21일 12시,일요일,경상북도 경주시 손곡동,경상사고,0,0,3,0,차대차 - 추돌,중앙선침범,건조,맑음,단일로 - 기타,승용,남,75세,상해없음,승용,남,47세,경상
2021032100100115,2021년 3월 21일 12시,일요일,경상북도 경주시 신평동,중상사고,0,2,0,0,차대차 - 추돌,안전운전불이행,건조,맑음,기타 - 기타,승용,남,65세,상해없음,승용,남,42세,중상
2021032100100116,2021년 3월 21일 12시,일요일,경상북도 영덕군 영해면,경상사고,0,0,2,0,차대차 - 측면충돌,직진우회전진행방해,건조,맑음,교차로 - 교차로안,승용,남,58세,경상,승용,여,36세,경상
2021032100100117,2021년 3월 21일 12시,일요일,경상북도 구미시 도량동,중상사고,0,2,2,0,차대차 - 추돌,안전운전불이행,건조,맑음,단일로 - 기타,원동기,남,81세,상해없음,승용,남,19세,경상
2021032100100143,2021년 3월 21일 13시,일요일,경상북도 김천시 어모면,경상사고,0,0,1,0,차량단독 - 공작물충돌,안전운전불이행,건조,맑음,단일로 - 기타,승용,여,41세,경상,,,,
2021032100100173,2021년 3월 21일 14시,일요일,경상북도 포항시 북구 학산동,중상사고,0,1,0,0,차대차 - 기타,안전운전불이행,건조,맑음,교차로 - 교차로부근,승용,여,35세,상해없음,자전거,남,74세,중상
2021032100100174,2021년 3월 21일 14시,일요일,경상북도 포항시 북구 대신동,경상사고,0,0,4,0,차대차 - 측면충돌,교차로운행방법위반,건조,맑음,교차로 - 교차로안,승용,여,23세,경상,화물,여,30세,경상
2021032100100175,2021년 3월 21일 14시,일요일,경상북도 영덕군 축산면,경상사고,0,0,1,0,차량단독 - 도로외이탈 - 추락,안전운전불이행,건조,맑음,단일로 - 기타,승합,남,63세,경상,,,,
2021032100100217,2021년 3월 21일 15시,일요일,경상북도 영천시 고경면,경상사고,0,0,1,0,차대차 - 측면충돌,안전운전불이행,건조,맑음,교차로 - 교차로부근,이륜,남,59세,경상,승용,여,55세,상해없음
2021032100100251,2021년 3월 21일 16시,일요일,경상북도 안동시 풍산읍,경상사고,0,0,4,0,차대차 - 측면충돌,직진우회전진행방해,건조,맑음,교차로 - 교차로안,승용,남,55세,상해없음,승용,여,32세,경상
2021032100100252,2021년 3월 21일 16시,일요일,경상북도 경산시 사동,중상사고,0,1,0,0,차대사람 - 차도통행중,안전운전불이행,건조,맑음,단일로 - 기타,승합,남,48세,상해없음,보행자,여,88세,중상
2021032100100253,2021년 3월 21일 16시,일요일,경상북도 안동시 일직면,중상사고,0,1,0,0,차대사람 - 기타,안전운전불이행,건조,맑음,주차장 - 주차장,승용,남,37세,상해없음,보행자,여,51세,중상
2021032100100281,2021년 3월 21일 17시,일요일,경상북도 구미시 신평동,경상사고,0,0,1,0,차대차 - 정면충돌,안전운전불이행,건조,맑음,교차로 - 교차로안,이륜,남,51세,경상,승용,남,59세,상해없음
2021032100100345,2021년 3월 21일 19시,일요일,경상북도 경산시 압량읍,경상사고,0,0,4,0,차량단독 - 기타,안전운전불이행,건조,맑음,단일로 - 기타,승용,남,47세,기타불명,,,,
2021032100100346,2021년 3월 21일 19시,일요일,경상북도 구미시 오태동,중상사고,0,1,0,0,차대차 - 정면충돌,안전운전불이행,건조,맑음,교차로 - 교차로안,승용,여,65세,상해없음,이륜,남,27세,중상
2021032100100416,2021년 3월 21일 22시,일요일,경상북도 문경시 산양면,사망사고,1,0,0,0,차대사람 - 차도통행중,안전운전불이행,건조,맑음,단일로 - 기타,승용,여,34세,상해없음,보행자,남,54세,사망
2021032200100022,2021년 3월 22일 06시,월요일,경상북도 안동시 서후면,경상사고,0,0,1,0,차대차 - 기타,안전운전불이행,건조,맑음,단일로 - 기타,화물,남,46세,상해없음,화물,남,57세,경상
2021032200100023,2021년 3월 22일 06시,월요일,경상북도 영천시 고경면,경상사고,0,0,1,0,차대차 - 기타,안전운전불이행,건조,맑음,단일로 - 기타,자전거,남,44세,경상,승용,남,72세,상해없음
2021032200100053,2021년 3월 22일 07시,월요일,경상북도 경주시 동천동,경상사고,0,0,2,0,차대사람 - 보도통행중,안전운전불이행,건조,맑음,주차장 - 주차장,승용,여,27세,기타불명,보행자,남,44세,경상
2021032200100054,2021년 3월 22일 07시,월요일,경상북도 포항시 북구 우현동,경상사고,0,0,1,0,차대차 - 측면충돌,안전운전불이행,건조,맑음,단일로 - 기타,승용,남,68세,상해없음,승용,남,26세,경상
2021032200100099,2021년 3월 22일 08시,월요일,경상북도 칠곡군 동명면,중상사고,0,1,0,1,차대차 - 측면충돌,안전거리미확보,건조,맑음,단일로 - 기타,화물,남,68세,부상신고,승용,남,63세,중상
2021032200100130,2021년 3월 22일 09시,월요일,경상북도 상주시 청리면,경상사고,0,0,1,0,차량단독 - 공작물충돌,안전운전불이행,건조,맑음,단일로 - 기타,승용,여,59세,경상,,,,
2021032200100131,2021년 3월 22일 09시,월요일,경상북도 칠곡군 가산면,중상사고,0,1,0,0,차대사람 - 길가장자리구역통행중,안전운전불이행,건조,맑음,단일로 - 기타,승용,여,57세,상해없음,보행자,남,75세,중상
2021032200100132,2021년 3월 22일 09시,월요일,경상북도 포항시 남구 대도동,경상사고,0,0,1,0,차대차 - 측면충돌,안전운전불이행,건조,맑음,단일로 - 기타,화물,남,71세,상해없음,승용,남,61세,경상
2021032200100165,2021년 3월 22일 10시,월요일,경상북도 경산시 하양읍,중상사고,0,1,1,0,차대차 - 측면충돌,교차로운행방법위반,건조,맑음,교차로 - 교차로안,승용,남,52세,상해없음,승용,남,63세,경상
2021032200100193,2021년 3월 22일 11시,월요일,경상북도 영천시 오수동,중상사고,0,1,2,0,차대차 - 측면충돌,신호위반,건조,맑음,교차로 - 교차로안,승용,남,58세,상해없음,승용,여,68세,경상
2021032200100194,2021년 3월 22일 11시,월요일,경상북도 문경시 문경읍,경상사고,0,0,3,0,차대차 - 측면충돌,안전운전불이행,건조,맑음,단일로 - 기타,승용,남,78세,경상,승용,여,51세,경상
2021032200100195,2021년 3월 22일 11시,월요일,경상북도 포항시 남구 대잠동,경상사고,0,0,2,0,차대차 - 측면충돌,차로위반,건조,맑음,단일로 - 지하차도(도로)내,화물,남,58세,상해없음,승용,남,51세,경상
2021032200100219,2021년 3월 22일 12시,월요일,경상북도 안동시 송천동,경상사고,0,0,1,0,차대차 - 측면충돌,안전운전불이행,건조,맑음,단일로 - 기타,화물,남,75세,상해없음,개인형이동수단(PM),남,22세,경상
2021032200100220,2021년 3월 22일 12시,월요일,경상북도 상주시 공성면,경상사고,0,0,1,0,차대차 - 기타,신호위반,건조,맑음,교차로 - 교차로안,농기계,남,61세,경상,화물,남,53세,상해없음
2021032200100221,2021년 3월 22일 12시,월요일,경상북도 문경시 모전동,경상사고,0,0,1,0,차대차 - 측면충돌,안전운전불이행,건조,맑음,교차로 - 교차로안,승용,남,65세,상해없음,승용,남,61세,경상
2021032200100254,2021년 3월 22일 13시,월요일,경상북도 상주시 만산동,경상사고,0,0,1,0,차대차 - 측면충돌,안전운전불이행,건조,맑음,교차로 - 교차로부근,승용,여,61세,상해없음,이륜,남,44세,경상
2021032200100255,2021년 3월 22일 13시,월요일,경상북도 영주시 가흥동,경상사고,0,0,1,0,차대차 - 측면충돌,안전운전불이행,건조,맑음,단일로 - 기타,승용,남,49세,기타불명,승용,여,48세,경상
2021032200100256,2021년 3월 22일 13시,월요일,경상북도 구미시 옥계동,경상사고,0,0,2,0,차대차 - 측면충돌,신호위반,건조,맑음,교차로 - 교차로부근,이륜,남,57세,경상,승용,남,51세,경상
2021032200100257,2021년 3월 22일 13시,월요일,경상북도 영천시 임고면,경상사고,0,0,1,0,차대차 - 측면충돌,기타,건조,맑음,단일로 - 기타,승용,남,43세,상해없음,승용,여,37세,경상
2021032200100289,2021년 3월 22일 14시,월요일,경상북도 경주시 동부동,경상사고,0,0,1,0,차대차 - 기타,안전운전불이행,건조,맑음,기타 - 기타,승용,남,78세,상해없음,승합,남,52세,상해없음
2021032200100290,2021년 3월 22일 14시,월요일,경상북도 포항시 북구 항구동,경상사고,0,0,1,0,차대차 - 측면충돌,안전운전불이행,건조,맑음,교차로 - 교차로부근,승용,여,30세,상해없음,이륜,남,31세,경상
2021032200100291,2021년 3월 22일 14시,월요일,경상북도 김천시 부곡동,중상사고,0,1,0,0,차대사람 - 횡단중,보행자보호의무위반,건조,맑음,교차로 - 교차로횡단보도내,승용,여,44세,상해없음,보행자,남,8세,중상
2021032200100327,2021년 3월 22일 15시,월요일,경상북도 안동시 법흥동,경상사고,0,0,5,0,차대차 - 측면충돌,안전운전불이행,건조,맑음,교차로 - 교차로부근,승용,여,62세,상해없음,승합,여,62세,경상
2021032200100362,2021년 3월 22일 16시,월요일,경상북도 안동시 화성동,중상사고,0,1,0,0,차대사람 - 횡단중,보행자보호의무위반,건조,맑음,단일로 - 기타,승용,여,63세,상해없음,보행자,여,66세,중상
2021032200100363,2021년 3월 22일 16시,월요일,경상북도 영천시 금노동,중상사고,0,1,3,0,차대차 - 후진중충돌,안전운전불이행,건조,맑음,주차장 - 주차장,승용,여,33세,상해없음,화물,남,53세,경상
2021032200100409,2021년 3월 22일 17시,월요일,경상북도 포항시 북구 죽도동,중상사고,0,1,0,0,차대차 - 기타,안전운전불이행,건조,맑음,단일로 - 기타,기타불명,기타불명,미분류,기타불명,자전거,여,64세,중상
2021032200100410,2021년 3월 22일 17시,월요일,경상북도 안동시 용상동,경상사고,0,0,1,0,차대차 - 추돌,안전운전불이행,건조,맑음,교차로 - 교차로안,기타불명,남,80세,경상,승용,남,39세,상해없음
2021032200100411,2021년 3월 22일 17시,월요일,경상북도 경산시 하양읍,경상사고,0,0,1,0,차대차 - 추돌,안전운전불이행,건조,맑음,단일로 - 기타,승용,여,27세,상해없음,승용,남,35세,경상
2021032200100442,2021년 3월 22일 18시,월요일,경상북도 김천시 덕곡동,경상사고,0,0,1,0,차대차 - 추돌,안전운전불이행,건조,맑음,교차로 - 교차로부근,화물,남,76세,상해없음,승용,남,53세,경상