사고번호,사고일시,요일,시군구,사고내용,사망자수,중상자수,경상자수,부상신고자수,사고유형,법규위반,노면상태,기상상태,도로형태,가해운전자 차종,가해운전자 성별,가해운전자 연령,가해운전자 상해정도,피해운전자 차종,피해운전자 성별,피해운전자 연령,피해운전자 상해정도
2021032200100443,2021년 3월 22일 18시,월요일,경상북도 칠곡군 왜관읍,중상사고,0,1,1,0,차대차 - 추돌,안전운전불이행,건조,맑음,단일로 - 기타,승용,남,34세,중상,승용,남,32세,경상
2021032200100483,2021년 3월 22일 19시,월요일,경상북도 영주시 하망동,중상사고,0,1,0,0,차대차 - 측면충돌,직진우회전진행방해,건조,맑음,교차로 - 교차로안,승합,남,54세,상해없음,자전거,남,13세,중상
2021032200100484,2021년 3월 22일 19시,월요일,경상북도 영양군 입암면,경상사고,0,0,3,0,차대차 - 측면충돌,안전운전불이행,건조,맑음,단일로 - 기타,화물,남,49세,상해없음,승용,남,71세,경상
2021032200100516,2021년 3월 22일 20시,월요일,경상북도 경주시 현곡면,경상사고,0,0,1,0,차대차 - 추돌,안전운전불이행,건조,맑음,기타 - 기타,승용,남,35세,기타불명,승합,남,51세,경상
2021032200100537,2021년 3월 22일 21시,월요일,경상북도 구미시 공단동,경상사고,0,0,1,0,차대차 - 추돌,안전운전불이행,건조,맑음,단일로 - 기타,승용,남,52세,상해없음,승용,여,55세,경상
2021032200100561,2021년 3월 22일 22시,월요일,경상북도 경주시 성건동,경상사고,0,0,1,0,차대차 - 측면충돌,신호위반,건조,맑음,교차로 - 교차로안,화물,남,67세,상해없음,승용,남,27세,경상
2021032300100025,2021년 3월 23일 05시,화요일,경상북도 영양군 영양읍,중상사고,0,1,0,0,차량단독 - 공작물충돌,안전운전불이행,건조,맑음,단일로 - 기타,승용,여,48세,중상,,,,
2021032300100089,2021년 3월 23일 08시,화요일,경상북도 영주시 가흥동,중상사고,0,2,0,0,차대차 - 측면충돌,안전운전불이행,건조,맑음,교차로 - 교차로안,승용,남,70세,중상,승용,여,48세,중상
2021032300100110,2021년 3월 23일 09시,화요일,경상북도 경주시 사정동,중상사고,0,1,0,0,차대차 - 측면충돌,안전운전불이행,건조,맑음,교차로 - 교차로안,승용,남,71세,상해없음,화물,남,56세,중상
2021032300100111,2021년 3월 23일 09시,화요일,경상북도 포항시 북구 양덕동,경상사고,0,0,1,0,차대차 - 추돌,안전거리미확보,건조,맑음,단일로 - 기타,승용,남,65세,기타불명,승용,남,53세,경상
2021032300100112,2021년 3월 23일 09시,화요일,경상북도 포항시 남구 대잠동,경상사고,0,0,1,0,차대차 - 측면충돌,차로위반,건조,맑음,단일로 - 기타,건설기계,남,43세,상해없음,승용,여,49세,경상
2021032300100163,2021년 3월 23일 11시,화요일,경상북도 안동시 태화동,경상사고,0,0,1,0,차대차 - 측면충돌,안전운전불이행,건조,맑음,단일로 - 기타,화물,남,54세,상해없음,이륜,남,30세,경상
2021032300100164,2021년 3월 23일 11시,화요일,경상북도 김천시 아포읍,중상사고,0,1,0,0,차대사람 - 횡단중,안전운전불이행,건조,맑음,단일로 - 기타,승용,여,56세,상해없음,보행자,여,75세,중상
2021032300100165,2021년 3월 23일 11시,화요일,경상북도 경산시 사동,경상사고,0,0,1,0,차대사람 - 차도통행중,안전운전불이행,건조,맑음,단일로 - 기타,승용,여,67세,상해없음,보행자,남,61세,경상
2021032300100166,2021년 3월 23일 11시,화요일,경상북도 포항시 남구 대도동,경상사고,0,0,1,0,차대차 - 후진중충돌,안전운전불이행,건조,맑음,단일로 - 기타,승용,남,55세,상해없음,승용,남,64세,경상
2021032300100229,2021년 3월 23일 13시,화요일,경상북도 칠곡군 약목면,중상사고,0,2,0,0,차대차 - 추돌,안전운전불이행,건조,맑음,교차로 - 교차로부근,승합,남,46세,상해없음,화물,남,59세,중상
2021032300100263,2021년 3월 23일 14시,화요일,경상북도 영천시 완산동,경상사고,0,0,1,0,차대차 - 측면충돌,안전운전불이행,건조,맑음,단일로 - 기타,화물,남,67세,상해없음,화물,남,45세,경상
2021032300100264,2021년 3월 23일 14시,화요일,경상북도 영덕군 영덕읍,경상사고,0,0,1,0,차대사람 - 차도통행중,안전운전불이행,건조,맑음,교차로 - 교차로부근,승합,여,48세,상해없음,보행자,남,8세,경상
2021032300100265,2021년 3월 23일 14시,화요일,경상북도 구미시 고아읍,경상사고,0,0,1,0,차대차 - 추돌,안전운전불이행,건조,맑음,단일로 - 기타,승용,남,79세,상해없음,승용,남,31세,경상
2021032300100266,2021년 3월 23일 14시,화요일,경상북도 구미시 도량동,경상사고,0,0,1,0,차대차 - 기타,신호위반,건조,맑음,교차로 - 교차로부근,승합,남,62세,상해없음,화물,남,67세,경상
2021032300100267,2021년 3월 23일 14시,화요일,경상북도 구미시 신평동,경상사고,0,0,1,0,차대차 - 측면충돌,안전운전불이행,건조,맑음,단일로 - 기타,화물,남,41세,상해없음,승용,여,63세,경상
2021032300100311,2021년 3월 23일 15시,화요일,경상북도 경주시 현곡면,중상사고,0,1,0,0,차대차 - 측면충돌,안전운전불이행,건조,맑음,단일로 - 기타,승용,남,75세,상해없음,승합,남,47세,상해없음
2021032300100312,2021년 3월 23일 15시,화요일,경상북도 포항시 북구 죽도동,경상사고,0,0,1,0,차대차 - 측면충돌,안전운전불이행,건조,맑음,단일로 - 기타,승용,남,48세,상해없음,승용,남,60세,경상
2021032300100313,2021년 3월 23일 15시,화요일,경상북도 경산시 옥산동,경상사고,0,0,1,0,차대차 - 측면충돌,교차로운행방법위반,건조,맑음,교차로 - 교차로안,화물,남,52세,상해없음,이륜,남,29세,경상
2021032300100348,2021년 3월 23일 16시,화요일,경상북도 포항시 북구 용흥동,경상사고,0,0,1,0,차대사람 - 횡단중,보행자보호의무위반,건조,맑음,교차로 - 교차로횡단보도내,화물,남,65세,상해없음,보행자,여,64세,경상
2021032300100349,2021년 3월 23일 16시,화요일,경상북도 영주시 풍기읍,중상사고,0,1,0,0,차대사람 - 횡단중,안전운전불이행,건조,맑음,교차로 - 교차로안,승용,여,43세,상해없음,보행자,여,55세,중상
2021032300100350,2021년 3월 23일 16시,화요일,경상북도 영천시 화남면,중상사고,0,1,1,0,차대차 - 측면충돌,중앙선침범,건조,맑음,단일로 - 기타,특수,남,46세,상해없음,승용,남,65세,중상
2021032300100391,2021년 3월 23일 17시,화요일,경상북도 포항시 북구 장성동,경상사고,0,0,1,0,차대차 - 측면충돌,직진우회전진행방해,건조,맑음,교차로 - 교차로부근,승용,여,63세,상해없음,승용,남,46세,경상
2021032300100392,2021년 3월 23일 17시,화요일,경상북도 경산시 옥산동,경상사고,0,0,1,0,차대차 - 측면충돌,안전거리미확보,기타,맑음,단일로 - 기타,건설기계,남,64세,상해없음,화물,남,68세,경상
2021032300100393,2021년 3월 23일 17시,화요일,경상북도 경산시 자인면,경상사고,0,0,1,0,차량단독 - 주/정차차량 충돌,안전운전불이행,건조,맑음,교차로 - 교차로안,승용,여,48세,경상,,,,
2021032300100394,2021년 3월 23일 17시,화요일,경상북도 포항시 남구 대도동,중상사고,0,1,0,0,차대차 - 기타,직진우회전진행방해,건조,맑음,교차로 - 교차로안,이륜,남,65세,중상,승용,남,59세,상해없음
2021032300100474,2021년 3월 23일 19시,화요일,경상북도 상주시 서문동,중상사고,0,1,0,0,차대차 - 측면충돌,안전운전불이행,건조,맑음,교차로 - 교차로안,승용,여,58세,상해없음,이륜,남,70세,중상
2021032300100475,2021년 3월 23일 19시,화요일,경상북도 고령군 개진면,중상사고,0,1,0,0,차대사람 - 길가장자리구역통행중,안전운전불이행,건조,맑음,단일로 - 기타,승용,여,63세,상해없음,보행자,여,69세,중상
2021032300100526,2021년 3월 23일 21시,화요일,경상북도 경산시 사정동,경상사고,0,0,1,0,차대사람 - 길가장자리구역통행중,안전운전불이행,건조,맑음,단일로 - 기타,개인형이동수단(PM),남,24세,상해없음,보행자,여,64세,경상
2021032300100549,2021년 3월 23일 22시,화요일,경상북도 포항시 북구 죽도동,경상사고,0,0,1,0,차대차 - 추돌,안전운전불이행,건조,맑음,단일로 - 기타,승용,남,56세,상해없음,화물,남,45세,경상
2021032300100550,2021년 3월 23일 22시,화요일,경상북도 구미시 송정동,경상사고,0,0,1,0,차대사람 - 기타,안전운전불이행,건조,맑음,단일로 - 기타,승용,남,57세,상해없음,보행자,여,40세,경상
2021032400100031,2021년 3월 24일 05시,수요일,경상북도 구미시 비산동,부상신고사고,0,0,0,2,차대차 - 추돌,안전운전불이행,건조,맑음,단일로 - 기타,승용,여,31세,상해없음,승용,남,33세,상해없음
2021032400100064,2021년 3월 24일 07시,수요일,경상북도 경주시 광명동,중상사고,0,1,0,0,차대차 - 측면충돌,신호위반,건조,맑음,교차로 - 교차로안,승용,여,55세,상해없음,승용,남,49세,중상
2021032400100100,2021년 3월 24일 08시,수요일,경상북도 포항시 북구 흥해읍,경상사고,0,0,1,0,차대차 - 측면충돌,안전거리미확보,건조,맑음,교차로 - 교차로부근,승용,남,28세,상해없음,건설기계,남,51세,경상
2021032400100101,2021년 3월 24일 08시,수요일,경상북도 영천시 북안면,중상사고,0,1,0,0,차대차 - 기타,중앙선침범,건조,맑음,단일로 - 기타,승용,여,29세,상해없음,승합,남,69세,상해없음
2021032400100102,2021년 3월 24일 08시,수요일,경상북도 구미시 옥계동,중상사고,0,1,0,1,차대차 - 기타,차로위반,건조,맑음,교차로 - 교차로부근,승용,여,39세,부상신고,승용,여,35세,중상
2021032400100138,2021년 3월 24일 09시,수요일,경상북도 상주시 이안면,경상사고,0,0,1,0,차대차 - 추돌,안전거리미확보,건조,맑음,단일로 - 기타,승용,남,44세,경상,화물,남,58세,상해없음
2021032400100139,2021년 3월 24일 09시,수요일,경상북도 구미시 송정동,경상사고,0,0,1,0,차대차 - 정면충돌,안전운전불이행,건조,맑음,단일로 - 기타,승용,여,35세,상해없음,자전거,남,72세,경상
2021032400100170,2021년 3월 24일 10시,수요일,경상북도 성주군 성주읍,경상사고,0,0,1,0,차대사람 - 횡단중,보행자보호의무위반,건조,맑음,교차로 - 교차로안,승용,여,51세,상해없음,보행자,남,61세,경상
2021032400100171,2021년 3월 24일 10시,수요일,경상북도 포항시 남구 연일읍,중상사고,0,1,1,0,차대차 - 측면충돌,신호위반,건조,맑음,교차로 - 교차로안,승용,남,68세,중상,승용,여,29세,경상
2021032400100188,2021년 3월 24일 11시,수요일,경상북도 영주시 하망동,경상사고,0,0,1,0,차대차 - 측면충돌,안전운전불이행,건조,맑음,교차로 - 교차로안,사륜오토바이(ATV),남,93세,경상,화물,여,70세,상해없음
2021032400100189,2021년 3월 24일 11시,수요일,경상북도 경산시 계양동,중상사고,0,1,0,0,차대차 - 측면충돌,안전운전불이행,건조,맑음,교차로 - 교차로안,화물,남,69세,상해없음,개인형이동수단(PM),남,24세,중상
2021032400100190,2021년 3월 24일 11시,수요일,경상북도 구미시 장천면,경상사고,0,0,1,0,차대차 - 정면충돌,교차로운행방법위반,건조,맑음,교차로 - 교차로부근,승용,여,56세,기타불명,승용,남,52세,경상
2021032400100191,2021년 3월 24일 11시,수요일,경상북도 포항시 남구 구룡포읍,경상사고,0,0,1,0,차대차 - 측면충돌,안전운전불이행,건조,맑음,단일로 - 기타,이륜,남,81세,경상,승용,여,64세,상해없음
2021032400100212,2021년 3월 24일 12시,수요일,경상북도 안동시 태화동,중상사고,0,1,0,0,차대차 - 기타,안전운전불이행,건조,맑음,단일로 - 기타,승용,남,67세,상해없음,승합,남,62세,상해없음
2021032400100213,2021년 3월 24일 12시,수요일,경상북도 영양군 석보면,경상사고,0,0,1,0,차대차 - 측면충돌,안전운전불이행,건조,맑음,기타 - 기타,농기계,남,59세,경상,화물,여,58세,기타불명
2021032400100215,2021년 3월 24일 12시,수요일,경상북도 포항시 남구 해도동,경상사고,0,0,1,0,차대차 - 기타,안전운전불이행,건조,맑음,교차로 - 교차로안,자전거,남,65세,경상,승용,여,56세,기타불명
2021032400100241,2021년 3월 24일 13시,수요일,경상북도 봉화군 봉화읍,경상사고,0,0,1,0,차대차 - 기타,교차로운행방법위반,건조,맑음,기타 - 기타,승용,여,43세,상해없음,승합,여,55세,경상
2021032400100279,2021년 3월 24일 14시,수요일,경상북도 구미시 송정동,경상사고,0,0,1,0,차대차 - 기타,교차로운행방법위반,건조,맑음,교차로 - 교차로안,승용,남,70세,상해없음,화물,남,51세,경상
2021032400100315,2021년 3월 24일 15시,수요일,경상북도 영주시 휴천동,경상사고,0,0,1,0,차대사람 - 횡단중,보행자보호의무위반,건조,맑음,단일로 - 기타,승용,남,51세,상해없음,보행자,남,10세,경상
2021032400100389,2021년 3월 24일 17시,수요일,경상북도 구미시 산동읍,경상사고,0,0,1,0,차대차 - 기타,안전운전불이행,건조,맑음,주차장 - 주차장,원동기,남,57세,경상,승용,여,36세,상해없음
2021032400100475,2021년 3월 24일 19시,수요일,경상북도 상주시 함창읍,경상사고,0,0,2,0,차대차 - 추돌,안전운전불이행,건조,맑음,단일로 - 기타,승합,남,74세,상해없음,승용,남,64세,경상
2021032400100503,2021년 3월 24일 20시,수요일,경상북도 포항시 북구 득량동,경상사고,0,0,2,0,차대차 - 기타,안전운전불이행,건조,맑음,단일로 - 기타,승용,남,19세,상해없음,승용,남,54세,경상
2021032400100504,2021년 3월 24일 20시,수요일,경상북도 경산시 하양읍,경상사고,0,0,1,0,차대사람 - 기타,안전운전불이행,건조,맑음,단일로 - 기타,승용,여,26세,상해없음,보행자,여,60세,경상
2021032400100548,2021년 3월 24일 22시,수요일,경상북도 포항시 남구 오천읍,경상사고,0,0,1,0,차대차 - 측면충돌,교차로운행방법위반,건조,맑음,교차로 - 교차로안,이륜,남,21세,상해없음,이륜,남,51세,경상
2021032400100558,2021년 3월 24일 23시,수요일,경상북도 칠곡군 북삼읍,경상사고,0,0,2,0,차대사람 - 보도통행중,보행자보호의무위반,건조,맑음,교차로 - 교차로횡단보도내,승용,여,28세,상해없음,보행자,여,22세,경상
2021032500100093,2021년 3월 25일 08시,목요일,경상북도 구미시 구포동,경상사고,0,0,1,0,차대차 - 기타,안전운전불이행,건조,맑음,교차로 - 교차로부근,승용,남,37세,상해없음,승용,여,39세,경상
2021032500100109,2021년 3월 25일 09시,목요일,경상북도 경주시 성동동,중상사고,0,1,0,0,차대사람 - 기타,안전운전불이행,건조,맑음,단일로 - 기타,건설기계,남,44세,상해없음,보행자,여,85세,중상
2021032500100110,2021년 3월 25일 09시,목요일,경상북도 영덕군 강구면,중상사고,0,2,1,0,차대차 - 정면충돌,안전운전불이행,건조,맑음,교차로 - 교차로안,승용,남,66세,중상,승용,남,39세,중상
2021032500100111,2021년 3월 25일 09시,목요일,경상북도 고령군 다산면,중상사고,0,1,0,0,차대차 - 측면충돌,안전운전불이행,건조,맑음,교차로 - 교차로안,화물,남,62세,상해없음,승용,남,77세,중상
2021032500100146,2021년 3월 25일 10시,목요일,경상북도 경주시 안강읍,경상사고,0,0,1,0,차대차 - 측면충돌,안전운전불이행,건조,맑음,교차로 - 교차로안,승용,남,59세,상해없음,자전거,여,68세,경상
2021032500100147,2021년 3월 25일 10시,목요일,경상북도 영덕군 강구면,경상사고,0,0,1,0,차대차 - 측면충돌,안전거리미확보,건조,맑음,교차로 - 교차로부근,화물,남,53세,상해없음,승용,남,42세,경상
2021032500100148,2021년 3월 25일 10시,목요일,경상북도 포항시 남구 청림동,경상사고,0,0,1,0,차대차 - 측면충돌,안전운전불이행,건조,맑음,교차로 - 교차로횡단보도내,자전거,남,82세,경상,화물,남,59세,상해없음
2021032500100149,2021년 3월 25일 10시,목요일,경상북도 포항시 남구 효자동,부상신고사고,0,0,0,1,차대사람 - 보도통행중,안전운전불이행,건조,맑음,교차로 - 교차로부근,승용,여,57세,상해없음,보행자,여,32세,부상신고
2021032500100177,2021년 3월 25일 11시,목요일,경상북도 경주시 서악동,중상사고,0,1,0,1,차대차 - 추돌,안전운전불이행,건조,맑음,교차로 - 교차로부근,승용,여,59세,부상신고,승용,여,42세,중상
2021032500100178,2021년 3월 25일 11시,목요일,경상북도 상주시 내서면,중상사고,0,1,0,0,차대차 - 측면충돌,교차로운행방법위반,건조,맑음,교차로 - 교차로안,승용,여,46세,상해없음,화물,남,77세,중상
2021032500100179,2021년 3월 25일 11시,목요일,경상북도 영천시 금노동,경상사고,0,0,1,0,차대차 - 추돌,안전운전불이행,건조,맑음,교차로 - 교차로안,화물,남,68세,상해없음,승용,남,24세,경상
2021032500100180,2021년 3월 25일 11시,목요일,경상북도 포항시 남구 상도동,경상사고,0,0,1,0,차대차 - 측면충돌,기타,건조,맑음,교차로 - 교차로안,화물,남,47세,상해없음,자전거,여,61세,경상
2021032500100181,2021년 3월 25일 11시,목요일,경상북도 포항시 남구 상도동,경상사고,0,0,1,0,차대차 - 측면충돌,안전운전불이행,건조,맑음,단일로 - 지하차도(도로)내,승용,남,58세,상해없음,승용,남,29세,경상
2021032500100182,2021년 3월 25일 11시,목요일,경상북도 포항시 남구 대잠동,경상사고,0,0,1,0,차대차 - 추돌,안전운전불이행,건조,맑음,교차로 - 교차로부근,승용,남,56세,상해없음,화물,남,51세,경상
2021032500100212,2021년 3월 25일 12시,목요일,경상북도 영덕군 영덕읍,경상사고,0,0,2,0,차대차 - 측면충돌,신호위반,건조,맑음,교차로 - 교차로안,승용,여,51세,상해없음,승용,남,80세,경상
2021032500100213,2021년 3월 25일 12시,목요일,경상북도 성주군 성주읍,경상사고,0,0,1,0,차대사람 - 기타,안전운전불이행,건조,맑음,교차로 - 교차로안,승용,여,37세,상해없음,보행자,여,69세,경상
2021032500100247,2021년 3월 25일 13시,목요일,경상북도 경주시 서면,중상사고,0,1,0,0,차대차 - 기타,안전운전불이행,건조,맑음,단일로 - 기타,화물,남,32세,상해없음,이륜,남,50세,중상
2021032500100248,2021년 3월 25일 13시,목요일,경상북도 칠곡군 왜관읍,사망사고,1,0,0,0,차량단독 - 공작물충돌,기타,건조,맑음,교차로 - 교차로안,승용,여,71세,사망,,,,
2021032500100249,2021년 3월 25일 13시,목요일,경상북도 칠곡군 왜관읍,경상사고,0,0,1,0,차대차 - 측면충돌,안전운전불이행,건조,맑음,단일로 - 기타,승용,여,71세,상해없음,승용,여,69세,경상
2021032500100250,2021년 3월 25일 13시,목요일,경상북도 성주군 수륜면,경상사고,0,0,1,0,차대차 - 기타,안전운전불이행,건조,맑음,기타 - 기타,화물,남,75세,상해없음,화물,남,65세,경상
2021032500100293,2021년 3월 25일 14시,목요일,경상북도 안동시 당북동,경상사고,0,0,1,0,차대차 - 측면충돌,안전운전불이행,건조,맑음,교차로 - 교차로안,승용,남,71세,상해없음,승용,남,40세,경상
2021032500100294,2021년 3월 25일 14시,목요일,경상북도 영주시 가흥동,사망사고,1,0,0,0,차대사람 - 기타,안전운전불이행,건조,맑음,단일로 - 기타,승합,남,62세,상해없음,보행자,남,9세,사망
2021032500100295,2021년 3월 25일 14시,목요일,경상북도 구미시 송정동,경상사고,0,0,3,0,차대차 - 측면충돌,교차로운행방법위반,건조,맑음,교차로 - 교차로안,승용,남,72세,상해없음,승용,남,36세,경상
2021032500100336,2021년 3월 25일 15시,목요일,경상북도 포항시 북구 죽도동,경상사고,0,0,1,0,차대사람 - 보도통행중,기타,건조,맑음,단일로 - 기타,화물,남,56세,상해없음,보행자,남,41세,경상
2021032500100337,2021년 3월 25일 15시,목요일,경상북도 봉화군 봉화읍,경상사고,0,0,1,0,차대차 - 측면충돌,안전운전불이행,건조,맑음,기타 - 기타,이륜,남,74세,경상,승용,남,66세,상해없음
2021032500100405,2021년 3월 25일 17시,목요일,경상북도 경주시 황성동,경상사고,0,0,4,0,차대차 - 측면충돌,안전운전불이행,건조,맑음,교차로 - 교차로안,승용,남,38세,상해없음,승합,여,47세,상해없음
2021032500100406,2021년 3월 25일 17시,목요일,경상북도 포항시 북구 흥해읍,중상사고,0,1,2,0,차대차 - 측면충돌,신호위반,건조,맑음,교차로 - 교차로안,승용,여,65세,중상,화물,남,24세,경상
2021032500100407,2021년 3월 25일 17시,목요일,경상북도 칠곡군 동명면,경상사고,0,0,1,0,차대차 - 측면충돌,안전거리미확보,건조,흐림,교차로 - 교차로안,승용,여,37세,상해없음,승용,남,27세,경상
2021032500100408,2021년 3월 25일 17시,목요일,경상북도 영천시 대창면,경상사고,0,0,1,0,차대차 - 측면충돌,안전운전불이행,건조,맑음,단일로 - 기타,건설기계,남,67세,상해없음,승용,여,51세,경상
2021032500100409,2021년 3월 25일 17시,목요일,경상북도 영덕군 강구면,중상사고,0,1,0,0,차대차 - 측면충돌,안전운전불이행,건조,맑음,교차로 - 교차로안,승용,남,27세,상해없음,자전거,여,63세,중상
2021032500100410,2021년 3월 25일 17시,목요일,경상북도 포항시 남구 연일읍,중상사고,0,1,0,0,차대차 - 정면충돌,신호위반,건조,맑음,교차로 - 교차로안,이륜,남,44세,중상,승용,남,59세,상해없음
2021032500100490,2021년 3월 25일 19시,목요일,경상북도 안동시 옥야동,경상사고,0,0,1,0,차대차 - 측면충돌,안전운전불이행,건조,맑음,단일로 - 기타,화물,여,51세,상해없음,이륜,남,29세,경상
2021032500100491,2021년 3월 25일 19시,목요일,경상북도 안동시 풍산읍,경상사고,0,0,7,0,차대차 - 추돌,안전운전불이행,건조,맑음,단일로 - 기타,승용,남,26세,상해없음,승용,남,55세,상해없음
2021032500100492,2021년 3월 25일 19시,목요일,경상북도 문경시 모전동,경상사고,0,0,1,0,차대차 - 추돌,안전운전불이행,건조,맑음,기타 - 기타,승용,남,56세,상해없음,승용,여,54세,경상
2021032500100493,2021년 3월 25일 19시,목요일,경상북도 구미시 인의동,경상사고,0,0,1,0,차대차 - 기타,안전거리미확보,건조,맑음,단일로 - 기타,승용,남,52세,상해없음,이륜,남,51세,경상
2021032500100523,2021년 3월 25일 20시,목요일,경상북도 안동시 태화동,경상사고,0,0,2,0,차대차 - 측면충돌,신호위반,건조,맑음,교차로 - 교차로안,화물,남,55세,상해없음,승용,남,41세,경상
2021032500100524,2021년 3월 25일 20시,목요일,경상북도 구미시 원평동,중상사고,0,1,0,0,차대사람 - 횡단중,안전운전불이행,건조,맑음,단일로 - 기타,승용,남,66세,상해없음,보행자,남,66세,중상
2021032500100592,2021년 3월 25일 22시,목요일,경상북도 김천시 감문면,부상신고사고,0,0,0,1,차량단독 - 공작물충돌,안전운전불이행,건조,맑음,단일로 - 기타,승용,남,35세,부상신고,,,,
2021032500100593,2021년 3월 25일 22시,목요일,경상북도 구미시 오태동,경상사고,0,0,1,0,차대차 - 추돌,안전운전불이행,건조,맑음,단일로 - 기타,승용,남,49세,상해없음,승용,남,25세,경상
2021032600100023,2021년 3월 26일 04시,금요일,경상북도 칠곡군 지천면,중상사고,0,1,0,0,차대사람 - 차도통행중,안전운전불이행,건조,맑음,단일로 - 기타,승용,남,34세,상해없음,보행자,남,78세,중상
2021032600100031,2021년 3월 26일 05시,금요일,경상북도 영주시 영주동,중상사고,0,1,0,0,차대차 - 추돌,안전운전불이행,건조,맑음,교차로 - 교차로부근,승합,남,31세,상해없음,화물,남,57세,상해없음
2021032600100054,2021년 3월 26일 07시,금요일,경상북도 구미시 공단동,경상사고,0,0,1,0,차대차 - 기타,직진우회전진행방해,건조,맑음,교차로 - 교차로안,화물,남,61세,상해없음,승용,남,30세,경상
2021032600100093,2021년 3월 26일 08시,금요일,경상북도 상주시 신봉동,경상사고,0,0,1,0,차대차 - 기타,안전운전불이행,건조,맑음,교차로 - 교차로안,승합,여,44세,상해없음,개인형이동수단(PM),남,26세,경상
2021032600100094,2021년 3월 26일 08시,금요일,경상북도 영주시 안정면,중상사고,0,1,0,0,차대차 - 추돌,안전운전불이행,건조,맑음,단일로 - 기타,승용,남,38세,상해없음,승용,여,66세,중상
2021032600100095,2021년 3월 26일 08시,금요일,경상북도 칠곡군 석적읍,경상사고,0,0,1,0,차대차 - 측면충돌,직진우회전진행방해,건조,맑음,교차로 - 교차로안,승용,남,37세,상해없음,이륜,남,27세,경상
2021032600100096,2021년 3월 26일 08시,금요일,경상북도 칠곡군 왜관읍,경상사고,0,0,1,0,차대차 - 추돌,안전운전불이행,건조,맑음,교차로 - 교차로부근,승용,여,40세,상해없음,승용,여,51세,경상
2021032600100097,2021년 3월 26일 08시,금요일,경상북도 경산시 사동,경상사고,0,0,1,0,차대차 - 기타,안전운전불이행,건조,맑음,단일로 - 기타,승용,남,35세,상해없음,개인형이동수단(PM),여,16세,경상
2021032600100098,2021년 3월 26일 08시,금요일,경상북도 구미시 해평면,경상사고,0,0,1,0,차대차 - 측면충돌,안전운전불이행,건조,맑음,단일로 - 기타,화물,남,56세,상해없음,승용,여,25세,경상
2021032600100099,2021년 3월 26일 08시,금요일,경상북도 포항시 남구 연일읍,경상사고,0,0,1,0,차대차 - 측면충돌,직진우회전진행방해,건조,맑음,교차로 - 교차로안,화물,남,51세,상해없음,화물,남,69세,경상
2021032600100136,2021년 3월 26일 09시,금요일,경상북도 칠곡군 가산면,중상사고,0,1,1,0,차대차 - 측면충돌,안전거리미확보,건조,맑음,단일로 - 기타,승용,남,63세,상해없음,승용,남,41세,중상
2021032600100137,2021년 3월 26일 09시,금요일,경상북도 영천시 봉동,경상사고,0,0,2,0,차대차 - 추돌,안전운전불이행,건조,맑음,교차로 - 교차로부근,승합,남,66세,상해없음,승용,남,46세,경상
2021032600100138,2021년 3월 26일 09시,금요일,경상북도 청도군 이서면,중상사고,0,1,0,0,차대차 - 측면충돌,안전운전불이행,건조,맑음,교차로 - 교차로부근,승용,여,62세,상해없음,이륜,남,79세,중상
2021032600100170,2021년 3월 26일 10시,금요일,경상북도 경주시 조양동,경상사고,0,0,3,0,차대차 - 후진중충돌,안전운전불이행,건조,맑음,교차로 - 교차로부근,승용,여,67세,상해없음,승용,남,30세,경상
2021032600100171,2021년 3월 26일 10시,금요일,경상북도 포항시 북구 양덕동,경상사고,0,0,2,0,차대차 - 측면충돌,중앙선침범,건조,맑음,교차로 - 교차로부근,승용,남,64세,경상,이륜,남,46세,경상
2021032600100172,2021년 3월 26일 10시,금요일,경상북도 안동시 천리동,경상사고,0,0,1,0,차대차 - 기타,교차로운행방법위반,건조,맑음,교차로 - 교차로안,승용,남,70세,상해없음,승합,남,40세,경상
2021032600100173,2021년 3월 26일 10시,금요일,경상북도 성주군 선남면,중상사고,0,2,0,0,차대차 - 추돌,안전거리미확보,건조,맑음,단일로 - 기타,특수,남,47세,상해없음,화물,남,78세,중상
2021032600100200,2021년 3월 26일 11시,금요일,경상북도 문경시 흥덕동,경상사고,0,0,1,0,차대차 - 측면충돌,안전운전불이행,건조,맑음,단일로 - 기타,승용,남,72세,상해없음,자전거,여,70세,경상
2021032600100227,2021년 3월 26일 12시,금요일,경상북도 김천시 농소면,경상사고,0,0,1,0,차대차 - 측면충돌,신호위반,건조,맑음,교차로 - 교차로안,승용,남,58세,상해없음,화물,남,52세,경상
2021032600100295,2021년 3월 26일 14시,금요일,경상북도 포항시 남구 청림동,경상사고,0,0,1,0,차대차 - 측면충돌,안전운전불이행,건조,맑음,단일로 - 교량,건설기계,남,51세,상해없음,승용,여,39세,경상
2021032600100333,2021년 3월 26일 15시,금요일,경상북도 경산시 중산동,경상사고,0,0,2,0,차대차 - 측면충돌,안전운전불이행,건조,맑음,단일로 - 기타,승용,여,57세,상해없음,승용,남,31세,경상
2021032600100374,2021년 3월 26일 16시,금요일,경상북도 김천시 황금동,경상사고,0,0,1,0,차대차 - 측면충돌,직진우회전진행방해,건조,맑음,교차로 - 교차로횡단보도내,승용,남,56세,상해없음,자전거,여,61세,경상