사고번호,사고일시,요일,시군구,사고내용,사망자수,중상자수,경상자수,부상신고자수,사고유형,법규위반,노면상태,기상상태,도로형태,가해운전자 차종,가해운전자 성별,가해운전자 연령,가해운전자 상해정도,피해운전자 차종,피해운전자 성별,피해운전자 연령,피해운전자 상해정도
2021032600100375,2021년 3월 26일 16시,금요일,경상북도 영덕군 영덕읍,경상사고,0,0,1,0,차대차 - 측면충돌,직진우회전진행방해,건조,맑음,교차로 - 교차로안,승용,여,53세,경상,화물,남,68세,상해없음
2021032600100376,2021년 3월 26일 16시,금요일,경상북도 구미시 형곡동,경상사고,0,0,1,0,차대차 - 기타,안전운전불이행,건조,맑음,교차로 - 교차로안,화물,남,56세,상해없음,승합,남,51세,상해없음
2021032600100429,2021년 3월 26일 17시,금요일,경상북도 상주시 화서면,사망사고,1,2,0,0,차대차 - 측면충돌,중앙선침범,건조,맑음,단일로 - 기타,승용,여,67세,상해없음,승용,남,68세,중상
2021032600100430,2021년 3월 26일 17시,금요일,경상북도 칠곡군 왜관읍,중상사고,0,1,0,0,차대차 - 정면충돌,불법유턴,건조,맑음,교차로 - 교차로안,승용,남,43세,상해없음,자전거,남,33세,중상
2021032600100431,2021년 3월 26일 17시,금요일,경상북도 칠곡군 왜관읍,경상사고,0,0,2,0,차대차 - 측면충돌,교차로운행방법위반,건조,맑음,교차로 - 교차로안,화물,남,58세,경상,승용,여,62세,경상
2021032600100432,2021년 3월 26일 17시,금요일,경상북도 성주군 성주읍,경상사고,0,0,1,0,차대차 - 측면충돌,안전운전불이행,건조,맑음,교차로 - 교차로안,화물,남,58세,상해없음,화물,여,69세,경상
2021032600100433,2021년 3월 26일 17시,금요일,경상북도 성주군 성주읍,중상사고,0,1,0,0,차대차 - 기타,안전운전불이행,건조,맑음,교차로 - 교차로부근,이륜,남,41세,기타불명,자전거,남,78세,중상
2021032600100434,2021년 3월 26일 17시,금요일,경상북도 포항시 남구 송도동,경상사고,0,0,1,0,차대차 - 측면충돌,신호위반,건조,맑음,교차로 - 교차로안,이륜,남,52세,경상,승용,남,52세,상해없음
2021032600100472,2021년 3월 26일 18시,금요일,경상북도 포항시 북구 항구동,중상사고,0,1,0,0,차대사람 - 횡단중,보행자보호의무위반,건조,맑음,단일로 - 기타,승용,남,59세,상해없음,보행자,여,6세,중상
2021032600100473,2021년 3월 26일 18시,금요일,경상북도 안동시 신세동,경상사고,0,0,1,0,차대차 - 기타,안전운전불이행,건조,맑음,단일로 - 기타,자전거,남,57세,경상,승용,남,45세,상해없음
2021032600100474,2021년 3월 26일 18시,금요일,경상북도 포항시 남구 연일읍,경상사고,0,0,1,0,차대차 - 측면충돌,안전운전불이행,건조,맑음,단일로 - 기타,승용,남,54세,상해없음,승용,남,47세,기타불명
2021032600100475,2021년 3월 26일 18시,금요일,경상북도 포항시 남구 이동,경상사고,0,0,1,0,차대차 - 측면충돌,차로위반,건조,맑음,단일로 - 기타,특수,남,54세,상해없음,승용,여,33세,경상
2021032600100514,2021년 3월 26일 19시,금요일,경상북도 포항시 북구 장성동,중상사고,0,1,0,0,차대사람 - 횡단중,안전운전불이행,건조,맑음,단일로 - 기타,승용,여,38세,상해없음,보행자,남,71세,중상
2021032600100515,2021년 3월 26일 19시,금요일,경상북도 김천시 교동,중상사고,0,1,1,0,차대사람 - 횡단중,보행자보호의무위반,건조,맑음,교차로 - 교차로횡단보도내,이륜,남,37세,경상,보행자,남,56세,중상
2021032600100516,2021년 3월 26일 19시,금요일,경상북도 문경시 모전동,중상사고,0,1,0,0,차대차 - 정면충돌,중앙선침범,건조,맑음,단일로 - 기타,승용,남,63세,상해없음,이륜,남,52세,중상
2021032600100517,2021년 3월 26일 19시,금요일,경상북도 성주군 성주읍,경상사고,0,0,1,0,차대차 - 후진중충돌,안전운전불이행,건조,맑음,교차로 - 교차로부근,승용,여,56세,상해없음,승용,남,25세,경상
2021032600100588,2021년 3월 26일 21시,금요일,경상북도 경산시 옥산동,경상사고,0,0,2,0,차대차 - 측면충돌,안전운전불이행,건조,맑음,교차로 - 교차로안,승용,남,56세,상해없음,승용,남,32세,경상
2021032600100589,2021년 3월 26일 21시,금요일,경상북도 예천군 예천읍,중상사고,0,1,0,0,차대차 - 측면충돌,불법유턴,건조,기타,교차로 - 교차로안,승용,여,45세,상해없음,이륜,남,53세,중상
2021032600100631,2021년 3월 26일 22시,금요일,경상북도 포항시 북구 항구동,경상사고,0,0,2,0,차대차 - 기타,안전운전불이행,건조,맑음,단일로 - 기타,승용,남,23세,상해없음,승용,남,57세,경상
2021032600100632,2021년 3월 26일 22시,금요일,경상북도 칠곡군 북삼읍,경상사고,0,0,1,0,차대차 - 기타,안전운전불이행,건조,맑음,교차로 - 교차로안,승용,남,52세,상해없음,이륜,남,28세,경상
2021032700100041,2021년 3월 27일 03시,토요일,경상북도 의성군 봉양면,중상사고,0,2,0,0,차량단독 - 공작물충돌,안전운전불이행,건조,맑음,단일로 - 기타,승용,남,29세,중상,,,,
2021032700100045,2021년 3월 27일 04시,토요일,경상북도 포항시 남구 인덕동,중상사고,0,1,1,0,차량단독 - 공작물충돌,안전운전불이행,건조,맑음,교차로 - 교차로안,승용,남,26세,경상,,,,
2021032700100064,2021년 3월 27일 06시,토요일,경상북도 구미시 임은동,중상사고,0,1,0,0,차량단독 - 공작물충돌,안전운전불이행,건조,맑음,단일로 - 기타,화물,남,58세,중상,,,,
2021032700100072,2021년 3월 27일 07시,토요일,경상북도 구미시 임은동,경상사고,0,0,1,0,차대차 - 기타,교차로운행방법위반,건조,맑음,교차로 - 교차로안,승용,남,39세,상해없음,자전거,남,24세,경상
2021032700100121,2021년 3월 27일 10시,토요일,경상북도 경산시 옥산동,중상사고,0,1,0,0,차대차 - 측면충돌,안전운전불이행,건조,맑음,교차로 - 교차로횡단보도내,승용,남,44세,상해없음,개인형이동수단(PM),여,18세,중상
2021032700100122,2021년 3월 27일 10시,토요일,경상북도 청송군 청송읍,중상사고,0,1,0,0,차대차 - 정면충돌,직진우회전진행방해,건조,맑음,교차로 - 교차로안,승용,여,52세,상해없음,승용,남,78세,중상
2021032700100153,2021년 3월 27일 11시,토요일,경상북도 포항시 북구 죽도동,경상사고,0,0,1,0,차대차 - 측면충돌,안전거리미확보,건조,맑음,교차로 - 교차로부근,승용,여,45세,기타불명,승용,여,41세,경상
2021032700100154,2021년 3월 27일 11시,토요일,경상북도 구미시 형곡동,경상사고,0,0,1,0,차대차 - 기타,교차로운행방법위반,건조,맑음,교차로 - 교차로안,승용,남,55세,상해없음,승용,남,54세,경상
2021032700100190,2021년 3월 27일 12시,토요일,경상북도 포항시 북구 죽도동,경상사고,0,0,1,0,차대차 - 측면충돌,안전운전불이행,건조,맑음,교차로 - 교차로부근,승용,남,79세,상해없음,이륜,남,62세,경상
2021032700100191,2021년 3월 27일 12시,토요일,경상북도 경산시 삼북동,경상사고,0,0,1,0,차대사람 - 기타,안전운전불이행,건조,맑음,단일로 - 기타,승용,여,71세,상해없음,보행자,남,57세,경상
2021032700100234,2021년 3월 27일 13시,토요일,경상북도 포항시 북구 흥해읍,경상사고,0,0,5,0,차대차 - 측면충돌,직진우회전진행방해,건조,맑음,교차로 - 교차로안,승용,남,52세,경상,승용,남,42세,경상
2021032700100235,2021년 3월 27일 13시,토요일,경상북도 청도군 청도읍,경상사고,0,0,1,0,차대차 - 측면충돌,안전운전불이행,건조,맑음,교차로 - 교차로부근,화물,남,68세,상해없음,승용,여,38세,경상
2021032700100270,2021년 3월 27일 14시,토요일,경상북도 경산시 자인면,중상사고,0,1,0,0,차대차 - 측면충돌,안전운전불이행,건조,맑음,교차로 - 교차로안,화물,남,64세,기타불명,승용,남,68세,중상
2021032700100271,2021년 3월 27일 14시,토요일,경상북도 영덕군 영덕읍,중상사고,0,1,0,0,차대차 - 측면충돌,교차로운행방법위반,건조,맑음,교차로 - 교차로안,승용,남,59세,상해없음,이륜,남,78세,중상
2021032700100272,2021년 3월 27일 14시,토요일,경상북도 구미시 오태동,경상사고,0,0,2,0,차대차 - 측면충돌,교차로운행방법위반,건조,맑음,교차로 - 교차로안,특수,남,44세,상해없음,화물,남,63세,경상
2021032700100273,2021년 3월 27일 14시,토요일,경상북도 구미시 부곡동,경상사고,0,0,2,0,차대차 - 추돌,안전운전불이행,젖음/습기,비,교차로 - 교차로부근,화물,남,64세,상해없음,승용,남,51세,경상
2021032700100274,2021년 3월 27일 14시,토요일,경상북도 구미시 공단동,경상사고,0,0,2,0,차대차 - 추돌,안전운전불이행,젖음/습기,비,교차로 - 교차로부근,승용,남,45세,상해없음,승용,남,30세,경상
2021032700100318,2021년 3월 27일 15시,토요일,경상북도 포항시 북구 두호동,경상사고,0,0,2,0,차대차 - 측면충돌,안전운전불이행,젖음/습기,비,단일로 - 기타,승용,여,60세,상해없음,승용,남,30세,경상
2021032700100319,2021년 3월 27일 15시,토요일,경상북도 문경시 모전동,경상사고,0,0,1,0,차대사람 - 횡단중,신호위반,젖음/습기,비,교차로 - 교차로횡단보도내,이륜,남,39세,상해없음,보행자,남,29세,경상
2021032700100320,2021년 3월 27일 15시,토요일,경상북도 구미시 원평동,중상사고,0,1,0,0,차대사람 - 횡단중,신호위반,젖음/습기,비,단일로 - 기타,승용,남,29세,상해없음,보행자,여,52세,중상
2021032700100364,2021년 3월 27일 16시,토요일,경상북도 경주시 노동동,경상사고,0,0,1,0,차대사람 - 기타,안전운전불이행,건조,맑음,단일로 - 지하차도(도로)내,승용,남,54세,상해없음,보행자,여,13세,경상
2021032700100365,2021년 3월 27일 16시,토요일,경상북도 영주시 가흥동,중상사고,0,1,0,0,차대사람 - 횡단중,보행자보호의무위반,젖음/습기,비,교차로 - 교차로부근,화물,남,76세,상해없음,보행자,여,27세,중상
2021032700100367,2021년 3월 27일 16시,토요일,경상북도 포항시 남구 오천읍,경상사고,0,0,1,0,차대차 - 측면충돌,교차로운행방법위반,건조,맑음,교차로 - 교차로안,이륜,남,38세,경상,승용,남,51세,상해없음
2021032700100406,2021년 3월 27일 17시,토요일,경상북도 안동시 북문동,중상사고,0,1,0,0,차대차 - 측면충돌,안전운전불이행,젖음/습기,비,단일로 - 기타,승용,남,67세,상해없음,이륜,남,42세,중상
2021032700100407,2021년 3월 27일 17시,토요일,경상북도 김천시 덕곡동,경상사고,0,0,2,0,차대차 - 추돌,안전거리미확보,젖음/습기,비,교차로 - 교차로부근,승용,남,25세,경상,승용,남,51세,경상
2021032700100408,2021년 3월 27일 17시,토요일,경상북도 영주시 휴천동,경상사고,0,0,1,0,차대차 - 후진중충돌,안전운전불이행,젖음/습기,흐림,단일로 - 기타,승용,남,48세,상해없음,승용,남,33세,경상
2021032700100409,2021년 3월 27일 17시,토요일,경상북도 포항시 남구 청림동,중상사고,0,1,3,0,차대차 - 측면충돌,안전운전불이행,건조,맑음,교차로 - 교차로안,승용,남,62세,경상,승용,남,68세,경상
2021032700100455,2021년 3월 27일 18시,토요일,경상북도 영주시 영주동,경상사고,0,0,1,0,차대차 - 측면충돌,안전운전불이행,젖음/습기,비,교차로 - 교차로안,승용,남,41세,상해없음,승용,남,58세,경상
2021032700100456,2021년 3월 27일 18시,토요일,경상북도 칠곡군 왜관읍,경상사고,0,0,1,0,차대사람 - 횡단중,보행자보호의무위반,젖음/습기,비,교차로 - 교차로횡단보도내,이륜,남,45세,상해없음,보행자,남,65세,경상
2021032700100501,2021년 3월 27일 19시,토요일,경상북도 안동시 당북동,경상사고,0,0,1,0,차대사람 - 횡단중,안전운전불이행,젖음/습기,비,단일로 - 기타,이륜,남,45세,상해없음,보행자,여,46세,경상
2021032700100549,2021년 3월 27일 20시,토요일,경상북도 구미시 옥계동,경상사고,0,0,1,0,차대차 - 측면충돌,안전운전불이행,젖음/습기,비,교차로 - 교차로안,승용,남,37세,상해없음,이륜,남,50세,경상
2021032700100595,2021년 3월 27일 21시,토요일,경상북도 포항시 북구 항구동,중상사고,0,1,2,0,차대차 - 측면충돌,신호위반,젖음/습기,흐림,교차로 - 교차로안,승용,남,26세,상해없음,승용,여,58세,상해없음
2021032700100596,2021년 3월 27일 21시,토요일,경상북도 칠곡군 지천면,중상사고,0,2,2,0,차대차 - 정면충돌,중앙선침범,젖음/습기,비,단일로 - 교량,화물,남,51세,상해없음,승용,남,32세,중상
2021032700100597,2021년 3월 27일 21시,토요일,경상북도 포항시 남구 지곡동,중상사고,0,1,0,0,차대사람 - 보도통행중,보행자보호의무위반,젖음/습기,비,교차로 - 교차로횡단보도내,승용,여,40세,상해없음,보행자,남,66세,중상
2021032700100630,2021년 3월 27일 22시,토요일,경상북도 청도군 화양읍,경상사고,0,0,1,0,차량단독 - 공작물충돌,안전운전불이행,건조,흐림,단일로 - 기타,승용,여,55세,경상,,,,
2021032700100662,2021년 3월 27일 23시,토요일,경상북도 예천군 예천읍,중상사고,0,2,0,0,차량단독 - 공작물충돌,안전운전불이행,젖음/습기,비,단일로 - 기타,화물,남,49세,중상,,,,
2021032800100012,2021년 3월 28일 00시,일요일,경상북도 포항시 북구 대흥동,중상사고,0,1,0,0,차량단독 - 공작물충돌,안전운전불이행,젖음/습기,비,단일로 - 고가도로위,승용,남,56세,상해없음,,,,
2021032800100013,2021년 3월 28일 00시,일요일,경상북도 안동시 당북동,경상사고,0,0,1,0,차대차 - 측면충돌,안전운전불이행,젖음/습기,비,교차로 - 교차로안,승용,남,67세,상해없음,이륜,남,45세,경상
2021032800100014,2021년 3월 28일 00시,일요일,경상북도 경산시 하양읍,경상사고,0,0,2,0,차대차 - 추돌,안전운전불이행,젖음/습기,비,단일로 - 기타,승용,남,41세,상해없음,승용,남,24세,경상
2021032800100015,2021년 3월 28일 00시,일요일,경상북도 구미시 원평동,경상사고,0,0,1,0,차대차 - 기타,안전운전불이행,젖음/습기,비,교차로 - 교차로부근,승용,남,30세,상해없음,이륜,남,20세,경상
2021032800100048,2021년 3월 28일 02시,일요일,경상북도 포항시 남구 오천읍,중상사고,0,1,0,0,차량단독 - 공작물충돌,안전운전불이행,젖음/습기,비,단일로 - 기타,승용,여,44세,중상,,,,
2021032800100059,2021년 3월 28일 03시,일요일,경상북도 구미시 진평동,중상사고,0,1,0,0,차대사람 - 횡단중,안전운전불이행,젖음/습기,흐림,단일로 - 기타,승용,남,80세,상해없음,보행자,남,33세,중상
2021032800100096,2021년 3월 28일 09시,일요일,경상북도 경주시 성동동,경상사고,0,0,1,0,차대차 - 기타,불법유턴,건조,맑음,교차로 - 교차로안,승용,남,64세,상해없음,이륜,남,41세,경상
2021032800100097,2021년 3월 28일 09시,일요일,경상북도 경주시 탑동,경상사고,0,0,5,0,차대차 - 측면충돌,중앙선침범,건조,맑음,교차로 - 교차로부근,승합,남,67세,상해없음,승용,남,53세,상해없음
2021032800100114,2021년 3월 28일 10시,일요일,경상북도 안동시 도산면,중상사고,0,1,0,0,차대사람 - 기타,안전운전불이행,건조,맑음,단일로 - 기타,화물,남,79세,상해없음,보행자,남,84세,중상
2021032800100115,2021년 3월 28일 10시,일요일,경상북도 포항시 남구 해도동,경상사고,0,0,1,0,차대차 - 측면충돌,안전운전불이행,건조,맑음,교차로 - 교차로안,화물,남,45세,상해없음,승용,여,54세,경상
2021032800100138,2021년 3월 28일 11시,일요일,경상북도 안동시 용상동,경상사고,0,0,1,0,차대차 - 추돌,안전거리미확보,건조,맑음,단일로 - 기타,승용,여,60세,상해없음,승용,남,45세,경상
2021032800100161,2021년 3월 28일 12시,일요일,경상북도 경주시 성건동,경상사고,0,0,2,0,차대차 - 추돌,안전운전불이행,건조,맑음,단일로 - 기타,승용,여,33세,상해없음,승용,여,74세,경상
2021032800100162,2021년 3월 28일 12시,일요일,경상북도 경주시 서부동,중상사고,0,1,0,0,차대차 - 측면충돌,안전운전불이행,건조,맑음,단일로 - 기타,승용,남,41세,상해없음,이륜,남,48세,중상
2021032800100163,2021년 3월 28일 12시,일요일,경상북도 경주시 건천읍,경상사고,0,0,1,0,차대사람 - 횡단중,안전운전불이행,건조,맑음,단일로 - 기타,이륜,남,70세,상해없음,보행자,여,64세,경상
2021032800100164,2021년 3월 28일 12시,일요일,경상북도 안동시 노하동,중상사고,0,1,0,0,차대차 - 기타,안전운전불이행,건조,맑음,단일로 - 기타,화물,남,79세,상해없음,이륜,여,25세,중상
2021032800100165,2021년 3월 28일 12시,일요일,경상북도 상주시 함창읍,경상사고,0,0,4,0,차대차 - 기타,교차로운행방법위반,건조,맑음,교차로 - 교차로안,승용,남,57세,경상,승용,여,56세,경상
2021032800100166,2021년 3월 28일 12시,일요일,경상북도 포항시 남구 오천읍,경상사고,0,0,1,0,차대차 - 추돌,안전운전불이행,건조,맑음,교차로 - 교차로부근,승용,남,41세,상해없음,승용,남,44세,경상
2021032800100167,2021년 3월 28일 12시,일요일,경상북도 경주시 율동,경상사고,0,0,3,0,차대차 - 추돌,안전운전불이행,건조,맑음,단일로 - 기타,승용,여,63세,상해없음,승용,여,35세,경상
2021032800100197,2021년 3월 28일 13시,일요일,경상북도 포항시 북구 죽도동,경상사고,0,0,1,0,차대사람 - 기타,안전운전불이행,건조,맑음,단일로 - 기타,승용,남,67세,상해없음,보행자,여,23세,경상
2021032800100198,2021년 3월 28일 13시,일요일,경상북도 칠곡군 동명면,경상사고,0,0,2,0,차대차 - 후진중충돌,안전운전불이행,건조,맑음,단일로 - 기타,승용,여,35세,상해없음,승용,남,34세,경상
2021032800100199,2021년 3월 28일 13시,일요일,경상북도 경산시 진량읍,경상사고,0,0,1,0,차대사람 - 기타,안전운전불이행,건조,맑음,단일로 - 기타,승용,남,49세,상해없음,보행자,남,46세,경상
2021032800100200,2021년 3월 28일 13시,일요일,경상북도 구미시 선산읍,경상사고,0,0,1,1,차대차 - 기타,교차로운행방법위반,건조,맑음,교차로 - 교차로안,승용,남,57세,부상신고,승용,여,39세,경상
2021032800100225,2021년 3월 28일 14시,일요일,경상북도 칠곡군 동명면,중상사고,0,1,0,0,차대차 - 기타,기타,건조,맑음,단일로 - 기타,화물,남,55세,상해없음,승용,남,59세,중상
2021032800100286,2021년 3월 28일 16시,일요일,경상북도 경주시 석장동,사망사고,1,0,2,0,차대차 - 추돌,안전운전불이행,건조,맑음,교차로 - 교차로부근,승용,여,62세,상해없음,승용,여,50세,경상
2021032800100287,2021년 3월 28일 16시,일요일,경상북도 청도군 풍각면,경상사고,0,0,1,0,차대사람 - 횡단중,안전운전불이행,건조,맑음,단일로 - 기타,승용,여,70세,상해없음,보행자,남,76세,경상
2021032800100293,2021년 3월 28일 16시,일요일,경상북도 고령군 다산면,중상사고,0,1,0,1,차대사람 - 기타,안전운전불이행,건조,맑음,기타 - 기타,자전거,남,65세,중상,보행자,남,7세,부상신고
2021032800100312,2021년 3월 28일 17시,일요일,경상북도 김천시 덕곡동,경상사고,0,0,2,0,차대차 - 측면충돌,안전운전불이행,건조,맑음,교차로 - 교차로부근,승용,여,61세,상해없음,승용,남,30세,경상
2021032800100341,2021년 3월 28일 18시,일요일,경상북도 경주시 산내면,사망사고,1,0,0,0,차량단독 - 전도전복 - 전복,안전운전불이행,건조,맑음,단일로 - 기타,이륜,남,61세,사망,,,,
2021032800100363,2021년 3월 28일 19시,일요일,경상북도 안동시 송천동,경상사고,0,0,1,0,차대차 - 기타,안전운전불이행,건조,맑음,단일로 - 기타,승용,남,59세,상해없음,이륜,남,18세,경상
2021032800100383,2021년 3월 28일 20시,일요일,경상북도 경주시 성건동,경상사고,0,0,1,0,차대사람 - 기타,안전운전불이행,건조,맑음,단일로 - 지하차도(도로)내,승용,남,54세,상해없음,보행자,여,17세,경상
2021032800100384,2021년 3월 28일 20시,일요일,경상북도 김천시 삼락동,경상사고,0,0,2,0,차대차 - 측면충돌,신호위반,건조,맑음,교차로 - 교차로안,이륜,남,19세,경상,승용,여,24세,경상
2021032800100385,2021년 3월 28일 20시,일요일,경상북도 영천시 북안면,중상사고,0,2,0,0,차대차 - 추돌,안전거리미확보,건조,맑음,단일로 - 기타,승용,남,22세,상해없음,승용,남,26세,중상
2021032900100015,2021년 3월 29일 02시,월요일,경상북도 경주시 건천읍,중상사고,0,1,0,0,차대차 - 측면충돌,중앙선침범,건조,맑음,단일로 - 기타,이륜,남,81세,중상,승용,남,47세,상해없음
2021032900100025,2021년 3월 29일 04시,월요일,경상북도 구미시 사곡동,중상사고,0,1,0,0,차대사람 - 횡단중,보행자보호의무위반,건조,맑음,교차로 - 교차로횡단보도내,승용,여,45세,상해없음,보행자,여,72세,중상
2021032900100038,2021년 3월 29일 06시,월요일,경상북도 경산시 하양읍,경상사고,0,0,1,0,차대사람 - 횡단중,보행자보호의무위반,건조,맑음,교차로 - 교차로안,승용,여,53세,상해없음,보행자,여,25세,경상
2021032900100060,2021년 3월 29일 07시,월요일,경상북도 경주시 천북면,경상사고,0,0,1,0,차대사람 - 차도통행중,안전운전불이행,건조,맑음,단일로 - 기타,화물,남,65세,상해없음,보행자,여,61세,경상
2021032900100061,2021년 3월 29일 07시,월요일,경상북도 포항시 북구 흥해읍,경상사고,0,0,1,0,차대차 - 측면충돌,안전운전불이행,건조,맑음,단일로 - 기타,화물,남,52세,상해없음,승용,여,66세,경상
2021032900100062,2021년 3월 29일 07시,월요일,경상북도 상주시 외답동,중상사고,0,1,0,0,차대차 - 측면충돌,신호위반,건조,맑음,교차로 - 교차로횡단보도내,승용,여,43세,상해없음,자전거,여,66세,중상
2021032900100063,2021년 3월 29일 07시,월요일,경상북도 영덕군 영덕읍,경상사고,0,0,1,0,차대차 - 측면충돌,교차로운행방법위반,건조,맑음,교차로 - 교차로안,화물,남,42세,상해없음,승용,여,42세,경상
2021032900100064,2021년 3월 29일 07시,월요일,경상북도 포항시 남구 연일읍,경상사고,0,0,1,1,차대차 - 측면충돌,안전운전불이행,건조,맑음,교차로 - 교차로안,화물,남,64세,상해없음,승용,남,31세,경상
2021032900100108,2021년 3월 29일 08시,월요일,경상북도 문경시 점촌동,중상사고,0,1,0,0,차대차 - 추돌,안전운전불이행,건조,맑음,단일로 - 기타,승용,여,37세,상해없음,승용,남,67세,중상
2021032900100109,2021년 3월 29일 08시,월요일,경상북도 영덕군 영덕읍,경상사고,0,0,1,0,차대차 - 측면충돌,직진우회전진행방해,건조,맑음,교차로 - 교차로안,화물,남,26세,경상,화물,남,55세,상해없음
2021032900100110,2021년 3월 29일 08시,월요일,경상북도 포항시 남구 연일읍,중상사고,0,1,0,0,차대차 - 추돌,안전운전불이행,건조,맑음,단일로 - 기타,승용,남,41세,상해없음,승용,남,42세,중상
2021032900100144,2021년 3월 29일 09시,월요일,경상북도 봉화군 명호면,중상사고,0,1,0,0,차대차 - 정면충돌,안전운전불이행,건조,맑음,단일로 - 기타,화물,남,68세,상해없음,농기계,남,74세,중상
2021032900100184,2021년 3월 29일 10시,월요일,경상북도 경주시 용강동,중상사고,0,1,1,0,차대차 - 측면충돌,안전운전불이행,건조,맑음,교차로 - 교차로부근,승용,여,31세,상해없음,승용,남,39세,상해없음
2021032900100185,2021년 3월 29일 10시,월요일,경상북도 영주시 영주동,중상사고,0,1,0,0,차대사람 - 횡단중,보행자보호의무위반,건조,맑음,교차로 - 교차로횡단보도내,승용,남,46세,상해없음,보행자,여,77세,중상
2021032900100222,2021년 3월 29일 11시,월요일,경상북도 경주시 현곡면,중상사고,0,2,1,0,차대차 - 측면충돌,안전운전불이행,건조,맑음,단일로 - 기타,승용,남,70세,상해없음,승용,남,63세,중상
2021032900100223,2021년 3월 29일 11시,월요일,경상북도 영주시 평은면,중상사고,0,1,0,0,차대차 - 기타,신호위반,건조,맑음,단일로 - 기타,화물,남,46세,상해없음,승용,여,35세,중상
2021032900100224,2021년 3월 29일 11시,월요일,경상북도 영천시 고경면,경상사고,0,0,1,0,차대차 - 기타,안전운전불이행,건조,맑음,단일로 - 기타,농기계,남,69세,상해없음,이륜,남,56세,경상
2021032900100256,2021년 3월 29일 12시,월요일,경상북도 경주시 감포읍,경상사고,0,0,1,0,차대차 - 측면충돌,안전운전불이행,건조,맑음,단일로 - 기타,화물,남,54세,상해없음,승용,여,40세,경상
2021032900100257,2021년 3월 29일 12시,월요일,경상북도 의성군 비안면,중상사고,0,1,0,0,차량단독 - 전도전복 - 전도,기타,건조,맑음,교차로 - 교차로부근,사륜오토바이(ATV),여,69세,중상,,,,
2021032900100258,2021년 3월 29일 12시,월요일,경상북도 영천시 문외동,중상사고,0,1,0,0,차대차 - 측면충돌,안전운전불이행,건조,맑음,단일로 - 기타,승용,남,31세,상해없음,이륜,남,28세,중상
2021032900100259,2021년 3월 29일 12시,월요일,경상북도 경산시 상방동,중상사고,0,1,0,0,차대차 - 측면충돌,안전운전불이행,건조,맑음,교차로 - 교차로안,화물,여,63세,상해없음,자전거,남,71세,중상
2021032900100260,2021년 3월 29일 12시,월요일,경상북도 포항시 남구 효자동,경상사고,0,0,1,0,차대차 - 측면충돌,기타,건조,맑음,교차로 - 교차로안,승용,여,31세,상해없음,이륜,남,30세,경상
2021032900100302,2021년 3월 29일 13시,월요일,경상북도 영천시 야사동,경상사고,0,0,1,0,차대차 - 측면충돌,안전운전불이행,건조,맑음,교차로 - 교차로부근,자전거,남,15세,경상,화물,남,26세,상해없음
2021032900100361,2021년 3월 29일 15시,월요일,경상북도 예천군 지보면,사망사고,1,0,0,0,차대차 - 측면충돌,안전운전불이행,건조,맑음,단일로 - 기타,화물,남,69세,상해없음,이륜,남,78세,사망
2021032900100362,2021년 3월 29일 15시,월요일,경상북도 고령군 대가야읍,중상사고,0,1,0,0,차대차 - 측면충돌,안전운전불이행,건조,맑음,교차로 - 교차로부근,이륜,남,86세,중상,농기계,남,61세,상해없음
2021032900100386,2021년 3월 29일 16시,월요일,경상북도 김천시 덕곡동,중상사고,0,1,0,0,차량단독 - 기타,안전운전불이행,건조,맑음,단일로 - 기타,승합,남,48세,상해없음,,,,
2021032900100418,2021년 3월 29일 17시,월요일,경상북도 포항시 북구 죽도동,경상사고,0,0,1,0,차대차 - 기타,안전운전불이행,건조,맑음,교차로 - 교차로안,이륜,남,29세,기타불명,승용,남,69세,경상
2021032900100419,2021년 3월 29일 17시,월요일,경상북도 칠곡군 왜관읍,경상사고,0,0,1,0,차대차 - 추돌,안전거리미확보,건조,맑음,단일로 - 기타,승합,남,54세,상해없음,승용,남,36세,경상
2021032900100473,2021년 3월 29일 18시,월요일,경상북도 안동시 옥동,경상사고,0,0,1,0,차대차 - 측면충돌,안전운전불이행,건조,맑음,교차로 - 교차로안,승용,여,40세,상해없음,이륜,남,23세,경상
2021032900100474,2021년 3월 29일 18시,월요일,경상북도 안동시 옥야동,경상사고,0,0,1,0,차대차 - 측면충돌,안전운전불이행,건조,맑음,단일로 - 기타,승용,여,29세,상해없음,자전거,남,62세,경상
2021032900100475,2021년 3월 29일 18시,월요일,경상북도 구미시 도량동,중상사고,0,1,0,0,차대차 - 측면충돌,안전운전불이행,건조,맑음,교차로 - 교차로안,승용,남,55세,상해없음,이륜,남,47세,중상
2021032900100476,2021년 3월 29일 18시,월요일,경상북도 포항시 남구 송내동,경상사고,0,0,2,0,차대차 - 측면충돌,신호위반,건조,맑음,교차로 - 교차로안,승용,남,41세,상해없음,승용,남,72세,경상
2021032900100507,2021년 3월 29일 19시,월요일,경상북도 경주시 문무대왕면,사망사고,1,0,0,0,차대사람 - 횡단중,안전운전불이행,건조,맑음,단일로 - 지하차도(도로)내,승용,남,49세,상해없음,보행자,여,79세,사망
2021032900100508,2021년 3월 29일 19시,월요일,경상북도 고령군 쌍림면,경상사고,0,0,1,0,차대차 - 측면충돌,중앙선침범,기타,기타,단일로 - 기타,화물,남,71세,상해없음,승합,남,30세,경상