사고번호,사고일시,요일,시군구,사고내용,사망자수,중상자수,경상자수,부상신고자수,사고유형,법규위반,노면상태,기상상태,도로형태,가해운전자 차종,가해운전자 성별,가해운전자 연령,가해운전자 상해정도,피해운전자 차종,피해운전자 성별,피해운전자 연령,피해운전자 상해정도
2021040300100054,2021년 4월 3일 06시,토요일,경상북도 경주시 건천읍,중상사고,0,1,0,0,차대차 - 측면충돌,안전운전불이행,건조,흐림,교차로 - 교차로부근,승용,여,59세,상해없음,승용,여,30세,중상
2021040300100055,2021년 4월 3일 06시,토요일,경상북도 문경시 마성면,중상사고,0,1,0,0,차대차 - 정면충돌,안전운전불이행,건조,맑음,단일로 - 기타,자전거,남,23세,중상,화물,남,55세,상해없음
2021040300100064,2021년 4월 3일 07시,토요일,경상북도 경주시 성동동,경상사고,0,0,1,0,차대사람 - 길가장자리구역통행중,안전운전불이행,건조,맑음,기타 - 기타,승용,남,49세,상해없음,보행자,여,78세,경상
2021040300100065,2021년 4월 3일 07시,토요일,경상북도 울진군 후포면,경상사고,0,0,1,0,차대차 - 추돌,안전운전불이행,건조,맑음,교차로 - 교차로부근,이륜,남,81세,경상,승용,남,36세,상해없음
2021040300100095,2021년 4월 3일 09시,토요일,경상북도 포항시 북구 죽도동,중상사고,0,1,0,0,차대차 - 측면충돌,안전운전불이행,건조,맑음,교차로 - 교차로안,이륜,남,42세,중상,승용,남,25세,상해없음
2021040300100116,2021년 4월 3일 10시,토요일,경상북도 성주군 용암면,경상사고,0,0,1,0,차대차 - 기타,안전운전불이행,건조,맑음,교차로 - 교차로부근,승용,남,56세,기타불명,화물,남,34세,경상
2021040300100117,2021년 4월 3일 10시,토요일,경상북도 구미시 고아읍,부상신고사고,0,0,0,1,차대차 - 기타,신호위반,젖음/습기,비,교차로 - 교차로부근,승용,여,29세,부상신고,승용,남,28세,상해없음
2021040300100118,2021년 4월 3일 10시,토요일,경상북도 포항시 남구 구룡포읍,부상신고사고,0,0,0,1,차대차 - 정면충돌,중앙선침범,건조,맑음,단일로 - 지하차도(도로)내,승용,남,79세,부상신고,승용,남,68세,상해없음
2021040300100188,2021년 4월 3일 12시,토요일,경상북도 포항시 남구 동해면,경상사고,0,0,1,0,차량단독 - 도로외이탈 - 추락,안전운전불이행,건조,맑음,단일로 - 지하차도(도로)내,승용,남,76세,경상,,,,
2021040300100189,2021년 4월 3일 12시,토요일,경상북도 상주시 사벌국면,경상사고,0,0,1,0,차대차 - 추돌,안전운전불이행,건조,맑음,단일로 - 기타,승용,남,25세,상해없음,승용,남,51세,경상
2021040300100240,2021년 4월 3일 13시,토요일,경상북도 안동시 옥동,경상사고,0,0,1,0,차대사람 - 기타,불법유턴,건조,맑음,단일로 - 기타,화물,여,77세,상해없음,보행자,여,21세,경상
2021040300100241,2021년 4월 3일 13시,토요일,경상북도 김천시 삼락동,경상사고,0,0,4,0,차대차 - 측면충돌,안전운전불이행,젖음/습기,비,교차로 - 교차로부근,화물,남,61세,상해없음,승용,여,52세,경상
2021040300100242,2021년 4월 3일 13시,토요일,경상북도 영천시 금호읍,경상사고,0,0,1,0,차대차 - 추돌,안전운전불이행,젖음/습기,비,단일로 - 기타,승용,남,55세,경상,승용,여,61세,상해없음
2021040300100280,2021년 4월 3일 14시,토요일,경상북도 김천시 응명동,경상사고,0,0,5,0,차대차 - 추돌,안전거리미확보,젖음/습기,비,단일로 - 기타,승용,남,62세,상해없음,승용,여,32세,경상
2021040300100281,2021년 4월 3일 14시,토요일,경상북도 고령군 대가야읍,경상사고,0,0,1,0,차대차 - 기타,안전운전불이행,젖음/습기,비,교차로 - 교차로안,화물,남,61세,상해없음,승용,여,63세,경상
2021040300100282,2021년 4월 3일 14시,토요일,경상북도 군위군 의흥면,경상사고,0,0,3,0,차대차 - 측면충돌,안전운전불이행,젖음/습기,비,교차로 - 교차로안,승용,남,35세,상해없음,승용,여,55세,경상
2021040300100308,2021년 4월 3일 15시,토요일,경상북도 경주시 감포읍,경상사고,0,0,1,0,차대차 - 추돌,안전운전불이행,젖음/습기,비,단일로 - 지하차도(도로)내,화물,남,65세,상해없음,승용,남,58세,상해없음
2021040300100309,2021년 4월 3일 15시,토요일,경상북도 칠곡군 북삼읍,경상사고,0,0,1,0,차대차 - 추돌,안전운전불이행,젖음/습기,맑음,단일로 - 기타,승용,남,23세,상해없음,승용,남,35세,경상
2021040300100310,2021년 4월 3일 15시,토요일,경상북도 영천시 대창면,경상사고,0,0,1,0,차대차 - 측면충돌,중앙선침범,젖음/습기,비,단일로 - 기타,승용,남,48세,상해없음,승용,여,64세,경상
2021040300100311,2021년 4월 3일 15시,토요일,경상북도 영천시 고경면,중상사고,0,1,1,0,차량단독 - 기타,안전운전불이행,젖음/습기,비,단일로 - 기타,승용,여,45세,경상,,,,
2021040300100343,2021년 4월 3일 16시,토요일,경상북도 포항시 북구 죽도동,경상사고,0,0,1,0,차대차 - 측면충돌,안전운전불이행,젖음/습기,비,단일로 - 기타,승용,여,54세,상해없음,승합,남,58세,경상
2021040300100344,2021년 4월 3일 16시,토요일,경상북도 김천시 지례면,사망사고,1,0,0,0,차량단독 - 공작물충돌,안전운전불이행,젖음/습기,비,교차로 - 교차로안,승용,남,59세,사망,,,,
2021040300100345,2021년 4월 3일 16시,토요일,경상북도 의성군 안계면,중상사고,0,1,2,0,차대차 - 추돌,안전운전불이행,젖음/습기,비,교차로 - 교차로안,승용,남,58세,경상,승용,남,55세,경상
2021040300100346,2021년 4월 3일 16시,토요일,경상북도 구미시 상모동,경상사고,0,0,2,0,차대차 - 측면충돌,직진우회전진행방해,젖음/습기,비,교차로 - 교차로안,승용,여,44세,경상,승용,남,54세,경상
2021040300100347,2021년 4월 3일 16시,토요일,경상북도 구미시 인의동,경상사고,0,0,1,1,차대차 - 측면충돌,교차로운행방법위반,젖음/습기,비,교차로 - 교차로안,승합,남,68세,부상신고,승용,남,23세,경상
2021040300100348,2021년 4월 3일 16시,토요일,경상북도 포항시 남구 연일읍,중상사고,0,1,0,0,차대차 - 측면충돌,안전운전불이행,젖음/습기,비,단일로 - 기타,승용,남,66세,상해없음,이륜,남,21세,중상
2021040300100349,2021년 4월 3일 16시,토요일,경상북도 포항시 남구 상도동,경상사고,0,0,1,0,차대차 - 측면충돌,안전거리미확보,젖음/습기,비,교차로 - 교차로부근,승용,남,65세,상해없음,승용,남,49세,경상
2021040300100382,2021년 4월 3일 17시,토요일,경상북도 포항시 남구 대잠동,경상사고,0,0,3,0,차대차 - 측면충돌,교차로운행방법위반,젖음/습기,비,교차로 - 교차로안,승용,남,29세,경상,승용,남,53세,경상
2021040300100414,2021년 4월 3일 18시,토요일,경상북도 구미시 신평동,경상사고,0,0,1,0,차대차 - 측면충돌,안전운전불이행,젖음/습기,비,단일로 - 기타,승용,여,55세,상해없음,승용,여,35세,경상
2021040300100454,2021년 4월 3일 19시,토요일,경상북도 포항시 북구 장성동,경상사고,0,0,1,0,차대차 - 추돌,안전운전불이행,젖음/습기,비,교차로 - 교차로부근,승용,남,60세,상해없음,승용,남,52세,상해없음
2021040300100455,2021년 4월 3일 19시,토요일,경상북도 안동시 용상동,경상사고,0,0,1,0,차대차 - 측면충돌,중앙선침범,젖음/습기,비,교차로 - 교차로부근,승용,남,83세,상해없음,승용,남,51세,경상
2021040300100456,2021년 4월 3일 19시,토요일,경상북도 안동시 운흥동,중상사고,0,1,0,0,차대사람 - 횡단중,안전운전불이행,젖음/습기,비,단일로 - 기타,이륜,남,17세,상해없음,보행자,여,62세,중상
2021040300100457,2021년 4월 3일 19시,토요일,경상북도 영주시 휴천동,경상사고,0,0,1,0,차대차 - 측면충돌,안전운전불이행,젖음/습기,비,교차로 - 교차로부근,승용,남,30세,상해없음,승용,남,71세,경상
2021040300100458,2021년 4월 3일 19시,토요일,경상북도 울진군 죽변면,중상사고,0,1,0,0,차대사람 - 기타,안전운전불이행,젖음/습기,비,기타 - 기타,원동기,남,26세,상해없음,보행자,여,55세,중상
2021040300100495,2021년 4월 3일 20시,토요일,경상북도 경주시 노서동,경상사고,0,0,1,0,차대차 - 측면충돌,신호위반,젖음/습기,비,교차로 - 교차로안,승용,남,65세,상해없음,이륜,남,36세,경상
2021040300100496,2021년 4월 3일 20시,토요일,경상북도 울진군 죽변면,경상사고,0,0,1,0,차대사람 - 길가장자리구역통행중,안전운전불이행,젖음/습기,비,기타 - 기타,화물,남,39세,기타불명,보행자,여,58세,경상
2021040300100497,2021년 4월 3일 20시,토요일,경상북도 구미시 고아읍,경상사고,0,0,1,0,차대차 - 기타,차로위반,건조,맑음,교차로 - 교차로부근,승용,남,21세,상해없음,승용,남,66세,경상
2021040300100498,2021년 4월 3일 20시,토요일,경상북도 칠곡군 석적읍,중상사고,0,2,0,0,차대차 - 측면충돌,안전운전불이행,젖음/습기,비,단일로 - 기타,승용,여,61세,중상,승용,남,37세,상해없음
2021040300100538,2021년 4월 3일 21시,토요일,경상북도 경산시 진량읍,경상사고,0,0,4,0,차대차 - 추돌,안전운전불이행,젖음/습기,비,교차로 - 교차로부근,화물,남,66세,상해없음,승합,남,59세,경상
2021040300100539,2021년 4월 3일 21시,토요일,경상북도 구미시 원평동,중상사고,0,1,0,0,차대사람 - 횡단중,보행자보호의무위반,젖음/습기,흐림,교차로 - 교차로부근,승용,남,62세,상해없음,보행자,남,35세,중상
2021040300100540,2021년 4월 3일 21시,토요일,경상북도 포항시 남구 효자동,부상신고사고,0,0,0,1,차대사람 - 횡단중,안전운전불이행,젖음/습기,비,단일로 - 기타,이륜,남,35세,상해없음,보행자,남,54세,부상신고
2021040300100541,2021년 4월 3일 21시,토요일,경상북도 포항시 남구 오천읍,중상사고,0,1,0,0,차대사람 - 횡단중,안전운전불이행,젖음/습기,비,교차로 - 교차로부근,승용,남,48세,상해없음,보행자,남,60세,중상
2021040300100591,2021년 4월 3일 22시,토요일,경상북도 경주시 용강동,경상사고,0,0,1,0,차대차 - 추돌,안전운전불이행,젖음/습기,비,단일로 - 기타,화물,남,59세,상해없음,승용,남,27세,경상
2021040300100592,2021년 4월 3일 22시,토요일,경상북도 안동시 옥동,경상사고,0,0,1,0,차대차 - 후진중충돌,안전운전불이행,젖음/습기,비,단일로 - 기타,승용,남,34세,상해없음,승용,남,51세,경상
2021040300100593,2021년 4월 3일 22시,토요일,경상북도 경산시 진량읍,경상사고,0,0,1,0,차대차 - 측면충돌,신호위반,젖음/습기,비,교차로 - 교차로안,승용,남,57세,상해없음,승용,여,61세,경상
2021040300100624,2021년 4월 3일 23시,토요일,경상북도 포항시 북구 죽도동,중상사고,0,1,4,0,차대차 - 측면충돌,직진우회전진행방해,건조,맑음,교차로 - 교차로안,승용,남,25세,기타불명,승용,남,70세,경상
2021040300100625,2021년 4월 3일 23시,토요일,경상북도 경산시 정평동,경상사고,0,0,1,0,차대사람 - 기타,기타,젖음/습기,비,기타 - 기타,개인형이동수단(PM),남,22세,상해없음,보행자,남,19세,경상
2021040400100010,2021년 4월 4일 00시,일요일,경상북도 상주시 무양동,경상사고,0,0,1,0,차대차 - 측면충돌,안전운전불이행,젖음/습기,비,교차로 - 교차로부근,승용,남,58세,경상,승용,남,50세,상해없음
2021040400100011,2021년 4월 4일 00시,일요일,경상북도 포항시 남구 대도동,중상사고,0,1,0,0,차대사람 - 기타,안전운전불이행,젖음/습기,비,단일로 - 기타,승용,남,74세,상해없음,보행자,남,61세,중상
2021040400100037,2021년 4월 4일 03시,일요일,경상북도 구미시 형곡동,경상사고,0,0,2,0,차대사람 - 횡단중,신호위반,젖음/습기,비,교차로 - 교차로횡단보도내,이륜,남,41세,상해없음,보행자,남,41세,경상
2021040400100050,2021년 4월 4일 06시,일요일,경상북도 성주군 성주읍,부상신고사고,0,0,0,1,차대사람 - 길가장자리구역통행중,안전운전불이행,젖음/습기,비,단일로 - 기타,승용,남,54세,상해없음,보행자,남,21세,부상신고
2021040400100059,2021년 4월 4일 08시,일요일,경상북도 포항시 북구 대흥동,경상사고,0,0,1,0,차대차 - 측면충돌,신호위반,젖음/습기,비,교차로 - 교차로부근,승용,여,70세,상해없음,승용,남,26세,경상
2021040400100060,2021년 4월 4일 08시,일요일,경상북도 예천군 예천읍,중상사고,0,1,0,0,차대차 - 측면충돌,안전운전불이행,젖음/습기,비,교차로 - 교차로안,승용,남,52세,상해없음,승용,남,27세,중상
2021040400100061,2021년 4월 4일 08시,일요일,경상북도 구미시 도량동,중상사고,0,1,0,0,차대차 - 측면충돌,안전운전불이행,젖음/습기,비,교차로 - 교차로안,승용,여,42세,상해없음,화물,남,41세,중상
2021040400100062,2021년 4월 4일 08시,일요일,경상북도 구미시 구포동,경상사고,0,0,1,0,차대차 - 측면충돌,신호위반,젖음/습기,비,교차로 - 교차로안,승용,여,42세,상해없음,승용,남,28세,경상
2021040400100076,2021년 4월 4일 09시,일요일,경상북도 포항시 북구 득량동,중상사고,0,1,1,0,차대차 - 기타,중앙선침범,젖음/습기,비,교차로 - 교차로부근,원동기,남,51세,중상,승용,여,43세,경상
2021040400100095,2021년 4월 4일 10시,일요일,경상북도 김천시 부곡동,부상신고사고,0,0,0,1,차대사람 - 기타,보행자보호의무위반,젖음/습기,비,교차로 - 교차로부근,승용,남,76세,상해없음,보행자,여,63세,부상신고
2021040400100108,2021년 4월 4일 11시,일요일,경상북도 칠곡군 기산면,경상사고,0,0,1,0,차대차 - 기타,안전운전불이행,건조,흐림,단일로 - 기타,승용,남,24세,상해없음,승용,남,52세,경상
2021040400100133,2021년 4월 4일 12시,일요일,경상북도 구미시 사곡동,경상사고,0,0,2,0,차대차 - 기타,안전운전불이행,젖음/습기,맑음,단일로 - 기타,승용,남,47세,상해없음,승용,여,68세,경상
2021040400100156,2021년 4월 4일 13시,일요일,경상북도 포항시 북구 장성동,중상사고,0,1,0,0,차대차 - 기타,안전운전불이행,건조,맑음,교차로 - 교차로안,승용,남,65세,상해없음,승합,남,63세,상해없음
2021040400100157,2021년 4월 4일 13시,일요일,경상북도 안동시 태화동,중상사고,0,1,0,0,차량단독 - 기타,안전운전불이행,건조,맑음,단일로 - 기타,승합,남,55세,상해없음,,,,
2021040400100184,2021년 4월 4일 14시,일요일,경상북도 경주시 황오동,중상사고,0,1,0,0,차대차 - 측면충돌,안전운전불이행,건조,맑음,교차로 - 교차로안,승용,여,30세,상해없음,자전거,남,78세,중상
2021040400100230,2021년 4월 4일 15시,일요일,경상북도 경산시 하양읍,사망사고,1,0,1,0,차대차 - 추돌,안전운전불이행,젖음/습기,흐림,단일로 - 기타,이륜,남,72세,경상,승용,남,58세,상해없음
2021040400100263,2021년 4월 4일 16시,일요일,경상북도 칠곡군 지천면,경상사고,0,0,3,0,차대차 - 측면충돌,중앙선침범,건조,흐림,단일로 - 기타,승용,남,66세,상해없음,화물,남,46세,경상
2021040400100287,2021년 4월 4일 17시,일요일,경상북도 칠곡군 왜관읍,경상사고,0,0,1,0,차대차 - 측면충돌,직진우회전진행방해,건조,맑음,교차로 - 교차로안,승용,남,35세,상해없음,승용,남,61세,경상
2021040400100288,2021년 4월 4일 17시,일요일,경상북도 포항시 남구 오천읍,경상사고,0,0,1,0,차대차 - 측면충돌,안전거리미확보,건조,맑음,교차로 - 교차로부근,화물,남,56세,상해없음,이륜,남,36세,경상
2021040400100313,2021년 4월 4일 18시,일요일,경상북도 안동시 안흥동,경상사고,0,0,2,0,차대차 - 후진중충돌,안전운전불이행,건조,맑음,단일로 - 기타,승용,여,65세,상해없음,승용,여,43세,경상
2021040400100337,2021년 4월 4일 19시,일요일,경상북도 안동시 운흥동,경상사고,0,0,1,0,차대차 - 측면충돌,교차로운행방법위반,건조,맑음,교차로 - 교차로안,승용,남,53세,상해없음,승용,남,41세,경상
2021040400100338,2021년 4월 4일 19시,일요일,경상북도 칠곡군 지천면,경상사고,0,0,1,1,차대차 - 측면충돌,안전거리미확보,건조,맑음,단일로 - 기타,승용,남,29세,부상신고,화물,남,43세,경상
2021040400100339,2021년 4월 4일 19시,일요일,경상북도 포항시 남구 대도동,경상사고,0,0,1,0,차대차 - 추돌,안전운전불이행,건조,맑음,교차로 - 교차로안,화물,남,44세,상해없음,이륜,남,47세,경상
2021040400100416,2021년 4월 4일 23시,일요일,경상북도 안동시 안막동,경상사고,0,0,1,0,차대차 - 정면충돌,중앙선침범,건조,맑음,기타 - 기타,승용,남,49세,상해없음,이륜,남,28세,경상
2021040500100005,2021년 4월 5일 00시,월요일,경상북도 상주시 사벌국면,중상사고,0,3,3,0,차대차 - 추돌,안전운전불이행,건조,맑음,단일로 - 기타,화물,남,40세,경상,화물,남,58세,중상
2021040500100010,2021년 4월 5일 01시,월요일,경상북도 구미시 거의동,부상신고사고,0,0,0,2,차량단독 - 공작물충돌,안전운전불이행,건조,흐림,단일로 - 기타,승용,남,20세,부상신고,,,,
2021040500100011,2021년 4월 5일 01시,월요일,경상북도 포항시 남구 상도동,부상신고사고,0,0,0,1,차대차 - 추돌,안전운전불이행,건조,맑음,단일로 - 기타,이륜,남,26세,상해없음,승용,남,56세,부상신고
2021040500100018,2021년 4월 5일 02시,월요일,경상북도 포항시 남구 상도동,경상사고,0,0,1,0,차대차 - 측면충돌,중앙선침범,건조,맑음,교차로 - 교차로안,승용,남,21세,상해없음,승용,여,65세,경상
2021040500100072,2021년 4월 5일 07시,월요일,경상북도 경주시 도지동,중상사고,0,1,0,0,차대차 - 추돌,안전운전불이행,건조,맑음,단일로 - 지하차도(도로)내,승용,남,22세,상해없음,승용,여,27세,중상
2021040500100073,2021년 4월 5일 07시,월요일,경상북도 구미시 임은동,경상사고,0,0,2,2,차대차 - 추돌,안전거리미확보,건조,맑음,단일로 - 기타,승용,남,24세,부상신고,승용,남,23세,경상
2021040500100111,2021년 4월 5일 08시,월요일,경상북도 경주시 강동면,경상사고,0,0,3,0,차대차 - 추돌,안전운전불이행,건조,맑음,교차로 - 교차로안,승용,남,60세,상해없음,승용,남,35세,경상
2021040500100112,2021년 4월 5일 08시,월요일,경상북도 구미시 구평동,경상사고,0,0,1,1,차대차 - 추돌,안전운전불이행,건조,맑음,단일로 - 터널,승용,여,46세,부상신고,승용,남,27세,경상
2021040500100113,2021년 4월 5일 08시,월요일,경상북도 포항시 남구 효자동,경상사고,0,0,1,0,차대차 - 측면충돌,교차로운행방법위반,건조,맑음,교차로 - 교차로안,승용,여,56세,상해없음,승용,남,44세,경상
2021040500100153,2021년 4월 5일 09시,월요일,경상북도 상주시 공성면,경상사고,0,0,2,0,차대차 - 측면충돌,안전운전불이행,건조,맑음,단일로 - 기타,승용,남,18세,상해없음,승용,남,37세,경상
2021040500100154,2021년 4월 5일 09시,월요일,경상북도 영천시 완산동,경상사고,0,0,2,0,차대차 - 측면충돌,안전운전불이행,건조,맑음,교차로 - 교차로안,승용,남,65세,상해없음,승용,여,65세,경상
2021040500100192,2021년 4월 5일 10시,월요일,경상북도 포항시 북구 흥해읍,중상사고,0,1,1,0,차대차 - 측면충돌,신호위반,건조,맑음,교차로 - 교차로안,승용,남,73세,상해없음,승용,남,21세,중상
2021040500100224,2021년 4월 5일 11시,월요일,경상북도 경주시 서면,경상사고,0,0,2,0,차대차 - 측면충돌,신호위반,건조,맑음,교차로 - 교차로안,건설기계,남,55세,상해없음,승용,남,46세,경상
2021040500100253,2021년 4월 5일 12시,월요일,경상북도 군위군 우보면,사망사고,1,2,0,0,차대차 - 정면충돌,중앙선침범,건조,맑음,단일로 - 기타,화물,남,72세,사망,승용,남,47세,중상
2021040500100327,2021년 4월 5일 14시,월요일,경상북도 경산시 옥산동,경상사고,0,0,1,0,차대사람 - 기타,기타,건조,맑음,단일로 - 기타,개인형이동수단(PM),여,25세,상해없음,보행자,여,15세,경상
2021040500100328,2021년 4월 5일 14시,월요일,경상북도 청도군 각남면,중상사고,0,1,1,0,차대차 - 측면충돌,교차로운행방법위반,건조,맑음,교차로 - 교차로안,화물,남,57세,상해없음,승용,남,60세,중상
2021040500100329,2021년 4월 5일 14시,월요일,경상북도 포항시 남구 대도동,경상사고,0,0,2,0,차대차 - 측면충돌,직진우회전진행방해,건조,맑음,교차로 - 교차로안,승용,여,28세,경상,승용,여,48세,경상
2021040500100376,2021년 4월 5일 15시,월요일,경상북도 경산시 압량읍,경상사고,0,0,1,0,차대차 - 정면충돌,신호위반,건조,맑음,교차로 - 교차로안,이륜,남,48세,상해없음,개인형이동수단(PM),남,84세,경상
2021040500100377,2021년 4월 5일 15시,월요일,경상북도 포항시 남구 연일읍,경상사고,0,0,1,0,차대사람 - 길가장자리구역통행중,안전운전불이행,건조,맑음,주차장 - 주차장,승용,남,48세,상해없음,보행자,남,58세,경상
2021040500100419,2021년 4월 5일 16시,월요일,경상북도 포항시 북구 죽도동,경상사고,0,0,1,0,차대차 - 기타,안전운전불이행,건조,맑음,단일로 - 기타,승용,남,64세,경상,승용,남,58세,기타불명
2021040500100420,2021년 4월 5일 16시,월요일,경상북도 안동시 삼산동,경상사고,0,0,1,1,차대차 - 기타,안전운전불이행,건조,맑음,교차로 - 교차로안,승용,남,69세,부상신고,승용,남,73세,경상
2021040500100465,2021년 4월 5일 17시,월요일,경상북도 의성군 단밀면,중상사고,0,1,0,0,차대차 - 측면충돌,안전운전불이행,건조,맑음,단일로 - 기타,자전거,남,83세,중상,화물,남,67세,상해없음
2021040500100466,2021년 4월 5일 17시,월요일,경상북도 칠곡군 왜관읍,부상신고사고,0,0,0,1,차대차 - 측면충돌,직진우회전진행방해,건조,맑음,교차로 - 교차로안,이륜,남,76세,부상신고,화물,남,78세,상해없음
2021040500100521,2021년 4월 5일 18시,월요일,경상북도 경주시 황성동,경상사고,0,0,1,0,차대사람 - 길가장자리구역통행중,안전운전불이행,건조,맑음,단일로 - 지하차도(도로)내,승용,여,49세,상해없음,보행자,남,75세,경상
2021040500100522,2021년 4월 5일 18시,월요일,경상북도 경산시 진량읍,경상사고,0,0,2,0,차대차 - 측면충돌,신호위반,건조,맑음,교차로 - 교차로안,승용,남,48세,상해없음,승용,남,37세,경상
2021040500100560,2021년 4월 5일 19시,월요일,경상북도 포항시 북구 덕산동,경상사고,0,0,1,0,차대차 - 기타,기타,건조,맑음,단일로 - 기타,승용,여,65세,상해없음,이륜,남,54세,경상
2021040500100561,2021년 4월 5일 19시,월요일,경상북도 안동시 옥동,경상사고,0,0,2,0,차대차 - 측면충돌,교차로운행방법위반,건조,맑음,교차로 - 교차로안,승용,남,60세,상해없음,승용,남,22세,경상
2021040500100562,2021년 4월 5일 19시,월요일,경상북도 김천시 어모면,경상사고,0,0,2,0,차대차 - 측면충돌,안전운전불이행,건조,맑음,교차로 - 교차로안,화물,남,65세,상해없음,승용,남,60세,경상
2021040500100563,2021년 4월 5일 19시,월요일,경상북도 영주시 영주동,경상사고,0,0,1,0,차대차 - 추돌,안전운전불이행,젖음/습기,맑음,단일로 - 기타,승용,남,43세,상해없음,승용,여,38세,경상
2021040500100564,2021년 4월 5일 19시,월요일,경상북도 구미시 도량동,경상사고,0,0,1,0,차대차 - 기타,교차로운행방법위반,건조,맑음,교차로 - 교차로안,승용,남,42세,상해없음,자전거,남,56세,경상
2021040500100565,2021년 4월 5일 19시,월요일,경상북도 포항시 남구 오천읍,중상사고,0,1,1,0,차대차 - 측면충돌,안전운전불이행,건조,맑음,교차로 - 교차로안,승용,남,22세,상해없음,승용,남,57세,경상
2021040500100599,2021년 4월 5일 20시,월요일,경상북도 포항시 북구 두호동,경상사고,0,0,2,0,차대차 - 기타,안전운전불이행,건조,맑음,교차로 - 교차로부근,승용,남,19세,상해없음,승용,남,35세,경상
2021040500100600,2021년 4월 5일 20시,월요일,경상북도 김천시 농소면,사망사고,1,0,0,0,차대사람 - 기타,안전운전불이행,건조,맑음,단일로 - 기타,승용,남,36세,상해없음,보행자,남,78세,사망
2021040500100601,2021년 4월 5일 20시,월요일,경상북도 경산시 정평동,경상사고,0,0,1,0,차대차 - 측면충돌,신호위반,건조,맑음,교차로 - 교차로안,승용,남,48세,상해없음,승용,남,68세,경상
2021040500100602,2021년 4월 5일 20시,월요일,경상북도 울진군 울진읍,경상사고,0,0,2,0,차대차 - 측면충돌,신호위반,건조,맑음,교차로 - 교차로안,승용,여,31세,경상,승용,남,53세,경상
2021040600100003,2021년 4월 6일 00시,화요일,경상북도 경산시 조영동,경상사고,0,0,1,0,차량단독 - 기타,안전운전불이행,건조,맑음,교차로 - 교차로안,승용,남,57세,상해없음,,,,
2021040600100017,2021년 4월 6일 03시,화요일,경상북도 울진군 평해읍,중상사고,0,1,0,0,차량단독 - 전도전복 - 전도,안전운전불이행,건조,맑음,단일로 - 기타,승용,남,68세,중상,,,,
2021040600100021,2021년 4월 6일 05시,화요일,경상북도 경주시 내남면,사망사고,1,0,0,0,차대사람 - 횡단중,안전운전불이행,건조,맑음,교차로 - 교차로안,화물,남,36세,상해없음,보행자,여,78세,사망
2021040600100032,2021년 4월 6일 06시,화요일,경상북도 경산시 삼북동,경상사고,0,0,1,0,차대차 - 측면충돌,안전운전불이행,건조,맑음,교차로 - 교차로부근,승합,남,64세,상해없음,승용,여,39세,경상
2021040600100054,2021년 4월 6일 07시,화요일,경상북도 경주시 외동읍,경상사고,0,0,1,0,차대차 - 측면충돌,교차로운행방법위반,건조,맑음,교차로 - 교차로안,승용,남,72세,상해없음,화물,남,51세,경상
2021040600100089,2021년 4월 6일 08시,화요일,경상북도 구미시 형곡동,경상사고,0,0,1,0,차대차 - 기타,안전운전불이행,건조,맑음,단일로 - 기타,승용,여,49세,상해없음,개인형이동수단(PM),여,34세,경상
2021040600100090,2021년 4월 6일 08시,화요일,경상북도 구미시 신평동,경상사고,0,0,1,0,차대차 - 측면충돌,안전운전불이행,건조,맑음,교차로 - 교차로안,승용,여,51세,상해없음,승용,남,41세,경상
2021040600100091,2021년 4월 6일 08시,화요일,경상북도 포항시 남구 대잠동,경상사고,0,0,2,0,차대차 - 측면충돌,차로위반,건조,맑음,단일로 - 지하차도(도로)내,건설기계,남,58세,상해없음,승용,여,60세,경상
2021040600100119,2021년 4월 6일 09시,화요일,경상북도 영천시 대창면,경상사고,0,0,1,0,차대차 - 측면충돌,안전운전불이행,건조,맑음,교차로 - 교차로부근,화물,남,68세,상해없음,화물,남,56세,경상
2021040600100120,2021년 4월 6일 09시,화요일,경상북도 경산시 계양동,경상사고,0,0,1,0,차대차 - 추돌,안전운전불이행,건조,맑음,교차로 - 교차로안,승용,남,26세,상해없음,승용,여,47세,경상
2021040600100150,2021년 4월 6일 10시,화요일,경상북도 청도군 화양읍,경상사고,0,0,1,0,차대차 - 정면충돌,신호위반,건조,맑음,교차로 - 교차로부근,승용,여,73세,상해없음,승용,남,50세,경상
2021040600100151,2021년 4월 6일 10시,화요일,경상북도 울릉군 서면,사망사고,1,0,0,0,차량단독 - 공작물충돌,안전운전불이행,건조,맑음,단일로 - 기타,승용,여,69세,사망,,,,
2021040600100180,2021년 4월 6일 11시,화요일,경상북도 경산시 대동,경상사고,0,0,1,0,차대차 - 측면충돌,안전운전불이행,건조,맑음,교차로 - 교차로부근,승용,남,72세,상해없음,승용,남,66세,경상
2021040600100204,2021년 4월 6일 12시,화요일,경상북도 상주시 모서면,중상사고,0,1,2,0,차대차 - 기타,교차로운행방법위반,건조,맑음,교차로 - 교차로안,승용,남,53세,경상,승용,여,60세,중상
2021040600100205,2021년 4월 6일 12시,화요일,경상북도 예천군 유천면,중상사고,0,1,0,0,차대차 - 측면충돌,안전운전불이행,건조,맑음,교차로 - 교차로안,승용,남,77세,상해없음,자전거,남,68세,중상
2021040600100236,2021년 4월 6일 13시,화요일,경상북도 상주시 개운동,중상사고,0,1,0,0,차대차 - 측면충돌,교차로운행방법위반,건조,맑음,교차로 - 교차로안,승용,여,62세,상해없음,승용,남,58세,중상