사고번호,사고일시,요일,시군구,사고내용,사망자수,중상자수,경상자수,부상신고자수,사고유형,법규위반,노면상태,기상상태,도로형태,가해운전자 차종,가해운전자 성별,가해운전자 연령,가해운전자 상해정도,피해운전자 차종,피해운전자 성별,피해운전자 연령,피해운전자 상해정도
2021040600100237,2021년 4월 6일 13시,화요일,경상북도 구미시 구평동,중상사고,0,1,1,0,차대차 - 기타,안전운전불이행,건조,맑음,기타 - 기타,승용,여,18세,경상,자전거,남,11세,중상
2021040600100267,2021년 4월 6일 14시,화요일,경상북도 상주시 연원동,중상사고,0,3,0,0,차대차 - 추돌,안전운전불이행,건조,맑음,단일로 - 기타,화물,남,32세,상해없음,승용,여,63세,중상
2021040600100268,2021년 4월 6일 14시,화요일,경상북도 상주시 냉림동,중상사고,0,1,0,0,차대차 - 추돌,기타,건조,맑음,단일로 - 기타,승용,여,39세,상해없음,원동기,여,59세,중상
2021040600100309,2021년 4월 6일 15시,화요일,경상북도 경주시 동천동,경상사고,0,0,1,0,차대차 - 측면충돌,안전거리미확보,건조,맑음,교차로 - 교차로부근,화물,남,56세,상해없음,승용,여,64세,경상
2021040600100310,2021년 4월 6일 15시,화요일,경상북도 성주군 대가면,중상사고,0,1,1,0,차대차 - 측면충돌,신호위반,건조,맑음,교차로 - 교차로안,승용,여,63세,상해없음,승용,남,60세,경상
2021040600100311,2021년 4월 6일 15시,화요일,경상북도 고령군 대가야읍,부상신고사고,0,0,0,1,차대차 - 측면충돌,안전운전불이행,건조,맑음,교차로 - 교차로안,자전거,남,11세,부상신고,승용,여,53세,상해없음
2021040600100312,2021년 4월 6일 15시,화요일,경상북도 안동시 일직면,경상사고,0,0,2,0,차대차 - 추돌,기타,건조,맑음,단일로 - 기타,승용,여,23세,경상,승용,여,58세,경상
2021040600100345,2021년 4월 6일 16시,화요일,경상북도 경주시 안강읍,경상사고,0,0,1,0,차대사람 - 횡단중,교차로운행방법위반,건조,맑음,교차로 - 교차로안,승용,여,38세,상해없음,보행자,남,13세,경상
2021040600100346,2021년 4월 6일 16시,화요일,경상북도 김천시 응명동,경상사고,0,0,1,0,차대차 - 측면충돌,직진우회전진행방해,건조,맑음,교차로 - 교차로안,화물,남,58세,상해없음,승용,여,32세,경상
2021040600100347,2021년 4월 6일 16시,화요일,경상북도 구미시 인의동,중상사고,0,1,0,0,차대차 - 정면충돌,기타,건조,맑음,단일로 - 기타,승용,남,32세,상해없음,이륜,남,25세,중상
2021040600100389,2021년 4월 6일 17시,화요일,경상북도 경주시 성건동,경상사고,0,0,2,0,차대차 - 측면충돌,직진우회전진행방해,건조,맑음,교차로 - 교차로안,승용,남,43세,경상,승용,남,28세,경상
2021040600100390,2021년 4월 6일 17시,화요일,경상북도 안동시 옥동,경상사고,0,0,1,1,차대차 - 측면충돌,안전거리미확보,건조,맑음,교차로 - 교차로부근,승용,남,72세,부상신고,화물,남,34세,경상
2021040600100391,2021년 4월 6일 17시,화요일,경상북도 구미시 구평동,경상사고,0,0,1,0,차대차 - 기타,안전운전불이행,건조,맑음,교차로 - 교차로부근,승용,남,64세,상해없음,승용,남,37세,경상
2021040600100428,2021년 4월 6일 18시,화요일,경상북도 칠곡군 석적읍,경상사고,0,0,2,0,차대차 - 측면충돌,직진우회전진행방해,건조,맑음,교차로 - 교차로안,승용,남,28세,경상,승용,남,46세,경상
2021040600100477,2021년 4월 6일 19시,화요일,경상북도 상주시 공검면,경상사고,0,0,1,0,차대차 - 측면충돌,안전운전불이행,건조,맑음,단일로 - 기타,화물,남,72세,상해없음,화물,남,62세,상해없음
2021040600100478,2021년 4월 6일 19시,화요일,경상북도 경산시 용성면,경상사고,0,0,1,0,차대차 - 추돌,안전운전불이행,건조,맑음,단일로 - 기타,승용,여,58세,상해없음,농기계,남,70세,경상
2021040600100479,2021년 4월 6일 19시,화요일,경상북도 경산시 하양읍,경상사고,0,0,1,0,차대차 - 후진중충돌,안전운전불이행,건조,맑음,단일로 - 기타,승용,여,42세,상해없음,이륜,남,31세,경상
2021040600100480,2021년 4월 6일 19시,화요일,경상북도 포항시 남구 효자동,경상사고,0,0,3,0,차대차 - 측면충돌,안전운전불이행,건조,맑음,교차로 - 교차로안,승용,여,39세,경상,승용,여,27세,경상
2021040600100509,2021년 4월 6일 20시,화요일,경상북도 경주시 현곡면,중상사고,0,1,0,0,차대사람 - 보도통행중,보행자보호의무위반,건조,맑음,교차로 - 교차로안,승용,남,66세,상해없음,보행자,남,48세,중상
2021040600100510,2021년 4월 6일 20시,화요일,경상북도 포항시 북구 두호동,경상사고,0,0,1,0,차대차 - 측면충돌,직진우회전진행방해,건조,맑음,교차로 - 교차로안,이륜,남,21세,경상,승용,남,66세,상해없음
2021040600100511,2021년 4월 6일 20시,화요일,경상북도 구미시 송정동,중상사고,0,1,0,0,차대차 - 추돌,안전운전불이행,건조,맑음,단일로 - 기타,승용,남,63세,상해없음,이륜,남,41세,중상
2021040600100512,2021년 4월 6일 20시,화요일,경상북도 구미시 공단동,경상사고,0,0,1,0,차대차 - 기타,신호위반,건조,맑음,단일로 - 기타,승용,여,44세,상해없음,자전거,남,36세,경상
2021040600100513,2021년 4월 6일 20시,화요일,경상북도 구미시 사곡동,경상사고,0,0,1,0,차대차 - 측면충돌,교차로운행방법위반,건조,맑음,교차로 - 교차로안,승용,여,47세,상해없음,승용,남,47세,경상
2021040600100514,2021년 4월 6일 20시,화요일,경상북도 포항시 남구 오천읍,경상사고,0,0,1,0,차대차 - 측면충돌,직진우회전진행방해,건조,맑음,교차로 - 교차로안,승용,여,69세,상해없음,승용,남,69세,경상
2021040700100006,2021년 4월 7일 00시,수요일,경상북도 봉화군 봉화읍,경상사고,0,0,1,0,차대차 - 측면충돌,안전운전불이행,건조,맑음,교차로 - 교차로안,승용,여,70세,상해없음,사륜오토바이(ATV),남,92세,경상
2021040700100025,2021년 4월 7일 05시,수요일,경상북도 영천시 조교동,경상사고,0,0,1,0,차대차 - 기타,안전운전불이행,건조,맑음,교차로 - 교차로부근,승용,남,28세,상해없음,승용,남,41세,경상
2021040700100052,2021년 4월 7일 07시,수요일,경상북도 봉화군 소천면,사망사고,1,0,0,0,차량단독 - 공작물충돌,안전운전불이행,건조,맑음,단일로 - 터널,화물,남,46세,사망,,,,
2021040700100093,2021년 4월 7일 08시,수요일,경상북도 김천시 율곡동,중상사고,0,1,0,0,차대사람 - 보도통행중,안전운전불이행,건조,맑음,기타 - 기타,기타불명,기타불명,미분류,기타불명,보행자,남,44세,중상
2021040700100094,2021년 4월 7일 08시,수요일,경상북도 상주시 남성동,경상사고,0,0,1,0,차대차 - 측면충돌,안전운전불이행,건조,맑음,단일로 - 기타,승용,남,53세,상해없음,자전거,남,17세,경상
2021040700100095,2021년 4월 7일 08시,수요일,경상북도 경산시 계양동,중상사고,0,1,0,0,차대차 - 추돌,안전운전불이행,건조,맑음,단일로 - 기타,승용,남,25세,상해없음,승용,여,52세,중상
2021040700100096,2021년 4월 7일 08시,수요일,경상북도 구미시 진평동,중상사고,0,1,2,0,차대차 - 기타,교차로운행방법위반,건조,맑음,교차로 - 교차로안,이륜,남,28세,중상,승용,여,28세,경상
2021040700100130,2021년 4월 7일 09시,수요일,경상북도 경산시 사정동,경상사고,0,0,1,0,차대차 - 기타,안전거리미확보,건조,맑음,단일로 - 기타,건설기계,남,56세,기타불명,승용,여,45세,경상
2021040700100162,2021년 4월 7일 10시,수요일,경상북도 안동시 운흥동,경상사고,0,0,1,0,차대사람 - 길가장자리구역통행중,안전운전불이행,건조,맑음,단일로 - 기타,승용,여,64세,상해없음,보행자,남,38세,경상
2021040700100163,2021년 4월 7일 10시,수요일,경상북도 칠곡군 왜관읍,경상사고,0,0,1,1,차대차 - 추돌,안전거리미확보,건조,맑음,단일로 - 기타,승용,남,54세,부상신고,승용,남,62세,경상
2021040700100164,2021년 4월 7일 10시,수요일,경상북도 성주군 성주읍,중상사고,0,1,0,0,차대차 - 측면충돌,안전운전불이행,건조,맑음,단일로 - 고가도로위,화물,남,61세,상해없음,이륜,남,68세,중상
2021040700100194,2021년 4월 7일 11시,수요일,경상북도 안동시 풍천면,경상사고,0,0,1,0,차대사람 - 횡단중,신호위반,건조,맑음,단일로 - 기타,승용,여,59세,상해없음,보행자,남,40세,경상
2021040700100226,2021년 4월 7일 12시,수요일,경상북도 안동시 용상동,경상사고,0,0,1,0,차량단독 - 공작물충돌,안전운전불이행,건조,맑음,단일로 - 기타,승용,남,50세,경상,,,,
2021040700100227,2021년 4월 7일 12시,수요일,경상북도 구미시 원평동,중상사고,0,1,0,0,차대차 - 측면충돌,안전운전불이행,건조,맑음,단일로 - 기타,건설기계,남,50세,상해없음,이륜,남,69세,중상
2021040700100228,2021년 4월 7일 12시,수요일,경상북도 구미시 송정동,경상사고,0,0,1,0,차대차 - 측면충돌,신호위반,건조,맑음,교차로 - 교차로횡단보도내,이륜,남,43세,상해없음,자전거,남,64세,경상
2021040700100254,2021년 4월 7일 13시,수요일,경상북도 경주시 황남동,경상사고,0,0,1,0,차대차 - 측면충돌,안전운전불이행,건조,맑음,단일로 - 기타,이륜,남,83세,상해없음,자전거,여,61세,경상
2021040700100255,2021년 4월 7일 13시,수요일,경상북도 칠곡군 왜관읍,부상신고사고,0,0,0,1,차대차 - 측면충돌,안전운전불이행,건조,맑음,단일로 - 기타,자전거,남,52세,부상신고,승용,남,66세,상해없음
2021040700100256,2021년 4월 7일 13시,수요일,경상북도 구미시 봉곡동,경상사고,0,0,2,0,차대차 - 기타,안전운전불이행,건조,맑음,교차로 - 교차로안,특수,남,29세,상해없음,승용,여,45세,경상
2021040700100257,2021년 4월 7일 13시,수요일,경상북도 구미시 광평동,경상사고,0,0,1,1,차대차 - 측면충돌,신호위반,건조,맑음,교차로 - 교차로안,특수,남,28세,부상신고,승용,남,29세,경상
2021040700100291,2021년 4월 7일 14시,수요일,경상북도 영천시 금호읍,경상사고,0,0,2,0,차대차 - 추돌,안전운전불이행,건조,맑음,단일로 - 기타,화물,남,49세,경상,승용,남,36세,경상
2021040700100292,2021년 4월 7일 14시,수요일,경상북도 구미시 지산동,부상신고사고,0,0,0,1,차대차 - 측면충돌,안전운전불이행,건조,맑음,교차로 - 교차로부근,승용,남,59세,부상신고,화물,남,59세,상해없음
2021040700100329,2021년 4월 7일 15시,수요일,경상북도 의성군 안평면,중상사고,0,1,0,0,차대차 - 측면충돌,직진우회전진행방해,건조,맑음,교차로 - 교차로안,이륜,남,53세,중상,화물,남,43세,상해없음
2021040700100330,2021년 4월 7일 15시,수요일,경상북도 영주시 하망동,경상사고,0,0,1,0,차대차 - 측면충돌,안전운전불이행,건조,맑음,교차로 - 교차로부근,화물,남,69세,상해없음,승용,여,41세,경상
2021040700100331,2021년 4월 7일 15시,수요일,경상북도 영주시 문정동,중상사고,0,1,0,0,차대차 - 측면충돌,안전운전불이행,건조,맑음,교차로 - 교차로부근,화물,남,46세,상해없음,승용,남,70세,중상
2021040700100332,2021년 4월 7일 15시,수요일,경상북도 영천시 완산동,경상사고,0,0,1,0,차대차 - 측면충돌,안전거리미확보,건조,맑음,교차로 - 교차로안,승용,여,72세,상해없음,승용,여,61세,경상
2021040700100333,2021년 4월 7일 15시,수요일,경상북도 구미시 비산동,중상사고,0,2,0,0,차대차 - 추돌,안전운전불이행,건조,맑음,단일로 - 기타,화물,남,54세,상해없음,승용,여,41세,중상
2021040700100378,2021년 4월 7일 16시,수요일,경상북도 안동시 용상동,경상사고,0,0,1,0,차대차 - 기타,안전거리미확보,건조,맑음,단일로 - 기타,승용,여,23세,상해없음,승합,남,39세,상해없음
2021040700100379,2021년 4월 7일 16시,수요일,경상북도 영주시 풍기읍,경상사고,0,0,1,0,차대사람 - 차도통행중,안전운전불이행,건조,맑음,단일로 - 기타,화물,여,52세,상해없음,보행자,여,80세,경상
2021040700100380,2021년 4월 7일 16시,수요일,경상북도 영주시 가흥동,중상사고,0,1,0,0,차대차 - 측면충돌,안전운전불이행,건조,맑음,교차로 - 교차로횡단보도내,승용,남,71세,상해없음,자전거,여,70세,중상
2021040700100381,2021년 4월 7일 16시,수요일,경상북도 문경시 흥덕동,중상사고,0,1,0,0,차대차 - 측면충돌,신호위반,건조,맑음,단일로 - 교량,화물,남,66세,상해없음,승용,여,64세,중상
2021040700100382,2021년 4월 7일 16시,수요일,경상북도 경산시 계양동,경상사고,0,0,1,0,차대사람 - 횡단중,안전운전불이행,건조,맑음,단일로 - 기타,승용,여,30세,상해없음,보행자,남,9세,경상
2021040700100383,2021년 4월 7일 16시,수요일,경상북도 청도군 풍각면,중상사고,0,1,2,0,차대차 - 측면충돌,안전운전불이행,건조,맑음,단일로 - 기타,승용,여,67세,상해없음,화물,남,55세,경상
2021040700100425,2021년 4월 7일 17시,수요일,경상북도 포항시 북구 흥해읍,중상사고,0,1,0,0,차대차 - 추돌,안전운전불이행,건조,맑음,단일로 - 교량,승용,여,29세,상해없음,승용,남,53세,중상
2021040700100426,2021년 4월 7일 17시,수요일,경상북도 영주시 부석면,경상사고,0,0,1,0,차대차 - 측면충돌,안전운전불이행,건조,맑음,교차로 - 교차로안,승용,남,61세,상해없음,승용,여,43세,경상
2021040700100427,2021년 4월 7일 17시,수요일,경상북도 구미시 부곡동,경상사고,0,0,1,0,차대차 - 기타,안전운전불이행,건조,맑음,교차로 - 교차로안,승용,남,66세,상해없음,승용,여,49세,경상
2021040700100428,2021년 4월 7일 17시,수요일,경상북도 포항시 남구 동촌동,부상신고사고,0,0,0,2,차대차 - 측면충돌,차로위반,건조,맑음,단일로 - 기타,화물,남,64세,상해없음,승용,남,27세,부상신고
2021040700100480,2021년 4월 7일 18시,수요일,경상북도 경주시 동천동,중상사고,0,1,0,0,차대차 - 측면충돌,안전운전불이행,건조,맑음,교차로 - 교차로안,승용,남,63세,상해없음,이륜,남,40세,중상
2021040700100481,2021년 4월 7일 18시,수요일,경상북도 경주시 동천동,경상사고,0,0,1,0,차대사람 - 횡단중,보행자보호의무위반,건조,맑음,교차로 - 교차로횡단보도내,승용,남,45세,상해없음,보행자,여,8세,경상
2021040700100482,2021년 4월 7일 18시,수요일,경상북도 예천군 은풍면,중상사고,0,1,0,0,차대차 - 추돌,안전운전불이행,건조,맑음,단일로 - 기타,이륜,남,66세,중상,화물,남,53세,상해없음
2021040700100534,2021년 4월 7일 19시,수요일,경상북도 칠곡군 약목면,경상사고,0,0,2,0,차대차 - 추돌,안전운전불이행,건조,맑음,단일로 - 교량,이륜,남,19세,상해없음,승용,여,39세,경상
2021040700100535,2021년 4월 7일 19시,수요일,경상북도 구미시 송정동,경상사고,0,0,1,0,차대차 - 측면충돌,신호위반,건조,맑음,교차로 - 교차로안,승용,여,74세,상해없음,이륜,남,18세,경상
2021040700100536,2021년 4월 7일 19시,수요일,경상북도 구미시 인의동,경상사고,0,0,1,0,차대사람 - 차도통행중,안전운전불이행,건조,맑음,단일로 - 기타,승용,여,41세,상해없음,보행자,남,24세,경상
2021040700100560,2021년 4월 7일 20시,수요일,경상북도 구미시 해평면,중상사고,0,2,0,0,차대차 - 추돌,안전운전불이행,건조,맑음,단일로 - 기타,승용,남,30세,중상,승용,남,56세,중상
2021040700100594,2021년 4월 7일 21시,수요일,경상북도 경주시 감포읍,경상사고,0,0,1,0,차대차 - 측면충돌,안전운전불이행,건조,맑음,단일로 - 기타,승용,남,50세,상해없음,승용,남,45세,경상
2021040700100595,2021년 4월 7일 21시,수요일,경상북도 칠곡군 북삼읍,경상사고,0,0,4,0,차대차 - 측면충돌,직진우회전진행방해,건조,맑음,교차로 - 교차로안,승용,남,21세,상해없음,승용,여,55세,경상
2021040700100596,2021년 4월 7일 21시,수요일,경상북도 구미시 거의동,중상사고,0,1,0,0,차대사람 - 횡단중,신호위반,건조,맑음,기타 - 기타,승합,남,65세,상해없음,보행자,남,23세,중상
2021040700100626,2021년 4월 7일 22시,수요일,경상북도 영천시 야사동,경상사고,0,0,1,0,차대사람 - 차도통행중,안전운전불이행,건조,맑음,단일로 - 기타,승용,여,52세,상해없음,보행자,남,65세,경상
2021040700100643,2021년 4월 7일 23시,수요일,경상북도 구미시 원평동,중상사고,0,1,0,0,차대차 - 정면충돌,신호위반,건조,맑음,교차로 - 교차로안,승용,남,48세,상해없음,승용,남,67세,중상
2021040800100010,2021년 4월 8일 00시,목요일,경상북도 경산시 중방동,경상사고,0,0,2,0,차대차 - 측면충돌,안전거리미확보,건조,맑음,교차로 - 교차로부근,승용,여,23세,상해없음,승용,남,24세,경상
2021040800100011,2021년 4월 8일 00시,목요일,경상북도 봉화군 봉화읍,경상사고,0,0,3,0,차대차 - 정면충돌,중앙선침범,건조,맑음,단일로 - 기타,승용,남,53세,상해없음,승용,남,38세,경상
2021040800100069,2021년 4월 8일 07시,목요일,경상북도 경주시 배동,경상사고,0,0,2,0,차대차 - 기타,중앙선침범,건조,맑음,교차로 - 교차로부근,승용,남,45세,상해없음,승용,남,63세,경상
2021040800100070,2021년 4월 8일 07시,목요일,경상북도 포항시 북구 흥해읍,중상사고,0,1,0,0,차대사람 - 기타,불법유턴,건조,맑음,교차로 - 교차로부근,화물,남,72세,상해없음,보행자,남,62세,중상
2021040800100071,2021년 4월 8일 07시,목요일,경상북도 김천시 삼락동,중상사고,0,1,0,0,차대사람 - 횡단중,보행자보호의무위반,건조,맑음,교차로 - 교차로횡단보도내,승용,여,52세,상해없음,보행자,여,83세,중상
2021040800100072,2021년 4월 8일 07시,목요일,경상북도 고령군 성산면,경상사고,0,0,1,0,차량단독 - 도로외이탈 - 기타,안전운전불이행,건조,맑음,기타 - 기타,승용,남,20세,상해없음,,,,
2021040800100073,2021년 4월 8일 07시,목요일,경상북도 구미시 송정동,경상사고,0,0,1,0,차대차 - 측면충돌,교차로운행방법위반,건조,맑음,단일로 - 기타,승용,남,53세,상해없음,자전거,남,41세,경상
2021040800100074,2021년 4월 8일 07시,목요일,경상북도 포항시 남구 호미곶면,경상사고,0,0,3,0,차대차 - 측면충돌,직진우회전진행방해,건조,맑음,교차로 - 교차로안,승용,남,61세,경상,화물,남,54세,상해없음
2021040800100075,2021년 4월 8일 07시,목요일,경상북도 포항시 남구 오천읍,경상사고,0,0,3,0,차대차 - 추돌,안전운전불이행,건조,맑음,교차로 - 교차로안,승용,여,54세,경상,승용,남,26세,경상
2021040800100104,2021년 4월 8일 08시,목요일,경상북도 문경시 모전동,경상사고,0,0,1,0,차대사람 - 보도통행중,기타,건조,맑음,단일로 - 기타,승용,여,52세,상해없음,보행자,남,78세,경상
2021040800100146,2021년 4월 8일 09시,목요일,경상북도 문경시 가은읍,중상사고,0,1,0,0,차대차 - 측면충돌,불법유턴,건조,맑음,단일로 - 기타,농기계,남,61세,상해없음,화물,남,57세,상해없음
2021040800100175,2021년 4월 8일 10시,목요일,경상북도 포항시 북구 기계면,중상사고,0,1,0,0,차량단독 - 기타,안전운전불이행,건조,맑음,단일로 - 기타,사륜오토바이(ATV),남,68세,중상,,,,
2021040800100176,2021년 4월 8일 10시,목요일,경상북도 포항시 북구 죽도동,경상사고,0,0,1,0,차대차 - 측면충돌,안전운전불이행,건조,맑음,단일로 - 기타,승용,남,56세,상해없음,승용,여,53세,경상
2021040800100216,2021년 4월 8일 11시,목요일,경상북도 경주시 건천읍,부상신고사고,0,0,0,1,차대차 - 기타,직진우회전진행방해,건조,맑음,교차로 - 교차로부근,자전거,남,86세,부상신고,승용,남,51세,상해없음
2021040800100217,2021년 4월 8일 11시,목요일,경상북도 상주시 남성동,경상사고,0,0,1,0,차대차 - 측면충돌,직진우회전진행방해,건조,맑음,교차로 - 교차로안,화물,남,78세,상해없음,이륜,여,69세,경상
2021040800100218,2021년 4월 8일 11시,목요일,경상북도 영천시 화북면,경상사고,0,0,1,0,차대차 - 정면충돌,안전운전불이행,건조,맑음,단일로 - 기타,화물,남,49세,상해없음,승용,여,62세,경상
2021040800100244,2021년 4월 8일 12시,목요일,경상북도 경주시 천북면,경상사고,0,0,2,0,차대차 - 측면충돌,안전운전불이행,건조,맑음,단일로 - 기타,승용,남,26세,경상,화물,남,53세,경상
2021040800100245,2021년 4월 8일 12시,목요일,경상북도 안동시 송현동,경상사고,0,0,2,0,차대차 - 추돌,안전운전불이행,건조,맑음,단일로 - 기타,화물,남,79세,상해없음,승용,남,24세,경상
2021040800100246,2021년 4월 8일 12시,목요일,경상북도 칠곡군 석적읍,부상신고사고,0,0,0,1,차량단독 - 공작물충돌,안전운전불이행,건조,맑음,기타 - 기타,승용,여,28세,부상신고,,,,
2021040800100276,2021년 4월 8일 13시,목요일,경상북도 경주시 성건동,중상사고,0,1,0,0,차대차 - 측면충돌,안전운전불이행,건조,맑음,교차로 - 교차로안,승합,남,59세,상해없음,자전거,여,68세,중상
2021040800100277,2021년 4월 8일 13시,목요일,경상북도 칠곡군 석적읍,경상사고,0,0,1,0,차대사람 - 차도통행중,안전운전불이행,건조,맑음,단일로 - 기타,승용,여,62세,상해없음,보행자,여,41세,경상
2021040800100278,2021년 4월 8일 13시,목요일,경상북도 경산시 진량읍,경상사고,0,0,1,0,차대차 - 기타,안전운전불이행,건조,맑음,교차로 - 교차로안,기타불명,기타불명,미분류,기타불명,이륜,남,21세,경상
2021040800100317,2021년 4월 8일 14시,목요일,경상북도 경산시 사동,경상사고,0,0,1,0,차대사람 - 기타,직진우회전진행방해,건조,맑음,교차로 - 교차로안,승용,여,26세,상해없음,보행자,남,59세,경상
2021040800100349,2021년 4월 8일 15시,목요일,경상북도 안동시 안막동,경상사고,0,0,1,0,차대차 - 기타,안전운전불이행,건조,맑음,단일로 - 기타,기타불명,기타불명,미분류,기타불명,이륜,여,17세,경상
2021040800100350,2021년 4월 8일 15시,목요일,경상북도 성주군 금수면,경상사고,0,0,4,0,차대차 - 정면충돌,중앙선침범,건조,맑음,단일로 - 기타,승용,여,73세,경상,특수,남,53세,경상
2021040800100390,2021년 4월 8일 16시,목요일,경상북도 경주시 현곡면,사망사고,1,0,1,0,차대차 - 추돌,안전운전불이행,건조,맑음,단일로 - 지하차도(도로)내,승용,남,55세,사망,건설기계,남,55세,경상
2021040800100391,2021년 4월 8일 16시,목요일,경상북도 경산시 사정동,경상사고,0,0,1,0,차대차 - 측면충돌,안전운전불이행,건조,맑음,단일로 - 기타,승용,여,39세,상해없음,자전거,남,13세,경상
2021040800100392,2021년 4월 8일 16시,목요일,경상북도 경산시 하양읍,중상사고,0,1,0,0,차량단독 - 도로외이탈 - 기타,안전운전불이행,건조,맑음,단일로 - 기타,자전거,남,67세,중상,,,,
2021040800100439,2021년 4월 8일 17시,목요일,경상북도 경산시 옥곡동,중상사고,0,1,0,0,차대사람 - 횡단중,보행자보호의무위반,건조,맑음,교차로 - 교차로횡단보도내,이륜,남,19세,상해없음,보행자,여,8세,중상
2021040800100440,2021년 4월 8일 17시,목요일,경상북도 예천군 풍양면,중상사고,0,1,0,0,차대차 - 측면충돌,안전운전불이행,건조,맑음,교차로 - 교차로안,농기계,남,62세,중상,승용,남,49세,상해없음
2021040800100441,2021년 4월 8일 17시,목요일,경상북도 구미시 원평동,경상사고,0,0,1,0,차대차 - 기타,안전운전불이행,건조,맑음,단일로 - 기타,승용,여,42세,상해없음,승용,여,35세,경상
2021040800100442,2021년 4월 8일 17시,목요일,경상북도 포항시 남구 오천읍,중상사고,0,1,0,0,차대차 - 측면충돌,직진우회전진행방해,건조,맑음,교차로 - 교차로안,승용,여,28세,상해없음,이륜,남,48세,중상
2021040800100525,2021년 4월 8일 19시,목요일,경상북도 칠곡군 석적읍,경상사고,0,0,2,0,차대차 - 측면충돌,직진우회전진행방해,건조,맑음,교차로 - 교차로안,승용,남,37세,상해없음,승용,여,41세,경상
2021040800100526,2021년 4월 8일 19시,목요일,경상북도 영천시 완산동,경상사고,0,0,4,1,차대차 - 측면충돌,안전거리미확보,건조,맑음,단일로 - 기타,승용,여,51세,경상,승용,남,19세,부상신고
2021040800100527,2021년 4월 8일 19시,목요일,경상북도 영천시 고경면,경상사고,0,0,1,0,차대차 - 측면충돌,안전운전불이행,건조,흐림,교차로 - 교차로안,화물,남,70세,상해없음,승용,여,57세,경상
2021040800100568,2021년 4월 8일 20시,목요일,경상북도 포항시 북구 양덕동,경상사고,0,0,1,0,차대차 - 후진중충돌,안전운전불이행,건조,맑음,주차장 - 주차장,승용,여,23세,상해없음,화물,남,43세,경상
2021040800100569,2021년 4월 8일 20시,목요일,경상북도 경산시 하양읍,경상사고,0,0,1,0,차대차 - 측면충돌,신호위반,건조,맑음,교차로 - 교차로안,승용,남,21세,상해없음,이륜,남,16세,경상
2021040800100640,2021년 4월 8일 23시,목요일,경상북도 영천시 망정동,경상사고,0,0,1,0,차대차 - 측면충돌,안전거리미확보,건조,맑음,단일로 - 기타,승용,남,40세,상해없음,승용,여,65세,경상
2021040800100641,2021년 4월 8일 23시,목요일,경상북도 경산시 압량읍,경상사고,0,0,2,0,차대차 - 측면충돌,신호위반,건조,맑음,교차로 - 교차로안,승용,남,24세,경상,승용,남,33세,경상
2021040900100099,2021년 4월 9일 08시,금요일,경상북도 상주시 무양동,경상사고,0,0,1,0,차대차 - 추돌,안전운전불이행,건조,맑음,교차로 - 교차로부근,화물,남,62세,상해없음,승용,여,33세,경상
2021040900100100,2021년 4월 9일 08시,금요일,경상북도 상주시 연원동,경상사고,0,0,2,0,차대차 - 추돌,안전거리미확보,건조,맑음,교차로 - 교차로부근,화물,남,64세,상해없음,승용,남,41세,경상
2021040900100127,2021년 4월 9일 09시,금요일,경상북도 포항시 남구 해도동,중상사고,0,1,0,0,차대차 - 측면충돌,차로위반,건조,흐림,단일로 - 기타,이륜,남,58세,상해없음,승용,여,56세,중상
2021040900100128,2021년 4월 9일 09시,금요일,경상북도 포항시 남구 오천읍,경상사고,0,0,1,0,차대차 - 측면충돌,안전운전불이행,건조,맑음,단일로 - 기타,승용,여,60세,상해없음,승용,남,60세,경상
2021040900100202,2021년 4월 9일 11시,금요일,경상북도 의성군 안계면,경상사고,0,0,1,0,차대차 - 추돌,안전운전불이행,건조,맑음,교차로 - 교차로부근,승용,여,61세,상해없음,승용,남,48세,경상
2021040900100236,2021년 4월 9일 12시,금요일,경상북도 영천시 화룡동,중상사고,0,1,2,0,차대차 - 정면충돌,안전운전불이행,건조,맑음,단일로 - 기타,승용,남,77세,경상,승용,여,56세,경상
2021040900100237,2021년 4월 9일 12시,금요일,경상북도 예천군 예천읍,중상사고,0,1,0,0,차대사람 - 차도통행중,안전운전불이행,건조,맑음,단일로 - 기타,화물,남,47세,상해없음,보행자,여,76세,중상
2021040900100273,2021년 4월 9일 13시,금요일,경상북도 의성군 단밀면,중상사고,0,4,0,0,차대차 - 기타,기타,건조,맑음,단일로 - 기타,화물,남,63세,상해없음,승용,남,73세,중상
2021040900100274,2021년 4월 9일 13시,금요일,경상북도 경산시 중방동,경상사고,0,0,1,0,차대차 - 기타,교차로운행방법위반,건조,맑음,교차로 - 교차로안,승용,남,54세,상해없음,승합,남,61세,상해없음
2021040900100275,2021년 4월 9일 13시,금요일,경상북도 울진군 죽변면,중상사고,0,1,0,0,차대사람 - 횡단중,안전운전불이행,건조,흐림,교차로 - 교차로안,승용,남,54세,상해없음,보행자,남,6세,중상
2021040900100304,2021년 4월 9일 14시,금요일,경상북도 영천시 북안면,경상사고,0,0,2,0,차대차 - 추돌,안전운전불이행,건조,맑음,기타 - 기타,승용,남,54세,상해없음,화물,남,68세,경상
2021040900100338,2021년 4월 9일 15시,금요일,경상북도 상주시 함창읍,경상사고,0,0,2,0,차대사람 - 횡단중,안전운전불이행,건조,맑음,교차로 - 교차로부근,화물,남,73세,상해없음,보행자,여,15세,경상
2021040900100339,2021년 4월 9일 15시,금요일,경상북도 칠곡군 약목면,중상사고,0,1,4,0,차대차 - 추돌,안전운전불이행,건조,맑음,단일로 - 기타,건설기계,남,49세,상해없음,화물,남,72세,중상