사고번호,사고일시,요일,시군구,사고내용,사망자수,중상자수,경상자수,부상신고자수,사고유형,법규위반,노면상태,기상상태,도로형태,가해운전자 차종,가해운전자 성별,가해운전자 연령,가해운전자 상해정도,피해운전자 차종,피해운전자 성별,피해운전자 연령,피해운전자 상해정도
2021040900100340,2021년 4월 9일 15시,금요일,경상북도 경산시 유곡동,중상사고,0,1,3,0,차대차 - 측면충돌,신호위반,건조,맑음,교차로 - 교차로부근,화물,남,65세,상해없음,승용,여,59세,경상
2021040900100341,2021년 4월 9일 15시,금요일,경상북도 고령군 다산면,중상사고,0,1,0,0,차대차 - 기타,안전운전불이행,건조,맑음,교차로 - 교차로안,승용,남,32세,상해없음,자전거,남,32세,중상
2021040900100342,2021년 4월 9일 15시,금요일,경상북도 군위군 군위읍,경상사고,0,0,1,0,차대차 - 측면충돌,신호위반,건조,맑음,교차로 - 교차로안,승용,남,53세,상해없음,화물,남,48세,경상
2021040900100383,2021년 4월 9일 16시,금요일,경상북도 포항시 북구 죽도동,중상사고,0,1,0,0,차대차 - 측면충돌,안전운전불이행,건조,맑음,기타 - 기타,승용,여,45세,상해없음,자전거,남,70세,중상
2021040900100384,2021년 4월 9일 16시,금요일,경상북도 김천시 신음동,경상사고,0,0,1,0,차대차 - 후진중충돌,안전운전불이행,건조,맑음,교차로 - 교차로부근,승용,여,64세,기타불명,승용,여,21세,경상
2021040900100385,2021년 4월 9일 16시,금요일,경상북도 칠곡군 왜관읍,중상사고,0,1,0,0,차대차 - 측면충돌,안전운전불이행,건조,맑음,교차로 - 교차로안,화물,남,54세,상해없음,승용,여,40세,중상
2021040900100386,2021년 4월 9일 16시,금요일,경상북도 구미시 임은동,경상사고,0,0,1,1,차대차 - 측면충돌,교차로운행방법위반,건조,맑음,교차로 - 교차로안,승용,여,44세,부상신고,승용,여,49세,경상
2021040900100387,2021년 4월 9일 16시,금요일,경상북도 포항시 남구 해도동,중상사고,0,1,0,0,차대차 - 측면충돌,안전운전불이행,건조,맑음,교차로 - 교차로안,승용,남,59세,상해없음,자전거,남,68세,중상
2021040900100450,2021년 4월 9일 17시,금요일,경상북도 포항시 북구 흥해읍,경상사고,0,0,1,0,차대차 - 측면충돌,교차로운행방법위반,건조,맑음,교차로 - 교차로안,승용,남,22세,기타불명,승용,남,61세,경상
2021040900100529,2021년 4월 9일 19시,금요일,경상북도 김천시 신음동,중상사고,0,1,0,0,차대차 - 측면충돌,안전운전불이행,건조,맑음,교차로 - 교차로부근,승용,남,27세,상해없음,이륜,남,22세,중상
2021040900100530,2021년 4월 9일 19시,금요일,경상북도 고령군 쌍림면,중상사고,0,1,1,0,차대차 - 추돌,안전운전불이행,건조,맑음,단일로 - 고가도로위,승용,남,50세,상해없음,건설기계,남,49세,경상
2021040900100627,2021년 4월 9일 22시,금요일,경상북도 포항시 북구 우현동,중상사고,0,1,0,0,차대차 - 기타,신호위반,건조,맑음,교차로 - 교차로안,승용,남,60세,상해없음,이륜,남,17세,중상
2021040900100628,2021년 4월 9일 22시,금요일,경상북도 포항시 남구 효자동,경상사고,0,0,2,0,차대차 - 측면충돌,안전운전불이행,건조,맑음,교차로 - 교차로안,승용,남,34세,상해없음,승용,남,55세,경상
2021041000100028,2021년 4월 10일 04시,토요일,경상북도 청도군 매전면,경상사고,0,0,1,0,차대차 - 정면충돌,안전운전불이행,건조,맑음,단일로 - 기타,화물,남,69세,상해없음,승합,여,54세,경상
2021041000100038,2021년 4월 10일 06시,토요일,경상북도 포항시 북구 흥해읍,중상사고,0,1,0,0,차대차 - 측면충돌,안전운전불이행,건조,맑음,단일로 - 기타,승용,남,43세,상해없음,농기계,남,25세,중상
2021041000100039,2021년 4월 10일 06시,토요일,경상북도 포항시 북구 흥해읍,중상사고,0,1,0,0,차대차 - 측면충돌,교차로운행방법위반,건조,맑음,교차로 - 교차로안,승용,여,60세,상해없음,자전거,남,72세,중상
2021041000100040,2021년 4월 10일 06시,토요일,경상북도 영덕군 영해면,경상사고,0,0,1,0,차대차 - 측면충돌,안전운전불이행,건조,맑음,교차로 - 교차로안,화물,남,43세,상해없음,승용,남,40세,경상
2021041000100052,2021년 4월 10일 07시,토요일,경상북도 구미시 신평동,중상사고,0,1,2,0,차대차 - 추돌,안전운전불이행,건조,맑음,교차로 - 교차로부근,승용,여,34세,상해없음,승용,남,43세,중상
2021041000100053,2021년 4월 10일 07시,토요일,경상북도 포항시 남구 괴동동,경상사고,0,0,2,0,차대차 - 측면충돌,안전운전불이행,건조,맑음,단일로 - 기타,승용,남,36세,경상,승용,남,43세,경상
2021041000100068,2021년 4월 10일 08시,토요일,경상북도 경주시 서면,경상사고,0,0,1,0,차대차 - 추돌,신호위반,건조,맑음,교차로 - 교차로안,건설기계,남,50세,상해없음,승용,여,41세,경상
2021041000100069,2021년 4월 10일 08시,토요일,경상북도 포항시 북구 우현동,경상사고,0,0,1,0,차대차 - 추돌,안전거리미확보,건조,맑음,교차로 - 교차로부근,승용,남,51세,상해없음,승용,여,47세,경상
2021041000100070,2021년 4월 10일 08시,토요일,경상북도 포항시 남구 오천읍,경상사고,0,0,1,0,차대차 - 측면충돌,안전운전불이행,건조,맑음,교차로 - 교차로안,승용,여,61세,경상,승용,남,21세,상해없음
2021041000100095,2021년 4월 10일 09시,토요일,경상북도 영천시 야사동,경상사고,0,0,2,0,차대차 - 측면충돌,안전운전불이행,건조,맑음,주차장 - 주차장,승용,남,45세,상해없음,승용,남,65세,경상
2021041000100096,2021년 4월 10일 09시,토요일,경상북도 문경시 점촌동,중상사고,0,1,0,0,차대사람 - 횡단중,안전운전불이행,건조,맑음,교차로 - 교차로안,화물,남,74세,상해없음,보행자,남,76세,중상
2021041000100097,2021년 4월 10일 09시,토요일,경상북도 영덕군 영해면,중상사고,0,1,0,0,차대사람 - 기타,안전운전불이행,건조,맑음,단일로 - 기타,승용,남,58세,상해없음,보행자,남,9세,중상
2021041000100172,2021년 4월 10일 11시,토요일,경상북도 경주시 양남면,중상사고,0,1,0,0,차대차 - 측면충돌,신호위반,건조,맑음,교차로 - 교차로안,이륜,남,76세,중상,승용,남,55세,상해없음
2021041000100215,2021년 4월 10일 12시,토요일,경상북도 경주시 황성동,중상사고,0,1,0,0,차대차 - 측면충돌,안전운전불이행,건조,맑음,단일로 - 기타,이륜,남,24세,중상,승용,남,46세,상해없음
2021041000100216,2021년 4월 10일 12시,토요일,경상북도 포항시 북구 두호동,경상사고,0,0,1,0,차대차 - 추돌,안전거리미확보,건조,맑음,단일로 - 기타,승용,여,52세,상해없음,승용,남,37세,경상
2021041000100217,2021년 4월 10일 12시,토요일,경상북도 안동시 이천동,경상사고,0,0,1,0,차대차 - 추돌,안전거리미확보,건조,맑음,단일로 - 기타,화물,남,59세,상해없음,승용,여,62세,경상
2021041000100218,2021년 4월 10일 12시,토요일,경상북도 영주시 휴천동,경상사고,0,0,1,0,차대차 - 정면충돌,안전운전불이행,건조,맑음,교차로 - 교차로안,자전거,남,15세,경상,승용,남,54세,상해없음
2021041000100219,2021년 4월 10일 12시,토요일,경상북도 경산시 압량읍,경상사고,0,0,1,0,차대차 - 측면충돌,신호위반,건조,맑음,교차로 - 교차로안,승용,남,72세,상해없음,승용,여,40세,경상
2021041000100258,2021년 4월 10일 13시,토요일,경상북도 예천군 예천읍,중상사고,0,1,0,0,차대사람 - 차도통행중,안전운전불이행,건조,맑음,단일로 - 기타,승용,여,46세,상해없음,보행자,남,9세,중상
2021041000100259,2021년 4월 10일 13시,토요일,경상북도 성주군 선남면,경상사고,0,0,1,0,차대차 - 추돌,안전거리미확보,건조,맑음,단일로 - 기타,화물,남,59세,상해없음,화물,남,55세,경상
2021041000100260,2021년 4월 10일 13시,토요일,경상북도 고령군 성산면,사망사고,1,0,0,0,차량단독 - 공작물충돌,안전운전불이행,건조,맑음,단일로 - 기타,원동기,남,68세,사망,,,,
2021041000100261,2021년 4월 10일 13시,토요일,경상북도 포항시 남구 오천읍,경상사고,0,0,1,0,차대사람 - 기타,안전운전불이행,건조,맑음,교차로 - 교차로부근,승용,남,66세,상해없음,보행자,여,44세,경상
2021041000100342,2021년 4월 10일 15시,토요일,경상북도 포항시 북구 우현동,경상사고,0,0,1,0,차대차 - 측면충돌,안전거리미확보,건조,맑음,교차로 - 교차로부근,승용,남,22세,상해없음,승용,남,57세,경상
2021041000100343,2021년 4월 10일 15시,토요일,경상북도 청도군 각북면,경상사고,0,0,1,0,차대차 - 추돌,안전거리미확보,건조,맑음,단일로 - 기타,승용,남,72세,상해없음,승용,여,57세,경상
2021041000100432,2021년 4월 10일 17시,토요일,경상북도 포항시 북구 두호동,경상사고,0,0,1,0,차대사람 - 길가장자리구역통행중,안전운전불이행,건조,맑음,단일로 - 기타,승용,여,21세,상해없음,보행자,남,46세,경상
2021041000100433,2021년 4월 10일 17시,토요일,경상북도 상주시 내서면,중상사고,0,4,2,0,차대차 - 측면충돌,중앙선침범,건조,맑음,단일로 - 기타,승용,남,72세,상해없음,승용,남,62세,경상
2021041000100434,2021년 4월 10일 17시,토요일,경상북도 구미시 인의동,경상사고,0,0,1,0,차대차 - 측면충돌,안전거리미확보,건조,맑음,단일로 - 기타,승합,남,48세,상해없음,승용,여,59세,경상
2021041000100435,2021년 4월 10일 17시,토요일,경상북도 포항시 남구 오천읍,중상사고,0,1,0,0,차대차 - 기타,신호위반,건조,맑음,교차로 - 교차로안,승용,여,23세,상해없음,승합,남,47세,상해없음
2021041000100436,2021년 4월 10일 17시,토요일,경상북도 경산시 와촌면,경상사고,0,0,2,0,차대차 - 추돌,안전운전불이행,건조,맑음,단일로 - 기타,승용,여,45세,상해없음,승용,남,21세,경상
2021041000100467,2021년 4월 10일 18시,토요일,경상북도 경주시 건천읍,경상사고,0,0,1,0,차대차 - 정면충돌,중앙선침범,건조,맑음,교차로 - 교차로부근,승용,여,50세,상해없음,화물,남,60세,경상
2021041000100468,2021년 4월 10일 18시,토요일,경상북도 안동시 송천동,경상사고,0,0,2,0,차대차 - 측면충돌,안전운전불이행,건조,맑음,교차로 - 교차로안,승용,남,63세,상해없음,화물,남,47세,경상
2021041000100469,2021년 4월 10일 18시,토요일,경상북도 구미시 선산읍,경상사고,0,0,1,0,차대차 - 추돌,안전운전불이행,건조,맑음,단일로 - 기타,승합,남,56세,상해없음,화물,남,46세,경상
2021041000100470,2021년 4월 10일 18시,토요일,경상북도 구미시 무을면,중상사고,0,1,0,0,차대차 - 추돌,안전운전불이행,건조,맑음,단일로 - 기타,승용,남,33세,상해없음,승용,남,39세,중상
2021041000100471,2021년 4월 10일 18시,토요일,경상북도 포항시 남구 대송면,중상사고,0,1,1,0,차대차 - 측면충돌,직진우회전진행방해,건조,맑음,교차로 - 교차로안,승용,남,58세,경상,승용,여,42세,중상
2021041000100503,2021년 4월 10일 19시,토요일,경상북도 경주시 황성동,경상사고,0,0,2,0,차대차 - 측면충돌,안전운전불이행,건조,맑음,단일로 - 지하차도(도로)내,승용,남,56세,상해없음,승용,남,63세,경상
2021041000100504,2021년 4월 10일 19시,토요일,경상북도 칠곡군 왜관읍,경상사고,0,0,1,0,차대차 - 측면충돌,직진우회전진행방해,건조,맑음,교차로 - 교차로안,승용,여,35세,상해없음,이륜,남,23세,경상
2021041000100505,2021년 4월 10일 19시,토요일,경상북도 청도군 청도읍,경상사고,0,0,1,0,차대차 - 측면충돌,교차로운행방법위반,건조,맑음,교차로 - 교차로안,승용,남,55세,상해없음,이륜,남,25세,경상
2021041000100536,2021년 4월 10일 20시,토요일,경상북도 경주시 성건동,중상사고,0,1,0,0,차대사람 - 횡단중,안전운전불이행,건조,맑음,교차로 - 교차로안,승용,남,38세,상해없음,보행자,남,68세,중상
2021041000100537,2021년 4월 10일 20시,토요일,경상북도 경주시 안강읍,경상사고,0,0,1,0,차대차 - 측면충돌,안전운전불이행,건조,맑음,교차로 - 교차로부근,승용,여,33세,상해없음,승용,남,56세,기타불명
2021041000100562,2021년 4월 10일 21시,토요일,경상북도 경산시 대동,경상사고,0,0,1,0,차대차 - 측면충돌,안전운전불이행,건조,맑음,단일로 - 기타,승용,남,33세,상해없음,이륜,남,29세,경상
2021041000100563,2021년 4월 10일 21시,토요일,경상북도 군위군 군위읍,경상사고,0,0,1,0,차대차 - 후진중충돌,안전운전불이행,건조,맑음,교차로 - 교차로부근,화물,남,39세,상해없음,화물,남,27세,경상
2021041000100595,2021년 4월 10일 22시,토요일,경상북도 포항시 북구 우현동,중상사고,0,1,0,0,차대사람 - 횡단중,신호위반,건조,맑음,교차로 - 교차로횡단보도내,승용,남,25세,상해없음,보행자,남,32세,중상
2021041000100607,2021년 4월 10일 23시,토요일,경상북도 경주시 성건동,중상사고,0,1,0,0,차대차 - 측면충돌,신호위반,건조,맑음,교차로 - 교차로안,승용,남,72세,상해없음,이륜,남,27세,중상
2021041100100025,2021년 4월 11일 02시,일요일,경상북도 경주시 사정동,경상사고,0,0,1,0,차대차 - 측면충돌,안전운전불이행,건조,맑음,교차로 - 교차로부근,승용,남,38세,기타불명,승용,남,64세,경상
2021041100100062,2021년 4월 11일 08시,일요일,경상북도 문경시 모전동,중상사고,0,1,0,0,차대차 - 측면충돌,안전운전불이행,건조,맑음,교차로 - 교차로부근,이륜,여,58세,중상,승용,여,56세,상해없음
2021041100100078,2021년 4월 11일 09시,일요일,경상북도 김천시 대덕면,중상사고,0,1,0,0,차량단독 - 기타,안전운전불이행,건조,맑음,기타 - 기타,농기계,남,60세,중상,,,,
2021041100100079,2021년 4월 11일 09시,일요일,경상북도 성주군 성주읍,중상사고,0,1,0,0,차대차 - 기타,안전운전불이행,건조,맑음,단일로 - 기타,승용,남,68세,상해없음,자전거,여,73세,중상
2021041100100102,2021년 4월 11일 10시,일요일,경상북도 포항시 북구 흥해읍,경상사고,0,0,2,0,차대차 - 측면충돌,안전운전불이행,건조,맑음,단일로 - 기타,승용,남,67세,경상,건설기계,남,53세,경상
2021041100100103,2021년 4월 11일 10시,일요일,경상북도 상주시 남성동,중상사고,0,1,0,0,차대차 - 기타,교차로운행방법위반,건조,맑음,교차로 - 교차로안,승용,남,54세,상해없음,자전거,남,13세,중상
2021041100100104,2021년 4월 11일 10시,일요일,경상북도 칠곡군 동명면,경상사고,0,0,2,0,차대차 - 추돌,안전운전불이행,건조,맑음,단일로 - 기타,승용,남,31세,상해없음,승용,여,46세,상해없음
2021041100100129,2021년 4월 11일 11시,일요일,경상북도 경주시 석장동,경상사고,0,0,2,0,차대차 - 추돌,안전운전불이행,건조,맑음,단일로 - 기타,승용,여,34세,상해없음,화물,남,47세,경상
2021041100100130,2021년 4월 11일 11시,일요일,경상북도 김천시 부항면,중상사고,0,1,0,0,차대사람 - 차도통행중,안전운전불이행,건조,맑음,단일로 - 터널,승용,남,60세,상해없음,보행자,남,90세,중상
2021041100100131,2021년 4월 11일 11시,일요일,경상북도 김천시 지례면,경상사고,0,0,3,0,차대차 - 측면충돌,안전운전불이행,건조,맑음,단일로 - 기타,승용,남,63세,상해없음,승용,여,46세,경상
2021041100100166,2021년 4월 11일 12시,일요일,경상북도 포항시 남구 오천읍,경상사고,0,0,1,0,차대차 - 측면충돌,직진우회전진행방해,건조,맑음,교차로 - 교차로안,승용,여,55세,상해없음,승용,여,50세,경상
2021041100100189,2021년 4월 11일 13시,일요일,경상북도 경주시 노서동,중상사고,0,1,1,0,차대차 - 측면충돌,안전운전불이행,건조,맑음,단일로 - 기타,승합,남,38세,상해없음,승합,남,52세,상해없음
2021041100100190,2021년 4월 11일 13시,일요일,경상북도 김천시 부곡동,중상사고,0,1,0,0,차대차 - 측면충돌,안전운전불이행,건조,맑음,교차로 - 교차로부근,승용,여,26세,상해없음,자전거,남,72세,중상
2021041100100191,2021년 4월 11일 13시,일요일,경상북도 구미시 진평동,중상사고,0,1,0,0,차대차 - 추돌,안전운전불이행,건조,맑음,단일로 - 기타,이륜,남,57세,상해없음,자전거,여,37세,중상
2021041100100307,2021년 4월 11일 16시,일요일,경상북도 문경시 농암면,중상사고,0,1,0,0,차량단독 - 도로외이탈 - 추락,안전운전불이행,건조,맑음,단일로 - 기타,승용,남,57세,중상,,,,
2021041100100308,2021년 4월 11일 16시,일요일,경상북도 포항시 남구 동해면,중상사고,0,1,0,0,차대차 - 정면충돌,중앙선침범,건조,맑음,단일로 - 기타,자전거,남,55세,중상,승용,여,45세,상해없음
2021041100100341,2021년 4월 11일 17시,일요일,경상북도 상주시 이안면,중상사고,0,1,1,0,차대차 - 측면충돌,교차로운행방법위반,건조,맑음,교차로 - 교차로안,승용,여,57세,중상,승용,남,41세,경상
2021041100100342,2021년 4월 11일 17시,일요일,경상북도 구미시 인의동,경상사고,0,0,2,0,차대차 - 기타,교차로운행방법위반,건조,맑음,교차로 - 교차로안,승용,여,60세,상해없음,승용,여,21세,경상
2021041100100343,2021년 4월 11일 17시,일요일,경상북도 구미시 고아읍,부상신고사고,0,0,0,1,차대차 - 기타,안전운전불이행,건조,맑음,단일로 - 기타,이륜,남,19세,부상신고,승용,남,43세,상해없음
2021041100100374,2021년 4월 11일 18시,일요일,경상북도 경주시 구황동,경상사고,0,0,1,0,차대차 - 측면충돌,신호위반,건조,맑음,교차로 - 교차로안,승용,남,53세,상해없음,승용,남,64세,경상
2021041100100407,2021년 4월 11일 19시,일요일,경상북도 상주시 서문동,경상사고,0,0,1,0,차대차 - 측면충돌,직진우회전진행방해,건조,맑음,교차로 - 교차로안,승용,남,22세,상해없음,승용,여,59세,경상
2021041100100470,2021년 4월 11일 21시,일요일,경상북도 포항시 북구 장성동,경상사고,0,0,3,0,차대차 - 추돌,안전운전불이행,건조,맑음,교차로 - 교차로부근,승용,남,50세,상해없음,승용,남,22세,경상
2021041100100487,2021년 4월 11일 22시,일요일,경상북도 구미시 송정동,경상사고,0,0,2,0,차대차 - 측면충돌,안전운전불이행,건조,맑음,단일로 - 기타,승용,남,24세,상해없음,개인형이동수단(PM),남,22세,경상
2021041200100012,2021년 4월 12일 01시,월요일,경상북도 안동시 길안면,중상사고,0,1,0,0,차대차 - 추돌,안전운전불이행,건조,맑음,단일로 - 기타,화물,남,42세,상해없음,화물,남,64세,중상
2021041200100017,2021년 4월 12일 03시,월요일,경상북도 문경시 점촌동,중상사고,0,1,0,0,차대차 - 정면충돌,중앙선침범,건조,맑음,단일로 - 기타,승용,남,48세,상해없음,이륜,남,51세,중상
2021041200100025,2021년 4월 12일 05시,월요일,경상북도 경산시 자인면,경상사고,0,0,1,0,차대차 - 측면충돌,신호위반,건조,맑음,교차로 - 교차로안,승용,남,29세,상해없음,화물,남,57세,경상
2021041200100086,2021년 4월 12일 08시,월요일,경상북도 안동시 풍산읍,경상사고,0,0,5,0,차대차 - 추돌,안전거리미확보,건조,맑음,단일로 - 기타,승용,남,39세,경상,승용,여,33세,경상
2021041200100087,2021년 4월 12일 08시,월요일,경상북도 포항시 남구 구룡포읍,경상사고,0,0,1,0,차대차 - 추돌,안전운전불이행,건조,맑음,단일로 - 기타,승용,남,26세,상해없음,이륜,남,67세,경상
2021041200100116,2021년 4월 12일 09시,월요일,경상북도 경산시 중방동,경상사고,0,0,1,0,차대차 - 측면충돌,교차로운행방법위반,건조,맑음,교차로 - 교차로안,승용,여,51세,상해없음,승용,여,31세,경상
2021041200100117,2021년 4월 12일 09시,월요일,경상북도 포항시 남구 청림동,경상사고,0,0,1,0,차대차 - 추돌,안전거리미확보,건조,맑음,교차로 - 교차로안,승용,남,63세,상해없음,화물,남,53세,경상
2021041200100144,2021년 4월 12일 10시,월요일,경상북도 영주시 풍기읍,경상사고,0,0,2,0,차대차 - 측면충돌,안전운전불이행,건조,맑음,교차로 - 교차로부근,승용,남,59세,상해없음,승용,여,38세,경상
2021041200100175,2021년 4월 12일 11시,월요일,경상북도 포항시 북구 죽도동,경상사고,0,0,1,0,차량단독 - 기타,안전운전불이행,건조,맑음,교차로 - 교차로부근,승용,남,71세,상해없음,,,,
2021041200100176,2021년 4월 12일 11시,월요일,경상북도 안동시 운흥동,경상사고,0,0,3,0,차대차 - 추돌,교차로운행방법위반,젖음/습기,비,교차로 - 교차로안,승용,여,44세,경상,승용,여,61세,경상
2021041200100177,2021년 4월 12일 11시,월요일,경상북도 영천시 작산동,경상사고,0,0,2,0,차대차 - 추돌,안전운전불이행,젖음/습기,비,단일로 - 기타,승용,여,45세,상해없음,승용,여,40세,경상
2021041200100178,2021년 4월 12일 11시,월요일,경상북도 성주군 벽진면,경상사고,0,0,2,0,차대차 - 정면충돌,중앙선침범,젖음/습기,비,단일로 - 기타,승용,남,79세,상해없음,화물,남,52세,경상
2021041200100179,2021년 4월 12일 11시,월요일,경상북도 포항시 남구 상도동,중상사고,0,1,2,0,차대차 - 측면충돌,직진우회전진행방해,젖음/습기,비,교차로 - 교차로안,승용,남,55세,중상,승용,남,18세,경상
2021041200100211,2021년 4월 12일 12시,월요일,경상북도 김천시 덕곡동,중상사고,0,1,0,0,차대차 - 추돌,안전거리미확보,젖음/습기,흐림,교차로 - 교차로부근,화물,남,63세,상해없음,승용,남,60세,상해없음
2021041200100240,2021년 4월 12일 13시,월요일,경상북도 포항시 북구 흥해읍,중상사고,0,2,4,0,차대차 - 추돌,안전거리미확보,젖음/습기,비,단일로 - 기타,화물,남,62세,경상,승용,남,56세,중상
2021041200100267,2021년 4월 12일 14시,월요일,경상북도 경주시 시래동,경상사고,0,0,2,0,차대차 - 측면충돌,신호위반,젖음/습기,비,교차로 - 교차로안,승용,여,54세,상해없음,승용,여,46세,경상
2021041200100268,2021년 4월 12일 14시,월요일,경상북도 포항시 북구 죽도동,중상사고,0,1,3,0,차대차 - 추돌,안전운전불이행,젖음/습기,맑음,단일로 - 기타,화물,남,56세,상해없음,승용,여,41세,경상
2021041200100269,2021년 4월 12일 14시,월요일,경상북도 포항시 북구 흥해읍,경상사고,0,0,1,0,차대사람 - 기타,안전운전불이행,젖음/습기,비,단일로 - 기타,승용,남,49세,상해없음,보행자,남,30세,경상
2021041200100270,2021년 4월 12일 14시,월요일,경상북도 경산시 중방동,중상사고,0,1,1,0,차대차 - 측면충돌,신호위반,젖음/습기,비,교차로 - 교차로안,원동기,남,24세,중상,승용,남,58세,경상
2021041200100271,2021년 4월 12일 14시,월요일,경상북도 성주군 성주읍,경상사고,0,0,1,0,차대사람 - 횡단중,안전운전불이행,젖음/습기,비,교차로 - 교차로횡단보도내,화물,여,59세,상해없음,보행자,여,7세,경상
2021041200100272,2021년 4월 12일 14시,월요일,경상북도 구미시 선산읍,경상사고,0,0,2,1,차대차 - 기타,안전운전불이행,건조,맑음,단일로 - 기타,승용,남,68세,상해없음,승합,남,55세,경상
2021041200100310,2021년 4월 12일 15시,월요일,경상북도 경산시 정평동,중상사고,0,1,0,0,차대사람 - 기타,안전운전불이행,젖음/습기,비,단일로 - 기타,기타불명,기타불명,미분류,기타불명,보행자,남,11세,중상
2021041200100353,2021년 4월 12일 16시,월요일,경상북도 영천시 임고면,경상사고,0,0,2,0,차대차 - 측면충돌,안전운전불이행,젖음/습기,비,단일로 - 기타,화물,남,66세,상해없음,승용,남,47세,경상
2021041200100354,2021년 4월 12일 16시,월요일,경상북도 포항시 남구 연일읍,경상사고,0,0,1,0,차대차 - 측면충돌,차로위반,건조,맑음,단일로 - 기타,화물,남,42세,상해없음,승용,남,44세,경상
2021041200100397,2021년 4월 12일 17시,월요일,경상북도 영주시 하망동,경상사고,0,0,1,0,차대차 - 측면충돌,안전운전불이행,건조,맑음,기타 - 기타,화물,남,62세,상해없음,화물,남,28세,경상
2021041200100398,2021년 4월 12일 17시,월요일,경상북도 청송군 안덕면,중상사고,0,1,0,0,차량단독 - 전도전복 - 전도,안전운전불이행,젖음/습기,안개,단일로 - 지하차도(도로)내,승용,남,51세,중상,,,,
2021041200100430,2021년 4월 12일 18시,월요일,경상북도 경주시 건천읍,중상사고,0,1,0,0,차대차 - 정면충돌,중앙선침범,건조,맑음,단일로 - 기타,승용,남,72세,상해없음,화물,남,72세,중상
2021041200100431,2021년 4월 12일 18시,월요일,경상북도 구미시 선산읍,중상사고,0,1,0,0,차대사람 - 횡단중,안전운전불이행,젖음/습기,비,교차로 - 교차로부근,승용,여,51세,상해없음,보행자,남,38세,중상
2021041200100479,2021년 4월 12일 19시,월요일,경상북도 안동시 송현동,경상사고,0,0,1,1,차대차 - 측면충돌,교차로운행방법위반,젖음/습기,비,교차로 - 교차로안,승용,남,37세,부상신고,승용,남,52세,경상
2021041200100480,2021년 4월 12일 19시,월요일,경상북도 구미시 봉곡동,경상사고,0,0,1,0,차대차 - 기타,교차로운행방법위반,젖음/습기,비,교차로 - 교차로안,승용,남,57세,상해없음,이륜,남,20세,경상
2021041200100530,2021년 4월 12일 20시,월요일,경상북도 김천시 성내동,경상사고,0,0,1,0,차대차 - 측면충돌,안전운전불이행,젖음/습기,비,교차로 - 교차로안,승용,남,68세,상해없음,승용,남,26세,상해없음
2021041200100531,2021년 4월 12일 20시,월요일,경상북도 포항시 남구 효자동,경상사고,0,0,2,0,차대차 - 측면충돌,직진우회전진행방해,젖음/습기,비,교차로 - 교차로안,승용,남,63세,상해없음,승용,남,41세,경상
2021041200100532,2021년 4월 12일 20시,월요일,경상북도 성주군 초전면,중상사고,0,2,0,0,차대차 - 추돌,안전운전불이행,젖음/습기,비,단일로 - 기타,승용,여,39세,상해없음,승용,남,56세,중상
2021041200100613,2021년 4월 12일 22시,월요일,경상북도 군위군 소보면,경상사고,0,0,1,0,차량단독 - 공작물충돌,안전운전불이행,젖음/습기,비,단일로 - 교량,승용,남,41세,상해없음,,,,
2021041200100614,2021년 4월 12일 22시,월요일,경상북도 구미시 구평동,경상사고,0,0,2,0,차대사람 - 횡단중,신호위반,젖음/습기,비,교차로 - 교차로횡단보도내,이륜,남,35세,상해없음,보행자,남,13세,경상
2021041200100640,2021년 4월 12일 23시,월요일,경상북도 경주시 건천읍,중상사고,0,1,1,0,차대차 - 측면충돌,신호위반,젖음/습기,비,교차로 - 교차로안,승용,남,59세,경상,승용,여,60세,중상
2021041300100020,2021년 4월 13일 01시,화요일,경상북도 영천시 금호읍,부상신고사고,0,0,0,1,차대차 - 추돌,안전거리미확보,건조,맑음,교차로 - 교차로부근,승용,남,21세,상해없음,승용,남,23세,부상신고
2021041300100030,2021년 4월 13일 04시,화요일,경상북도 구미시 임수동,중상사고,0,1,0,0,차량단독 - 공작물충돌,안전운전불이행,건조,맑음,교차로 - 교차로안,승용,남,36세,중상,,,,
2021041300100048,2021년 4월 13일 06시,화요일,경상북도 영주시 봉현면,중상사고,0,1,0,0,차량단독 - 전도전복 - 전복,안전운전불이행,건조,맑음,단일로 - 기타,승합,남,65세,중상,,,,
2021041300100070,2021년 4월 13일 07시,화요일,경상북도 포항시 북구 용흥동,경상사고,0,0,1,0,차대사람 - 횡단중,안전운전불이행,건조,맑음,단일로 - 기타,승용,여,58세,상해없음,보행자,여,64세,경상
2021041300100071,2021년 4월 13일 07시,화요일,경상북도 구미시 고아읍,경상사고,0,0,1,0,차대차 - 측면충돌,신호위반,건조,맑음,교차로 - 교차로안,승용,남,54세,상해없음,승용,여,47세,경상
2021041300100072,2021년 4월 13일 07시,화요일,경상북도 포항시 남구 동촌동,중상사고,0,1,0,0,차대차 - 측면충돌,차로위반,건조,맑음,교차로 - 교차로부근,승용,남,29세,상해없음,이륜,남,28세,중상
2021041300100073,2021년 4월 13일 07시,화요일,경상북도 포항시 남구 동해면,경상사고,0,0,2,0,차대차 - 추돌,안전운전불이행,건조,맑음,단일로 - 기타,승용,남,70세,경상,화물,여,39세,상해없음