사고번호,사고일시,요일,시군구,사고내용,사망자수,중상자수,경상자수,부상신고자수,사고유형,법규위반,노면상태,기상상태,도로형태,가해운전자 차종,가해운전자 성별,가해운전자 연령,가해운전자 상해정도,피해운전자 차종,피해운전자 성별,피해운전자 연령,피해운전자 상해정도
2021041300100105,2021년 4월 13일 08시,화요일,경상북도 포항시 북구 우현동,경상사고,0,0,3,0,차대차 - 기타,안전운전불이행,건조,맑음,교차로 - 교차로안,승용,여,63세,상해없음,승용,여,42세,경상
2021041300100106,2021년 4월 13일 08시,화요일,경상북도 구미시 광평동,경상사고,0,0,1,0,차대차 - 측면충돌,안전운전불이행,건조,맑음,교차로 - 교차로안,승용,여,50세,상해없음,승용,남,33세,경상
2021041300100107,2021년 4월 13일 08시,화요일,경상북도 구미시 원평동,경상사고,0,0,1,0,차대사람 - 보도통행중,안전운전불이행,건조,맑음,주차장 - 주차장,화물,남,75세,상해없음,보행자,남,26세,경상
2021041300100138,2021년 4월 13일 09시,화요일,경상북도 구미시 고아읍,중상사고,0,1,0,0,차대차 - 정면충돌,중앙선침범,건조,맑음,단일로 - 기타,승용,여,57세,상해없음,승용,여,37세,중상
2021041300100163,2021년 4월 13일 10시,화요일,경상북도 경주시 성동동,중상사고,0,1,0,0,차대차 - 측면충돌,안전운전불이행,건조,맑음,단일로 - 지하차도(도로)내,승용,여,51세,상해없음,자전거,남,59세,중상
2021041300100164,2021년 4월 13일 10시,화요일,경상북도 칠곡군 가산면,사망사고,1,0,0,0,차대차 - 추돌,안전운전불이행,건조,맑음,단일로 - 기타,특수,남,30세,상해없음,농기계,남,75세,사망
2021041300100165,2021년 4월 13일 10시,화요일,경상북도 경산시 압량읍,경상사고,0,0,1,0,차대사람 - 횡단중,보행자보호의무위반,건조,맑음,교차로 - 교차로횡단보도내,승용,남,38세,상해없음,보행자,남,25세,경상
2021041300100194,2021년 4월 13일 11시,화요일,경상북도 문경시 모전동,경상사고,0,0,1,0,차대차 - 측면충돌,안전운전불이행,건조,맑음,교차로 - 교차로부근,승용,남,54세,상해없음,이륜,남,37세,경상
2021041300100217,2021년 4월 13일 12시,화요일,경상북도 포항시 남구 송도동,경상사고,0,0,1,0,차대차 - 측면충돌,안전운전불이행,건조,맑음,단일로 - 기타,승용,남,65세,상해없음,승용,남,26세,경상
2021041300100253,2021년 4월 13일 13시,화요일,경상북도 영천시 고경면,경상사고,0,0,1,0,차대차 - 측면충돌,안전운전불이행,건조,맑음,교차로 - 교차로부근,화물,남,63세,상해없음,승용,여,50세,경상
2021041300100254,2021년 4월 13일 13시,화요일,경상북도 문경시 모전동,중상사고,0,1,0,0,차대차 - 측면충돌,안전운전불이행,건조,맑음,단일로 - 기타,이륜,남,27세,중상,승합,여,52세,상해없음
2021041300100255,2021년 4월 13일 13시,화요일,경상북도 봉화군 봉성면,중상사고,0,1,0,0,차대차 - 기타,중앙선침범,건조,맑음,단일로 - 기타,승용,여,62세,상해없음,승용,남,25세,중상
2021041300100283,2021년 4월 13일 14시,화요일,경상북도 울릉군 울릉읍,중상사고,0,1,0,0,차대사람 - 기타,안전운전불이행,건조,맑음,단일로 - 기타,승용,여,52세,상해없음,보행자,남,48세,중상
2021041300100284,2021년 4월 13일 14시,화요일,경상북도 포항시 남구 상도동,경상사고,0,0,1,0,차대차 - 측면충돌,직진우회전진행방해,건조,맑음,교차로 - 교차로안,승용,남,56세,상해없음,이륜,남,22세,경상
2021041300100322,2021년 4월 13일 15시,화요일,경상북도 안동시 삼산동,경상사고,0,0,2,0,차대차 - 기타,교차로운행방법위반,건조,맑음,교차로 - 교차로안,승용,남,48세,경상,승용,여,32세,경상
2021041300100323,2021년 4월 13일 15시,화요일,경상북도 청송군 파천면,사망사고,1,0,0,0,차대차 - 정면충돌,신호위반,건조,맑음,교차로 - 교차로안,승용,남,60세,상해없음,이륜,남,78세,사망
2021041300100324,2021년 4월 13일 15시,화요일,경상북도 구미시 광평동,경상사고,0,0,1,0,차대차 - 측면충돌,안전운전불이행,건조,맑음,교차로 - 교차로부근,승용,남,49세,상해없음,화물,남,34세,경상
2021041300100325,2021년 4월 13일 15시,화요일,경상북도 포항시 남구 해도동,경상사고,0,0,1,0,차대차 - 측면충돌,안전운전불이행,건조,맑음,교차로 - 교차로횡단보도내,승용,남,68세,경상,승용,남,63세,상해없음
2021041300100365,2021년 4월 13일 16시,화요일,경상북도 경주시 황성동,중상사고,0,1,0,0,차대차 - 측면충돌,안전운전불이행,건조,맑음,단일로 - 기타,자전거,남,75세,중상,승용,남,60세,상해없음
2021041300100366,2021년 4월 13일 16시,화요일,경상북도 경주시 안강읍,경상사고,0,0,1,0,차대차 - 측면충돌,안전운전불이행,건조,맑음,교차로 - 교차로안,화물,남,54세,상해없음,승용,여,46세,경상
2021041300100421,2021년 4월 13일 17시,화요일,경상북도 안동시 옥동,경상사고,0,0,2,0,차대차 - 측면충돌,교차로운행방법위반,건조,맑음,교차로 - 교차로안,승용,여,45세,경상,승용,여,54세,경상
2021041300100422,2021년 4월 13일 17시,화요일,경상북도 의성군 의성읍,중상사고,0,1,0,0,차대차 - 측면충돌,직진우회전진행방해,건조,맑음,교차로 - 교차로부근,승용,여,28세,상해없음,이륜,남,74세,중상
2021041300100423,2021년 4월 13일 17시,화요일,경상북도 구미시 선산읍,경상사고,0,0,1,0,차대차 - 측면충돌,안전운전불이행,건조,맑음,교차로 - 교차로안,승용,남,60세,상해없음,자전거,남,9세,경상
2021041300100424,2021년 4월 13일 17시,화요일,경상북도 포항시 남구 오천읍,경상사고,0,0,1,0,차대차 - 측면충돌,직진우회전진행방해,건조,맑음,교차로 - 교차로안,승용,남,55세,상해없음,이륜,여,28세,경상
2021041300100467,2021년 4월 13일 18시,화요일,경상북도 경주시 감포읍,중상사고,0,1,0,0,차대사람 - 차도통행중,안전운전불이행,건조,맑음,단일로 - 지하차도(도로)내,승용,남,56세,상해없음,보행자,남,65세,중상
2021041300100469,2021년 4월 13일 18시,화요일,경상북도 문경시 흥덕동,중상사고,0,1,1,0,차대차 - 추돌,안전운전불이행,건조,맑음,단일로 - 교량,승용,남,38세,중상,승용,남,27세,상해없음
2021041300100470,2021년 4월 13일 18시,화요일,경상북도 청도군 청도읍,경상사고,0,0,1,0,차대차 - 측면충돌,신호위반,건조,맑음,단일로 - 기타,화물,남,67세,상해없음,승용,여,51세,경상
2021041300100513,2021년 4월 13일 19시,화요일,경상북도 구미시 오태동,사망사고,1,0,0,0,차대사람 - 기타,안전운전불이행,건조,맑음,교차로 - 교차로안,승용,여,38세,상해없음,보행자,여,51세,사망
2021041300100545,2021년 4월 13일 20시,화요일,경상북도 포항시 남구 상도동,경상사고,0,0,1,0,차대차 - 측면충돌,안전운전불이행,건조,맑음,단일로 - 기타,자전거,남,73세,경상,승용,남,41세,상해없음
2021041400100005,2021년 4월 14일 00시,수요일,경상북도 포항시 남구 오천읍,경상사고,0,0,2,0,차대차 - 측면충돌,직진우회전진행방해,젖음/습기,비,교차로 - 교차로안,승용,남,33세,경상,특수,남,59세,경상
2021041400100051,2021년 4월 14일 07시,수요일,경상북도 포항시 북구 청하면,경상사고,0,0,1,0,차대차 - 측면충돌,안전거리미확보,건조,맑음,교차로 - 교차로안,화물,남,72세,상해없음,승용,여,28세,경상
2021041400100052,2021년 4월 14일 07시,수요일,경상북도 영천시 문내동,경상사고,0,0,2,0,차대차 - 측면충돌,안전운전불이행,건조,맑음,교차로 - 교차로안,승용,여,61세,상해없음,승용,남,44세,경상
2021041400100053,2021년 4월 14일 07시,수요일,경상북도 포항시 남구 청림동,중상사고,0,1,0,0,차대차 - 측면충돌,안전운전불이행,건조,맑음,단일로 - 지하차도(도로)내,승용,여,31세,상해없음,자전거,남,56세,중상
2021041400100080,2021년 4월 14일 08시,수요일,경상북도 김천시 대광동,중상사고,0,1,2,0,차대차 - 측면충돌,교차로운행방법위반,건조,맑음,교차로 - 교차로안,특수,남,53세,상해없음,승용,남,26세,경상
2021041400100081,2021년 4월 14일 08시,수요일,경상북도 구미시 형곡동,사망사고,1,0,0,0,차대사람 - 횡단중,안전운전불이행,건조,맑음,교차로 - 교차로안,승합,남,60세,상해없음,보행자,여,20세,사망
2021041400100111,2021년 4월 14일 09시,수요일,경상북도 구미시 임수동,경상사고,0,0,2,0,차대차 - 측면충돌,교차로운행방법위반,건조,맑음,교차로 - 교차로안,승용,여,34세,상해없음,승용,여,30세,경상
2021041400100137,2021년 4월 14일 10시,수요일,경상북도 상주시 무양동,중상사고,0,1,0,0,차대차 - 측면충돌,교차로운행방법위반,건조,맑음,교차로 - 교차로안,승용,여,45세,상해없음,이륜,여,58세,중상
2021041400100159,2021년 4월 14일 11시,수요일,경상북도 경주시 동천동,중상사고,0,1,0,0,차대차 - 측면충돌,안전운전불이행,건조,맑음,교차로 - 교차로횡단보도내,승용,여,52세,상해없음,자전거,여,58세,중상
2021041400100194,2021년 4월 14일 12시,수요일,경상북도 안동시 명륜동,경상사고,0,0,1,0,차대사람 - 기타,보행자보호의무위반,건조,맑음,교차로 - 교차로안,승용,여,42세,상해없음,보행자,남,39세,경상
2021041400100195,2021년 4월 14일 12시,수요일,경상북도 경산시 진량읍,경상사고,0,0,1,0,차대차 - 측면충돌,교차로운행방법위반,건조,맑음,교차로 - 교차로안,화물,남,41세,기타불명,승용,여,28세,경상
2021041400100196,2021년 4월 14일 12시,수요일,경상북도 구미시 공단동,경상사고,0,0,1,0,차대차 - 기타,교차로운행방법위반,건조,맑음,교차로 - 교차로안,승용,남,31세,상해없음,화물,남,38세,경상
2021041400100197,2021년 4월 14일 12시,수요일,경상북도 포항시 남구 오천읍,중상사고,0,1,1,0,차대차 - 측면충돌,안전운전불이행,건조,맑음,교차로 - 교차로안,승용,여,61세,경상,승용,여,65세,중상
2021041400100198,2021년 4월 14일 12시,수요일,경상북도 포항시 남구 송도동,중상사고,0,1,0,0,차대차 - 측면충돌,안전운전불이행,건조,맑음,교차로 - 교차로안,승용,여,62세,상해없음,자전거,남,72세,중상
2021041400100233,2021년 4월 14일 13시,수요일,경상북도 포항시 북구 흥해읍,경상사고,0,0,1,0,차대차 - 후진중충돌,안전운전불이행,건조,맑음,기타 - 기타,승용,여,59세,상해없음,승용,여,50세,경상
2021041400100234,2021년 4월 14일 13시,수요일,경상북도 안동시 옥동,경상사고,0,0,1,0,차대차 - 측면충돌,안전운전불이행,건조,맑음,교차로 - 교차로안,승용,남,84세,상해없음,승합,남,56세,경상
2021041400100235,2021년 4월 14일 13시,수요일,경상북도 영주시 휴천동,경상사고,0,0,1,0,차대사람 - 차도통행중,안전운전불이행,건조,맑음,교차로 - 교차로부근,승용,여,56세,상해없음,보행자,남,46세,경상
2021041400100236,2021년 4월 14일 13시,수요일,경상북도 포항시 남구 상도동,경상사고,0,0,1,0,차대차 - 측면충돌,안전운전불이행,건조,맑음,교차로 - 교차로안,승용,남,62세,상해없음,승용,남,24세,경상
2021041400100266,2021년 4월 14일 14시,수요일,경상북도 안동시 삼산동,경상사고,0,0,1,0,차대차 - 측면충돌,안전운전불이행,건조,맑음,교차로 - 교차로안,승용,남,50세,상해없음,승용,여,38세,상해없음
2021041400100267,2021년 4월 14일 14시,수요일,경상북도 영천시 오수동,경상사고,0,0,6,0,차대차 - 추돌,안전운전불이행,건조,맑음,단일로 - 기타,승용,남,73세,경상,화물,남,69세,경상
2021041400100301,2021년 4월 14일 15시,수요일,경상북도 경주시 황남동,경상사고,0,0,1,0,차대사람 - 길가장자리구역통행중,안전운전불이행,건조,맑음,단일로 - 기타,승용,여,22세,상해없음,보행자,남,28세,경상
2021041400100302,2021년 4월 14일 15시,수요일,경상북도 포항시 북구 죽도동,중상사고,0,1,0,0,차대차 - 측면충돌,안전운전불이행,건조,맑음,교차로 - 교차로부근,승용,남,49세,상해없음,승용,남,25세,중상
2021041400100303,2021년 4월 14일 15시,수요일,경상북도 구미시 송정동,경상사고,0,0,1,0,차대사람 - 차도통행중,안전운전불이행,건조,맑음,단일로 - 기타,승용,남,45세,상해없음,보행자,여,24세,경상
2021041400100337,2021년 4월 14일 16시,수요일,경상북도 경주시 용강동,중상사고,0,1,1,0,차대차 - 측면충돌,신호위반,건조,맑음,교차로 - 교차로안,승용,여,48세,상해없음,승용,여,58세,중상
2021041400100338,2021년 4월 14일 16시,수요일,경상북도 구미시 송정동,경상사고,0,0,2,0,차대차 - 정면충돌,신호위반,건조,맑음,교차로 - 교차로안,승용,여,47세,경상,승용,여,47세,경상
2021041400100376,2021년 4월 14일 17시,수요일,경상북도 경주시 외동읍,경상사고,0,0,1,0,차대차 - 측면충돌,안전운전불이행,건조,맑음,단일로 - 기타,승용,남,67세,상해없음,승용,여,51세,경상
2021041400100377,2021년 4월 14일 17시,수요일,경상북도 포항시 북구 흥해읍,중상사고,0,1,0,0,차대사람 - 기타,안전운전불이행,건조,맑음,단일로 - 기타,승용,남,49세,상해없음,보행자,여,65세,중상
2021041400100378,2021년 4월 14일 17시,수요일,경상북도 경산시 하양읍,경상사고,0,0,2,0,차대차 - 측면충돌,직진우회전진행방해,건조,맑음,교차로 - 교차로안,승용,남,26세,경상,화물,남,52세,경상
2021041400100379,2021년 4월 14일 17시,수요일,경상북도 구미시 공단동,경상사고,0,0,1,0,차대차 - 추돌,안전운전불이행,건조,맑음,단일로 - 기타,승용,남,68세,상해없음,승용,남,35세,경상
2021041400100426,2021년 4월 14일 18시,수요일,경상북도 안동시 용상동,경상사고,0,0,4,0,차대차 - 측면충돌,신호위반,건조,맑음,교차로 - 교차로안,승용,남,31세,상해없음,승용,남,22세,경상
2021041400100565,2021년 4월 14일 23시,수요일,경상북도 포항시 남구 대잠동,경상사고,0,0,1,0,차대차 - 측면충돌,안전운전불이행,건조,맑음,교차로 - 교차로안,승용,여,45세,상해없음,자전거,남,26세,경상
2021041500100020,2021년 4월 15일 03시,목요일,경상북도 포항시 북구 두호동,중상사고,0,1,0,0,차량단독 - 기타,안전운전불이행,건조,맑음,단일로 - 기타,이륜,남,21세,중상,,,,
2021041500100024,2021년 4월 15일 04시,목요일,경상북도 포항시 남구 해도동,경상사고,0,0,2,0,차대차 - 측면충돌,직진우회전진행방해,건조,맑음,교차로 - 교차로안,승용,남,60세,경상,승합,남,38세,경상
2021041500100027,2021년 4월 15일 05시,목요일,경상북도 경주시 사정동,경상사고,0,0,1,1,차대차 - 추돌,안전운전불이행,건조,맑음,교차로 - 교차로부근,이륜,남,21세,부상신고,화물,남,61세,경상
2021041500100057,2021년 4월 15일 07시,목요일,경상북도 문경시 문경읍,중상사고,0,1,0,0,차대차 - 측면충돌,안전운전불이행,건조,맑음,교차로 - 교차로안,승용,남,37세,상해없음,이륜,여,72세,중상
2021041500100058,2021년 4월 15일 07시,목요일,경상북도 경산시 계양동,경상사고,0,0,1,0,차대사람 - 기타,안전운전불이행,건조,맑음,교차로 - 교차로안,승용,여,62세,상해없음,보행자,여,55세,경상
2021041500100059,2021년 4월 15일 07시,목요일,경상북도 고령군 다산면,경상사고,0,0,2,0,차대차 - 측면충돌,기타,건조,맑음,교차로 - 교차로안,화물,남,39세,경상,승용,남,82세,경상
2021041500100060,2021년 4월 15일 07시,목요일,경상북도 칠곡군 왜관읍,경상사고,0,0,1,0,차대차 - 측면충돌,안전운전불이행,건조,맑음,단일로 - 기타,화물,남,54세,상해없음,건설기계,남,67세,경상
2021041500100090,2021년 4월 15일 08시,목요일,경상북도 안동시 태화동,중상사고,0,1,0,0,차대사람 - 횡단중,신호위반,건조,맑음,교차로 - 교차로부근,화물,남,69세,상해없음,보행자,남,16세,중상
2021041500100091,2021년 4월 15일 08시,목요일,경상북도 영천시 서산동,경상사고,0,0,1,0,차대차 - 측면충돌,안전운전불이행,건조,맑음,교차로 - 교차로안,승용,여,64세,상해없음,화물,남,36세,경상
2021041500100092,2021년 4월 15일 08시,목요일,경상북도 문경시 흥덕동,중상사고,0,1,6,0,차대차 - 측면충돌,기타,건조,맑음,교차로 - 교차로안,승용,여,44세,경상,승용,여,46세,경상
2021041500100093,2021년 4월 15일 08시,목요일,경상북도 구미시 옥계동,경상사고,0,0,1,0,차대차 - 기타,안전운전불이행,건조,맑음,교차로 - 교차로횡단보도내,승용,남,46세,상해없음,개인형이동수단(PM),여,22세,경상
2021041500100122,2021년 4월 15일 09시,목요일,경상북도 칠곡군 왜관읍,경상사고,0,0,3,0,차대차 - 기타,신호위반,건조,맑음,교차로 - 교차로안,승용,여,39세,경상,승합,남,42세,상해없음
2021041500100123,2021년 4월 15일 09시,목요일,경상북도 칠곡군 석적읍,경상사고,0,0,1,0,차대차 - 측면충돌,교차로운행방법위반,건조,맑음,교차로 - 교차로안,승용,남,53세,상해없음,이륜,남,32세,경상
2021041500100124,2021년 4월 15일 09시,목요일,경상북도 예천군 예천읍,중상사고,0,1,0,0,차대사람 - 횡단중,신호위반,건조,맑음,교차로 - 교차로횡단보도내,승용,여,68세,상해없음,보행자,여,60세,중상
2021041500100125,2021년 4월 15일 09시,목요일,경상북도 구미시 고아읍,경상사고,0,0,2,2,차대차 - 측면충돌,안전운전불이행,건조,맑음,교차로 - 교차로안,승용,여,60세,부상신고,승용,남,79세,경상
2021041500100147,2021년 4월 15일 10시,목요일,경상북도 칠곡군 왜관읍,경상사고,0,0,2,0,차대차 - 측면충돌,안전운전불이행,건조,맑음,교차로 - 교차로부근,승용,여,53세,경상,승용,여,48세,경상
2021041500100175,2021년 4월 15일 11시,목요일,경상북도 경주시 사정동,경상사고,0,0,1,0,차대차 - 기타,안전운전불이행,건조,맑음,교차로 - 교차로횡단보도내,승용,남,67세,상해없음,자전거,여,28세,경상
2021041500100176,2021년 4월 15일 11시,목요일,경상북도 경산시 중산동,경상사고,0,0,2,0,차대차 - 추돌,안전운전불이행,건조,맑음,교차로 - 교차로부근,승용,여,46세,경상,이륜,남,47세,경상
2021041500100177,2021년 4월 15일 11시,목요일,경상북도 영덕군 지품면,중상사고,0,1,0,0,차대차 - 측면충돌,기타,건조,맑음,교차로 - 교차로안,화물,남,28세,상해없음,농기계,남,79세,중상
2021041500100178,2021년 4월 15일 11시,목요일,경상북도 예천군 예천읍,중상사고,0,1,0,0,차대사람 - 횡단중,안전운전불이행,건조,맑음,교차로 - 교차로안,화물,남,63세,상해없음,보행자,여,64세,중상
2021041500100214,2021년 4월 15일 12시,목요일,경상북도 구미시 원평동,경상사고,0,0,1,0,차대사람 - 횡단중,보행자보호의무위반,건조,맑음,교차로 - 교차로부근,승용,남,46세,상해없음,보행자,여,58세,경상
2021041500100215,2021년 4월 15일 12시,목요일,경상북도 포항시 남구 오천읍,경상사고,0,0,2,0,차대차 - 측면충돌,안전운전불이행,건조,맑음,단일로 - 기타,승용,남,61세,상해없음,승용,남,67세,경상
2021041500100250,2021년 4월 15일 13시,목요일,경상북도 경주시 강동면,경상사고,0,0,1,0,차대차 - 측면충돌,안전운전불이행,건조,맑음,기타 - 기타,승용,남,36세,상해없음,특수,남,46세,경상
2021041500100251,2021년 4월 15일 13시,목요일,경상북도 안동시 풍산읍,경상사고,0,0,1,0,차대차 - 추돌,안전거리미확보,건조,맑음,단일로 - 기타,건설기계,남,46세,상해없음,승용,여,52세,경상
2021041500100252,2021년 4월 15일 13시,목요일,경상북도 김천시 대덕면,중상사고,0,1,0,0,차대차 - 측면충돌,안전운전불이행,건조,맑음,교차로 - 교차로안,화물,남,62세,상해없음,이륜,여,65세,중상
2021041500100253,2021년 4월 15일 13시,목요일,경상북도 의성군 의성읍,중상사고,0,1,0,0,차대차 - 측면충돌,안전운전불이행,건조,맑음,교차로 - 교차로안,승용,남,46세,상해없음,화물,남,40세,중상
2021041500100312,2021년 4월 15일 15시,목요일,경상북도 경주시 율동,경상사고,0,0,2,0,차대차 - 측면충돌,안전운전불이행,건조,맑음,단일로 - 지하차도(도로)내,승용,남,51세,상해없음,승용,남,32세,상해없음
2021041500100313,2021년 4월 15일 15시,목요일,경상북도 경산시 남천면,중상사고,0,1,0,0,차대차 - 정면충돌,중앙선침범,건조,맑음,단일로 - 기타,화물,남,60세,기타불명,자전거,남,57세,중상
2021041500100350,2021년 4월 15일 16시,목요일,경상북도 경주시 성건동,중상사고,0,1,0,0,차대차 - 추돌,안전운전불이행,건조,맑음,교차로 - 교차로안,승용,남,67세,상해없음,이륜,남,36세,중상
2021041500100351,2021년 4월 15일 16시,목요일,경상북도 경주시 동천동,경상사고,0,0,1,0,차대차 - 추돌,안전운전불이행,건조,맑음,교차로 - 교차로안,이륜,남,57세,상해없음,승용,남,29세,경상
2021041500100400,2021년 4월 15일 17시,목요일,경상북도 구미시 옥계동,경상사고,0,0,1,0,차대차 - 측면충돌,안전거리미확보,젖음/습기,맑음,단일로 - 기타,승용,여,48세,상해없음,이륜,남,35세,경상
2021041500100401,2021년 4월 15일 17시,목요일,경상북도 포항시 남구 해도동,중상사고,0,1,0,0,차대차 - 측면충돌,신호위반,건조,맑음,교차로 - 교차로안,승용,남,35세,상해없음,이륜,남,42세,중상
2021041500100451,2021년 4월 15일 18시,목요일,경상북도 안동시 풍산읍,중상사고,0,1,0,0,차대차 - 기타,직진우회전진행방해,건조,맑음,교차로 - 교차로안,승용,남,42세,상해없음,이륜,여,60세,중상
2021041500100452,2021년 4월 15일 18시,목요일,경상북도 경산시 남천면,경상사고,0,0,2,0,차대차 - 측면충돌,직진우회전진행방해,건조,맑음,교차로 - 교차로안,승합,남,61세,경상,승용,여,30세,경상
2021041500100453,2021년 4월 15일 18시,목요일,경상북도 포항시 남구 연일읍,경상사고,0,0,1,0,차대사람 - 길가장자리구역통행중,안전운전불이행,건조,맑음,단일로 - 기타,승합,여,37세,상해없음,보행자,남,74세,경상
2021041500100499,2021년 4월 15일 19시,목요일,경상북도 영천시 야사동,경상사고,0,0,1,0,차대사람 - 기타,안전운전불이행,건조,맑음,단일로 - 기타,승용,남,76세,상해없음,보행자,남,55세,경상
2021041500100500,2021년 4월 15일 19시,목요일,경상북도 경산시 압량읍,중상사고,0,1,0,0,차대차 - 측면충돌,안전운전불이행,건조,맑음,교차로 - 교차로안,이륜,남,28세,중상,화물,남,57세,상해없음
2021041500100542,2021년 4월 15일 20시,목요일,경상북도 포항시 북구 득량동,경상사고,0,0,2,1,차대차 - 추돌,안전운전불이행,건조,맑음,단일로 - 기타,이륜,남,21세,기타불명,승용,남,43세,경상
2021041500100565,2021년 4월 15일 21시,목요일,경상북도 경산시 상방동,경상사고,0,0,1,0,차대차 - 측면충돌,신호위반,건조,맑음,교차로 - 교차로안,승용,여,50세,상해없음,승용,남,50세,경상
2021041500100566,2021년 4월 15일 21시,목요일,경상북도 경산시 와촌면,중상사고,0,1,0,0,차대차 - 추돌,안전운전불이행,건조,맑음,단일로 - 기타,승용,남,41세,상해없음,이륜,남,70세,중상
2021041500100567,2021년 4월 15일 21시,목요일,경상북도 성주군 초전면,경상사고,0,0,1,0,차대사람 - 길가장자리구역통행중,안전운전불이행,건조,맑음,단일로 - 기타,승용,남,29세,상해없음,보행자,남,28세,경상
2021041500100607,2021년 4월 15일 22시,목요일,경상북도 포항시 남구 대잠동,경상사고,0,0,1,0,차대차 - 측면충돌,신호위반,건조,맑음,교차로 - 교차로안,승용,남,42세,상해없음,승용,남,26세,경상
2021041500100608,2021년 4월 15일 22시,목요일,경상북도 포항시 남구 오천읍,중상사고,0,1,2,0,차대차 - 정면충돌,신호위반,건조,맑음,교차로 - 교차로안,이륜,남,19세,중상,승용,여,39세,경상
2021041500100622,2021년 4월 15일 23시,목요일,경상북도 포항시 남구 오천읍,중상사고,0,1,0,0,차대차 - 측면충돌,안전운전불이행,건조,맑음,교차로 - 교차로안,승용,남,22세,상해없음,이륜,남,32세,중상
2021041600100023,2021년 4월 16일 03시,금요일,경상북도 안동시 옥동,경상사고,0,0,4,0,차대차 - 후진중충돌,안전운전불이행,건조,맑음,교차로 - 교차로안,승용,남,25세,상해없음,승용,여,46세,경상
2021041600100059,2021년 4월 16일 07시,금요일,경상북도 구미시 임은동,부상신고사고,0,0,0,1,차대차 - 측면충돌,안전운전불이행,건조,맑음,교차로 - 교차로안,승용,남,57세,상해없음,이륜,남,21세,부상신고
2021041600100060,2021년 4월 16일 07시,금요일,경상북도 구미시 공단동,경상사고,0,0,1,0,차대차 - 추돌,안전운전불이행,건조,흐림,단일로 - 기타,승용,남,67세,상해없음,승용,남,38세,경상
2021041600100104,2021년 4월 16일 08시,금요일,경상북도 안동시 송천동,중상사고,0,1,2,0,차대차 - 측면충돌,신호위반,건조,맑음,교차로 - 교차로안,승용,남,41세,중상,승용,남,40세,경상
2021041600100105,2021년 4월 16일 08시,금요일,경상북도 구미시 선산읍,경상사고,0,0,1,0,차대사람 - 차도통행중,교차로운행방법위반,건조,흐림,교차로 - 교차로안,승용,여,35세,상해없음,보행자,여,78세,경상
2021041600100126,2021년 4월 16일 09시,금요일,경상북도 구미시 송정동,경상사고,0,0,1,0,차대차 - 기타,안전운전불이행,건조,맑음,교차로 - 교차로부근,승용,남,68세,상해없음,승용,남,44세,경상
2021041600100150,2021년 4월 16일 10시,금요일,경상북도 영천시 신녕면,경상사고,0,0,1,0,차대차 - 측면충돌,직진우회전진행방해,건조,맑음,교차로 - 교차로안,승용,남,50세,상해없음,이륜,남,80세,경상
2021041600100151,2021년 4월 16일 10시,금요일,경상북도 구미시 원평동,중상사고,0,1,0,0,차대차 - 기타,신호위반,건조,맑음,단일로 - 기타,승용,여,27세,상해없음,이륜,남,48세,중상
2021041600100205,2021년 4월 16일 12시,금요일,경상북도 경주시 성건동,중상사고,0,1,0,0,차대차 - 측면충돌,교차로운행방법위반,건조,맑음,교차로 - 교차로안,화물,남,53세,상해없음,개인형이동수단(PM),남,58세,중상
2021041600100236,2021년 4월 16일 13시,금요일,경상북도 포항시 북구 환호동,중상사고,0,1,0,0,차대사람 - 기타,기타,건조,맑음,기타 - 기타,승합,남,58세,상해없음,보행자,여,74세,중상
2021041600100257,2021년 4월 16일 14시,금요일,경상북도 포항시 북구 장성동,경상사고,0,0,2,0,차대차 - 기타,안전운전불이행,건조,맑음,단일로 - 기타,승용,남,43세,상해없음,승용,여,35세,상해없음
2021041600100258,2021년 4월 16일 14시,금요일,경상북도 안동시 용상동,경상사고,0,0,2,0,차대차 - 정면충돌,기타,건조,맑음,단일로 - 기타,화물,남,69세,상해없음,승용,여,34세,기타불명
2021041600100259,2021년 4월 16일 14시,금요일,경상북도 울릉군 울릉읍,중상사고,0,1,0,0,차대사람 - 기타,안전운전불이행,건조,맑음,기타 - 기타,화물,남,56세,상해없음,보행자,여,71세,중상
2021041600100260,2021년 4월 16일 14시,금요일,경상북도 포항시 남구 오천읍,경상사고,0,0,1,0,차대차 - 측면충돌,직진우회전진행방해,건조,맑음,교차로 - 교차로안,승용,여,38세,상해없음,승용,남,28세,경상
2021041600100261,2021년 4월 16일 14시,금요일,경상북도 포항시 남구 연일읍,경상사고,0,0,1,0,차대사람 - 횡단중,안전운전불이행,건조,맑음,교차로 - 교차로안,화물,남,51세,상해없음,보행자,여,7세,경상
2021041600100291,2021년 4월 16일 15시,금요일,경상북도 경주시 내남면,경상사고,0,0,4,0,차대차 - 측면충돌,안전운전불이행,건조,맑음,단일로 - 기타,화물,남,54세,상해없음,승용,여,29세,경상
2021041600100292,2021년 4월 16일 15시,금요일,경상북도 영천시 신녕면,중상사고,0,1,0,0,차대차 - 측면충돌,안전운전불이행,건조,맑음,단일로 - 기타,승용,남,50세,상해없음,원동기,남,71세,중상