사고번호,사고일시,요일,시군구,사고내용,사망자수,중상자수,경상자수,부상신고자수,사고유형,법규위반,노면상태,기상상태,도로형태,가해운전자 차종,가해운전자 성별,가해운전자 연령,가해운전자 상해정도,피해운전자 차종,피해운전자 성별,피해운전자 연령,피해운전자 상해정도
2021041600100293,2021년 4월 16일 15시,금요일,경상북도 구미시 진평동,경상사고,0,0,1,0,차대차 - 후진중충돌,안전운전불이행,건조,맑음,단일로 - 기타,승용,여,28세,상해없음,승용,여,48세,경상
2021041600100334,2021년 4월 16일 16시,금요일,경상북도 포항시 북구 항구동,경상사고,0,0,1,0,차대차 - 측면충돌,안전운전불이행,건조,맑음,기타 - 기타,화물,남,61세,상해없음,자전거,남,16세,경상
2021041600100335,2021년 4월 16일 16시,금요일,경상북도 경산시 진량읍,중상사고,0,1,0,0,차대차 - 측면충돌,교차로운행방법위반,건조,맑음,교차로 - 교차로안,승용,여,48세,상해없음,승용,여,64세,상해없음
2021041600100336,2021년 4월 16일 16시,금요일,경상북도 포항시 남구 해도동,경상사고,0,0,1,0,차대차 - 측면충돌,안전거리미확보,건조,맑음,교차로 - 교차로안,승용,여,58세,기타불명,승용,남,42세,경상
2021041600100370,2021년 4월 16일 17시,금요일,경상북도 포항시 북구 죽도동,중상사고,0,1,0,0,차대사람 - 횡단중,중앙선침범,건조,맑음,단일로 - 기타,개인형이동수단(PM),남,28세,상해없음,보행자,여,69세,중상
2021041600100415,2021년 4월 16일 18시,금요일,경상북도 안동시 용상동,중상사고,0,1,0,0,차대차 - 측면충돌,안전운전불이행,건조,맑음,단일로 - 기타,이륜,남,45세,중상,승용,남,29세,상해없음
2021041600100416,2021년 4월 16일 18시,금요일,경상북도 김천시 감문면,중상사고,0,1,0,0,차량단독 - 공작물충돌,안전운전불이행,건조,맑음,단일로 - 기타,승용,여,62세,중상,,,,
2021041600100417,2021년 4월 16일 18시,금요일,경상북도 경산시 진량읍,경상사고,0,0,1,0,차대차 - 측면충돌,안전운전불이행,건조,맑음,단일로 - 기타,이륜,남,27세,상해없음,자전거,남,20세,경상
2021041600100418,2021년 4월 16일 18시,금요일,경상북도 경산시 대평동,경상사고,0,0,1,0,차대차 - 기타,기타,건조,맑음,교차로 - 교차로안,승용,남,63세,상해없음,승용,여,35세,경상
2021041600100419,2021년 4월 16일 18시,금요일,경상북도 구미시 상모동,중상사고,0,1,1,0,차대차 - 측면충돌,직진우회전진행방해,건조,맑음,교차로 - 교차로안,승용,여,53세,상해없음,원동기,남,21세,중상
2021041600100462,2021년 4월 16일 19시,금요일,경상북도 경주시 성동동,중상사고,0,1,0,0,차대사람 - 기타,안전운전불이행,건조,맑음,교차로 - 교차로부근,승용,남,30세,상해없음,보행자,남,63세,중상
2021041600100463,2021년 4월 16일 19시,금요일,경상북도 경주시 성건동,경상사고,0,0,1,0,차대차 - 측면충돌,신호위반,젖음/습기,흐림,교차로 - 교차로안,승용,남,46세,상해없음,이륜,남,42세,경상
2021041600100464,2021년 4월 16일 19시,금요일,경상북도 안동시 서후면,사망사고,1,0,0,0,차대사람 - 횡단중,안전운전불이행,건조,맑음,단일로 - 기타,화물,남,59세,상해없음,보행자,남,74세,사망
2021041600100465,2021년 4월 16일 19시,금요일,경상북도 구미시 오태동,경상사고,0,0,5,0,차대차 - 측면충돌,안전운전불이행,건조,맑음,단일로 - 기타,특수,남,49세,상해없음,승용,남,38세,경상
2021041600100492,2021년 4월 16일 20시,금요일,경상북도 경주시 도지동,중상사고,0,1,0,0,차대사람 - 횡단중,안전운전불이행,건조,맑음,단일로 - 기타,승용,남,26세,상해없음,보행자,남,16세,중상
2021041600100493,2021년 4월 16일 20시,금요일,경상북도 구미시 옥계동,경상사고,0,0,1,1,차대차 - 측면충돌,안전운전불이행,건조,맑음,단일로 - 기타,승용,여,31세,부상신고,승용,여,27세,경상
2021041600100562,2021년 4월 16일 22시,금요일,경상북도 의성군 다인면,경상사고,0,0,2,0,차대차 - 측면충돌,안전운전불이행,건조,맑음,교차로 - 교차로안,승용,남,42세,경상,화물,남,59세,경상
2021041600100563,2021년 4월 16일 22시,금요일,경상북도 경산시 옥곡동,중상사고,0,1,0,0,차량단독 - 기타,기타,건조,맑음,단일로 - 기타,승용,남,33세,상해없음,,,,
2021041700100008,2021년 4월 17일 00시,토요일,경상북도 포항시 남구 해도동,경상사고,0,0,1,0,차량단독 - 기타,안전운전불이행,건조,맑음,단일로 - 기타,승용,남,50세,상해없음,,,,
2021041700100020,2021년 4월 17일 01시,토요일,경상북도 경산시 신천동,중상사고,0,1,3,0,차대차 - 추돌,안전거리미확보,건조,맑음,단일로 - 기타,화물,남,41세,상해없음,승용,남,73세,경상
2021041700100026,2021년 4월 17일 02시,토요일,경상북도 구미시 황상동,부상신고사고,0,0,0,1,차량단독 - 기타,안전거리미확보,건조,맑음,단일로 - 기타,개인형이동수단(PM),남,24세,부상신고,,,,
2021041700100040,2021년 4월 17일 04시,토요일,경상북도 구미시 비산동,경상사고,0,0,2,0,차대차 - 기타,교차로운행방법위반,건조,맑음,교차로 - 교차로안,승용,여,54세,상해없음,승용,남,61세,경상
2021041700100056,2021년 4월 17일 06시,토요일,경상북도 포항시 북구 항구동,경상사고,0,0,1,0,차대차 - 기타,안전운전불이행,건조,맑음,단일로 - 기타,승용,여,37세,상해없음,승용,여,51세,경상
2021041700100068,2021년 4월 17일 07시,토요일,경상북도 영천시 금호읍,경상사고,0,0,1,0,차대차 - 추돌,안전거리미확보,건조,맑음,단일로 - 기타,화물,남,24세,상해없음,승용,여,74세,경상
2021041700100069,2021년 4월 17일 07시,토요일,경상북도 청송군 현서면,경상사고,0,0,1,0,차대차 - 측면충돌,중앙선침범,건조,맑음,단일로 - 지하차도(도로)내,승용,남,67세,상해없음,승용,남,36세,경상
2021041700100070,2021년 4월 17일 07시,토요일,경상북도 구미시 사곡동,부상신고사고,0,0,0,1,차대차 - 정면충돌,중앙선침범,건조,맑음,단일로 - 기타,자전거,남,30세,부상신고,승용,남,56세,상해없음
2021041700100085,2021년 4월 17일 08시,토요일,경상북도 안동시 신세동,중상사고,0,1,0,0,차대사람 - 기타,안전운전불이행,건조,맑음,교차로 - 교차로부근,승용,남,61세,상해없음,보행자,여,87세,중상
2021041700100086,2021년 4월 17일 08시,토요일,경상북도 영천시 완산동,경상사고,0,0,2,0,차대차 - 측면충돌,안전운전불이행,건조,맑음,단일로 - 기타,화물,남,71세,경상,승용,남,74세,경상
2021041700100087,2021년 4월 17일 08시,토요일,경상북도 성주군 성주읍,경상사고,0,0,1,0,차대차 - 기타,신호위반,건조,맑음,교차로 - 교차로안,이륜,남,52세,경상,화물,남,61세,상해없음
2021041700100140,2021년 4월 17일 10시,토요일,경상북도 포항시 북구 흥해읍,경상사고,0,0,2,0,차대차 - 측면충돌,안전운전불이행,건조,맑음,단일로 - 기타,승용,남,77세,경상,승용,남,37세,경상
2021041700100141,2021년 4월 17일 10시,토요일,경상북도 경산시 진량읍,경상사고,0,0,5,0,차대차 - 추돌,안전거리미확보,건조,맑음,교차로 - 교차로부근,승용,남,61세,상해없음,승용,남,31세,경상
2021041700100177,2021년 4월 17일 11시,토요일,경상북도 안동시 안기동,경상사고,0,0,2,0,차대차 - 추돌,안전운전불이행,건조,맑음,단일로 - 기타,화물,남,55세,상해없음,승용,남,37세,경상
2021041700100178,2021년 4월 17일 11시,토요일,경상북도 의성군 의성읍,경상사고,0,0,1,0,차대사람 - 횡단중,보행자보호의무위반,건조,맑음,교차로 - 교차로횡단보도내,승용,여,56세,상해없음,보행자,여,60세,경상
2021041700100179,2021년 4월 17일 11시,토요일,경상북도 경산시 사동,경상사고,0,0,1,0,차대차 - 추돌,안전거리미확보,건조,맑음,교차로 - 교차로부근,화물,남,73세,상해없음,승용,여,46세,경상
2021041700100216,2021년 4월 17일 12시,토요일,경상북도 상주시 낙동면,경상사고,0,0,1,0,차대차 - 측면충돌,안전운전불이행,건조,맑음,교차로 - 교차로안,이륜,여,77세,경상,승용,남,55세,상해없음
2021041700100253,2021년 4월 17일 13시,토요일,경상북도 포항시 북구 기계면,경상사고,0,0,3,0,차대차 - 측면충돌,안전운전불이행,건조,맑음,교차로 - 교차로부근,화물,남,64세,경상,승용,남,53세,경상
2021041700100254,2021년 4월 17일 13시,토요일,경상북도 포항시 북구 장성동,경상사고,0,0,2,0,차대차 - 기타,직진우회전진행방해,건조,맑음,교차로 - 교차로안,승용,남,57세,상해없음,승용,남,38세,상해없음
2021041700100255,2021년 4월 17일 13시,토요일,경상북도 구미시 송정동,중상사고,0,1,0,0,차대차 - 기타,차로위반,건조,맑음,단일로 - 기타,이륜,남,45세,상해없음,승용,여,47세,중상
2021041700100256,2021년 4월 17일 13시,토요일,경상북도 구미시 원평동,경상사고,0,0,1,0,차대사람 - 횡단중,안전운전불이행,건조,맑음,단일로 - 기타,자전거,남,49세,상해없음,보행자,여,5세,경상
2021041700100257,2021년 4월 17일 13시,토요일,경상북도 구미시 사곡동,중상사고,0,1,1,0,차대차 - 측면충돌,안전운전불이행,건조,맑음,교차로 - 교차로안,이륜,남,48세,상해없음,이륜,남,26세,경상
2021041700100295,2021년 4월 17일 14시,토요일,경상북도 경주시 인왕동,중상사고,0,1,0,0,차대사람 - 기타,안전운전불이행,건조,맑음,교차로 - 교차로부근,승용,남,34세,상해없음,보행자,남,83세,중상
2021041700100296,2021년 4월 17일 14시,토요일,경상북도 의성군 안계면,경상사고,0,0,1,0,차대차 - 후진중충돌,안전운전불이행,건조,맑음,단일로 - 기타,화물,남,58세,상해없음,이륜,남,72세,경상
2021041700100297,2021년 4월 17일 14시,토요일,경상북도 영주시 하망동,경상사고,0,0,1,1,차대차 - 측면충돌,신호위반,건조,맑음,교차로 - 교차로안,이륜,여,50세,부상신고,승용,남,73세,경상
2021041700100343,2021년 4월 17일 15시,토요일,경상북도 경주시 성동동,경상사고,0,0,1,0,차대사람 - 기타,안전운전불이행,젖음/습기,흐림,단일로 - 기타,이륜,남,21세,상해없음,보행자,남,16세,경상
2021041700100344,2021년 4월 17일 15시,토요일,경상북도 경주시 안강읍,중상사고,0,1,2,2,차대차 - 측면충돌,안전거리미확보,건조,맑음,단일로 - 기타,승용,남,20세,상해없음,승용,남,35세,중상
2021041700100345,2021년 4월 17일 15시,토요일,경상북도 경산시 하양읍,경상사고,0,0,2,0,차대차 - 추돌,안전운전불이행,건조,맑음,단일로 - 기타,건설기계,남,53세,상해없음,승용,남,44세,경상
2021041700100430,2021년 4월 17일 17시,토요일,경상북도 경산시 정평동,경상사고,0,0,1,0,차대차 - 측면충돌,차로위반,건조,맑음,단일로 - 기타,승용,남,43세,상해없음,승용,남,38세,경상
2021041700100431,2021년 4월 17일 17시,토요일,경상북도 군위군 군위읍,경상사고,0,0,1,0,차대사람 - 길가장자리구역통행중,안전운전불이행,건조,맑음,단일로 - 기타,화물,남,70세,상해없음,보행자,남,11세,경상
2021041700100463,2021년 4월 17일 18시,토요일,경상북도 경주시 감포읍,경상사고,0,0,1,0,차대차 - 정면충돌,안전운전불이행,건조,맑음,단일로 - 지하차도(도로)내,화물,남,60세,상해없음,화물,여,61세,경상
2021041700100464,2021년 4월 17일 18시,토요일,경상북도 포항시 북구 대흥동,경상사고,0,0,1,0,차대차 - 기타,안전운전불이행,건조,맑음,교차로 - 교차로안,승용,남,22세,상해없음,승용,남,49세,경상
2021041700100465,2021년 4월 17일 18시,토요일,경상북도 경산시 하양읍,경상사고,0,0,1,0,차대사람 - 기타,안전운전불이행,건조,맑음,단일로 - 기타,화물,남,27세,상해없음,보행자,여,19세,경상
2021041700100466,2021년 4월 17일 18시,토요일,경상북도 경산시 진량읍,경상사고,0,0,5,0,차대차 - 추돌,안전운전불이행,건조,맑음,단일로 - 기타,승용,여,40세,상해없음,승용,남,27세,경상
2021041700100467,2021년 4월 17일 18시,토요일,경상북도 청송군 진보면,중상사고,0,1,0,0,차대사람 - 횡단중,안전운전불이행,건조,맑음,교차로 - 교차로안,승용,여,52세,상해없음,보행자,남,72세,중상
2021041700100468,2021년 4월 17일 18시,토요일,경상북도 포항시 남구 연일읍,중상사고,0,1,1,0,차대차 - 정면충돌,신호위반,건조,맑음,단일로 - 기타,이륜,남,33세,중상,이륜,남,35세,경상
2021041700100496,2021년 4월 17일 19시,토요일,경상북도 의성군 안계면,경상사고,0,0,3,0,차대차 - 측면충돌,교차로운행방법위반,건조,맑음,교차로 - 교차로안,승용,남,53세,경상,화물,남,34세,경상
2021041700100497,2021년 4월 17일 19시,토요일,경상북도 영주시 휴천동,경상사고,0,0,1,0,차대차 - 측면충돌,중앙선침범,건조,맑음,교차로 - 교차로부근,화물,남,47세,상해없음,이륜,남,23세,경상
2021041700100498,2021년 4월 17일 19시,토요일,경상북도 포항시 남구 상도동,중상사고,0,1,0,0,차대차 - 측면충돌,안전운전불이행,건조,맑음,교차로 - 교차로부근,이륜,남,38세,중상,승용,남,26세,상해없음
2021041700100525,2021년 4월 17일 20시,토요일,경상북도 포항시 북구 환호동,중상사고,0,1,0,0,차대차 - 측면충돌,기타,건조,흐림,단일로 - 기타,승용,남,66세,상해없음,이륜,남,43세,중상
2021041700100526,2021년 4월 17일 20시,토요일,경상북도 구미시 남통동,경상사고,0,0,1,0,차대차 - 측면충돌,교차로운행방법위반,건조,맑음,교차로 - 교차로안,승합,남,59세,상해없음,이륜,남,22세,경상
2021041700100527,2021년 4월 17일 20시,토요일,경상북도 구미시 인의동,경상사고,0,0,2,0,차대차 - 기타,신호위반,건조,맑음,교차로 - 교차로안,승용,남,23세,상해없음,승용,남,56세,경상
2021041700100528,2021년 4월 17일 20시,토요일,경상북도 포항시 남구 대잠동,중상사고,0,1,0,0,차대차 - 측면충돌,안전운전불이행,건조,맑음,단일로 - 지하차도(도로)내,이륜,남,33세,상해없음,자전거,남,49세,중상
2021041700100550,2021년 4월 17일 21시,토요일,경상북도 영천시 금호읍,중상사고,0,3,2,0,차대차 - 추돌,안전운전불이행,건조,맑음,단일로 - 기타,승용,남,49세,상해없음,승용,여,33세,중상
2021041700100551,2021년 4월 17일 21시,토요일,경상북도 구미시 고아읍,부상신고사고,0,0,0,1,차대차 - 기타,안전운전불이행,건조,맑음,교차로 - 교차로안,개인형이동수단(PM),남,17세,부상신고,이륜,남,41세,상해없음
2021041700100552,2021년 4월 17일 21시,토요일,경상북도 구미시 상모동,중상사고,0,1,0,0,차대사람 - 기타,안전운전불이행,건조,맑음,기타 - 기타,승용,남,47세,상해없음,보행자,남,58세,중상
2021041700100593,2021년 4월 17일 23시,토요일,경상북도 칠곡군 왜관읍,중상사고,0,1,0,0,차대사람 - 길가장자리구역통행중,안전운전불이행,건조,맑음,교차로 - 교차로안,승용,남,56세,상해없음,보행자,남,49세,중상
2021041800100017,2021년 4월 18일 01시,일요일,경상북도 구미시 송정동,중상사고,0,1,0,0,차대차 - 기타,안전운전불이행,건조,맑음,기타 - 기타,이륜,남,33세,중상,승용,남,38세,기타불명
2021041800100040,2021년 4월 18일 05시,일요일,경상북도 구미시 원평동,경상사고,0,0,4,0,차대차 - 측면충돌,중앙선침범,건조,맑음,단일로 - 기타,승용,남,33세,경상,승용,남,28세,경상
2021041800100041,2021년 4월 18일 05시,일요일,경상북도 구미시 형곡동,경상사고,0,0,3,0,차대차 - 측면충돌,안전운전불이행,건조,맑음,교차로 - 교차로안,화물,남,68세,상해없음,승용,남,25세,경상
2021041800100042,2021년 4월 18일 05시,일요일,경상북도 포항시 남구 동해면,경상사고,0,0,4,0,차대차 - 추돌,안전운전불이행,건조,맑음,단일로 - 지하차도(도로)내,승용,남,32세,상해없음,승용,남,68세,경상
2021041800100049,2021년 4월 18일 08시,일요일,경상북도 안동시 신안동,중상사고,0,1,0,0,차대차 - 측면충돌,차로위반,건조,맑음,교차로 - 교차로부근,이륜,남,80세,중상,승용,남,27세,상해없음
2021041800100050,2021년 4월 18일 08시,일요일,경상북도 칠곡군 가산면,중상사고,0,1,1,0,차대차 - 측면충돌,안전운전불이행,건조,맑음,단일로 - 기타,승용,남,52세,중상,승용,남,66세,경상
2021041800100120,2021년 4월 18일 12시,일요일,경상북도 포항시 북구 흥해읍,경상사고,0,0,2,0,차대차 - 측면충돌,안전운전불이행,건조,맑음,교차로 - 교차로부근,승용,여,52세,상해없음,승용,여,37세,경상
2021041800100121,2021년 4월 18일 12시,일요일,경상북도 안동시 운흥동,경상사고,0,0,2,0,차대차 - 측면충돌,안전운전불이행,건조,맑음,주차장 - 주차장,승용,남,79세,상해없음,승용,여,37세,경상
2021041800100122,2021년 4월 18일 12시,일요일,경상북도 성주군 성주읍,중상사고,0,2,1,0,차대차 - 측면충돌,신호위반,건조,맑음,교차로 - 교차로안,승용,여,57세,상해없음,승용,남,46세,중상
2021041800100156,2021년 4월 18일 13시,일요일,경상북도 경주시 천군동,부상신고사고,0,0,0,1,차대차 - 측면충돌,신호위반,건조,맑음,교차로 - 교차로안,이륜,남,19세,부상신고,승용,남,33세,상해없음
2021041800100183,2021년 4월 18일 14시,일요일,경상북도 영천시 창구동,경상사고,0,0,4,0,차대차 - 추돌,안전거리미확보,건조,맑음,단일로 - 기타,승용,남,56세,기타불명,승용,남,56세,경상
2021041800100212,2021년 4월 18일 15시,일요일,경상북도 칠곡군 왜관읍,경상사고,0,0,1,0,차대차 - 측면충돌,안전운전불이행,건조,맑음,교차로 - 교차로안,승용,남,29세,상해없음,승용,남,62세,경상
2021041800100213,2021년 4월 18일 15시,일요일,경상북도 군위군 의흥면,경상사고,0,0,1,0,차대차 - 측면충돌,안전운전불이행,건조,맑음,교차로 - 교차로안,승용,남,36세,상해없음,화물,남,59세,경상
2021041800100214,2021년 4월 18일 15시,일요일,경상북도 포항시 남구 오천읍,경상사고,0,0,1,0,차대사람 - 차도통행중,안전운전불이행,건조,맑음,교차로 - 교차로부근,승용,남,76세,상해없음,보행자,남,73세,경상
2021041800100275,2021년 4월 18일 17시,일요일,경상북도 포항시 북구 청하면,경상사고,0,0,1,0,차대차 - 측면충돌,안전운전불이행,건조,맑음,교차로 - 교차로안,화물,남,61세,상해없음,화물,남,48세,경상
2021041800100276,2021년 4월 18일 17시,일요일,경상북도 영덕군 강구면,중상사고,0,3,0,0,차대차 - 기타,중앙선침범,건조,맑음,단일로 - 기타,화물,남,53세,상해없음,승용,남,55세,중상
2021041800100277,2021년 4월 18일 17시,일요일,경상북도 포항시 남구 연일읍,경상사고,0,0,1,0,차대차 - 측면충돌,안전운전불이행,건조,맑음,교차로 - 교차로부근,승용,남,29세,상해없음,자전거,여,72세,경상
2021041800100312,2021년 4월 18일 18시,일요일,경상북도 포항시 북구 양덕동,경상사고,0,0,1,0,차대차 - 측면충돌,안전운전불이행,건조,맑음,교차로 - 교차로부근,승용,여,43세,상해없음,이륜,남,25세,경상
2021041800100313,2021년 4월 18일 18시,일요일,경상북도 포항시 북구 흥해읍,중상사고,0,2,2,0,차대차 - 측면충돌,기타,건조,흐림,교차로 - 교차로안,승용,남,25세,중상,승합,남,58세,경상
2021041800100342,2021년 4월 18일 19시,일요일,경상북도 문경시 모전동,경상사고,0,0,1,0,차대차 - 측면충돌,안전운전불이행,건조,맑음,교차로 - 교차로안,승합,남,52세,상해없음,이륜,남,18세,경상
2021041800100343,2021년 4월 18일 19시,일요일,경상북도 포항시 남구 대잠동,경상사고,0,0,1,0,차대차 - 측면충돌,차로위반,건조,맑음,단일로 - 기타,승용,남,40세,상해없음,이륜,남,17세,경상
2021041800100405,2021년 4월 18일 22시,일요일,경상북도 구미시 임은동,경상사고,0,0,1,0,차대차 - 측면충돌,교차로운행방법위반,건조,맑음,교차로 - 교차로부근,승용,남,62세,상해없음,승용,남,24세,경상
2021041900100007,2021년 4월 19일 00시,월요일,경상북도 포항시 남구 효자동,경상사고,0,0,4,0,차대차 - 측면충돌,안전운전불이행,건조,맑음,단일로 - 기타,승합,남,57세,경상,승용,남,69세,경상
2021041900100013,2021년 4월 19일 02시,월요일,경상북도 경주시 천북면,경상사고,0,0,1,0,차대차 - 측면충돌,안전운전불이행,건조,맑음,단일로 - 지하차도(도로)내,화물,남,27세,상해없음,승용,남,52세,경상
2021041900100020,2021년 4월 19일 03시,월요일,경상북도 포항시 남구 송도동,경상사고,0,0,1,0,차대차 - 정면충돌,안전운전불이행,건조,맑음,단일로 - 지하차도(도로)내,승용,남,26세,경상,승용,남,55세,기타불명
2021041900100038,2021년 4월 19일 06시,월요일,경상북도 영주시 가흥동,경상사고,0,0,1,0,차대차 - 정면충돌,중앙선침범,건조,맑음,단일로 - 기타,승용,남,66세,상해없음,승용,남,47세,경상
2021041900100060,2021년 4월 19일 07시,월요일,경상북도 의성군 비안면,경상사고,0,0,1,0,차대차 - 측면충돌,안전운전불이행,건조,맑음,단일로 - 기타,이륜,남,77세,경상,승용,여,60세,상해없음
2021041900100061,2021년 4월 19일 07시,월요일,경상북도 영천시 고경면,경상사고,0,0,1,0,차대차 - 측면충돌,중앙선침범,건조,맑음,단일로 - 기타,건설기계,남,62세,상해없음,승용,남,66세,경상
2021041900100100,2021년 4월 19일 08시,월요일,경상북도 김천시 어모면,경상사고,0,0,1,0,차대차 - 정면충돌,안전운전불이행,건조,맑음,단일로 - 기타,승용,여,55세,상해없음,화물,남,49세,기타불명
2021041900100101,2021년 4월 19일 08시,월요일,경상북도 영덕군 영덕읍,경상사고,0,0,1,0,차대사람 - 기타,안전운전불이행,건조,맑음,단일로 - 기타,승용,남,66세,상해없음,보행자,여,40세,경상
2021041900100102,2021년 4월 19일 08시,월요일,경상북도 구미시 송정동,중상사고,0,1,0,0,차대차 - 기타,안전운전불이행,건조,맑음,단일로 - 기타,기타불명,남,16세,상해없음,자전거,남,71세,중상
2021041900100140,2021년 4월 19일 09시,월요일,경상북도 경주시 안강읍,중상사고,0,1,0,0,차대사람 - 횡단중,보행자보호의무위반,건조,맑음,교차로 - 교차로횡단보도내,화물,남,71세,상해없음,보행자,여,54세,중상
2021041900100141,2021년 4월 19일 09시,월요일,경상북도 포항시 북구 흥해읍,경상사고,0,0,1,0,차대차 - 측면충돌,교차로운행방법위반,건조,맑음,교차로 - 교차로부근,건설기계,남,62세,상해없음,승합,남,50세,경상
2021041900100142,2021년 4월 19일 09시,월요일,경상북도 영덕군 병곡면,경상사고,0,0,1,0,차대차 - 측면충돌,안전운전불이행,건조,맑음,단일로 - 기타,화물,남,43세,상해없음,화물,남,48세,경상
2021041900100143,2021년 4월 19일 09시,월요일,경상북도 포항시 남구 오천읍,경상사고,0,0,2,0,차대차 - 추돌,안전거리미확보,건조,맑음,교차로 - 교차로부근,화물,여,44세,경상,승용,여,54세,경상
2021041900100178,2021년 4월 19일 10시,월요일,경상북도 포항시 북구 양덕동,경상사고,0,0,2,0,차대차 - 기타,안전운전불이행,건조,맑음,교차로 - 교차로안,승용,여,52세,경상,승용,여,48세,경상
2021041900100214,2021년 4월 19일 11시,월요일,경상북도 의성군 옥산면,경상사고,0,0,1,0,차대차 - 측면충돌,안전운전불이행,건조,맑음,단일로 - 기타,이륜,남,79세,경상,승용,남,55세,상해없음
2021041900100215,2021년 4월 19일 11시,월요일,경상북도 칠곡군 석적읍,중상사고,0,1,0,0,차대사람 - 보도통행중,안전운전불이행,건조,맑음,기타 - 기타,자전거,남,48세,상해없음,보행자,여,57세,중상
2021041900100236,2021년 4월 19일 12시,월요일,경상북도 성주군 성주읍,중상사고,0,1,2,0,차대차 - 기타,직진우회전진행방해,건조,맑음,교차로 - 교차로안,화물,남,47세,상해없음,승용,남,40세,경상
2021041900100237,2021년 4월 19일 12시,월요일,경상북도 포항시 남구 청림동,중상사고,0,1,2,0,차대차 - 측면충돌,직진우회전진행방해,건조,맑음,교차로 - 교차로안,승용,여,57세,경상,승용,여,63세,경상
2021041900100259,2021년 4월 19일 13시,월요일,경상북도 영천시 대창면,경상사고,0,0,1,0,차대차 - 측면충돌,안전운전불이행,건조,맑음,단일로 - 기타,승용,남,82세,상해없음,이륜,남,81세,경상
2021041900100294,2021년 4월 19일 14시,월요일,경상북도 경주시 성건동,경상사고,0,0,1,0,차대차 - 측면충돌,안전운전불이행,건조,맑음,교차로 - 교차로안,화물,남,55세,상해없음,자전거,남,10세,경상
2021041900100295,2021년 4월 19일 14시,월요일,경상북도 경주시 시동,중상사고,0,1,0,0,차대차 - 측면충돌,안전운전불이행,건조,맑음,교차로 - 교차로안,승용,남,25세,상해없음,승용,남,28세,중상
2021041900100296,2021년 4월 19일 14시,월요일,경상북도 경산시 하양읍,중상사고,0,1,0,0,차대사람 - 기타,안전운전불이행,건조,맑음,단일로 - 기타,승용,남,48세,상해없음,보행자,남,53세,중상
2021041900100333,2021년 4월 19일 15시,월요일,경상북도 경산시 용성면,경상사고,0,0,2,0,차대차 - 측면충돌,안전거리미확보,건조,맑음,교차로 - 교차로부근,승용,남,47세,상해없음,승용,남,88세,경상
2021041900100374,2021년 4월 19일 16시,월요일,경상북도 경주시 용강동,중상사고,0,3,4,0,차대차 - 추돌,안전거리미확보,건조,맑음,교차로 - 교차로부근,특수,남,64세,상해없음,승용,남,62세,경상
2021041900100375,2021년 4월 19일 16시,월요일,경상북도 칠곡군 왜관읍,중상사고,0,1,0,0,차대사람 - 기타,안전운전불이행,건조,맑음,주차장 - 주차장,승용,여,59세,상해없음,보행자,남,11세,중상
2021041900100376,2021년 4월 19일 16시,월요일,경상북도 경산시 압량읍,경상사고,0,0,1,0,차대차 - 측면충돌,안전운전불이행,건조,맑음,교차로 - 교차로부근,승용,남,25세,상해없음,승용,남,37세,경상
2021041900100411,2021년 4월 19일 17시,월요일,경상북도 경주시 성건동,중상사고,0,2,1,0,차대차 - 추돌,안전운전불이행,건조,맑음,단일로 - 기타,화물,남,57세,상해없음,승용,남,61세,중상
2021041900100412,2021년 4월 19일 17시,월요일,경상북도 포항시 북구 기계면,경상사고,0,0,1,0,차대차 - 측면충돌,직진우회전진행방해,건조,맑음,교차로 - 교차로안,승용,남,43세,상해없음,이륜,남,80세,경상
2021041900100413,2021년 4월 19일 17시,월요일,경상북도 포항시 북구 동빈1가,경상사고,0,0,1,0,차대차 - 기타,안전운전불이행,건조,맑음,교차로 - 교차로부근,이륜,남,42세,기타불명,승용,남,30세,경상
2021041900100414,2021년 4월 19일 17시,월요일,경상북도 포항시 북구 용흥동,경상사고,0,0,1,0,차대차 - 추돌,안전운전불이행,건조,맑음,단일로 - 기타,화물,여,49세,상해없음,화물,남,53세,경상
2021041900100415,2021년 4월 19일 17시,월요일,경상북도 영천시 오수동,경상사고,0,0,1,0,차대차 - 측면충돌,안전운전불이행,건조,맑음,교차로 - 교차로안,승용,여,70세,상해없음,승합,남,55세,경상
2021041900100416,2021년 4월 19일 17시,월요일,경상북도 구미시 산동면,경상사고,0,0,1,0,차대사람 - 기타,안전운전불이행,건조,맑음,단일로 - 기타,승합,남,58세,상해없음,보행자,남,2세,경상
2021041900100417,2021년 4월 19일 17시,월요일,경상북도 구미시 고아읍,경상사고,0,0,2,0,차대차 - 측면충돌,교차로운행방법위반,건조,맑음,교차로 - 교차로안,승용,남,57세,경상,승합,여,46세,경상
2021041900100458,2021년 4월 19일 18시,월요일,경상북도 경주시 동천동,경상사고,0,0,1,0,차대차 - 추돌,안전운전불이행,건조,맑음,교차로 - 교차로부근,승용,남,56세,상해없음,승용,여,24세,경상
2021041900100459,2021년 4월 19일 18시,월요일,경상북도 구미시 선산읍,경상사고,0,0,2,0,차대차 - 측면충돌,교차로운행방법위반,건조,맑음,교차로 - 교차로안,승용,여,29세,경상,승용,남,44세,경상