사고번호,사고일시,요일,시군구,사고내용,사망자수,중상자수,경상자수,부상신고자수,사고유형,법규위반,노면상태,기상상태,도로형태,가해운전자 차종,가해운전자 성별,가해운전자 연령,가해운전자 상해정도,피해운전자 차종,피해운전자 성별,피해운전자 연령,피해운전자 상해정도
2021041900100484,2021년 4월 19일 19시,월요일,경상북도 성주군 성주읍,경상사고,0,0,1,0,차대사람 - 기타,안전운전불이행,건조,맑음,단일로 - 기타,승용,여,45세,상해없음,보행자,남,7세,경상
2021041900100523,2021년 4월 19일 20시,월요일,경상북도 구미시 오태동,경상사고,0,0,1,0,차대차 - 기타,차로위반,건조,맑음,단일로 - 기타,승용,남,31세,상해없음,승용,여,42세,경상
2021041900100571,2021년 4월 19일 22시,월요일,경상북도 경산시 하양읍,경상사고,0,0,2,0,차대차 - 측면충돌,중앙선침범,건조,맑음,교차로 - 교차로부근,승용,남,46세,상해없음,승용,남,35세,경상
2021042000100013,2021년 4월 20일 01시,화요일,경상북도 구미시 산동읍,경상사고,0,0,1,0,차대차 - 추돌,안전운전불이행,건조,맑음,단일로 - 기타,승용,남,40세,경상,화물,남,45세,기타불명
2021042000100029,2021년 4월 20일 05시,화요일,경상북도 영천시 금노동,중상사고,0,1,0,0,차대차 - 측면충돌,안전운전불이행,건조,맑음,교차로 - 교차로부근,승용,남,23세,기타불명,승용,남,48세,중상
2021042000100036,2021년 4월 20일 06시,화요일,경상북도 김천시 평화동,경상사고,0,0,1,0,차대차 - 측면충돌,안전운전불이행,건조,맑음,교차로 - 교차로안,승용,남,66세,상해없음,자전거,여,55세,경상
2021042000100059,2021년 4월 20일 07시,화요일,경상북도 상주시 무양동,경상사고,0,0,1,0,차대차 - 기타,교차로운행방법위반,건조,맑음,교차로 - 교차로안,승용,여,42세,상해없음,자전거,남,19세,경상
2021042000100060,2021년 4월 20일 07시,화요일,경상북도 구미시 공단동,중상사고,0,1,0,0,차대차 - 측면충돌,신호위반,건조,맑음,단일로 - 기타,이륜,남,20세,중상,승용,남,35세,상해없음
2021042000100137,2021년 4월 20일 09시,화요일,경상북도 청도군 각남면,사망사고,1,0,0,0,차량단독 - 공작물충돌,안전운전불이행,건조,맑음,단일로 - 기타,화물,남,58세,사망,,,,
2021042000100138,2021년 4월 20일 09시,화요일,경상북도 구미시 원평동,중상사고,0,1,0,0,차대차 - 기타,차로위반,건조,맑음,교차로 - 교차로부근,승용,여,60세,상해없음,이륜,남,24세,중상
2021042000100173,2021년 4월 20일 10시,화요일,경상북도 포항시 북구 득량동,경상사고,0,0,1,0,차대차 - 기타,안전운전불이행,건조,맑음,교차로 - 교차로부근,승용,남,68세,상해없음,승용,남,42세,경상
2021042000100174,2021년 4월 20일 10시,화요일,경상북도 영주시 휴천동,중상사고,0,1,0,0,차대사람 - 기타,안전운전불이행,건조,맑음,단일로 - 기타,승용,여,54세,상해없음,보행자,여,59세,중상
2021042000100175,2021년 4월 20일 10시,화요일,경상북도 구미시 공단동,경상사고,0,0,1,0,차대차 - 추돌,안전운전불이행,건조,맑음,단일로 - 교량,승용,남,38세,상해없음,승용,남,31세,경상
2021042000100204,2021년 4월 20일 11시,화요일,경상북도 포항시 북구 양덕동,중상사고,0,1,0,0,차대차 - 측면충돌,직진우회전진행방해,건조,맑음,교차로 - 교차로안,승용,남,26세,상해없음,자전거,남,67세,중상
2021042000100205,2021년 4월 20일 11시,화요일,경상북도 영주시 가흥동,부상신고사고,0,0,0,1,차대차 - 측면충돌,안전운전불이행,건조,맑음,교차로 - 교차로안,이륜,여,75세,부상신고,승용,여,55세,상해없음
2021042000100243,2021년 4월 20일 12시,화요일,경상북도 포항시 북구 우현동,경상사고,0,0,1,0,차대차 - 기타,안전운전불이행,건조,맑음,단일로 - 기타,승용,남,58세,상해없음,승합,남,39세,상해없음
2021042000100244,2021년 4월 20일 12시,화요일,경상북도 구미시 송정동,경상사고,0,0,1,0,차대차 - 측면충돌,안전운전불이행,건조,맑음,단일로 - 기타,승용,남,51세,상해없음,승용,남,22세,경상
2021042000100283,2021년 4월 20일 13시,화요일,경상북도 예천군 용궁면,중상사고,0,1,0,0,차대차 - 기타,중앙선침범,건조,맑음,교차로 - 교차로부근,화물,남,62세,상해없음,승합,남,61세,상해없음
2021042000100284,2021년 4월 20일 13시,화요일,경상북도 구미시 도개면,중상사고,0,1,0,0,차대사람 - 기타,안전운전불이행,건조,맑음,단일로 - 기타,승용,남,80세,상해없음,보행자,여,82세,중상
2021042000100316,2021년 4월 20일 14시,화요일,경상북도 영주시 조암동,중상사고,0,1,0,0,차대차 - 측면충돌,직진우회전진행방해,건조,맑음,교차로 - 교차로안,이륜,남,59세,중상,화물,남,31세,상해없음
2021042000100317,2021년 4월 20일 14시,화요일,경상북도 구미시 해평면,중상사고,0,1,0,0,차대차 - 측면충돌,안전운전불이행,건조,맑음,교차로 - 교차로안,승용,남,65세,상해없음,자전거,남,76세,중상
2021042000100353,2021년 4월 20일 15시,화요일,경상북도 안동시 옥동,경상사고,0,0,1,0,차대차 - 추돌,안전운전불이행,건조,맑음,교차로 - 교차로부근,승용,남,36세,상해없음,승용,남,64세,상해없음
2021042000100399,2021년 4월 20일 16시,화요일,경상북도 구미시 비산동,경상사고,0,0,1,0,차대차 - 측면충돌,안전운전불이행,건조,맑음,단일로 - 기타,승용,여,45세,상해없음,승용,여,39세,경상
2021042000100415,2021년 4월 20일 17시,화요일,경상북도 포항시 남구 오천읍,중상사고,0,1,0,0,차대차 - 측면충돌,안전운전불이행,건조,맑음,단일로 - 기타,화물,남,63세,상해없음,승용,여,46세,중상
2021042000100442,2021년 4월 20일 17시,화요일,경상북도 영주시 가흥동,경상사고,0,0,1,0,차대사람 - 기타,안전운전불이행,건조,맑음,단일로 - 기타,승용,여,67세,상해없음,보행자,남,51세,경상
2021042000100443,2021년 4월 20일 17시,화요일,경상북도 성주군 성주읍,경상사고,0,0,2,0,차대차 - 기타,신호위반,건조,맑음,단일로 - 교량,승용,여,65세,경상,화물,남,34세,경상
2021042000100481,2021년 4월 20일 18시,화요일,경상북도 경주시 외동읍,중상사고,0,1,0,0,차대차 - 측면충돌,중앙선침범,건조,맑음,단일로 - 기타,이륜,남,52세,상해없음,승용,여,37세,중상
2021042000100482,2021년 4월 20일 18시,화요일,경상북도 포항시 북구 기계면,중상사고,0,1,0,0,차량단독 - 도로외이탈 - 기타,안전운전불이행,건조,맑음,교차로 - 교차로부근,화물,남,68세,중상,,,,
2021042000100483,2021년 4월 20일 18시,화요일,경상북도 청도군 금천면,중상사고,0,1,0,0,차대차 - 추돌,교차로운행방법위반,건조,맑음,교차로 - 교차로안,승용,여,62세,상해없음,이륜,남,63세,중상
2021042000100516,2021년 4월 20일 19시,화요일,경상북도 의성군 단북면,중상사고,0,1,0,0,차대차 - 추돌,안전운전불이행,건조,흐림,단일로 - 기타,화물,남,55세,상해없음,농기계,남,51세,중상
2021042000100517,2021년 4월 20일 19시,화요일,경상북도 칠곡군 지천면,경상사고,0,0,1,1,차대차 - 정면충돌,중앙선침범,건조,맑음,단일로 - 기타,자전거,남,51세,부상신고,원동기,남,48세,경상
2021042000100518,2021년 4월 20일 19시,화요일,경상북도 영덕군 남정면,경상사고,0,0,2,0,차대차 - 측면충돌,안전운전불이행,건조,맑음,단일로 - 기타,화물,남,38세,경상,승용,남,39세,경상
2021042000100548,2021년 4월 20일 20시,화요일,경상북도 김천시 어모면,중상사고,0,1,0,0,차대차 - 추돌,안전운전불이행,건조,맑음,교차로 - 교차로부근,화물,남,68세,상해없음,승용,남,33세,중상
2021042000100549,2021년 4월 20일 20시,화요일,경상북도 문경시 모전동,중상사고,0,1,0,0,차대사람 - 보도통행중,기타,건조,맑음,교차로 - 교차로안,화물,남,65세,상해없음,보행자,여,75세,중상
2021042000100550,2021년 4월 20일 20시,화요일,경상북도 문경시 공평동,경상사고,0,0,1,0,차대차 - 추돌,안전운전불이행,건조,맑음,교차로 - 교차로부근,이륜,남,71세,경상,화물,남,32세,상해없음
2021042000100551,2021년 4월 20일 20시,화요일,경상북도 성주군 성주읍,경상사고,0,0,1,0,차대사람 - 기타,안전운전불이행,건조,맑음,단일로 - 기타,이륜,남,30세,상해없음,보행자,남,40세,경상
2021042000100600,2021년 4월 20일 22시,화요일,경상북도 김천시 성내동,경상사고,0,0,2,0,차대차 - 측면충돌,교차로운행방법위반,건조,맑음,교차로 - 교차로안,승용,남,59세,상해없음,승합,남,70세,경상
2021042000100601,2021년 4월 20일 22시,화요일,경상북도 구미시 형곡동,중상사고,0,1,0,0,차대사람 - 보도통행중,보행자보호의무위반,건조,맑음,교차로 - 교차로횡단보도내,승합,남,64세,상해없음,보행자,남,60세,중상
2021042100100004,2021년 4월 21일 00시,수요일,경상북도 포항시 남구 대잠동,중상사고,0,1,0,0,차량단독 - 전도전복 - 전도,안전운전불이행,건조,맑음,교차로 - 교차로부근,이륜,남,23세,중상,,,,
2021042100100005,2021년 4월 21일 00시,수요일,경상북도 상주시 함창읍,경상사고,0,0,1,0,차대차 - 측면충돌,안전운전불이행,건조,맑음,단일로 - 기타,승용,남,40세,상해없음,화물,남,46세,경상
2021042100100021,2021년 4월 21일 03시,수요일,경상북도 경주시 황오동,경상사고,0,0,1,0,차대차 - 측면충돌,안전운전불이행,건조,맑음,기타 - 기타,승용,남,20세,상해없음,승용,남,59세,경상
2021042100100034,2021년 4월 21일 05시,수요일,경상북도 경주시 신평동,경상사고,0,0,1,0,차량단독 - 공작물충돌,기타,건조,맑음,단일로 - 지하차도(도로)내,이륜,남,16세,경상,,,,
2021042100100035,2021년 4월 21일 05시,수요일,경상북도 포항시 남구 송내동,중상사고,0,1,2,0,차대차 - 측면충돌,기타,건조,맑음,단일로 - 기타,승용,여,56세,상해없음,승용,남,57세,상해없음
2021042100100097,2021년 4월 21일 08시,수요일,경상북도 경산시 중방동,경상사고,0,0,1,0,차대차 - 측면충돌,안전운전불이행,건조,맑음,교차로 - 교차로부근,승용,여,38세,상해없음,자전거,여,75세,경상
2021042100100098,2021년 4월 21일 08시,수요일,경상북도 칠곡군 왜관읍,경상사고,0,0,2,0,차대차 - 측면충돌,안전운전불이행,건조,맑음,단일로 - 기타,건설기계,남,60세,상해없음,승용,여,54세,경상
2021042100100137,2021년 4월 21일 09시,수요일,경상북도 포항시 북구 용흥동,경상사고,0,0,1,0,차대차 - 측면충돌,안전거리미확보,건조,맑음,단일로 - 기타,승용,여,55세,상해없음,승용,남,64세,경상
2021042100100138,2021년 4월 21일 09시,수요일,경상북도 상주시 함창읍,사망사고,1,0,0,0,차대차 - 측면충돌,안전운전불이행,건조,맑음,교차로 - 교차로안,승합,남,42세,상해없음,자전거,여,79세,사망
2021042100100139,2021년 4월 21일 09시,수요일,경상북도 영주시 풍기읍,중상사고,0,1,0,0,차대차 - 측면충돌,안전운전불이행,건조,맑음,단일로 - 기타,화물,남,79세,상해없음,화물,남,49세,중상
2021042100100140,2021년 4월 21일 09시,수요일,경상북도 경산시 중방동,사망사고,1,1,0,0,차대차 - 측면충돌,보행자보호의무위반,건조,맑음,교차로 - 교차로횡단보도내,이륜,남,28세,상해없음,자전거,여,59세,중상
2021042100100141,2021년 4월 21일 09시,수요일,경상북도 포항시 남구 해도동,경상사고,0,0,1,0,차대차 - 후진중충돌,안전운전불이행,건조,맑음,단일로 - 기타,승용,여,61세,상해없음,승용,남,29세,경상
2021042100100163,2021년 4월 21일 10시,수요일,경상북도 안동시 옥동,경상사고,0,0,1,0,차대차 - 추돌,안전운전불이행,건조,맑음,주차장 - 주차장,승용,남,35세,상해없음,승용,남,61세,경상
2021042100100164,2021년 4월 21일 10시,수요일,경상북도 포항시 남구 지곡동,경상사고,0,0,1,0,차대차 - 측면충돌,중앙선침범,건조,맑음,단일로 - 기타,승용,남,74세,상해없음,승용,여,61세,경상
2021042100100192,2021년 4월 21일 11시,수요일,경상북도 안동시 옥동,경상사고,0,0,1,0,차대차 - 측면충돌,안전운전불이행,건조,맑음,교차로 - 교차로안,이륜,남,78세,경상,승용,여,46세,상해없음
2021042100100193,2021년 4월 21일 11시,수요일,경상북도 영천시 자양면,중상사고,0,1,0,0,차량단독 - 도로외이탈 - 추락,안전운전불이행,건조,맑음,단일로 - 기타,승용,남,78세,중상,,,,
2021042100100194,2021년 4월 21일 11시,수요일,경상북도 포항시 남구 오천읍,경상사고,0,0,1,0,차대차 - 측면충돌,차로위반,건조,맑음,단일로 - 기타,승용,남,45세,상해없음,승용,남,25세,경상
2021042100100228,2021년 4월 21일 12시,수요일,경상북도 포항시 북구 장성동,경상사고,0,0,1,0,차대차 - 기타,안전운전불이행,건조,맑음,단일로 - 기타,승합,남,43세,상해없음,승용,남,33세,경상
2021042100100229,2021년 4월 21일 12시,수요일,경상북도 예천군 예천읍,중상사고,0,1,0,0,차대차 - 측면충돌,안전운전불이행,건조,맑음,교차로 - 교차로부근,사륜오토바이(ATV),여,68세,중상,승용,여,62세,상해없음
2021042100100230,2021년 4월 21일 12시,수요일,경상북도 구미시 사곡동,중상사고,0,1,0,0,차대차 - 정면충돌,교차로운행방법위반,건조,맑음,교차로 - 교차로안,승용,여,62세,상해없음,이륜,남,59세,중상
2021042100100256,2021년 4월 21일 13시,수요일,경상북도 포항시 북구 장성동,경상사고,0,0,3,0,차대차 - 측면충돌,교차로운행방법위반,건조,맑음,교차로 - 교차로안,이륜,남,42세,경상,승용,남,56세,경상
2021042100100257,2021년 4월 21일 13시,수요일,경상북도 칠곡군 동명면,경상사고,0,0,3,0,차대차 - 측면충돌,안전거리미확보,건조,맑음,교차로 - 교차로안,승용,여,23세,경상,승용,남,24세,경상
2021042100100258,2021년 4월 21일 13시,수요일,경상북도 구미시 선산읍,중상사고,0,1,0,2,차대차 - 추돌,안전운전불이행,건조,맑음,단일로 - 기타,승용,여,62세,부상신고,화물,남,56세,부상신고
2021042100100341,2021년 4월 21일 15시,수요일,경상북도 경주시 강동면,중상사고,0,1,0,0,차량단독 - 전도전복 - 전도,안전운전불이행,건조,맑음,단일로 - 지하차도(도로)내,승용,남,59세,중상,,,,
2021042100100342,2021년 4월 21일 15시,수요일,경상북도 포항시 북구 송라면,경상사고,0,0,1,0,차량단독 - 기타,안전운전불이행,건조,맑음,단일로 - 기타,이륜,남,74세,경상,,,,
2021042100100343,2021년 4월 21일 15시,수요일,경상북도 상주시 낙양동,경상사고,0,0,1,0,차대차 - 정면충돌,직진우회전진행방해,건조,맑음,교차로 - 교차로안,승용,여,54세,상해없음,이륜,여,71세,경상
2021042100100385,2021년 4월 21일 16시,수요일,경상북도 경산시 중방동,경상사고,0,0,1,0,차대차 - 추돌,안전운전불이행,건조,맑음,교차로 - 교차로안,승용,여,42세,기타불명,승용,남,54세,경상
2021042100100386,2021년 4월 21일 16시,수요일,경상북도 성주군 성주읍,중상사고,0,1,0,0,차대차 - 측면충돌,불법유턴,건조,맑음,단일로 - 고가도로위,승용,남,65세,기타불명,승용,여,62세,중상
2021042100100387,2021년 4월 21일 16시,수요일,경상북도 포항시 남구 구룡포읍,중상사고,0,1,2,0,차대차 - 측면충돌,직진우회전진행방해,건조,맑음,교차로 - 교차로안,승용,여,64세,경상,화물,남,38세,경상
2021042100100435,2021년 4월 21일 17시,수요일,경상북도 상주시 냉림동,경상사고,0,0,1,0,차대사람 - 차도통행중,안전운전불이행,건조,흐림,단일로 - 기타,승용,여,65세,상해없음,보행자,여,11세,경상
2021042100100436,2021년 4월 21일 17시,수요일,경상북도 경산시 하양읍,경상사고,0,0,1,0,차대차 - 측면충돌,교차로운행방법위반,건조,맑음,교차로 - 교차로안,승용,여,49세,상해없음,승용,남,24세,경상
2021042100100481,2021년 4월 21일 18시,수요일,경상북도 안동시 평화동,중상사고,0,1,0,0,차대차 - 기타,안전운전불이행,건조,맑음,교차로 - 교차로부근,이륜,남,31세,상해없음,이륜,남,37세,중상
2021042100100482,2021년 4월 21일 18시,수요일,경상북도 예천군 예천읍,중상사고,0,1,0,0,차대차 - 측면충돌,안전운전불이행,건조,맑음,교차로 - 교차로부근,화물,남,68세,상해없음,승용,여,75세,중상
2021042100100483,2021년 4월 21일 18시,수요일,경상북도 포항시 남구 효자동,경상사고,0,0,1,0,차대차 - 측면충돌,안전운전불이행,건조,맑음,단일로 - 기타,승용,남,20세,상해없음,승용,남,39세,경상
2021042100100524,2021년 4월 21일 19시,수요일,경상북도 김천시 아포읍,경상사고,0,0,2,0,차대차 - 측면충돌,안전운전불이행,건조,맑음,단일로 - 기타,승용,남,39세,상해없음,승합,남,25세,상해없음
2021042100100560,2021년 4월 21일 20시,수요일,경상북도 경산시 조영동,경상사고,0,0,1,0,차대차 - 측면충돌,안전운전불이행,건조,맑음,단일로 - 기타,화물,남,58세,상해없음,승용,남,29세,경상
2021042100100561,2021년 4월 21일 20시,수요일,경상북도 포항시 남구 동촌동,경상사고,0,0,1,0,차대차 - 측면충돌,안전운전불이행,건조,맑음,단일로 - 지하차도(도로)내,승용,남,53세,상해없음,이륜,남,33세,경상
2021042100100593,2021년 4월 21일 21시,수요일,경상북도 구미시 원평동,경상사고,0,0,1,0,차대차 - 측면충돌,안전운전불이행,건조,맑음,교차로 - 교차로안,승용,기타불명,미분류,기타불명,승용,여,41세,경상
2021042200100029,2021년 4월 22일 04시,목요일,경상북도 고령군 쌍림면,중상사고,0,2,2,0,차대차 - 추돌,안전운전불이행,건조,맑음,단일로 - 기타,화물,남,52세,중상,화물,남,55세,경상
2021042200100056,2021년 4월 22일 07시,목요일,경상북도 청도군 화양읍,경상사고,0,0,2,0,차대차 - 측면충돌,기타,건조,맑음,교차로 - 교차로안,승합,남,64세,상해없음,화물,남,70세,경상
2021042200100127,2021년 4월 22일 09시,목요일,경상북도 경주시 안강읍,경상사고,0,0,1,0,차대사람 - 기타,안전운전불이행,건조,맑음,교차로 - 교차로부근,화물,남,47세,상해없음,보행자,여,41세,경상
2021042200100128,2021년 4월 22일 09시,목요일,경상북도 경주시 황남동,경상사고,0,0,1,0,차대차 - 추돌,안전운전불이행,건조,맑음,교차로 - 교차로부근,승합,남,71세,상해없음,승용,남,24세,경상
2021042200100129,2021년 4월 22일 09시,목요일,경상북도 상주시 모서면,중상사고,0,1,0,0,차대차 - 추돌,안전운전불이행,건조,맑음,단일로 - 기타,건설기계,남,65세,상해없음,농기계,남,76세,중상
2021042200100130,2021년 4월 22일 09시,목요일,경상북도 문경시 점촌동,중상사고,0,1,0,0,차대사람 - 횡단중,안전운전불이행,건조,맑음,단일로 - 기타,승용,남,55세,상해없음,보행자,여,78세,중상
2021042200100163,2021년 4월 22일 10시,목요일,경상북도 경주시 외동읍,중상사고,0,1,0,0,차대차 - 추돌,중앙선침범,건조,맑음,단일로 - 기타,승용,남,66세,상해없음,화물,남,27세,중상
2021042200100201,2021년 4월 22일 11시,목요일,경상북도 경주시 황성동,중상사고,0,1,0,0,차대차 - 측면충돌,안전운전불이행,건조,맑음,단일로 - 기타,승용,여,59세,상해없음,승용,여,52세,중상
2021042200100202,2021년 4월 22일 11시,목요일,경상북도 상주시 이안면,중상사고,0,1,0,0,차량단독 - 전도전복 - 전도,안전운전불이행,건조,맑음,단일로 - 기타,사륜오토바이(ATV),여,66세,중상,,,,
2021042200100203,2021년 4월 22일 11시,목요일,경상북도 경산시 옥산동,경상사고,0,0,2,0,차대차 - 측면충돌,안전운전불이행,건조,맑음,단일로 - 기타,승용,여,43세,경상,승용,여,53세,경상
2021042200100230,2021년 4월 22일 12시,목요일,경상북도 경주시 황성동,경상사고,0,0,1,0,차대차 - 측면충돌,안전운전불이행,건조,맑음,단일로 - 기타,승용,남,51세,경상,화물,남,69세,상해없음
2021042200100231,2021년 4월 22일 12시,목요일,경상북도 포항시 남구 효자동,경상사고,0,0,4,0,차대차 - 측면충돌,안전운전불이행,건조,맑음,단일로 - 기타,자전거,남,29세,경상,승용,여,41세,경상
2021042200100232,2021년 4월 22일 12시,목요일,경상북도 포항시 남구 대송면,중상사고,0,1,0,0,차대차 - 측면충돌,안전운전불이행,건조,맑음,단일로 - 기타,승용,남,77세,상해없음,승용,남,82세,중상
2021042200100269,2021년 4월 22일 13시,목요일,경상북도 구미시 형곡동,경상사고,0,0,1,1,차대차 - 측면충돌,신호위반,건조,맑음,교차로 - 교차로안,승용,여,55세,부상신고,승용,남,72세,경상
2021042200100300,2021년 4월 22일 14시,목요일,경상북도 문경시 동로면,중상사고,0,1,0,0,차대차 - 정면충돌,안전운전불이행,건조,맑음,단일로 - 기타,이륜,남,69세,중상,승합,남,39세,상해없음
2021042200100301,2021년 4월 22일 14시,목요일,경상북도 구미시 옥계동,중상사고,0,1,0,0,차대차 - 측면충돌,안전운전불이행,건조,맑음,단일로 - 기타,승용,남,32세,상해없음,자전거,남,52세,중상
2021042200100327,2021년 4월 22일 15시,목요일,경상북도 경주시 성건동,경상사고,0,0,1,0,차대차 - 추돌,안전운전불이행,건조,맑음,교차로 - 교차로부근,승용,남,67세,상해없음,승용,남,77세,경상
2021042200100328,2021년 4월 22일 15시,목요일,경상북도 경주시 황남동,경상사고,0,0,1,0,차대사람 - 기타,안전운전불이행,건조,맑음,기타 - 기타,승용,남,72세,상해없음,보행자,여,53세,경상
2021042200100329,2021년 4월 22일 15시,목요일,경상북도 포항시 북구 기계면,중상사고,0,1,0,0,차대차 - 기타,안전운전불이행,건조,맑음,교차로 - 교차로안,화물,남,51세,상해없음,자전거,남,70세,중상
2021042200100368,2021년 4월 22일 16시,목요일,경상북도 상주시 사벌국면,경상사고,0,0,1,0,차량단독 - 기타,안전운전불이행,건조,맑음,단일로 - 기타,개인형이동수단(PM),여,69세,경상,,,,
2021042200100369,2021년 4월 22일 16시,목요일,경상북도 영천시 고경면,경상사고,0,0,1,0,차대사람 - 기타,안전운전불이행,건조,맑음,단일로 - 기타,승용,남,56세,상해없음,보행자,남,37세,경상
2021042200100442,2021년 4월 22일 18시,목요일,경상북도 포항시 북구 양덕동,중상사고,0,1,3,0,차대차 - 기타,안전운전불이행,건조,맑음,단일로 - 기타,승용,여,62세,상해없음,승용,남,25세,경상
2021042200100443,2021년 4월 22일 18시,목요일,경상북도 경산시 사동,경상사고,0,0,1,0,차대차 - 측면충돌,안전거리미확보,건조,맑음,교차로 - 교차로부근,승용,남,69세,상해없음,승용,여,40세,상해없음
2021042200100444,2021년 4월 22일 18시,목요일,경상북도 구미시 장천면,경상사고,0,0,1,0,차량단독 - 공작물충돌,안전운전불이행,건조,맑음,단일로 - 기타,승용,여,27세,경상,,,,
2021042200100484,2021년 4월 22일 19시,목요일,경상북도 경주시 황성동,중상사고,0,1,0,0,차대차 - 측면충돌,안전운전불이행,건조,맑음,교차로 - 교차로횡단보도내,승용,여,47세,상해없음,자전거,남,70세,중상
2021042200100519,2021년 4월 22일 20시,목요일,경상북도 영주시 가흥동,경상사고,0,0,1,0,차대차 - 측면충돌,안전운전불이행,건조,맑음,교차로 - 교차로안,이륜,남,18세,경상,승용,여,44세,상해없음
2021042200100540,2021년 4월 22일 21시,목요일,경상북도 경주시 천북면,경상사고,0,0,3,0,차대차 - 기타,중앙선침범,건조,맑음,교차로 - 교차로부근,승용,남,64세,상해없음,승용,남,32세,경상
2021042200100541,2021년 4월 22일 21시,목요일,경상북도 구미시 공단동,경상사고,0,0,1,0,차대사람 - 기타,안전운전불이행,건조,맑음,교차로 - 교차로안,승용,남,44세,상해없음,보행자,남,65세,경상
2021042200100588,2021년 4월 22일 23시,목요일,경상북도 안동시 풍천면,중상사고,0,3,0,0,차대차 - 기타,신호위반,건조,맑음,교차로 - 교차로안,승용,남,27세,중상,승용,남,25세,중상
2021042300100007,2021년 4월 23일 00시,금요일,경상북도 고령군 대가야읍,중상사고,0,1,0,0,차대사람 - 길가장자리구역통행중,안전운전불이행,건조,맑음,기타 - 기타,건설기계,남,23세,상해없음,보행자,여,73세,중상
2021042300100008,2021년 4월 23일 00시,금요일,경상북도 포항시 남구 이동,경상사고,0,0,1,0,차대차 - 측면충돌,안전거리미확보,건조,맑음,교차로 - 교차로부근,승용,남,58세,상해없음,승용,남,60세,경상
2021042300100054,2021년 4월 23일 07시,금요일,경상북도 경주시 천북면,경상사고,0,0,1,0,차대차 - 측면충돌,안전운전불이행,건조,맑음,단일로 - 기타,화물,여,63세,경상,승용,남,43세,상해없음
2021042300100055,2021년 4월 23일 07시,금요일,경상북도 영주시 휴천동,경상사고,0,0,1,0,차대차 - 측면충돌,안전운전불이행,건조,맑음,단일로 - 기타,승용,남,49세,상해없음,승용,여,46세,경상
2021042300100093,2021년 4월 23일 08시,금요일,경상북도 상주시 낙양동,경상사고,0,0,1,0,차대차 - 기타,교차로운행방법위반,건조,맑음,교차로 - 교차로안,승용,여,42세,상해없음,자전거,남,14세,경상
2021042300100094,2021년 4월 23일 08시,금요일,경상북도 상주시 냉림동,중상사고,0,1,0,0,차대차 - 측면충돌,안전운전불이행,건조,맑음,교차로 - 교차로안,승용,남,62세,상해없음,자전거,남,10세,중상
2021042300100095,2021년 4월 23일 08시,금요일,경상북도 포항시 남구 장흥동,경상사고,0,0,1,0,차대차 - 측면충돌,안전운전불이행,건조,맑음,단일로 - 기타,건설기계,남,43세,상해없음,승용,남,35세,경상
2021042300100126,2021년 4월 23일 09시,금요일,경상북도 영주시 순흥면,경상사고,0,0,1,0,차대차 - 측면충돌,안전운전불이행,건조,맑음,단일로 - 기타,화물,남,68세,상해없음,승용,여,72세,경상
2021042300100156,2021년 4월 23일 10시,금요일,경상북도 김천시 봉산면,경상사고,0,0,1,0,차량단독 - 기타,안전운전불이행,건조,맑음,단일로 - 기타,화물,남,47세,경상,,,,
2021042300100157,2021년 4월 23일 10시,금요일,경상북도 영덕군 강구면,경상사고,0,0,2,0,차대차 - 측면충돌,중앙선침범,건조,맑음,단일로 - 기타,화물,남,26세,상해없음,이륜,남,73세,경상
2021042300100158,2021년 4월 23일 10시,금요일,경상북도 포항시 남구 오천읍,경상사고,0,0,2,0,차대차 - 측면충돌,신호위반,건조,흐림,교차로 - 교차로안,승용,남,84세,상해없음,승용,여,60세,경상
2021042300100199,2021년 4월 23일 11시,금요일,경상북도 상주시 외답동,중상사고,0,1,0,0,차대차 - 기타,안전거리미확보,건조,맑음,단일로 - 기타,승용,남,89세,기타불명,승용,남,44세,상해없음
2021042300100200,2021년 4월 23일 11시,금요일,경상북도 경산시 하양읍,경상사고,0,0,1,0,차대차 - 측면충돌,안전운전불이행,건조,맑음,교차로 - 교차로안,승용,남,82세,상해없음,화물,남,36세,경상
2021042300100201,2021년 4월 23일 11시,금요일,경상북도 군위군 효령면,경상사고,0,0,2,0,차대차 - 측면충돌,교차로운행방법위반,건조,맑음,교차로 - 교차로안,승용,남,40세,경상,승용,남,40세,경상
2021042300100283,2021년 4월 23일 13시,금요일,경상북도 경주시 성건동,경상사고,0,0,1,0,차대차 - 측면충돌,안전운전불이행,건조,맑음,교차로 - 교차로안,화물,남,38세,상해없음,이륜,남,43세,경상
2021042300100284,2021년 4월 23일 13시,금요일,경상북도 김천시 교동,중상사고,0,2,0,0,차대차 - 추돌,교차로운행방법위반,건조,맑음,교차로 - 교차로부근,화물,남,74세,상해없음,승용,여,50세,중상
2021042300100360,2021년 4월 23일 15시,금요일,경상북도 경주시 황오동,경상사고,0,0,3,0,차대차 - 추돌,안전운전불이행,건조,맑음,단일로 - 기타,승용,여,35세,상해없음,승용,여,48세,경상
2021042300100361,2021년 4월 23일 15시,금요일,경상북도 포항시 북구 남빈동,경상사고,0,0,1,0,차대사람 - 기타,안전운전불이행,건조,맑음,단일로 - 기타,승용,남,67세,상해없음,보행자,남,19세,경상