사고번호,사고일시,요일,시군구,사고내용,사망자수,중상자수,경상자수,부상신고자수,사고유형,법규위반,노면상태,기상상태,도로형태,가해운전자 차종,가해운전자 성별,가해운전자 연령,가해운전자 상해정도,피해운전자 차종,피해운전자 성별,피해운전자 연령,피해운전자 상해정도
2021042300100400,2021년 4월 23일 16시,금요일,경상북도 경산시 압량읍,경상사고,0,0,1,0,차대차 - 측면충돌,안전운전불이행,건조,맑음,교차로 - 교차로부근,자전거,남,59세,경상,승용,남,32세,상해없음
2021042300100441,2021년 4월 23일 17시,금요일,경상북도 고령군 다산면,경상사고,0,0,1,0,차대사람 - 기타,불법유턴,건조,맑음,단일로 - 기타,승용,여,58세,상해없음,보행자,남,13세,경상
2021042300100442,2021년 4월 23일 17시,금요일,경상북도 구미시 공단동,경상사고,0,0,1,0,차대차 - 기타,안전운전불이행,건조,맑음,단일로 - 기타,승용,남,55세,상해없음,승용,남,28세,상해없음
2021042300100443,2021년 4월 23일 17시,금요일,경상북도 포항시 남구 대도동,경상사고,0,0,2,0,차대차 - 측면충돌,안전운전불이행,건조,맑음,교차로 - 교차로안,승용,여,33세,경상,이륜,남,61세,상해없음
2021042300100538,2021년 4월 23일 19시,금요일,경상북도 구미시 진평동,중상사고,0,2,0,0,차대사람 - 기타,안전운전불이행,건조,맑음,주차장 - 주차장,승용,남,82세,중상,보행자,남,19세,중상
2021042300100539,2021년 4월 23일 19시,금요일,경상북도 구미시 사곡동,경상사고,0,0,1,0,차대차 - 추돌,안전운전불이행,건조,맑음,교차로 - 교차로부근,승합,남,45세,상해없음,승용,남,56세,경상
2021042300100567,2021년 4월 23일 20시,금요일,경상북도 예천군 감천면,경상사고,0,0,1,0,차대차 - 기타,중앙선침범,건조,맑음,기타 - 기타,승용,남,45세,상해없음,특수,남,41세,경상
2021042300100568,2021년 4월 23일 20시,금요일,경상북도 성주군 월항면,중상사고,0,2,0,0,차대차 - 추돌,안전운전불이행,건조,맑음,단일로 - 기타,승용,남,24세,중상,화물,남,49세,상해없음
2021042300100569,2021년 4월 23일 20시,금요일,경상북도 포항시 남구 지곡동,경상사고,0,0,1,0,차량단독 - 전도전복 - 전도,안전운전불이행,건조,맑음,단일로 - 기타,이륜,남,61세,경상,,,,
2021042300100597,2021년 4월 23일 21시,금요일,경상북도 청도군 매전면,경상사고,0,0,1,0,차대차 - 측면충돌,중앙선침범,건조,맑음,단일로 - 기타,화물,남,63세,상해없음,승용,남,43세,경상
2021042300100598,2021년 4월 23일 21시,금요일,경상북도 구미시 공단동,부상신고사고,0,0,0,1,차량단독 - 전도전복 - 전도,안전운전불이행,건조,맑음,단일로 - 기타,이륜,남,38세,부상신고,,,,
2021042300100624,2021년 4월 23일 22시,금요일,경상북도 포항시 북구 장성동,경상사고,0,0,1,0,차대차 - 기타,교차로운행방법위반,건조,맑음,교차로 - 교차로부근,승용,남,52세,상해없음,이륜,남,19세,경상
2021042300100649,2021년 4월 23일 23시,금요일,경상북도 포항시 남구 연일읍,경상사고,0,0,2,0,차대차 - 측면충돌,안전운전불이행,건조,맑음,교차로 - 교차로안,승용,여,52세,경상,승용,남,68세,경상
2021042400100011,2021년 4월 24일 00시,토요일,경상북도 구미시 고아읍,부상신고사고,0,0,0,1,차대차 - 측면충돌,안전운전불이행,건조,맑음,단일로 - 기타,자전거,남,15세,부상신고,승용,남,44세,상해없음
2021042400100034,2021년 4월 24일 02시,토요일,경상북도 상주시 복룡동,중상사고,0,1,0,0,차대사람 - 기타,안전운전불이행,건조,맑음,단일로 - 기타,승용,여,51세,상해없음,보행자,남,28세,중상
2021042400100052,2021년 4월 24일 05시,토요일,경상북도 구미시 원평동,경상사고,0,0,3,0,차대차 - 추돌,안전운전불이행,건조,맑음,단일로 - 기타,승용,남,27세,상해없음,승용,남,76세,경상
2021042400100102,2021년 4월 24일 09시,토요일,경상북도 구미시 광평동,경상사고,0,0,2,0,차대차 - 측면충돌,안전거리미확보,건조,맑음,단일로 - 기타,기타불명,기타불명,미분류,기타불명,승용,여,42세,경상
2021042400100131,2021년 4월 24일 10시,토요일,경상북도 포항시 북구 학잠동,경상사고,0,0,1,0,차대차 - 측면충돌,안전운전불이행,건조,맑음,교차로 - 교차로횡단보도내,승용,남,68세,상해없음,승용,남,68세,경상
2021042400100132,2021년 4월 24일 10시,토요일,경상북도 안동시 풍산읍,중상사고,0,3,2,0,차대차 - 측면충돌,신호위반,건조,맑음,교차로 - 교차로안,승용,여,66세,중상,승용,남,36세,중상
2021042400100183,2021년 4월 24일 11시,토요일,경상북도 칠곡군 왜관읍,경상사고,0,0,1,0,차대차 - 측면충돌,안전운전불이행,건조,맑음,교차로 - 교차로부근,승용,남,27세,상해없음,자전거,남,78세,경상
2021042400100210,2021년 4월 24일 12시,토요일,경상북도 경주시 천북면,중상사고,0,1,0,0,차대차 - 측면충돌,안전운전불이행,건조,맑음,교차로 - 교차로안,승용,남,25세,상해없음,자전거,여,76세,중상
2021042400100211,2021년 4월 24일 12시,토요일,경상북도 칠곡군 왜관읍,경상사고,0,0,2,0,차대차 - 추돌,안전거리미확보,건조,맑음,단일로 - 기타,승용,남,31세,상해없음,승용,남,52세,경상
2021042400100212,2021년 4월 24일 12시,토요일,경상북도 포항시 남구 오천읍,중상사고,0,1,0,0,차대차 - 측면충돌,직진우회전진행방해,건조,맑음,교차로 - 교차로안,승용,남,41세,상해없음,이륜,여,55세,중상
2021042400100251,2021년 4월 24일 13시,토요일,경상북도 상주시 서성동,경상사고,0,0,1,0,차대차 - 측면충돌,안전운전불이행,건조,맑음,단일로 - 기타,화물,남,44세,상해없음,이륜,남,34세,경상
2021042400100252,2021년 4월 24일 13시,토요일,경상북도 영천시 금호읍,경상사고,0,0,2,0,차대차 - 추돌,안전운전불이행,건조,맑음,교차로 - 교차로부근,화물,남,54세,상해없음,승용,남,45세,경상
2021042400100253,2021년 4월 24일 13시,토요일,경상북도 군위군 부계면,경상사고,0,0,1,0,차량단독 - 도로외이탈 - 추락,안전운전불이행,건조,맑음,단일로 - 기타,농기계,남,85세,경상,,,,
2021042400100291,2021년 4월 24일 14시,토요일,경상북도 경주시 하동,경상사고,0,0,3,0,차대차 - 측면충돌,안전운전불이행,건조,맑음,교차로 - 교차로안,승용,남,49세,경상,승용,남,63세,경상
2021042400100292,2021년 4월 24일 14시,토요일,경상북도 경주시 노서동,중상사고,0,1,0,0,차대사람 - 횡단중,안전운전불이행,건조,맑음,교차로 - 교차로부근,승용,남,74세,상해없음,보행자,남,74세,중상
2021042400100332,2021년 4월 24일 15시,토요일,경상북도 안동시 법흥동,경상사고,0,0,1,0,차대차 - 측면충돌,신호위반,건조,맑음,단일로 - 교량,승용,여,40세,상해없음,이륜,남,43세,경상
2021042400100333,2021년 4월 24일 15시,토요일,경상북도 포항시 남구 연일읍,경상사고,0,0,1,0,차대차 - 기타,직진우회전진행방해,건조,맑음,교차로 - 교차로안,화물,남,66세,상해없음,자전거,남,24세,경상
2021042400100334,2021년 4월 24일 15시,토요일,경상북도 포항시 남구 송내동,중상사고,0,1,0,0,차대차 - 기타,안전운전불이행,건조,맑음,단일로 - 기타,이륜,남,39세,상해없음,자전거,남,68세,중상
2021042400100364,2021년 4월 24일 16시,토요일,경상북도 경주시 마동,부상신고사고,0,0,0,1,차대차 - 정면충돌,안전운전불이행,건조,맑음,교차로 - 교차로안,이륜,남,62세,부상신고,승용,남,43세,상해없음
2021042400100365,2021년 4월 24일 16시,토요일,경상북도 안동시 북후면,경상사고,0,0,1,0,차대차 - 기타,신호위반,건조,맑음,단일로 - 기타,승용,여,52세,상해없음,승용,남,30세,경상
2021042400100366,2021년 4월 24일 16시,토요일,경상북도 안동시 옥야동,경상사고,0,0,1,0,차대사람 - 차도통행중,안전운전불이행,건조,맑음,교차로 - 교차로안,화물,남,50세,상해없음,보행자,여,45세,경상
2021042400100367,2021년 4월 24일 16시,토요일,경상북도 문경시 문경읍,경상사고,0,0,1,0,차량단독 - 공작물충돌,안전운전불이행,건조,맑음,단일로 - 기타,승합,여,59세,경상,,,,
2021042400100402,2021년 4월 24일 17시,토요일,경상북도 경주시 건천읍,중상사고,0,1,0,0,차량단독 - 공작물충돌,안전운전불이행,건조,맑음,교차로 - 교차로부근,승용,여,65세,중상,,,,
2021042400100403,2021년 4월 24일 17시,토요일,경상북도 경주시 황남동,경상사고,0,0,2,0,차대차 - 기타,안전운전불이행,건조,맑음,단일로 - 기타,승용,남,27세,상해없음,승용,남,30세,경상
2021042400100404,2021년 4월 24일 17시,토요일,경상북도 포항시 북구 장성동,경상사고,0,0,1,0,차대차 - 추돌,안전운전불이행,건조,맑음,단일로 - 기타,이륜,남,81세,경상,승용,여,45세,상해없음
2021042400100405,2021년 4월 24일 17시,토요일,경상북도 영천시 완산동,경상사고,0,0,1,0,차대차 - 측면충돌,안전운전불이행,건조,맑음,교차로 - 교차로안,화물,남,43세,경상,승합,남,73세,상해없음
2021042400100458,2021년 4월 24일 18시,토요일,경상북도 김천시 아포읍,중상사고,0,1,0,0,차대차 - 정면충돌,중앙선침범,건조,맑음,교차로 - 교차로부근,사륜오토바이(ATV),여,81세,중상,화물,남,55세,상해없음
2021042400100459,2021년 4월 24일 18시,토요일,경상북도 경산시 하양읍,경상사고,0,0,1,0,차대차 - 추돌,안전운전불이행,건조,맑음,단일로 - 기타,화물,남,59세,기타불명,승용,남,31세,경상
2021042400100492,2021년 4월 24일 19시,토요일,경상북도 안동시 삼산동,경상사고,0,0,1,0,차대차 - 추돌,기타,건조,맑음,단일로 - 기타,승용,여,41세,상해없음,승용,여,43세,경상
2021042400100493,2021년 4월 24일 19시,토요일,경상북도 칠곡군 석적읍,경상사고,0,0,1,0,차대차 - 측면충돌,안전운전불이행,건조,맑음,교차로 - 교차로안,승용,남,40세,상해없음,승용,여,58세,경상
2021042400100494,2021년 4월 24일 19시,토요일,경상북도 경산시 진량읍,경상사고,0,0,1,0,차대차 - 측면충돌,신호위반,건조,맑음,교차로 - 교차로안,승용,남,24세,상해없음,승용,남,49세,경상
2021042400100495,2021년 4월 24일 19시,토요일,경상북도 포항시 남구 대도동,경상사고,0,0,3,0,차대차 - 추돌,안전운전불이행,건조,맑음,교차로 - 교차로부근,승용,여,41세,상해없음,승용,여,65세,경상
2021042400100496,2021년 4월 24일 19시,토요일,경상북도 포항시 남구 대도동,경상사고,0,0,2,0,차대차 - 측면충돌,안전운전불이행,건조,맑음,교차로 - 교차로부근,승용,남,58세,경상,승용,남,53세,경상
2021042400100531,2021년 4월 24일 20시,토요일,경상북도 경주시 충효동,경상사고,0,0,1,0,차대차 - 추돌,안전운전불이행,건조,맑음,교차로 - 교차로부근,승용,남,49세,기타불명,화물,남,49세,상해없음
2021042400100532,2021년 4월 24일 20시,토요일,경상북도 포항시 남구 상도동,경상사고,0,0,1,0,차대차 - 추돌,안전운전불이행,건조,맑음,교차로 - 교차로부근,승용,남,42세,상해없음,승용,남,32세,경상
2021042400100568,2021년 4월 24일 21시,토요일,경상북도 안동시 송현동,중상사고,0,1,0,0,차대차 - 기타,중앙선침범,건조,맑음,단일로 - 기타,이륜,남,51세,상해없음,이륜,남,42세,중상
2021042400100569,2021년 4월 24일 21시,토요일,경상북도 영천시 완산동,중상사고,0,1,1,0,차대차 - 추돌,안전거리미확보,건조,맑음,단일로 - 교량,이륜,남,19세,중상,승용,여,34세,경상
2021042400100570,2021년 4월 24일 21시,토요일,경상북도 경산시 하양읍,경상사고,0,0,1,0,차대사람 - 기타,안전운전불이행,건조,맑음,단일로 - 기타,승용,남,50세,상해없음,보행자,남,26세,경상
2021042500100006,2021년 4월 25일 00시,일요일,경상북도 포항시 북구 덕산동,경상사고,0,0,2,0,차대차 - 기타,신호위반,건조,맑음,교차로 - 교차로안,승용,여,56세,상해없음,승용,남,52세,경상
2021042500100050,2021년 4월 25일 07시,일요일,경상북도 영덕군 영해면,중상사고,0,1,0,0,차량단독 - 기타,안전운전불이행,건조,맑음,교차로 - 교차로부근,승합,남,68세,상해없음,,,,
2021042500100057,2021년 4월 25일 08시,일요일,경상북도 영덕군 영해면,부상신고사고,0,0,0,1,차대차 - 추돌,안전운전불이행,건조,맑음,교차로 - 교차로부근,승용,여,30세,상해없음,승용,여,53세,부상신고
2021042500100069,2021년 4월 25일 09시,일요일,경상북도 칠곡군 왜관읍,경상사고,0,0,1,0,차대차 - 추돌,안전운전불이행,건조,맑음,단일로 - 기타,승용,남,50세,상해없음,승용,남,39세,경상
2021042500100070,2021년 4월 25일 09시,일요일,경상북도 영덕군 남정면,중상사고,0,1,0,0,차대차 - 측면충돌,안전운전불이행,건조,맑음,단일로 - 기타,이륜,남,17세,중상,승용,여,34세,상해없음
2021042500100089,2021년 4월 25일 10시,일요일,경상북도 경주시 사정동,경상사고,0,0,1,0,차대차 - 후진중충돌,안전운전불이행,건조,맑음,기타 - 기타,승용,여,31세,상해없음,승용,남,23세,경상
2021042500100090,2021년 4월 25일 10시,일요일,경상북도 경주시 노서동,경상사고,0,0,2,0,차대차 - 측면충돌,안전운전불이행,건조,맑음,교차로 - 교차로안,승용,여,57세,경상,승용,남,32세,상해없음
2021042500100091,2021년 4월 25일 10시,일요일,경상북도 김천시 평화동,중상사고,0,1,0,0,차대차 - 정면충돌,교차로운행방법위반,건조,맑음,교차로 - 교차로안,화물,남,50세,상해없음,자전거,여,24세,중상
2021042500100122,2021년 4월 25일 11시,일요일,경상북도 경주시 동부동,중상사고,0,1,0,0,차대차 - 추돌,중앙선침범,건조,맑음,단일로 - 기타,승용,남,62세,상해없음,이륜,남,63세,중상
2021042500100123,2021년 4월 25일 11시,일요일,경상북도 영덕군 강구면,중상사고,0,1,0,0,차량단독 - 전도전복 - 전도,안전운전불이행,건조,맑음,단일로 - 기타,이륜,남,21세,중상,,,,
2021042500100194,2021년 4월 25일 13시,일요일,경상북도 경주시 마동,경상사고,0,0,2,0,차대차 - 후진중충돌,안전운전불이행,건조,맑음,교차로 - 교차로부근,승용,남,78세,상해없음,승용,남,40세,경상
2021042500100195,2021년 4월 25일 13시,일요일,경상북도 경주시 황남동,경상사고,0,0,1,0,차대사람 - 길가장자리구역통행중,안전운전불이행,건조,맑음,단일로 - 기타,승용,남,27세,상해없음,보행자,남,24세,경상
2021042500100196,2021년 4월 25일 13시,일요일,경상북도 안동시 임하면,경상사고,0,0,3,0,차대차 - 추돌,안전거리미확보,건조,맑음,단일로 - 기타,승용,남,77세,상해없음,승용,남,51세,경상
2021042500100197,2021년 4월 25일 13시,일요일,경상북도 영천시 문외동,경상사고,0,0,1,0,차대차 - 추돌,안전거리미확보,건조,맑음,단일로 - 기타,특수,남,36세,상해없음,승용,여,33세,경상
2021042500100198,2021년 4월 25일 13시,일요일,경상북도 성주군 성주읍,중상사고,0,1,0,0,차대차 - 측면충돌,직진우회전진행방해,건조,맑음,교차로 - 교차로안,화물,남,48세,상해없음,이륜,남,74세,중상
2021042500100233,2021년 4월 25일 14시,일요일,경상북도 청도군 청도읍,중상사고,0,1,0,0,차대사람 - 차도통행중,안전운전불이행,건조,맑음,단일로 - 기타,화물,남,52세,상해없음,보행자,여,70세,중상
2021042500100234,2021년 4월 25일 14시,일요일,경상북도 군위군 부계면,경상사고,0,0,1,0,차량단독 - 도로외이탈 - 추락,안전운전불이행,건조,맑음,미분류 - 미분류,승용,남,48세,경상,,,,
2021042500100235,2021년 4월 25일 14시,일요일,경상북도 구미시 임은동,경상사고,0,0,2,0,차대차 - 기타,안전거리미확보,건조,맑음,단일로 - 기타,승용,남,65세,상해없음,승용,남,32세,경상
2021042500100236,2021년 4월 25일 14시,일요일,경상북도 포항시 남구 효자동,경상사고,0,0,1,0,차대차 - 기타,안전운전불이행,건조,맑음,교차로 - 교차로부근,자전거,남,43세,경상,승용,여,42세,상해없음
2021042500100277,2021년 4월 25일 15시,일요일,경상북도 포항시 북구 두호동,경상사고,0,0,1,0,차대차 - 측면충돌,안전운전불이행,건조,맑음,교차로 - 교차로부근,화물,남,69세,상해없음,승용,남,66세,경상
2021042500100278,2021년 4월 25일 15시,일요일,경상북도 안동시 안막동,경상사고,0,0,1,0,차대사람 - 기타,안전운전불이행,건조,맑음,단일로 - 기타,이륜,남,70세,상해없음,보행자,여,59세,경상
2021042500100279,2021년 4월 25일 15시,일요일,경상북도 성주군 대가면,중상사고,0,1,0,0,차량단독 - 공작물충돌,안전운전불이행,건조,맑음,단일로 - 기타,화물,남,56세,중상,,,,
2021042500100280,2021년 4월 25일 15시,일요일,경상북도 포항시 남구 오천읍,중상사고,0,1,0,0,차대차 - 측면충돌,중앙선침범,건조,맑음,교차로 - 교차로부근,승용,남,55세,상해없음,이륜,남,43세,중상
2021042500100315,2021년 4월 25일 16시,일요일,경상북도 경산시 하양읍,경상사고,0,0,2,0,차대차 - 측면충돌,안전운전불이행,건조,맑음,단일로 - 기타,승용,남,63세,상해없음,승용,남,68세,경상
2021042500100316,2021년 4월 25일 16시,일요일,경상북도 영덕군 남정면,중상사고,0,1,0,0,차대사람 - 기타,안전운전불이행,건조,맑음,단일로 - 기타,승용,남,63세,상해없음,보행자,여,65세,중상
2021042500100317,2021년 4월 25일 16시,일요일,경상북도 구미시 오태동,경상사고,0,0,1,0,차대차 - 측면충돌,신호위반,건조,맑음,교차로 - 교차로부근,승용,남,31세,상해없음,승용,여,31세,경상
2021042500100355,2021년 4월 25일 17시,일요일,경상북도 상주시 내서면,사망사고,1,0,1,0,차대차 - 측면충돌,안전운전불이행,건조,맑음,교차로 - 교차로안,자전거,남,15세,경상,이륜,남,52세,사망
2021042500100416,2021년 4월 25일 19시,일요일,경상북도 경주시 외동읍,경상사고,0,0,5,0,차대차 - 추돌,안전운전불이행,건조,맑음,단일로 - 기타,승용,남,30세,경상,승용,남,31세,상해없음
2021042500100417,2021년 4월 25일 19시,일요일,경상북도 포항시 남구 상도동,경상사고,0,0,1,0,차대차 - 측면충돌,안전거리미확보,건조,맑음,단일로 - 기타,승용,여,45세,상해없음,이륜,남,16세,경상
2021042500100443,2021년 4월 25일 20시,일요일,경상북도 영천시 신녕면,경상사고,0,0,1,0,차대차 - 정면충돌,중앙선침범,건조,맑음,기타 - 기타,승용,남,61세,상해없음,승용,여,51세,경상
2021042500100444,2021년 4월 25일 20시,일요일,경상북도 포항시 남구 오천읍,경상사고,0,0,1,0,차대차 - 측면충돌,안전운전불이행,건조,맑음,교차로 - 교차로안,승용,여,46세,상해없음,이륜,남,35세,경상
2021042500100462,2021년 4월 25일 21시,일요일,경상북도 안동시 정하동,경상사고,0,0,1,0,차대차 - 기타,신호위반,건조,맑음,교차로 - 교차로안,승용,여,62세,상해없음,이륜,남,23세,경상
2021042600100010,2021년 4월 26일 03시,월요일,경상북도 영천시 신기동,중상사고,0,1,1,0,차대차 - 추돌,안전운전불이행,건조,맑음,단일로 - 기타,화물,남,33세,중상,특수,남,60세,경상
2021042600100053,2021년 4월 26일 07시,월요일,경상북도 경산시 와촌면,부상신고사고,0,0,0,2,차대차 - 측면충돌,신호위반,기타,맑음,교차로 - 교차로안,승용,남,72세,상해없음,승용,남,28세,부상신고
2021042600100054,2021년 4월 26일 07시,월요일,경상북도 영덕군 영덕읍,경상사고,0,0,1,0,차대차 - 추돌,안전운전불이행,건조,맑음,단일로 - 기타,화물,남,50세,기타불명,건설기계,남,48세,경상
2021042600100055,2021년 4월 26일 07시,월요일,경상북도 포항시 남구 이동,경상사고,0,0,2,0,차대차 - 측면충돌,직진우회전진행방해,건조,맑음,교차로 - 교차로안,승용,남,67세,경상,특수,남,49세,경상
2021042600100097,2021년 4월 26일 08시,월요일,경상북도 경주시 안강읍,경상사고,0,0,1,0,차대차 - 측면충돌,안전운전불이행,건조,맑음,교차로 - 교차로안,이륜,남,60세,경상,승용,남,45세,상해없음
2021042600100098,2021년 4월 26일 08시,월요일,경상북도 포항시 북구 흥해읍,경상사고,0,0,1,0,차대차 - 추돌,안전거리미확보,건조,맑음,단일로 - 기타,승용,남,44세,상해없음,승용,여,33세,경상
2021042600100099,2021년 4월 26일 08시,월요일,경상북도 칠곡군 지천면,경상사고,0,0,5,0,차대차 - 추돌,안전운전불이행,건조,맑음,단일로 - 기타,승용,남,41세,상해없음,승용,여,54세,경상
2021042600100100,2021년 4월 26일 08시,월요일,경상북도 고령군 대가야읍,경상사고,0,0,1,0,차대사람 - 기타,안전운전불이행,건조,맑음,단일로 - 기타,승용,남,49세,상해없음,보행자,남,38세,경상
2021042600100101,2021년 4월 26일 08시,월요일,경상북도 포항시 남구 송도동,경상사고,0,0,3,0,차대차 - 측면충돌,직진우회전진행방해,건조,맑음,교차로 - 교차로안,승용,남,56세,경상,승용,남,64세,경상
2021042600100148,2021년 4월 26일 09시,월요일,경상북도 영주시 휴천동,중상사고,0,3,0,0,차대차 - 측면충돌,신호위반,건조,맑음,단일로 - 기타,화물,남,55세,중상,승용,남,57세,중상
2021042600100179,2021년 4월 26일 10시,월요일,경상북도 문경시 호계면,중상사고,0,1,0,0,차대차 - 추돌,안전운전불이행,건조,맑음,단일로 - 기타,화물,남,64세,상해없음,원동기,남,72세,중상
2021042600100180,2021년 4월 26일 10시,월요일,경상북도 봉화군 봉화읍,경상사고,0,0,1,0,차대사람 - 기타,안전운전불이행,건조,맑음,기타 - 기타,화물,남,44세,상해없음,보행자,남,78세,경상
2021042600100235,2021년 4월 26일 12시,월요일,경상북도 경산시 옥산동,중상사고,0,1,0,0,차대차 - 측면충돌,신호위반,건조,맑음,교차로 - 교차로안,승용,남,52세,상해없음,이륜,남,60세,중상
2021042600100236,2021년 4월 26일 12시,월요일,경상북도 청도군 청도읍,경상사고,0,0,1,0,차대차 - 측면충돌,교차로운행방법위반,건조,맑음,교차로 - 교차로안,승용,여,63세,상해없음,승용,남,30세,경상
2021042600100237,2021년 4월 26일 12시,월요일,경상북도 고령군 다산면,경상사고,0,0,1,0,차대차 - 측면충돌,안전거리미확보,건조,맑음,단일로 - 기타,건설기계,남,65세,상해없음,승용,남,65세,경상
2021042600100276,2021년 4월 26일 13시,월요일,경상북도 영주시 영주동,중상사고,0,1,0,0,차대사람 - 기타,안전운전불이행,건조,맑음,단일로 - 기타,승용,남,82세,상해없음,보행자,여,22세,중상
2021042600100277,2021년 4월 26일 13시,월요일,경상북도 영천시 금호읍,경상사고,0,0,2,0,차대차 - 측면충돌,안전운전불이행,건조,맑음,교차로 - 교차로부근,이륜,남,77세,상해없음,승용,여,41세,경상
2021042600100278,2021년 4월 26일 13시,월요일,경상북도 청송군 현동면,중상사고,0,1,0,0,차량단독 - 전도전복 - 전복,안전운전불이행,건조,맑음,단일로 - 지하차도(도로)내,승용,여,54세,중상,,,,
2021042600100315,2021년 4월 26일 14시,월요일,경상북도 경주시 성동동,경상사고,0,0,1,0,차대차 - 측면충돌,교차로운행방법위반,건조,맑음,교차로 - 교차로안,승용,남,34세,상해없음,자전거,남,70세,경상
2021042600100316,2021년 4월 26일 14시,월요일,경상북도 안동시 송현동,경상사고,0,0,1,0,차량단독 - 기타,안전운전불이행,건조,맑음,단일로 - 기타,승합,남,41세,상해없음,,,,
2021042600100317,2021년 4월 26일 14시,월요일,경상북도 영주시 영주동,경상사고,0,0,1,0,차대차 - 측면충돌,안전운전불이행,건조,흐림,단일로 - 기타,화물,남,78세,상해없음,자전거,남,89세,경상
2021042600100352,2021년 4월 26일 15시,월요일,경상북도 김천시 부곡동,중상사고,0,1,0,0,차대사람 - 보도통행중,안전운전불이행,건조,맑음,기타 - 기타,자전거,남,70세,상해없음,보행자,여,78세,중상
2021042600100353,2021년 4월 26일 15시,월요일,경상북도 경산시 옥곡동,경상사고,0,0,1,0,차대차 - 기타,신호위반,건조,맑음,단일로 - 고가도로위,승용,남,63세,상해없음,승용,남,54세,상해없음
2021042600100400,2021년 4월 26일 16시,월요일,경상북도 성주군 선남면,중상사고,0,1,1,0,차대차 - 기타,안전운전불이행,건조,맑음,단일로 - 기타,화물,여,55세,경상,승용,여,38세,중상
2021042600100401,2021년 4월 26일 16시,월요일,경상북도 포항시 남구 대잠동,경상사고,0,0,3,0,차대차 - 추돌,안전운전불이행,건조,맑음,교차로 - 교차로부근,화물,남,65세,상해없음,승용,남,53세,경상
2021042600100443,2021년 4월 26일 17시,월요일,경상북도 포항시 남구 오천읍,경상사고,0,0,2,0,차대차 - 측면충돌,직진우회전진행방해,건조,맑음,교차로 - 교차로안,승용,여,54세,경상,승용,여,64세,경상
2021042600100482,2021년 4월 26일 18시,월요일,경상북도 안동시 옥야동,경상사고,0,0,2,0,차대차 - 추돌,안전거리미확보,건조,맑음,교차로 - 교차로안,승용,남,32세,상해없음,승용,남,27세,경상
2021042600100483,2021년 4월 26일 18시,월요일,경상북도 경산시 진량읍,중상사고,0,1,0,0,차대차 - 정면충돌,중앙선침범,건조,맑음,교차로 - 교차로부근,승용,여,23세,상해없음,화물,남,59세,중상
2021042600100484,2021년 4월 26일 18시,월요일,경상북도 구미시 거의동,중상사고,0,1,0,0,차대차 - 측면충돌,중앙선침범,건조,맑음,단일로 - 기타,승용,남,41세,상해없음,이륜,남,53세,중상
2021042600100523,2021년 4월 26일 19시,월요일,경상북도 구미시 형곡동,중상사고,0,1,0,0,차대차 - 측면충돌,안전운전불이행,건조,맑음,단일로 - 기타,승용,남,28세,상해없음,화물,남,29세,중상
2021042600100557,2021년 4월 26일 20시,월요일,경상북도 구미시 송정동,중상사고,0,1,0,0,차대사람 - 횡단중,안전운전불이행,건조,맑음,단일로 - 기타,기타불명,기타불명,미분류,기타불명,보행자,남,50세,중상
2021042600100577,2021년 4월 26일 21시,월요일,경상북도 경산시 자인면,사망사고,1,0,0,0,차량단독 - 공작물충돌,안전운전불이행,건조,맑음,단일로 - 지하차도(도로)내,이륜,남,25세,사망,,,,
2021042600100578,2021년 4월 26일 21시,월요일,경상북도 성주군 선남면,경상사고,0,0,1,0,차대차 - 추돌,안전운전불이행,건조,맑음,단일로 - 기타,승용,여,51세,상해없음,승용,남,33세,경상
2021042600100579,2021년 4월 26일 21시,월요일,경상북도 포항시 남구 청림동,중상사고,0,1,0,0,차대차 - 측면충돌,교차로운행방법위반,건조,맑음,교차로 - 교차로안,화물,남,62세,상해없음,이륜,남,53세,중상
2021042600100604,2021년 4월 26일 22시,월요일,경상북도 구미시 인의동,경상사고,0,0,1,0,차대차 - 측면충돌,안전운전불이행,건조,맑음,단일로 - 기타,승용,남,43세,상해없음,승합,남,31세,경상
2021042600100605,2021년 4월 26일 22시,월요일,경상북도 포항시 남구 대잠동,중상사고,0,1,0,0,차대차 - 측면충돌,중앙선침범,건조,맑음,교차로 - 교차로부근,자전거,남,36세,중상,승용,여,21세,상해없음
2021042700100008,2021년 4월 27일 00시,화요일,경상북도 포항시 북구 죽도동,경상사고,0,0,2,0,차대차 - 측면충돌,직진우회전진행방해,건조,맑음,교차로 - 교차로안,화물,남,53세,경상,승용,남,49세,경상
2021042700100051,2021년 4월 27일 07시,화요일,경상북도 상주시 낙양동,중상사고,0,1,0,0,차대차 - 측면충돌,교차로운행방법위반,건조,맑음,교차로 - 교차로횡단보도내,승용,남,39세,상해없음,자전거,여,11세,중상
2021042700100052,2021년 4월 27일 07시,화요일,경상북도 경산시 진량읍,경상사고,0,0,1,0,차대차 - 측면충돌,안전거리미확보,건조,맑음,단일로 - 기타,화물,남,62세,상해없음,승용,남,50세,경상
2021042700100079,2021년 4월 27일 08시,화요일,경상북도 김천시 지좌동,중상사고,0,1,0,0,차대차 - 정면충돌,중앙선침범,건조,맑음,단일로 - 기타,승용,여,33세,상해없음,이륜,남,82세,중상