사고번호,사고일시,요일,시군구,사고내용,사망자수,중상자수,경상자수,부상신고자수,사고유형,법규위반,노면상태,기상상태,도로형태,가해운전자 차종,가해운전자 성별,가해운전자 연령,가해운전자 상해정도,피해운전자 차종,피해운전자 성별,피해운전자 연령,피해운전자 상해정도
2021043000100545,2021년 4월 30일 19시,금요일,경상북도 영주시 영주동,경상사고,0,0,1,0,차대차 - 측면충돌,안전운전불이행,건조,맑음,교차로 - 교차로안,화물,남,45세,상해없음,승용,여,25세,경상
2021043000100589,2021년 4월 30일 20시,금요일,경상북도 칠곡군 왜관읍,중상사고,0,1,1,0,차대차 - 측면충돌,안전운전불이행,건조,맑음,단일로 - 기타,승용,남,34세,중상,승용,남,29세,경상
2021043000100590,2021년 4월 30일 20시,금요일,경상북도 경산시 진량읍,경상사고,0,0,3,0,차대차 - 추돌,안전운전불이행,건조,맑음,교차로 - 교차로부근,승용,남,57세,상해없음,승용,남,32세,경상
2021043000100591,2021년 4월 30일 20시,금요일,경상북도 경산시 평산동,경상사고,0,0,5,0,차대차 - 추돌,안전운전불이행,건조,맑음,교차로 - 교차로부근,승용,남,28세,상해없음,승용,여,68세,경상
2021043000100628,2021년 4월 30일 21시,금요일,경상북도 안동시 태화동,경상사고,0,0,2,0,차대차 - 측면충돌,교차로운행방법위반,건조,맑음,교차로 - 교차로안,화물,남,54세,경상,승용,남,37세,경상
2021043000100693,2021년 4월 30일 23시,금요일,경상북도 구미시 임수동,중상사고,0,2,2,0,차대차 - 측면충돌,안전운전불이행,건조,맑음,단일로 - 기타,승용,여,27세,경상,승용,남,18세,중상
2021050100100025,2021년 5월 1일 01시,토요일,경상북도 김천시 성내동,경상사고,0,0,1,0,차대차 - 추돌,안전운전불이행,건조,맑음,교차로 - 교차로부근,승용,남,43세,상해없음,승용,남,62세,경상
2021050100100026,2021년 5월 1일 01시,토요일,경상북도 영천시 교촌동,중상사고,0,1,0,0,차대차 - 측면충돌,안전운전불이행,젖음/습기,비,교차로 - 교차로안,승용,남,58세,상해없음,승용,남,35세,중상
2021050100100027,2021년 5월 1일 01시,토요일,경상북도 성주군 선남면,경상사고,0,0,1,0,차대차 - 후진중충돌,안전운전불이행,젖음/습기,비,주차장 - 주차장,화물,남,36세,상해없음,승용,여,32세,경상
2021050100100051,2021년 5월 1일 04시,토요일,경상북도 구미시 상모동,부상신고사고,0,0,0,1,차량단독 - 공작물충돌,기타,젖음/습기,비,교차로 - 교차로부근,승용,남,23세,부상신고,,,,
2021050100100069,2021년 5월 1일 07시,토요일,경상북도 구미시 인의동,중상사고,0,2,5,0,차대차 - 측면충돌,중앙선침범,젖음/습기,비,교차로 - 교차로부근,승용,남,28세,상해없음,승합,남,58세,경상
2021050100100070,2021년 5월 1일 07시,토요일,경상북도 영천시 신녕면,경상사고,0,0,1,0,차량단독 - 기타,안전운전불이행,기타,맑음,단일로 - 기타,승용,남,62세,경상,,,,
2021050100100086,2021년 5월 1일 08시,토요일,경상북도 김천시 황금동,중상사고,0,1,0,0,차대사람 - 횡단중,기타,건조,맑음,단일로 - 기타,승용,여,62세,상해없음,보행자,여,83세,중상
2021050100100100,2021년 5월 1일 09시,토요일,경상북도 포항시 남구 대잠동,경상사고,0,0,2,0,차대차 - 측면충돌,안전운전불이행,건조,맑음,단일로 - 기타,건설기계,남,64세,상해없음,승용,남,54세,경상
2021050100100129,2021년 5월 1일 10시,토요일,경상북도 영천시 완산동,경상사고,0,0,1,0,차대차 - 측면충돌,안전운전불이행,건조,맑음,교차로 - 교차로안,승용,남,58세,상해없음,승용,남,80세,경상
2021050100100130,2021년 5월 1일 10시,토요일,경상북도 상주시 낙동면,중상사고,0,1,0,0,차대차 - 추돌,안전운전불이행,건조,맑음,단일로 - 기타,승용,남,41세,상해없음,화물,남,42세,중상
2021050100100153,2021년 5월 1일 11시,토요일,경상북도 영주시 휴천동,경상사고,0,0,1,0,차대사람 - 기타,보행자보호의무위반,젖음/습기,흐림,교차로 - 교차로횡단보도내,화물,남,58세,상해없음,보행자,여,68세,경상
2021050100100154,2021년 5월 1일 11시,토요일,경상북도 경산시 백천동,경상사고,0,0,1,0,차대사람 - 기타,안전운전불이행,건조,맑음,단일로 - 기타,승용,남,49세,상해없음,보행자,여,60세,경상
2021050100100180,2021년 5월 1일 12시,토요일,경상북도 포항시 북구 송라면,중상사고,0,1,4,0,차대차 - 측면충돌,안전운전불이행,건조,맑음,단일로 - 기타,승용,여,58세,경상,승용,남,33세,경상
2021050100100224,2021년 5월 1일 13시,토요일,경상북도 포항시 남구 대잠동,경상사고,0,0,2,0,차대차 - 측면충돌,안전운전불이행,건조,맑음,단일로 - 지하차도(도로)내,승용,남,65세,경상,승용,남,35세,경상
2021050100100270,2021년 5월 1일 14시,토요일,경상북도 경주시 감포읍,사망사고,1,0,1,0,차량단독 - 공작물충돌,안전운전불이행,건조,맑음,교차로 - 교차로부근,화물,남,44세,경상,,,,
2021050100100301,2021년 5월 1일 15시,토요일,경상북도 영덕군 강구면,경상사고,0,0,1,0,차대차 - 추돌,안전운전불이행,건조,맑음,단일로 - 기타,승용,남,20세,상해없음,승용,남,39세,경상
2021050100100376,2021년 5월 1일 17시,토요일,경상북도 영주시 단산면,경상사고,0,0,2,0,차대차 - 측면충돌,교차로운행방법위반,젖음/습기,비,교차로 - 교차로안,승용,여,32세,상해없음,화물,남,77세,경상
2021050100100377,2021년 5월 1일 17시,토요일,경상북도 구미시 고아읍,중상사고,0,1,0,0,차대차 - 측면충돌,안전운전불이행,건조,맑음,교차로 - 교차로안,승용,남,39세,상해없음,이륜,남,29세,중상
2021050100100378,2021년 5월 1일 17시,토요일,경상북도 구미시 진평동,경상사고,0,0,2,0,차대차 - 측면충돌,직진우회전진행방해,건조,맑음,교차로 - 교차로안,승용,남,47세,경상,승용,남,36세,상해없음
2021050100100407,2021년 5월 1일 18시,토요일,경상북도 예천군 예천읍,경상사고,0,0,1,0,차량단독 - 기타,안전운전불이행,건조,흐림,단일로 - 기타,승용,남,72세,상해없음,,,,
2021050100100447,2021년 5월 1일 19시,토요일,경상북도 포항시 남구 효자동,경상사고,0,0,1,0,차대사람 - 횡단중,보행자보호의무위반,건조,맑음,교차로 - 교차로횡단보도내,승용,여,42세,상해없음,보행자,여,16세,경상
2021050100100474,2021년 5월 1일 20시,토요일,경상북도 경주시 인왕동,중상사고,0,1,0,0,차대차 - 추돌,안전운전불이행,젖음/습기,비,단일로 - 지하차도(도로)내,화물,남,65세,상해없음,승용,여,55세,중상
2021050100100475,2021년 5월 1일 20시,토요일,경상북도 영주시 휴천동,경상사고,0,0,1,0,차대차 - 측면충돌,안전운전불이행,젖음/습기,흐림,교차로 - 교차로횡단보도내,승용,남,73세,상해없음,이륜,남,20세,경상
2021050100100503,2021년 5월 1일 21시,토요일,경상북도 경주시 황성동,경상사고,0,0,1,0,차대차 - 측면충돌,신호위반,젖음/습기,비,교차로 - 교차로안,승용,여,58세,상해없음,승용,여,29세,경상
2021050100100529,2021년 5월 1일 22시,토요일,경상북도 포항시 북구 항구동,경상사고,0,0,1,0,차대차 - 추돌,안전운전불이행,건조,맑음,단일로 - 기타,승용,남,30세,상해없음,승용,여,52세,경상
2021050100100530,2021년 5월 1일 22시,토요일,경상북도 구미시 형곡동,중상사고,0,1,1,0,차대차 - 측면충돌,신호위반,건조,맑음,단일로 - 기타,승용,남,23세,상해없음,화물,남,55세,경상
2021050200100063,2021년 5월 2일 08시,일요일,경상북도 포항시 북구 흥해읍,경상사고,0,0,1,1,차대차 - 추돌,안전운전불이행,건조,맑음,단일로 - 기타,승합,남,42세,부상신고,승용,남,55세,경상
2021050200100064,2021년 5월 2일 08시,일요일,경상북도 포항시 남구 오천읍,경상사고,0,0,1,0,차대차 - 측면충돌,직진우회전진행방해,젖음/습기,흐림,교차로 - 교차로안,승용,여,52세,상해없음,승용,남,32세,경상
2021050200100081,2021년 5월 2일 09시,일요일,경상북도 의성군 의성읍,경상사고,0,0,1,0,차대차 - 측면충돌,안전운전불이행,건조,맑음,교차로 - 교차로부근,화물,남,62세,상해없음,자전거,여,61세,경상
2021050200100105,2021년 5월 2일 10시,일요일,경상북도 경주시 안강읍,부상신고사고,0,0,0,1,차대차 - 측면충돌,안전운전불이행,건조,맑음,단일로 - 기타,자전거,여,49세,부상신고,승용,남,56세,상해없음
2021050200100106,2021년 5월 2일 10시,일요일,경상북도 영천시 완산동,중상사고,0,1,0,0,차대사람 - 기타,안전운전불이행,건조,맑음,교차로 - 교차로안,승용,남,59세,상해없음,보행자,여,83세,중상
2021050200100134,2021년 5월 2일 11시,일요일,경상북도 경주시 안강읍,경상사고,0,0,1,0,차대차 - 추돌,안전운전불이행,건조,맑음,교차로 - 교차로안,승용,여,38세,상해없음,승용,여,55세,경상
2021050200100163,2021년 5월 2일 12시,일요일,경상북도 칠곡군 지천면,사망사고,2,0,1,0,차대사람 - 길가장자리구역통행중,중앙선침범,건조,맑음,단일로 - 기타,승용,여,66세,경상,보행자,여,74세,사망
2021050200100164,2021년 5월 2일 12시,일요일,경상북도 경산시 진량읍,경상사고,0,0,1,0,차대차 - 측면충돌,안전운전불이행,건조,맑음,교차로 - 교차로안,승용,남,53세,상해없음,승용,여,50세,경상
2021050200100165,2021년 5월 2일 12시,일요일,경상북도 구미시 오태동,경상사고,0,0,1,0,차대사람 - 횡단중,신호위반,건조,맑음,교차로 - 교차로횡단보도내,승용,남,51세,상해없음,보행자,여,41세,경상
2021050200100199,2021년 5월 2일 13시,일요일,경상북도 포항시 북구 덕산동,사망사고,1,0,1,0,차대차 - 측면충돌,신호위반,건조,맑음,교차로 - 교차로안,이륜,여,67세,사망,이륜,남,41세,경상
2021050200100200,2021년 5월 2일 13시,일요일,경상북도 포항시 남구 구룡포읍,경상사고,0,0,1,0,차대차 - 측면충돌,안전운전불이행,건조,맑음,교차로 - 교차로안,승용,남,44세,상해없음,승용,남,38세,상해없음
2021050200100230,2021년 5월 2일 14시,일요일,경상북도 포항시 북구 항구동,중상사고,0,1,0,0,차대사람 - 횡단중,신호위반,건조,맑음,교차로 - 교차로횡단보도내,승용,남,66세,상해없음,보행자,남,70세,중상
2021050200100231,2021년 5월 2일 14시,일요일,경상북도 영양군 영양읍,경상사고,0,0,1,0,차대차 - 추돌,안전거리미확보,건조,맑음,기타 - 기타,승용,남,67세,상해없음,이륜,여,64세,경상
2021050200100266,2021년 5월 2일 15시,일요일,경상북도 구미시 고아읍,경상사고,0,0,2,0,차대차 - 기타,안전거리미확보,건조,맑음,교차로 - 교차로부근,승합,남,63세,상해없음,승용,남,27세,경상
2021050200100301,2021년 5월 2일 16시,일요일,경상북도 경산시 평산동,경상사고,0,0,2,0,차대차 - 추돌,안전거리미확보,건조,맑음,단일로 - 기타,승용,남,61세,상해없음,승용,남,60세,경상
2021050200100302,2021년 5월 2일 16시,일요일,경상북도 구미시 송정동,경상사고,0,0,1,0,차대사람 - 횡단중,보행자보호의무위반,건조,맑음,단일로 - 기타,승용,남,37세,상해없음,보행자,남,47세,경상
2021050200100303,2021년 5월 2일 16시,일요일,경상북도 구미시 남통동,중상사고,0,1,0,0,차대차 - 기타,안전운전불이행,건조,맑음,단일로 - 기타,자전거,남,15세,중상,승용,여,42세,상해없음
2021050200100304,2021년 5월 2일 16시,일요일,경상북도 포항시 남구 동해면,중상사고,0,1,0,0,차대사람 - 횡단중,안전운전불이행,건조,맑음,단일로 - 기타,승용,여,58세,상해없음,보행자,여,74세,중상
2021050200100335,2021년 5월 2일 17시,일요일,경상북도 포항시 북구 우현동,중상사고,0,1,1,0,차대차 - 측면충돌,안전운전불이행,건조,맑음,단일로 - 기타,이륜,남,39세,중상,승용,여,55세,경상
2021050200100336,2021년 5월 2일 17시,일요일,경상북도 상주시 내서면,중상사고,0,1,0,0,차대사람 - 차도통행중,안전운전불이행,건조,맑음,단일로 - 기타,승용,여,50세,상해없음,보행자,남,53세,중상
2021050200100337,2021년 5월 2일 17시,일요일,경상북도 칠곡군 왜관읍,부상신고사고,0,0,0,1,차량단독 - 공작물충돌,안전운전불이행,건조,맑음,단일로 - 기타,승용,여,32세,부상신고,,,,
2021050200100338,2021년 5월 2일 17시,일요일,경상북도 영덕군 영덕읍,중상사고,0,1,0,0,차대차 - 측면충돌,안전운전불이행,건조,맑음,교차로 - 교차로부근,화물,남,34세,상해없음,이륜,남,83세,중상
2021050200100367,2021년 5월 2일 18시,일요일,경상북도 안동시 용상동,경상사고,0,0,1,0,차대차 - 기타,안전거리미확보,건조,맑음,교차로 - 교차로부근,승용,남,25세,상해없음,이륜,남,41세,경상
2021050200100388,2021년 5월 2일 19시,일요일,경상북도 포항시 남구 대잠동,경상사고,0,0,1,0,차대차 - 측면충돌,안전운전불이행,건조,맑음,단일로 - 지하차도(도로)내,화물,남,56세,상해없음,승용,여,63세,기타불명
2021050200100410,2021년 5월 2일 20시,일요일,경상북도 김천시 부곡동,경상사고,0,0,1,0,차대사람 - 길가장자리구역통행중,안전운전불이행,건조,맑음,교차로 - 교차로부근,승용,남,58세,상해없음,보행자,여,71세,경상
2021050200100411,2021년 5월 2일 20시,일요일,경상북도 영주시 가흥동,부상신고사고,0,0,0,1,차대차 - 기타,안전운전불이행,건조,맑음,교차로 - 교차로안,이륜,남,22세,부상신고,기타불명,기타불명,미분류,기타불명
2021050200100429,2021년 5월 2일 21시,일요일,경상북도 칠곡군 동명면,부상신고사고,0,0,0,1,차량단독 - 공작물충돌,안전운전불이행,건조,맑음,단일로 - 기타,승용,남,41세,부상신고,,,,
2021050200100430,2021년 5월 2일 21시,일요일,경상북도 포항시 남구 인덕동,경상사고,0,0,1,0,차대차 - 측면충돌,안전운전불이행,건조,맑음,교차로 - 교차로안,화물,남,67세,상해없음,승용,남,54세,경상
2021050200100431,2021년 5월 2일 21시,일요일,경상북도 포항시 남구 오천읍,중상사고,0,1,0,0,차량단독 - 공작물충돌,안전운전불이행,건조,맑음,단일로 - 기타,자전거,여,55세,중상,,,,
2021050200100452,2021년 5월 2일 22시,일요일,경상북도 포항시 남구 동촌동,사망사고,1,0,0,0,차대사람 - 기타,안전운전불이행,건조,맑음,단일로 - 기타,승용,여,36세,상해없음,보행자,남,57세,사망
2021050200100469,2021년 5월 2일 23시,일요일,경상북도 포항시 남구 오천읍,경상사고,0,0,2,2,차대차 - 측면충돌,안전운전불이행,건조,맑음,단일로 - 기타,승용,남,22세,상해없음,승용,남,60세,상해없음
2021050300100010,2021년 5월 3일 01시,월요일,경상북도 구미시 임수동,중상사고,0,1,0,0,차대차 - 정면충돌,중앙선침범,건조,맑음,교차로 - 교차로부근,승용,남,29세,상해없음,승용,여,27세,중상
2021050300100062,2021년 5월 3일 07시,월요일,경상북도 포항시 북구 우현동,경상사고,0,0,1,0,차대차 - 기타,중앙선침범,건조,맑음,단일로 - 기타,화물,남,66세,상해없음,승용,여,51세,경상
2021050300100063,2021년 5월 3일 07시,월요일,경상북도 안동시 송천동,중상사고,0,2,0,0,차대차 - 추돌,안전운전불이행,건조,맑음,단일로 - 기타,승용,여,59세,상해없음,승용,여,44세,중상
2021050300100064,2021년 5월 3일 07시,월요일,경상북도 경산시 압량읍,경상사고,0,0,1,0,차대사람 - 기타,안전운전불이행,건조,맑음,단일로 - 기타,승용,여,34세,상해없음,보행자,남,23세,경상
2021050300100065,2021년 5월 3일 07시,월요일,경상북도 영천시 임고면,중상사고,0,1,0,0,차대차 - 추돌,안전운전불이행,건조,맑음,단일로 - 터널,화물,남,48세,상해없음,승용,남,66세,중상
2021050300100096,2021년 5월 3일 08시,월요일,경상북도 경산시 상방동,경상사고,0,0,1,0,차대차 - 기타,안전운전불이행,건조,맑음,교차로 - 교차로안,승용,여,45세,상해없음,자전거,남,47세,경상
2021050300100140,2021년 5월 3일 09시,월요일,경상북도 칠곡군 석적읍,경상사고,0,0,2,0,차대차 - 측면충돌,안전운전불이행,건조,맑음,교차로 - 교차로부근,승용,남,63세,상해없음,특수,남,37세,경상
2021050300100141,2021년 5월 3일 09시,월요일,경상북도 구미시 선산읍,중상사고,0,1,0,0,차대차 - 추돌,신호위반,건조,맑음,교차로 - 교차로안,화물,남,64세,상해없음,이륜,여,70세,중상
2021050300100171,2021년 5월 3일 10시,월요일,경상북도 경주시 용강동,중상사고,0,1,0,0,차대차 - 추돌,안전운전불이행,건조,맑음,단일로 - 지하차도(도로)내,승용,남,38세,상해없음,이륜,남,57세,상해없음
2021050300100172,2021년 5월 3일 10시,월요일,경상북도 경주시 황오동,중상사고,0,1,0,0,차대사람 - 차도통행중,안전운전불이행,건조,맑음,단일로 - 지하차도(도로)내,특수,남,52세,상해없음,보행자,여,86세,중상
2021050300100173,2021년 5월 3일 10시,월요일,경상북도 경주시 감포읍,중상사고,0,1,0,0,차대차 - 기타,직진우회전진행방해,건조,맑음,교차로 - 교차로안,승용,남,62세,상해없음,이륜,남,77세,상해없음
2021050300100174,2021년 5월 3일 10시,월요일,경상북도 영천시 망정동,부상신고사고,0,0,0,2,차대차 - 추돌,안전거리미확보,건조,맑음,단일로 - 기타,화물,남,62세,상해없음,승용,여,55세,부상신고
2021050300100175,2021년 5월 3일 10시,월요일,경상북도 구미시 양호동,중상사고,0,1,0,0,차대차 - 기타,안전운전불이행,건조,맑음,단일로 - 기타,승용,여,50세,상해없음,이륜,남,80세,중상
2021050300100214,2021년 5월 3일 11시,월요일,경상북도 안동시 송현동,경상사고,0,0,1,0,차대차 - 기타,안전운전불이행,건조,맑음,교차로 - 교차로안,자전거,남,73세,경상,화물,남,58세,상해없음
2021050300100215,2021년 5월 3일 11시,월요일,경상북도 상주시 외서면,경상사고,0,0,1,0,차량단독 - 공작물충돌,안전운전불이행,건조,맑음,단일로 - 기타,승용,남,79세,경상,,,,
2021050300100216,2021년 5월 3일 11시,월요일,경상북도 영주시 상망동,경상사고,0,0,1,0,차대차 - 추돌,안전운전불이행,건조,맑음,교차로 - 교차로부근,화물,남,68세,상해없음,승합,여,58세,경상
2021050300100217,2021년 5월 3일 11시,월요일,경상북도 영천시 임고면,경상사고,0,0,1,0,차대차 - 정면충돌,신호위반,건조,맑음,교차로 - 교차로안,승용,남,65세,상해없음,화물,남,58세,경상
2021050300100218,2021년 5월 3일 11시,월요일,경상북도 경산시 와촌면,중상사고,0,1,0,0,차대차 - 측면충돌,안전거리미확보,건조,맑음,단일로 - 기타,승용,여,60세,상해없음,이륜,남,72세,중상
2021050300100219,2021년 5월 3일 11시,월요일,경상북도 구미시 도량동,중상사고,0,1,0,0,차대차 - 기타,신호위반,건조,맑음,교차로 - 교차로안,승용,여,45세,상해없음,승합,남,57세,중상
2021050300100220,2021년 5월 3일 11시,월요일,경상북도 포항시 남구 대송면,경상사고,0,0,1,0,차대차 - 측면충돌,안전운전불이행,건조,맑음,단일로 - 기타,승용,여,63세,상해없음,화물,남,45세,경상
2021050300100259,2021년 5월 3일 12시,월요일,경상북도 칠곡군 동명면,경상사고,0,0,2,0,차대차 - 추돌,안전거리미확보,건조,맑음,단일로 - 기타,특수,남,51세,상해없음,승용,남,63세,경상
2021050300100299,2021년 5월 3일 13시,월요일,경상북도 포항시 북구 용흥동,경상사고,0,0,1,0,차대차 - 기타,안전운전불이행,건조,맑음,교차로 - 교차로안,승용,여,64세,상해없음,승용,여,48세,경상
2021050300100300,2021년 5월 3일 13시,월요일,경상북도 영천시 야사동,경상사고,0,0,1,0,차대차 - 측면충돌,안전운전불이행,건조,맑음,주차장 - 주차장,승용,여,35세,상해없음,자전거,남,81세,경상
2021050300100301,2021년 5월 3일 13시,월요일,경상북도 영천시 서산동,경상사고,0,0,3,0,차대차 - 측면충돌,안전운전불이행,건조,맑음,교차로 - 교차로부근,승용,여,49세,상해없음,화물,남,51세,경상
2021050300100302,2021년 5월 3일 13시,월요일,경상북도 경산시 옥곡동,경상사고,0,0,1,0,차대차 - 추돌,안전운전불이행,건조,맑음,교차로 - 교차로부근,승용,여,38세,상해없음,화물,남,45세,경상
2021050300100303,2021년 5월 3일 13시,월요일,경상북도 포항시 남구 효자동,경상사고,0,0,1,0,차대차 - 추돌,안전거리미확보,건조,맑음,단일로 - 기타,이륜,남,39세,경상,승용,남,66세,상해없음
2021050300100304,2021년 5월 3일 13시,월요일,경상북도 포항시 남구 구룡포읍,경상사고,0,0,1,0,차대차 - 후진중충돌,안전운전불이행,건조,맑음,교차로 - 교차로부근,승용,남,77세,상해없음,승용,남,49세,경상
2021050300100305,2021년 5월 3일 13시,월요일,경상북도 포항시 남구 구룡포읍,중상사고,0,1,0,0,차량단독 - 기타,기타,건조,맑음,단일로 - 기타,승용,남,54세,상해없음,,,,
2021050300100337,2021년 5월 3일 14시,월요일,경상북도 경산시 조영동,경상사고,0,0,1,0,차대차 - 측면충돌,기타,건조,맑음,교차로 - 교차로부근,화물,남,49세,상해없음,승용,남,61세,경상
2021050300100338,2021년 5월 3일 14시,월요일,경상북도 구미시 상모동,경상사고,0,0,2,0,차대차 - 후진중충돌,안전운전불이행,건조,맑음,단일로 - 기타,화물,남,71세,상해없음,승용,여,29세,경상
2021050300100339,2021년 5월 3일 14시,월요일,경상북도 구미시 원평동,중상사고,0,2,2,0,차대차 - 측면충돌,교차로운행방법위반,건조,맑음,교차로 - 교차로안,승용,남,23세,경상,승용,남,49세,중상
2021050300100340,2021년 5월 3일 14시,월요일,경상북도 포항시 남구 상도동,경상사고,0,0,1,0,차대사람 - 차도통행중,안전운전불이행,건조,맑음,교차로 - 교차로안,승용,여,56세,상해없음,보행자,여,30세,경상
2021050300100377,2021년 5월 3일 15시,월요일,경상북도 영주시 영주동,중상사고,0,1,0,0,차대차 - 측면충돌,안전운전불이행,건조,맑음,교차로 - 교차로부근,승용,남,40세,상해없음,승용,여,26세,중상
2021050300100378,2021년 5월 3일 15시,월요일,경상북도 구미시 형곡동,경상사고,0,0,1,0,차대사람 - 기타,안전운전불이행,건조,맑음,기타 - 기타,개인형이동수단(PM),남,13세,기타불명,보행자,여,76세,경상
2021050300100379,2021년 5월 3일 15시,월요일,경상북도 포항시 남구 해도동,경상사고,0,0,2,0,차대사람 - 길가장자리구역통행중,안전운전불이행,건조,맑음,단일로 - 기타,승용,남,58세,상해없음,보행자,여,10세,경상
2021050300100417,2021년 5월 3일 16시,월요일,경상북도 경주시 외동읍,경상사고,0,0,1,0,차대차 - 정면충돌,중앙선침범,건조,맑음,교차로 - 교차로부근,승용,남,77세,상해없음,승합,남,55세,경상
2021050300100418,2021년 5월 3일 16시,월요일,경상북도 상주시 낙동면,경상사고,0,0,1,0,차대사람 - 기타,안전운전불이행,건조,맑음,교차로 - 교차로안,승용,여,23세,상해없음,보행자,여,85세,경상
2021050300100419,2021년 5월 3일 16시,월요일,경상북도 경산시 진량읍,중상사고,0,1,0,0,차대차 - 측면충돌,안전운전불이행,건조,맑음,교차로 - 교차로안,승합,남,49세,상해없음,이륜,남,55세,중상
2021050300100420,2021년 5월 3일 16시,월요일,경상북도 구미시 구평동,경상사고,0,0,1,0,차대차 - 정면충돌,중앙선침범,건조,맑음,교차로 - 교차로안,승용,남,47세,상해없음,원동기,남,38세,경상
2021050300100421,2021년 5월 3일 16시,월요일,경상북도 구미시 구포동,경상사고,0,0,1,0,차대차 - 기타,안전운전불이행,건조,맑음,교차로 - 교차로부근,화물,남,46세,상해없음,승합,남,52세,상해없음
2021050300100464,2021년 5월 3일 17시,월요일,경상북도 포항시 북구 두호동,경상사고,0,0,1,0,차대사람 - 횡단중,안전운전불이행,건조,맑음,단일로 - 기타,승용,남,33세,상해없음,보행자,남,9세,경상
2021050300100465,2021년 5월 3일 17시,월요일,경상북도 영주시 풍기읍,경상사고,0,0,2,0,차대차 - 추돌,안전운전불이행,건조,맑음,단일로 - 기타,승용,남,57세,상해없음,승용,여,31세,경상
2021050300100466,2021년 5월 3일 17시,월요일,경상북도 포항시 남구 대송면,경상사고,0,0,2,0,차대차 - 측면충돌,직진우회전진행방해,건조,맑음,교차로 - 교차로안,승용,남,62세,경상,승용,남,29세,경상
2021050300100517,2021년 5월 3일 18시,월요일,경상북도 포항시 북구 죽도동,경상사고,0,0,1,0,차대사람 - 길가장자리구역통행중,안전운전불이행,건조,맑음,교차로 - 교차로부근,승용,남,35세,상해없음,보행자,남,15세,경상
2021050300100518,2021년 5월 3일 18시,월요일,경상북도 청도군 청도읍,경상사고,0,0,3,0,차대차 - 측면충돌,직진우회전진행방해,건조,맑음,교차로 - 교차로안,승용,남,25세,상해없음,화물,남,45세,경상
2021050300100519,2021년 5월 3일 18시,월요일,경상북도 구미시 옥계동,중상사고,0,1,0,0,차대차 - 기타,안전운전불이행,건조,맑음,교차로 - 교차로부근,개인형이동수단(PM),여,14세,상해없음,승용,남,36세,상해없음
2021050300100578,2021년 5월 3일 20시,월요일,경상북도 구미시 옥계동,경상사고,0,0,1,0,차대차 - 측면충돌,안전운전불이행,건조,맑음,교차로 - 교차로안,승합,남,68세,상해없음,승용,남,23세,경상
2021050300100579,2021년 5월 3일 20시,월요일,경상북도 포항시 남구 대송면,경상사고,0,0,2,0,차대차 - 정면충돌,안전운전불이행,건조,맑음,단일로 - 지하차도(도로)내,승용,여,47세,경상,승용,남,44세,경상
2021050300100606,2021년 5월 3일 21시,월요일,경상북도 경산시 조영동,경상사고,0,0,1,0,차대차 - 후진중충돌,안전운전불이행,건조,맑음,단일로 - 기타,기타불명,기타불명,미분류,기타불명,이륜,남,41세,경상
2021050300100607,2021년 5월 3일 21시,월요일,경상북도 경산시 중방동,경상사고,0,0,1,0,차대차 - 측면충돌,안전운전불이행,건조,흐림,단일로 - 기타,승용,남,63세,상해없음,승용,여,60세,경상
2021050300100636,2021년 5월 3일 22시,월요일,경상북도 칠곡군 왜관읍,부상신고사고,0,0,0,1,차대차 - 기타,안전운전불이행,건조,맑음,교차로 - 교차로안,승합,남,38세,상해없음,자전거,남,12세,부상신고
2021050300100655,2021년 5월 3일 23시,월요일,경상북도 경산시 진량읍,중상사고,0,2,0,0,차대차 - 추돌,안전운전불이행,건조,맑음,교차로 - 교차로부근,승용,여,27세,상해없음,승용,남,24세,중상
2021050400100012,2021년 5월 4일 01시,화요일,경상북도 포항시 남구 동해면,경상사고,0,0,1,0,차대차 - 측면충돌,안전거리미확보,건조,흐림,교차로 - 교차로안,승용,여,31세,상해없음,승용,남,41세,경상
2021050400100029,2021년 5월 4일 05시,화요일,경상북도 영주시 풍기읍,중상사고,0,1,0,0,차대차 - 추돌,안전운전불이행,건조,맑음,단일로 - 기타,특수,남,54세,상해없음,화물,남,77세,중상
2021050400100036,2021년 5월 4일 06시,화요일,경상북도 김천시 모암동,경상사고,0,0,1,0,차량단독 - 공작물충돌,안전운전불이행,건조,맑음,단일로 - 기타,승용,여,66세,경상,,,,
2021050400100037,2021년 5월 4일 06시,화요일,경상북도 포항시 남구 대도동,경상사고,0,0,2,0,차대차 - 추돌,안전운전불이행,건조,맑음,교차로 - 교차로부근,승용,남,24세,상해없음,화물,남,64세,경상
2021050400100049,2021년 5월 4일 07시,화요일,경상북도 예천군 예천읍,중상사고,0,1,0,0,차대차 - 기타,안전운전불이행,건조,맑음,단일로 - 기타,화물,남,69세,상해없음,승용,남,70세,중상
2021050400100084,2021년 5월 4일 08시,화요일,경상북도 포항시 북구 흥해읍,중상사고,0,1,1,0,차대차 - 측면충돌,직진우회전진행방해,건조,맑음,교차로 - 교차로안,승용,여,36세,경상,이륜,여,68세,중상
2021050400100085,2021년 5월 4일 08시,화요일,경상북도 영천시 완산동,경상사고,0,0,1,0,차대차 - 정면충돌,중앙선침범,건조,맑음,교차로 - 교차로부근,이륜,남,81세,경상,승합,남,59세,상해없음
2021050400100111,2021년 5월 4일 09시,화요일,경상북도 포항시 남구 대잠동,경상사고,0,0,3,0,차대차 - 추돌,안전거리미확보,건조,맑음,교차로 - 교차로부근,승용,남,39세,상해없음,승용,남,37세,경상