사고번호,사고일시,요일,시군구,사고내용,사망자수,중상자수,경상자수,부상신고자수,사고유형,법규위반,노면상태,기상상태,도로형태,가해운전자 차종,가해운전자 성별,가해운전자 연령,가해운전자 상해정도,피해운전자 차종,피해운전자 성별,피해운전자 연령,피해운전자 상해정도
2021050400100139,2021년 5월 4일 10시,화요일,경상북도 칠곡군 왜관읍,부상신고사고,0,0,0,1,차대차 - 측면충돌,안전운전불이행,건조,흐림,교차로 - 교차로안,자전거,남,76세,부상신고,화물,남,62세,상해없음
2021050400100140,2021년 5월 4일 10시,화요일,경상북도 칠곡군 동명면,경상사고,0,0,1,0,차대차 - 추돌,안전운전불이행,건조,흐림,교차로 - 교차로부근,건설기계,남,60세,상해없음,승용,남,76세,경상
2021050400100165,2021년 5월 4일 11시,화요일,경상북도 경주시 인왕동,중상사고,0,1,0,0,차대차 - 추돌,안전운전불이행,건조,맑음,단일로 - 기타,특수,남,45세,상해없음,승용,여,67세,중상
2021050400100166,2021년 5월 4일 11시,화요일,경상북도 경주시 감포읍,중상사고,0,1,0,0,차대차 - 추돌,안전운전불이행,건조,맑음,교차로 - 교차로부근,승용,남,57세,중상,화물,남,51세,상해없음
2021050400100167,2021년 5월 4일 11시,화요일,경상북도 포항시 남구 대도동,경상사고,0,0,1,0,차대차 - 측면충돌,안전운전불이행,건조,맑음,단일로 - 기타,승용,남,65세,상해없음,이륜,남,38세,경상
2021050400100226,2021년 5월 4일 13시,화요일,경상북도 포항시 북구 우현동,경상사고,0,0,1,0,차대사람 - 횡단중,안전운전불이행,건조,맑음,단일로 - 기타,화물,남,55세,상해없음,보행자,남,15세,경상
2021050400100227,2021년 5월 4일 13시,화요일,경상북도 안동시 법상동,중상사고,0,1,0,0,차대차 - 측면충돌,직진우회전진행방해,건조,맑음,교차로 - 교차로안,승용,여,64세,상해없음,이륜,남,39세,중상
2021050400100258,2021년 5월 4일 14시,화요일,경상북도 포항시 북구 장성동,경상사고,0,0,1,0,차대차 - 기타,안전운전불이행,건조,맑음,교차로 - 교차로안,이륜,남,38세,경상,승용,남,62세,상해없음
2021050400100259,2021년 5월 4일 14시,화요일,경상북도 영주시 하망동,경상사고,0,0,1,1,차대차 - 측면충돌,안전운전불이행,건조,맑음,교차로 - 교차로안,승용,여,44세,부상신고,화물,남,37세,경상
2021050400100260,2021년 5월 4일 14시,화요일,경상북도 영주시 휴천동,중상사고,0,1,0,0,차대사람 - 횡단중,보행자보호의무위반,건조,맑음,단일로 - 기타,승용,남,52세,상해없음,보행자,남,83세,중상
2021050400100261,2021년 5월 4일 14시,화요일,경상북도 경산시 중방동,경상사고,0,0,1,0,차대차 - 정면충돌,안전운전불이행,건조,맑음,기타 - 기타,승용,남,72세,상해없음,승용,남,56세,경상
2021050400100306,2021년 5월 4일 15시,화요일,경상북도 경주시 황성동,경상사고,0,0,1,0,차대차 - 측면충돌,안전운전불이행,젖음/습기,비,교차로 - 교차로안,승용,여,67세,상해없음,승용,여,36세,경상
2021050400100307,2021년 5월 4일 15시,화요일,경상북도 김천시 어모면,경상사고,0,0,3,0,차대차 - 정면충돌,안전운전불이행,건조,맑음,교차로 - 교차로부근,승용,남,29세,상해없음,농기계,남,82세,경상
2021050400100345,2021년 5월 4일 16시,화요일,경상북도 포항시 남구 대잠동,경상사고,0,0,3,0,차대차 - 추돌,안전운전불이행,젖음/습기,비,교차로 - 교차로부근,화물,남,51세,상해없음,승용,남,29세,경상
2021050400100346,2021년 5월 4일 16시,화요일,경상북도 포항시 남구 이동,경상사고,0,0,1,0,차대사람 - 횡단중,기타,젖음/습기,비,단일로 - 지하차도(도로)내,승용,여,58세,상해없음,보행자,여,11세,경상
2021050400100383,2021년 5월 4일 17시,화요일,경상북도 칠곡군 석적읍,중상사고,0,1,0,0,차대차 - 측면충돌,안전운전불이행,젖음/습기,비,단일로 - 기타,승용,남,24세,상해없음,승용,남,29세,중상
2021050400100432,2021년 5월 4일 18시,화요일,경상북도 안동시 송현동,경상사고,0,0,1,0,차대차 - 기타,안전운전불이행,젖음/습기,흐림,교차로 - 교차로부근,화물,남,74세,상해없음,승합,남,50세,경상
2021050400100494,2021년 5월 4일 19시,화요일,경상북도 상주시 청리면,경상사고,0,0,1,0,차대차 - 측면충돌,안전운전불이행,젖음/습기,비,단일로 - 기타,승용,남,38세,경상,승용,남,43세,상해없음
2021050400100495,2021년 5월 4일 19시,화요일,경상북도 칠곡군 석적읍,경상사고,0,0,1,0,차대차 - 측면충돌,안전운전불이행,건조,흐림,교차로 - 교차로안,승용,여,49세,상해없음,이륜,남,21세,경상
2021050400100496,2021년 5월 4일 19시,화요일,경상북도 고령군 대가야읍,중상사고,0,1,0,0,차대사람 - 길가장자리구역통행중,안전운전불이행,젖음/습기,비,단일로 - 기타,승용,남,65세,상해없음,보행자,여,49세,중상
2021050400100497,2021년 5월 4일 19시,화요일,경상북도 구미시 옥계동,중상사고,0,1,0,0,차대사람 - 횡단중,보행자보호의무위반,젖음/습기,비,교차로 - 교차로횡단보도내,승용,여,30세,상해없음,보행자,남,49세,중상
2021050400100554,2021년 5월 4일 20시,화요일,경상북도 영천시 성내동,경상사고,0,0,2,0,차대차 - 측면충돌,안전거리미확보,젖음/습기,비,단일로 - 기타,화물,남,52세,상해없음,승용,남,26세,경상
2021050400100555,2021년 5월 4일 20시,화요일,경상북도 경산시 중산동,중상사고,0,1,0,0,차대사람 - 횡단중,보행자보호의무위반,젖음/습기,비,단일로 - 기타,승용,여,61세,상해없음,보행자,남,55세,중상
2021050400100556,2021년 5월 4일 20시,화요일,경상북도 포항시 남구 오천읍,경상사고,0,0,1,0,차대사람 - 횡단중,안전운전불이행,젖음/습기,비,교차로 - 교차로안,승용,여,26세,상해없음,보행자,여,59세,경상
2021050400100611,2021년 5월 4일 21시,화요일,경상북도 구미시 원평동,경상사고,0,0,1,0,차대차 - 기타,안전운전불이행,젖음/습기,비,기타 - 기타,승용,남,57세,상해없음,승용,남,50세,경상
2021050400100612,2021년 5월 4일 21시,화요일,경상북도 구미시 남통동,경상사고,0,0,1,0,차대차 - 기타,안전운전불이행,건조,맑음,교차로 - 교차로부근,승용,남,45세,상해없음,승용,여,30세,경상
2021050400100667,2021년 5월 4일 22시,화요일,경상북도 구미시 봉곡동,경상사고,0,0,1,0,차대차 - 측면충돌,직진우회전진행방해,젖음/습기,비,교차로 - 교차로안,승용,남,20세,상해없음,승용,남,38세,경상
2021050400100702,2021년 5월 4일 23시,화요일,경상북도 포항시 남구 상도동,중상사고,0,1,0,0,차대사람 - 횡단중,신호위반,젖음/습기,비,기타 - 기타,이륜,남,20세,상해없음,보행자,남,60세,중상
2021050500100039,2021년 5월 5일 02시,수요일,경상북도 경주시 안강읍,중상사고,0,1,3,0,차대차 - 측면충돌,신호위반,젖음/습기,비,교차로 - 교차로안,승용,남,60세,경상,화물,남,63세,경상
2021050500100076,2021년 5월 5일 08시,수요일,경상북도 상주시 낙동면,중상사고,0,1,0,0,차대차 - 측면충돌,교차로운행방법위반,건조,맑음,교차로 - 교차로안,승합,남,56세,상해없음,이륜,여,77세,중상
2021050500100077,2021년 5월 5일 08시,수요일,경상북도 칠곡군 가산면,경상사고,0,0,3,0,차대차 - 측면충돌,안전거리미확보,건조,맑음,단일로 - 기타,건설기계,남,67세,상해없음,승용,남,41세,경상
2021050500100078,2021년 5월 5일 08시,수요일,경상북도 포항시 남구 대도동,경상사고,0,0,1,0,차대차 - 측면충돌,중앙선침범,건조,맑음,교차로 - 교차로안,자전거,여,60세,경상,승용,여,64세,상해없음
2021050500100093,2021년 5월 5일 09시,수요일,경상북도 포항시 북구 송라면,경상사고,0,0,2,0,차대차 - 기타,신호위반,건조,맑음,교차로 - 교차로안,승합,남,72세,상해없음,화물,남,58세,경상
2021050500100124,2021년 5월 5일 10시,수요일,경상북도 포항시 남구 오천읍,중상사고,0,1,1,0,차대차 - 측면충돌,중앙선침범,건조,맑음,교차로 - 교차로부근,승용,남,22세,상해없음,승용,남,33세,경상
2021050500100125,2021년 5월 5일 10시,수요일,경상북도 포항시 남구 대도동,경상사고,0,0,2,0,차대차 - 측면충돌,안전거리미확보,건조,맑음,기타 - 기타,특수,남,53세,기타불명,승용,남,68세,경상
2021050500100152,2021년 5월 5일 11시,수요일,경상북도 경주시 동천동,경상사고,0,0,3,0,차대차 - 측면충돌,안전운전불이행,건조,맑음,교차로 - 교차로부근,승용,남,42세,상해없음,승용,남,19세,경상
2021050500100153,2021년 5월 5일 11시,수요일,경상북도 구미시 고아읍,경상사고,0,0,2,0,차대차 - 측면충돌,직진우회전진행방해,건조,맑음,교차로 - 교차로안,승용,남,61세,상해없음,승용,남,60세,경상
2021050500100196,2021년 5월 5일 12시,수요일,경상북도 구미시 공단동,부상신고사고,0,0,0,1,차대사람 - 횡단중,안전운전불이행,건조,맑음,교차로 - 교차로부근,화물,남,50세,상해없음,보행자,여,68세,부상신고
2021050500100197,2021년 5월 5일 12시,수요일,경상북도 구미시 원평동,경상사고,0,0,1,0,차대차 - 추돌,안전운전불이행,건조,맑음,교차로 - 교차로부근,승용,남,82세,기타불명,승합,남,37세,경상
2021050500100237,2021년 5월 5일 13시,수요일,경상북도 포항시 북구 죽도동,중상사고,0,1,0,0,차대차 - 기타,기타,건조,맑음,단일로 - 기타,승합,남,51세,상해없음,승용,남,56세,상해없음
2021050500100238,2021년 5월 5일 13시,수요일,경상북도 포항시 북구 청하면,경상사고,0,0,2,0,차대차 - 기타,안전운전불이행,건조,맑음,교차로 - 교차로부근,승용,여,25세,상해없음,승용,남,57세,경상
2021050500100283,2021년 5월 5일 14시,수요일,경상북도 포항시 북구 덕산동,경상사고,0,0,1,0,차대차 - 측면충돌,안전운전불이행,건조,맑음,단일로 - 기타,승용,남,72세,상해없음,승용,여,52세,경상
2021050500100284,2021년 5월 5일 14시,수요일,경상북도 포항시 북구 기계면,중상사고,0,3,2,0,차대차 - 측면충돌,안전운전불이행,젖음/습기,비,단일로 - 기타,화물,남,36세,상해없음,승용,남,39세,중상
2021050500100285,2021년 5월 5일 14시,수요일,경상북도 영주시 상망동,중상사고,0,3,2,0,차대차 - 추돌,안전운전불이행,건조,맑음,교차로 - 교차로부근,승용,남,51세,상해없음,승용,남,50세,중상
2021050500100323,2021년 5월 5일 15시,수요일,경상북도 경주시 동천동,중상사고,0,1,0,0,차대차 - 측면충돌,중앙선침범,건조,맑음,단일로 - 기타,승용,여,60세,상해없음,원동기,남,39세,중상
2021050500100324,2021년 5월 5일 15시,수요일,경상북도 칠곡군 석적읍,경상사고,0,0,1,0,차대사람 - 기타,안전운전불이행,건조,맑음,단일로 - 기타,자전거,여,24세,상해없음,보행자,남,25세,경상
2021050500100363,2021년 5월 5일 16시,수요일,경상북도 영덕군 남정면,경상사고,0,0,1,0,차대차 - 추돌,안전운전불이행,건조,맑음,교차로 - 교차로부근,이륜,남,67세,상해없음,이륜,남,47세,경상
2021050500100364,2021년 5월 5일 16시,수요일,경상북도 포항시 남구 상도동,경상사고,0,0,1,0,차대차 - 추돌,안전운전불이행,건조,맑음,교차로 - 교차로부근,승용,남,47세,상해없음,승용,남,29세,경상
2021050500100412,2021년 5월 5일 17시,수요일,경상북도 영주시 가흥동,경상사고,0,0,1,0,차대차 - 측면충돌,안전운전불이행,건조,맑음,교차로 - 교차로부근,승용,여,27세,상해없음,승용,남,30세,경상
2021050500100413,2021년 5월 5일 17시,수요일,경상북도 경산시 옥산동,경상사고,0,0,1,0,차대사람 - 횡단중,안전운전불이행,건조,맑음,단일로 - 기타,승용,여,62세,상해없음,보행자,남,5세,경상
2021050500100453,2021년 5월 5일 18시,수요일,경상북도 영천시 오수동,경상사고,0,0,1,0,차대차 - 후진중충돌,안전운전불이행,건조,맑음,교차로 - 교차로부근,승용,남,71세,상해없음,승용,남,38세,경상
2021050500100454,2021년 5월 5일 18시,수요일,경상북도 구미시 옥계동,경상사고,0,0,1,0,차대차 - 추돌,안전운전불이행,건조,맑음,교차로 - 교차로부근,승용,남,57세,상해없음,이륜,남,49세,경상
2021050500100481,2021년 5월 5일 19시,수요일,경상북도 영덕군 영덕읍,경상사고,0,0,1,0,차대차 - 측면충돌,직진우회전진행방해,건조,맑음,교차로 - 교차로안,승용,남,84세,상해없음,승용,남,26세,경상
2021050500100482,2021년 5월 5일 19시,수요일,경상북도 구미시 부곡동,중상사고,0,1,1,0,차대차 - 측면충돌,안전운전불이행,건조,맑음,교차로 - 교차로안,승용,남,52세,상해없음,승용,남,42세,중상
2021050500100513,2021년 5월 5일 20시,수요일,경상북도 경주시 사정동,경상사고,0,0,2,0,차대차 - 추돌,안전운전불이행,건조,맑음,교차로 - 교차로안,승용,남,59세,상해없음,승용,남,37세,경상
2021050500100514,2021년 5월 5일 20시,수요일,경상북도 포항시 북구 장성동,중상사고,0,1,2,0,차대차 - 추돌,안전거리미확보,건조,맑음,단일로 - 기타,이륜,남,35세,상해없음,사륜오토바이(ATV),남,78세,경상
2021050500100515,2021년 5월 5일 20시,수요일,경상북도 의성군 안계면,경상사고,0,0,1,0,차대차 - 측면충돌,직진우회전진행방해,건조,맑음,교차로 - 교차로안,승용,여,57세,상해없음,승용,여,39세,경상
2021050500100557,2021년 5월 5일 22시,수요일,경상북도 안동시 법흥동,중상사고,0,1,0,0,차대사람 - 횡단중,보행자보호의무위반,건조,맑음,교차로 - 교차로안,승용,남,26세,상해없음,보행자,남,76세,중상
2021050500100558,2021년 5월 5일 22시,수요일,경상북도 경산시 계양동,중상사고,0,1,0,0,차대사람 - 횡단중,안전운전불이행,건조,맑음,단일로 - 기타,승용,남,58세,상해없음,보행자,남,35세,중상
2021050600100035,2021년 5월 6일 06시,목요일,경상북도 포항시 북구 학산동,경상사고,0,0,1,0,차대차 - 기타,안전운전불이행,건조,맑음,단일로 - 기타,승용,여,33세,상해없음,승용,남,34세,경상
2021050600100036,2021년 5월 6일 06시,목요일,경상북도 경산시 백천동,사망사고,1,0,0,0,차대사람 - 횡단중,안전운전불이행,건조,맑음,단일로 - 기타,화물,남,46세,상해없음,보행자,여,77세,사망
2021050600100056,2021년 5월 6일 07시,목요일,경상북도 경산시 사동,중상사고,0,1,1,0,차량단독 - 전도전복 - 전도,안전운전불이행,건조,맑음,교차로 - 교차로안,이륜,남,17세,경상,,,,
2021050600100057,2021년 5월 6일 07시,목요일,경상북도 청도군 풍각면,사망사고,1,0,0,0,차대차 - 측면충돌,안전운전불이행,건조,맑음,교차로 - 교차로안,승용,여,72세,상해없음,이륜,남,76세,사망
2021050600100058,2021년 5월 6일 07시,목요일,경상북도 구미시 고아읍,경상사고,0,0,1,0,차대차 - 기타,교차로운행방법위반,건조,맑음,교차로 - 교차로안,승용,남,36세,경상,승용,남,48세,상해없음
2021050600100079,2021년 5월 6일 08시,목요일,경상북도 경주시 동천동,경상사고,0,0,2,0,차대차 - 측면충돌,안전운전불이행,건조,맑음,교차로 - 교차로부근,승용,여,48세,경상,승용,남,50세,경상
2021050600100080,2021년 5월 6일 08시,목요일,경상북도 영주시 하망동,중상사고,0,1,0,0,차대차 - 측면충돌,안전운전불이행,건조,맑음,교차로 - 교차로안,화물,남,51세,상해없음,이륜,남,81세,중상
2021050600100081,2021년 5월 6일 08시,목요일,경상북도 칠곡군 약목면,경상사고,0,0,4,0,차대차 - 추돌,안전운전불이행,건조,맑음,교차로 - 교차로부근,승용,남,33세,상해없음,승용,남,42세,경상
2021050600100082,2021년 5월 6일 08시,목요일,경상북도 포항시 남구 동촌동,경상사고,0,0,1,0,차대차 - 추돌,안전운전불이행,건조,맑음,교차로 - 교차로부근,승용,남,52세,상해없음,승용,여,42세,경상
2021050600100116,2021년 5월 6일 09시,목요일,경상북도 칠곡군 북삼읍,중상사고,0,1,1,0,차대차 - 측면충돌,교차로운행방법위반,건조,맑음,교차로 - 교차로안,승용,여,65세,경상,승용,여,46세,중상
2021050600100153,2021년 5월 6일 10시,목요일,경상북도 영천시 화룡동,중상사고,0,2,0,0,차대차 - 추돌,안전운전불이행,건조,맑음,단일로 - 기타,승용,남,71세,상해없음,승용,남,53세,중상
2021050600100154,2021년 5월 6일 10시,목요일,경상북도 성주군 성주읍,경상사고,0,0,2,0,차대차 - 측면충돌,안전거리미확보,건조,맑음,단일로 - 기타,화물,남,51세,기타불명,승용,여,26세,경상
2021050600100155,2021년 5월 6일 10시,목요일,경상북도 김천시 봉산면,경상사고,0,0,4,0,차대차 - 추돌,안전거리미확보,건조,맑음,단일로 - 기타,승용,여,51세,경상,승용,여,70세,경상
2021050600100214,2021년 5월 6일 12시,목요일,경상북도 칠곡군 기산면,부상신고사고,0,0,0,1,차대차 - 측면충돌,안전운전불이행,건조,맑음,단일로 - 기타,화물,남,60세,상해없음,승용,남,61세,부상신고
2021050600100215,2021년 5월 6일 12시,목요일,경상북도 칠곡군 지천면,중상사고,0,1,0,0,차대차 - 측면충돌,안전운전불이행,건조,맑음,단일로 - 기타,자전거,남,75세,중상,화물,남,25세,상해없음
2021050600100216,2021년 5월 6일 12시,목요일,경상북도 성주군 성주읍,경상사고,0,0,1,0,차대차 - 기타,안전운전불이행,건조,맑음,단일로 - 기타,승용,남,58세,상해없음,승용,여,24세,경상
2021050600100277,2021년 5월 6일 14시,목요일,경상북도 김천시 덕곡동,경상사고,0,0,2,0,차대차 - 측면충돌,안전운전불이행,건조,맑음,단일로 - 기타,승용,남,62세,상해없음,승용,남,67세,경상
2021050600100312,2021년 5월 6일 15시,목요일,경상북도 경주시 외동읍,중상사고,0,2,1,0,차대차 - 추돌,신호위반,건조,맑음,단일로 - 기타,화물,남,41세,상해없음,승용,남,54세,중상
2021050600100313,2021년 5월 6일 15시,목요일,경상북도 영주시 장수면,경상사고,0,0,1,0,차량단독 - 공작물충돌,안전운전불이행,건조,맑음,단일로 - 기타,승용,남,73세,경상,,,,
2021050600100314,2021년 5월 6일 15시,목요일,경상북도 영주시 가흥동,중상사고,0,1,0,0,차대차 - 측면충돌,교차로운행방법위반,건조,맑음,교차로 - 교차로안,승용,여,46세,상해없음,개인형이동수단(PM),여,19세,중상
2021050600100315,2021년 5월 6일 15시,목요일,경상북도 성주군 성주읍,경상사고,0,0,1,0,차대차 - 후진중충돌,안전운전불이행,건조,맑음,단일로 - 기타,화물,남,38세,상해없음,승용,여,68세,경상
2021050600100344,2021년 5월 6일 16시,목요일,경상북도 상주시 이안면,중상사고,0,1,0,0,차대차 - 기타,안전운전불이행,건조,맑음,교차로 - 교차로안,승용,여,46세,상해없음,자전거,남,82세,중상
2021050600100345,2021년 5월 6일 16시,목요일,경상북도 영천시 본촌동,경상사고,0,0,2,0,차대차 - 추돌,안전거리미확보,건조,맑음,단일로 - 기타,화물,남,41세,상해없음,승용,남,43세,경상
2021050600100346,2021년 5월 6일 16시,목요일,경상북도 영덕군 병곡면,부상신고사고,0,0,0,1,차량단독 - 기타,안전운전불이행,건조,맑음,단일로 - 기타,화물,남,60세,부상신고,,,,
2021050600100379,2021년 5월 6일 17시,목요일,경상북도 안동시 정하동,중상사고,0,1,3,0,차대차 - 측면충돌,직진우회전진행방해,건조,맑음,교차로 - 교차로안,승용,여,28세,경상,승용,여,51세,중상
2021050600100426,2021년 5월 6일 18시,목요일,경상북도 포항시 북구 장성동,경상사고,0,0,1,0,차대차 - 측면충돌,안전거리미확보,건조,맑음,단일로 - 기타,승용,남,31세,기타불명,승합,여,40세,경상
2021050600100427,2021년 5월 6일 18시,목요일,경상북도 칠곡군 왜관읍,경상사고,0,0,3,0,차대차 - 추돌,안전운전불이행,건조,맑음,단일로 - 기타,화물,여,67세,상해없음,화물,남,37세,경상
2021050600100428,2021년 5월 6일 18시,목요일,경상북도 영천시 야사동,중상사고,0,1,0,0,차대차 - 측면충돌,안전운전불이행,건조,맑음,교차로 - 교차로안,승용,남,18세,상해없음,이륜,여,58세,중상
2021050600100429,2021년 5월 6일 18시,목요일,경상북도 포항시 남구 해도동,경상사고,0,0,1,0,차대사람 - 기타,안전운전불이행,건조,맑음,교차로 - 교차로부근,승용,여,46세,상해없음,보행자,남,11세,경상
2021050600100552,2021년 5월 6일 22시,목요일,경상북도 경산시 하양읍,경상사고,0,0,1,0,차대차 - 측면충돌,중앙선침범,건조,맑음,교차로 - 교차로안,이륜,남,30세,상해없음,승용,남,56세,경상
2021050600100553,2021년 5월 6일 22시,목요일,경상북도 영덕군 축산면,부상신고사고,0,0,0,1,차대차 - 측면충돌,안전운전불이행,건조,맑음,단일로 - 기타,사륜오토바이(ATV),남,53세,부상신고,승용,여,56세,상해없음
2021050700100015,2021년 5월 7일 01시,금요일,경상북도 영천시 망정동,중상사고,0,1,2,0,차대차 - 측면충돌,안전운전불이행,건조,맑음,교차로 - 교차로안,이륜,남,21세,중상,승용,남,55세,경상
2021050700100032,2021년 5월 7일 05시,금요일,경상북도 경주시 용강동,경상사고,0,0,1,0,차대차 - 추돌,안전운전불이행,건조,맑음,교차로 - 교차로부근,화물,남,49세,상해없음,화물,남,27세,경상
2021050700100059,2021년 5월 7일 07시,금요일,경상북도 의성군 의성읍,경상사고,0,0,1,0,차대사람 - 횡단중,보행자보호의무위반,건조,맑음,교차로 - 교차로횡단보도내,화물,남,74세,상해없음,보행자,남,20세,경상
2021050700100060,2021년 5월 7일 07시,금요일,경상북도 예천군 예천읍,경상사고,0,0,2,0,차대차 - 측면충돌,안전운전불이행,건조,맑음,단일로 - 기타,승용,남,73세,상해없음,이륜,남,73세,경상
2021050700100061,2021년 5월 7일 07시,금요일,경상북도 구미시 도량동,경상사고,0,0,3,0,차대차 - 추돌,안전운전불이행,건조,맑음,교차로 - 교차로부근,승용,남,35세,상해없음,승용,남,59세,경상
2021050700100086,2021년 5월 7일 08시,금요일,경상북도 상주시 연원동,경상사고,0,0,2,0,차대차 - 추돌,안전운전불이행,건조,맑음,교차로 - 교차로부근,승용,남,68세,상해없음,승용,남,79세,경상
2021050700100087,2021년 5월 7일 08시,금요일,경상북도 안동시 일직면,중상사고,0,1,1,0,차대차 - 기타,안전운전불이행,건조,맑음,단일로 - 기타,승용,남,58세,중상,화물,남,52세,상해없음
2021050700100117,2021년 5월 7일 09시,금요일,경상북도 포항시 북구 흥해읍,중상사고,0,1,0,0,차대차 - 측면충돌,중앙선침범,건조,맑음,교차로 - 교차로부근,건설기계,남,37세,상해없음,승용,남,38세,중상
2021050700100118,2021년 5월 7일 09시,금요일,경상북도 칠곡군 왜관읍,경상사고,0,0,1,0,차대차 - 측면충돌,안전운전불이행,건조,맑음,교차로 - 교차로안,승용,남,67세,상해없음,승용,여,52세,경상
2021050700100119,2021년 5월 7일 09시,금요일,경상북도 영천시 오수동,중상사고,0,1,0,0,차대차 - 측면충돌,교차로운행방법위반,건조,맑음,교차로 - 교차로안,화물,남,73세,상해없음,승합,남,50세,상해없음
2021050700100120,2021년 5월 7일 09시,금요일,경상북도 포항시 남구 해도동,부상신고사고,0,0,0,1,차대차 - 측면충돌,안전운전불이행,건조,맑음,교차로 - 교차로안,승합,남,27세,상해없음,승용,남,68세,상해없음
2021050700100174,2021년 5월 7일 11시,금요일,경상북도 경주시 구정동,경상사고,0,0,1,0,차대차 - 측면충돌,안전운전불이행,건조,맑음,주차장 - 주차장,승용,남,75세,상해없음,승용,남,38세,경상
2021050700100175,2021년 5월 7일 11시,금요일,경상북도 경주시 내남면,경상사고,0,0,1,0,차대차 - 측면충돌,안전운전불이행,건조,맑음,단일로 - 기타,화물,남,65세,상해없음,승용,여,59세,경상
2021050700100176,2021년 5월 7일 11시,금요일,경상북도 예천군 은풍면,중상사고,0,4,0,0,차량단독 - 도로외이탈 - 추락,안전운전불이행,건조,맑음,교차로 - 교차로안,승용,남,69세,상해없음,,,,
2021050700100177,2021년 5월 7일 11시,금요일,경상북도 상주시 공검면,경상사고,0,0,3,0,차대차 - 추돌,안전운전불이행,건조,맑음,기타 - 기타,화물,남,46세,상해없음,승용,여,49세,경상
2021050700100178,2021년 5월 7일 11시,금요일,경상북도 상주시 내서면,경상사고,0,0,1,1,차대차 - 측면충돌,차로위반,건조,맑음,단일로 - 기타,특수,남,43세,부상신고,승용,남,40세,경상
2021050700100215,2021년 5월 7일 12시,금요일,경상북도 영덕군 영덕읍,경상사고,0,0,1,0,차대차 - 추돌,안전운전불이행,건조,맑음,교차로 - 교차로부근,승용,남,35세,상해없음,화물,남,73세,경상
2021050700100257,2021년 5월 7일 13시,금요일,경상북도 경주시 안강읍,경상사고,0,0,3,0,차대차 - 측면충돌,중앙선침범,건조,맑음,교차로 - 교차로안,승용,남,49세,경상,승용,여,41세,경상
2021050700100258,2021년 5월 7일 13시,금요일,경상북도 상주시 죽전동,중상사고,0,1,1,0,차대차 - 기타,교차로운행방법위반,건조,맑음,교차로 - 교차로안,특수,남,28세,상해없음,화물,남,35세,중상
2021050700100259,2021년 5월 7일 13시,금요일,경상북도 문경시 모전동,경상사고,0,0,1,0,차대차 - 측면충돌,신호위반,젖음/습기,맑음,단일로 - 기타,승용,남,55세,상해없음,개인형이동수단(PM),남,13세,경상
2021050700100330,2021년 5월 7일 15시,금요일,경상북도 경주시 황성동,경상사고,0,0,5,0,차대차 - 기타,안전운전불이행,젖음/습기,비,교차로 - 교차로부근,승용,여,28세,상해없음,승용,남,35세,경상
2021050700100331,2021년 5월 7일 15시,금요일,경상북도 군위군 효령면,중상사고,0,1,1,0,차대차 - 추돌,기타,건조,맑음,단일로 - 기타,승용,여,43세,상해없음,승용,남,32세,중상
2021050700100361,2021년 5월 7일 16시,금요일,경상북도 포항시 남구 효자동,경상사고,0,0,1,0,차대사람 - 횡단중,안전운전불이행,건조,맑음,교차로 - 교차로안,승용,남,54세,상해없음,보행자,여,57세,경상
2021050700100404,2021년 5월 7일 17시,금요일,경상북도 안동시 옥동,경상사고,0,0,1,0,차대사람 - 횡단중,보행자보호의무위반,건조,맑음,교차로 - 교차로부근,승용,남,58세,상해없음,보행자,남,16세,경상
2021050700100405,2021년 5월 7일 17시,금요일,경상북도 영주시 이산면,중상사고,0,6,1,0,차대차 - 추돌,안전운전불이행,건조,맑음,단일로 - 기타,승용,남,30세,상해없음,승용,남,64세,중상
2021050700100455,2021년 5월 7일 18시,금요일,경상북도 김천시 남면,중상사고,0,1,0,0,차대차 - 측면충돌,교차로운행방법위반,건조,맑음,교차로 - 교차로안,승용,남,62세,상해없음,자전거,남,51세,중상
2021050700100456,2021년 5월 7일 18시,금요일,경상북도 칠곡군 동명면,경상사고,0,0,3,0,차대차 - 측면충돌,안전운전불이행,건조,맑음,교차로 - 교차로안,화물,남,47세,상해없음,승용,남,65세,경상
2021050700100457,2021년 5월 7일 18시,금요일,경상북도 경산시 진량읍,경상사고,0,0,1,0,차대차 - 측면충돌,안전거리미확보,건조,맑음,단일로 - 지하차도(도로)내,승용,남,62세,상해없음,승용,남,24세,경상
2021050700100458,2021년 5월 7일 18시,금요일,경상북도 포항시 남구 효자동,경상사고,0,0,3,0,차대차 - 기타,안전운전불이행,건조,맑음,단일로 - 기타,승용,남,63세,상해없음,화물,남,58세,경상
2021050700100459,2021년 5월 7일 18시,금요일,경상북도 상주시 낙동면,경상사고,0,0,11,1,차대차 - 추돌,안전거리미확보,건조,맑음,단일로 - 터널,승용,여,22세,경상,승용,남,32세,부상신고
2021050700100505,2021년 5월 7일 19시,금요일,경상북도 경주시 인왕동,중상사고,0,1,0,0,차대차 - 측면충돌,신호위반,건조,맑음,교차로 - 교차로안,승용,남,49세,상해없음,자전거,남,72세,중상
2021050700100506,2021년 5월 7일 19시,금요일,경상북도 문경시 흥덕동,경상사고,0,0,1,0,차대차 - 측면충돌,안전운전불이행,건조,맑음,교차로 - 교차로안,승용,남,28세,상해없음,승용,남,62세,경상