사고번호,사고일시,요일,시군구,사고내용,사망자수,중상자수,경상자수,부상신고자수,사고유형,법규위반,노면상태,기상상태,도로형태,가해운전자 차종,가해운전자 성별,가해운전자 연령,가해운전자 상해정도,피해운전자 차종,피해운전자 성별,피해운전자 연령,피해운전자 상해정도
2021050700100539,2021년 5월 7일 20시,금요일,경상북도 문경시 점촌동,부상신고사고,0,0,0,1,차량단독 - 기타,안전운전불이행,건조,맑음,단일로 - 기타,개인형이동수단(PM),여,15세,부상신고,,,,
2021050700100568,2021년 5월 7일 21시,금요일,경상북도 경산시 하양읍,중상사고,0,1,0,0,차대사람 - 횡단중,안전운전불이행,건조,맑음,단일로 - 기타,승용,여,61세,상해없음,보행자,여,79세,중상
2021050700100569,2021년 5월 7일 21시,금요일,경상북도 경산시 하양읍,경상사고,0,0,1,0,차대차 - 측면충돌,교차로운행방법위반,건조,맑음,교차로 - 교차로안,승용,남,31세,상해없음,승용,남,32세,경상
2021050700100570,2021년 5월 7일 21시,금요일,경상북도 구미시 송정동,경상사고,0,0,1,0,차대차 - 추돌,안전운전불이행,건조,맑음,교차로 - 교차로부근,승용,남,37세,상해없음,승용,남,69세,경상
2021050700100599,2021년 5월 7일 22시,금요일,경상북도 포항시 북구 흥해읍,경상사고,0,0,2,0,차대차 - 추돌,안전운전불이행,건조,맑음,교차로 - 교차로안,승용,남,52세,상해없음,승용,남,41세,경상
2021050700100600,2021년 5월 7일 22시,금요일,경상북도 경산시 임당동,경상사고,0,0,2,0,차대차 - 측면충돌,안전운전불이행,건조,맑음,단일로 - 기타,승용,남,54세,상해없음,승용,여,34세,경상
2021050700100625,2021년 5월 7일 23시,금요일,경상북도 포항시 남구 상도동,경상사고,0,0,1,0,차대차 - 측면충돌,차로위반,건조,맑음,단일로 - 지하차도(도로)내,승용,남,65세,상해없음,승용,남,60세,상해없음
2021050800100012,2021년 5월 8일 00시,토요일,경상북도 영천시 완산동,경상사고,0,0,1,0,차대차 - 추돌,안전운전불이행,건조,맑음,교차로 - 교차로부근,승용,남,46세,상해없음,승용,남,54세,경상
2021050800100030,2021년 5월 8일 02시,토요일,경상북도 포항시 북구 죽도동,경상사고,0,0,1,0,차대차 - 추돌,안전운전불이행,건조,맑음,단일로 - 기타,승용,남,66세,상해없음,승용,남,67세,경상
2021050800100031,2021년 5월 8일 02시,토요일,경상북도 칠곡군 가산면,경상사고,0,0,2,4,차대차 - 추돌,안전거리미확보,건조,맑음,단일로 - 기타,승용,남,61세,부상신고,승용,남,61세,경상
2021050800100066,2021년 5월 8일 07시,토요일,경상북도 포항시 북구 흥해읍,경상사고,0,0,1,0,차대차 - 측면충돌,직진우회전진행방해,건조,맑음,교차로 - 교차로부근,화물,남,60세,상해없음,승용,남,33세,경상
2021050800100109,2021년 5월 8일 09시,토요일,경상북도 포항시 북구 기북면,사망사고,1,0,0,0,차대차 - 추돌,안전운전불이행,건조,맑음,단일로 - 기타,화물,남,76세,상해없음,농기계,남,75세,사망
2021050800100110,2021년 5월 8일 09시,토요일,경상북도 예천군 예천읍,중상사고,0,1,0,0,차대차 - 측면충돌,직진우회전진행방해,건조,맑음,교차로 - 교차로안,승용,여,26세,상해없음,승용,남,33세,중상
2021050800100111,2021년 5월 8일 09시,토요일,경상북도 성주군 초전면,경상사고,0,0,1,0,차대차 - 측면충돌,직진우회전진행방해,건조,맑음,교차로 - 교차로안,화물,남,61세,상해없음,승용,남,35세,상해없음
2021050800100138,2021년 5월 8일 10시,토요일,경상북도 고령군 대가야읍,경상사고,0,0,1,0,차대사람 - 횡단중,안전운전불이행,건조,맑음,교차로 - 교차로안,승용,남,40세,상해없음,보행자,여,84세,경상
2021050800100174,2021년 5월 8일 11시,토요일,경상북도 안동시 대석동,경상사고,0,0,2,0,차대차 - 기타,안전운전불이행,건조,맑음,교차로 - 교차로안,승용,여,58세,상해없음,승용,남,39세,경상
2021050800100175,2021년 5월 8일 11시,토요일,경상북도 칠곡군 석적읍,경상사고,0,0,2,0,차대차 - 측면충돌,안전운전불이행,건조,맑음,단일로 - 기타,승용,남,26세,상해없음,승용,남,30세,경상
2021050800100222,2021년 5월 8일 12시,토요일,경상북도 경주시 외동읍,중상사고,0,1,2,0,차대차 - 측면충돌,신호위반,건조,맑음,교차로 - 교차로안,승용,여,40세,경상,승용,여,20세,경상
2021050800100224,2021년 5월 8일 12시,토요일,경상북도 상주시 남성동,중상사고,0,1,0,0,차대차 - 기타,교차로운행방법위반,건조,맑음,교차로 - 교차로안,승용,여,44세,상해없음,자전거,여,68세,중상
2021050800100277,2021년 5월 8일 13시,토요일,경상북도 경산시 백천동,경상사고,0,0,3,0,차대차 - 기타,교차로운행방법위반,건조,맑음,교차로 - 교차로안,승용,여,58세,경상,승용,남,39세,경상
2021050800100278,2021년 5월 8일 13시,토요일,경상북도 상주시 함창읍,경상사고,0,0,2,0,차대차 - 측면충돌,차로위반,건조,맑음,단일로 - 기타,승용,남,39세,상해없음,승용,남,82세,경상
2021050800100322,2021년 5월 8일 14시,토요일,경상북도 영주시 하망동,사망사고,1,0,0,0,차대사람 - 기타,기타,건조,맑음,단일로 - 기타,승용,남,60세,상해없음,보행자,여,70세,사망
2021050800100323,2021년 5월 8일 14시,토요일,경상북도 칠곡군 왜관읍,경상사고,0,0,1,0,차대차 - 측면충돌,직진우회전진행방해,건조,맑음,교차로 - 교차로안,승용,남,58세,상해없음,자전거,여,63세,경상
2021050800100324,2021년 5월 8일 14시,토요일,경상북도 칠곡군 왜관읍,경상사고,0,0,1,1,차대차 - 측면충돌,직진우회전진행방해,건조,맑음,교차로 - 교차로안,승합,남,50세,부상신고,승용,여,50세,경상
2021050800100325,2021년 5월 8일 14시,토요일,경상북도 문경시 점촌동,중상사고,0,1,3,1,차대차 - 정면충돌,중앙선침범,건조,맑음,단일로 - 기타,승용,여,66세,부상신고,승용,남,67세,경상
2021050800100326,2021년 5월 8일 14시,토요일,경상북도 경산시 자인면,경상사고,0,0,1,0,차대사람 - 기타,안전운전불이행,건조,맑음,단일로 - 기타,승용,남,32세,상해없음,보행자,남,66세,경상
2021050800100327,2021년 5월 8일 14시,토요일,경상북도 구미시 임수동,중상사고,0,1,0,0,차대사람 - 보도통행중,보행자보호의무위반,건조,맑음,교차로 - 교차로횡단보도내,화물,남,53세,상해없음,보행자,여,43세,중상
2021050800100368,2021년 5월 8일 15시,토요일,경상북도 김천시 봉산면,중상사고,0,3,0,0,차대차 - 추돌,안전운전불이행,건조,맑음,단일로 - 기타,승용,남,50세,중상,화물,남,47세,상해없음
2021050800100410,2021년 5월 8일 16시,토요일,경상북도 상주시 모서면,중상사고,0,1,0,0,차대사람 - 차도통행중,안전운전불이행,건조,맑음,단일로 - 기타,화물,남,63세,상해없음,보행자,남,77세,중상
2021050800100447,2021년 5월 8일 17시,토요일,경상북도 포항시 북구 두호동,경상사고,0,0,1,0,차대차 - 기타,기타,건조,맑음,단일로 - 기타,승용,남,32세,상해없음,승용,여,39세,경상
2021050800100448,2021년 5월 8일 17시,토요일,경상북도 문경시 흥덕동,경상사고,0,0,1,0,차대사람 - 차도통행중,안전운전불이행,건조,맑음,기타 - 기타,승용,남,26세,상해없음,보행자,남,72세,경상
2021050800100449,2021년 5월 8일 17시,토요일,경상북도 경산시 하양읍,경상사고,0,0,1,0,차대차 - 측면충돌,교차로운행방법위반,건조,맑음,교차로 - 교차로안,승용,남,37세,상해없음,승용,여,26세,경상
2021050800100450,2021년 5월 8일 17시,토요일,경상북도 칠곡군 동명면,경상사고,0,0,6,0,차대차 - 추돌,안전운전불이행,건조,맑음,단일로 - 기타,승용,남,42세,경상,승용,여,55세,경상
2021050800100530,2021년 5월 8일 19시,토요일,경상북도 영주시 휴천동,중상사고,0,1,0,0,차대사람 - 기타,안전운전불이행,건조,맑음,교차로 - 교차로안,승용,여,60세,상해없음,보행자,남,63세,중상
2021050800100581,2021년 5월 8일 21시,토요일,경상북도 구미시 봉곡동,중상사고,0,1,0,0,차량단독 - 공작물충돌,안전운전불이행,건조,맑음,단일로 - 기타,승용,남,42세,상해없음,,,,
2021050800100605,2021년 5월 8일 22시,토요일,경상북도 경주시 황남동,경상사고,0,0,1,0,차대사람 - 기타,안전운전불이행,건조,맑음,기타 - 기타,승용,남,26세,상해없음,보행자,여,35세,경상
2021050800100606,2021년 5월 8일 22시,토요일,경상북도 포항시 남구 연일읍,중상사고,0,1,1,0,차대차 - 측면충돌,직진우회전진행방해,건조,맑음,교차로 - 교차로안,이륜,남,56세,경상,이륜,남,30세,중상
2021050800100615,2021년 5월 8일 23시,토요일,경상북도 의성군 봉양면,경상사고,0,0,2,0,차대차 - 측면충돌,안전운전불이행,건조,맑음,단일로 - 기타,승용,남,38세,상해없음,승용,남,25세,경상
2021050900100011,2021년 5월 9일 01시,일요일,경상북도 성주군 성주읍,경상사고,0,0,3,0,차대차 - 기타,안전운전불이행,건조,맑음,단일로 - 기타,화물,남,51세,상해없음,승용,남,27세,경상
2021050900100020,2021년 5월 9일 02시,일요일,경상북도 영천시 완산동,경상사고,0,0,1,0,차대차 - 측면충돌,불법유턴,건조,맑음,교차로 - 교차로안,승용,남,61세,상해없음,승용,남,56세,경상
2021050900100026,2021년 5월 9일 04시,일요일,경상북도 구미시 구평동,부상신고사고,0,0,0,1,차량단독 - 기타,안전운전불이행,건조,맑음,단일로 - 기타,승용,남,28세,부상신고,,,,
2021050900100034,2021년 5월 9일 05시,일요일,경상북도 영주시 휴천동,중상사고,0,1,1,0,차대차 - 측면충돌,기타,건조,맑음,교차로 - 교차로안,승용,남,19세,경상,화물,남,62세,중상
2021050900100058,2021년 5월 9일 08시,일요일,경상북도 구미시 원평동,경상사고,0,0,1,0,차대차 - 추돌,안전운전불이행,건조,맑음,단일로 - 기타,승용,여,39세,상해없음,승용,남,68세,경상
2021050900100078,2021년 5월 9일 09시,일요일,경상북도 고령군 대가야읍,중상사고,0,1,0,0,차대차 - 측면충돌,불법유턴,건조,맑음,단일로 - 기타,농기계,남,81세,상해없음,이륜,남,86세,중상
2021050900100079,2021년 5월 9일 09시,일요일,경상북도 고령군 운수면,경상사고,0,0,4,0,차대차 - 측면충돌,중앙선침범,건조,맑음,단일로 - 기타,승용,남,63세,상해없음,화물,남,52세,경상
2021050900100102,2021년 5월 9일 10시,일요일,경상북도 문경시 흥덕동,경상사고,0,0,3,0,차대차 - 측면충돌,안전거리미확보,건조,맑음,단일로 - 기타,승용,남,58세,경상,승용,남,43세,경상
2021050900100103,2021년 5월 9일 10시,일요일,경상북도 영양군 영양읍,경상사고,0,0,1,1,차대차 - 추돌,안전운전불이행,건조,맑음,주차장 - 주차장,승용,남,75세,상해없음,승용,남,82세,부상신고
2021050900100104,2021년 5월 9일 10시,일요일,경상북도 문경시 마성면,경상사고,0,0,4,0,차대차 - 추돌,안전운전불이행,건조,맑음,단일로 - 기타,승용,남,39세,경상,승용,남,37세,상해없음
2021050900100135,2021년 5월 9일 11시,일요일,경상북도 경주시 서면,경상사고,0,0,2,0,차대차 - 측면충돌,기타,건조,맑음,교차로 - 교차로안,화물,여,60세,상해없음,승용,남,70세,경상
2021050900100136,2021년 5월 9일 11시,일요일,경상북도 구미시 구평동,경상사고,0,0,2,0,차대차 - 측면충돌,안전운전불이행,건조,맑음,교차로 - 교차로안,승용,남,30세,상해없음,이륜,남,16세,경상
2021050900100167,2021년 5월 9일 12시,일요일,경상북도 안동시 운안동,경상사고,0,0,2,0,차대차 - 기타,안전운전불이행,건조,맑음,교차로 - 교차로안,승용,여,29세,상해없음,승용,남,59세,경상
2021050900100168,2021년 5월 9일 12시,일요일,경상북도 칠곡군 왜관읍,경상사고,0,0,1,0,차대사람 - 횡단중,안전운전불이행,건조,맑음,단일로 - 기타,승용,남,44세,상해없음,보행자,여,54세,경상
2021050900100169,2021년 5월 9일 12시,일요일,경상북도 구미시 임은동,중상사고,0,1,0,0,차대차 - 측면충돌,안전운전불이행,건조,맑음,교차로 - 교차로부근,이륜,남,22세,상해없음,승용,여,42세,중상
2021050900100202,2021년 5월 9일 13시,일요일,경상북도 경주시 시래동,경상사고,0,0,1,0,차대차 - 측면충돌,안전운전불이행,건조,맑음,단일로 - 기타,승용,남,88세,상해없음,이륜,남,29세,경상
2021050900100203,2021년 5월 9일 13시,일요일,경상북도 문경시 모전동,경상사고,0,0,5,0,차대차 - 추돌,안전운전불이행,건조,맑음,단일로 - 기타,승용,여,61세,상해없음,승용,남,49세,경상
2021050900100204,2021년 5월 9일 13시,일요일,경상북도 구미시 고아읍,중상사고,0,1,0,0,차대차 - 측면충돌,신호위반,건조,맑음,교차로 - 교차로안,이륜,남,26세,중상,승용,남,46세,상해없음
2021050900100241,2021년 5월 9일 14시,일요일,경상북도 포항시 북구 덕산동,중상사고,0,1,0,0,차대차 - 측면충돌,안전운전불이행,건조,맑음,단일로 - 기타,승용,여,55세,상해없음,자전거,남,64세,중상
2021050900100242,2021년 5월 9일 14시,일요일,경상북도 상주시 인평동,중상사고,0,1,0,0,차대차 - 측면충돌,안전운전불이행,건조,맑음,단일로 - 기타,자전거,남,79세,중상,화물,남,39세,상해없음
2021050900100243,2021년 5월 9일 14시,일요일,경상북도 상주시 내서면,경상사고,0,0,4,0,차대차 - 추돌,안전운전불이행,건조,맑음,단일로 - 기타,승용,남,44세,상해없음,승용,여,53세,경상
2021050900100309,2021년 5월 9일 16시,일요일,경상북도 경주시 광명동,경상사고,0,0,1,0,차대차 - 측면충돌,안전운전불이행,건조,맑음,단일로 - 기타,이륜,남,44세,경상,승용,남,42세,상해없음
2021050900100310,2021년 5월 9일 16시,일요일,경상북도 김천시 율곡동,경상사고,0,0,2,0,차대차 - 측면충돌,중앙선침범,건조,맑음,단일로 - 기타,승용,여,63세,상해없음,승용,여,49세,경상
2021050900100311,2021년 5월 9일 16시,일요일,경상북도 구미시 비산동,중상사고,0,1,0,0,차대차 - 기타,안전운전불이행,건조,맑음,단일로 - 기타,승용,남,28세,상해없음,이륜,남,49세,중상
2021050900100312,2021년 5월 9일 16시,일요일,경상북도 포항시 남구 해도동,부상신고사고,0,0,0,1,차대차 - 기타,안전운전불이행,건조,맑음,단일로 - 기타,승용,여,63세,상해없음,승합,남,56세,상해없음
2021050900100361,2021년 5월 9일 17시,일요일,경상북도 경주시 내남면,중상사고,0,1,0,0,차대차 - 측면충돌,신호위반,건조,맑음,교차로 - 교차로안,화물,남,41세,상해없음,이륜,남,46세,중상
2021050900100362,2021년 5월 9일 17시,일요일,경상북도 영천시 망정동,경상사고,0,0,1,0,차대차 - 측면충돌,안전운전불이행,건조,맑음,교차로 - 교차로부근,승용,남,45세,상해없음,승용,여,28세,경상
2021050900100363,2021년 5월 9일 17시,일요일,경상북도 영천시 화산면,중상사고,0,1,3,0,차대차 - 후진중충돌,불법유턴,건조,맑음,교차로 - 교차로부근,승용,남,67세,경상,화물,남,57세,경상
2021050900100389,2021년 5월 9일 18시,일요일,경상북도 안동시 태화동,경상사고,0,0,1,0,차대사람 - 횡단중,보행자보호의무위반,건조,맑음,교차로 - 교차로횡단보도내,이륜,남,31세,상해없음,보행자,여,40세,경상
2021050900100390,2021년 5월 9일 18시,일요일,경상북도 영덕군 영덕읍,경상사고,0,0,2,0,차대차 - 측면충돌,안전운전불이행,건조,맑음,단일로 - 기타,승용,여,53세,상해없음,승용,여,30세,경상
2021050900100426,2021년 5월 9일 19시,일요일,경상북도 문경시 점촌동,경상사고,0,0,3,0,차대차 - 측면충돌,직진우회전진행방해,건조,맑음,교차로 - 교차로안,승용,남,63세,경상,승용,남,63세,경상
2021050900100452,2021년 5월 9일 20시,일요일,경상북도 구미시 황상동,경상사고,0,0,3,0,차대차 - 측면충돌,안전거리미확보,건조,맑음,단일로 - 기타,승용,남,32세,상해없음,승용,남,21세,경상
2021050900100453,2021년 5월 9일 20시,일요일,경상북도 포항시 남구 연일읍,경상사고,0,0,1,0,차대차 - 기타,중앙선침범,건조,맑음,단일로 - 기타,승용,남,38세,상해없음,승용,남,52세,경상
2021050900100477,2021년 5월 9일 21시,일요일,경상북도 포항시 남구 대송면,경상사고,0,0,1,0,차량단독 - 공작물충돌,안전운전불이행,건조,맑음,단일로 - 기타,화물,남,75세,경상,,,,
2021051000100007,2021년 5월 10일 02시,월요일,경상북도 구미시 상모동,중상사고,0,1,0,0,차대차 - 기타,안전운전불이행,건조,맑음,단일로 - 기타,승용,남,60세,상해없음,원동기,남,23세,중상
2021051000100089,2021년 5월 10일 08시,월요일,경상북도 칠곡군 석적읍,경상사고,0,0,1,0,차대사람 - 차도통행중,안전운전불이행,건조,맑음,단일로 - 기타,승용,여,49세,상해없음,보행자,남,8세,경상
2021051000100090,2021년 5월 10일 08시,월요일,경상북도 경산시 진량읍,경상사고,0,0,1,0,차대차 - 측면충돌,안전운전불이행,건조,맑음,교차로 - 교차로부근,승용,여,67세,상해없음,이륜,남,69세,경상
2021051000100091,2021년 5월 10일 08시,월요일,경상북도 성주군 선남면,중상사고,0,2,5,0,차대차 - 추돌,안전운전불이행,건조,맑음,교차로 - 교차로부근,승합,남,48세,기타불명,화물,남,65세,중상
2021051000100113,2021년 5월 10일 09시,월요일,경상북도 안동시 삼산동,경상사고,0,0,1,0,차대사람 - 기타,안전운전불이행,젖음/습기,비,단일로 - 기타,승용,여,37세,상해없음,보행자,여,57세,경상
2021051000100114,2021년 5월 10일 09시,월요일,경상북도 칠곡군 지천면,경상사고,0,0,1,0,차대차 - 측면충돌,불법유턴,건조,맑음,단일로 - 기타,승용,남,49세,상해없음,승용,남,64세,경상
2021051000100115,2021년 5월 10일 09시,월요일,경상북도 영천시 신녕면,중상사고,0,2,1,0,차대사람 - 기타,안전운전불이행,젖음/습기,흐림,교차로 - 교차로안,화물,남,38세,경상,보행자,여,43세,중상
2021051000100116,2021년 5월 10일 09시,월요일,경상북도 영천시 화룡동,경상사고,0,0,2,12,차대차 - 측면충돌,안전운전불이행,건조,맑음,기타 - 기타,승용,여,54세,상해없음,승합,남,57세,상해없음
2021051000100134,2021년 5월 10일 10시,월요일,경상북도 영주시 안정면,사망사고,1,0,0,0,차대차 - 측면충돌,중앙선침범,젖음/습기,비,단일로 - 기타,승용,남,54세,상해없음,자전거,남,81세,사망
2021051000100165,2021년 5월 10일 11시,월요일,경상북도 칠곡군 왜관읍,중상사고,0,1,0,0,차대차 - 측면충돌,안전운전불이행,건조,맑음,교차로 - 교차로안,승용,남,39세,상해없음,이륜,남,55세,중상
2021051000100166,2021년 5월 10일 11시,월요일,경상북도 영덕군 남정면,중상사고,0,2,0,0,차대차 - 측면충돌,기타,젖음/습기,비,단일로 - 기타,승용,남,27세,상해없음,승용,남,49세,중상
2021051000100193,2021년 5월 10일 12시,월요일,경상북도 상주시 모동면,경상사고,0,0,2,0,차대차 - 측면충돌,교차로운행방법위반,젖음/습기,비,교차로 - 교차로안,화물,남,76세,경상,화물,여,49세,경상
2021051000100194,2021년 5월 10일 12시,월요일,경상북도 영천시 자양면,사망사고,1,0,0,0,차량단독 - 도로외이탈 - 추락,안전운전불이행,젖음/습기,비,단일로 - 기타,화물,남,50세,사망,,,,
2021051000100226,2021년 5월 10일 13시,월요일,경상북도 영천시 조교동,경상사고,0,0,1,0,차대사람 - 기타,안전운전불이행,건조,맑음,단일로 - 기타,화물,남,62세,상해없음,보행자,여,39세,경상
2021051000100227,2021년 5월 10일 13시,월요일,경상북도 울진군 울진읍,경상사고,0,0,1,0,차량단독 - 기타,안전운전불이행,젖음/습기,비,단일로 - 기타,이륜,남,46세,경상,,,,
2021051000100228,2021년 5월 10일 13시,월요일,경상북도 구미시 고아읍,경상사고,0,0,1,0,차대차 - 추돌,안전거리미확보,젖음/습기,비,단일로 - 기타,화물,남,63세,상해없음,승용,남,61세,경상
2021051000100261,2021년 5월 10일 14시,월요일,경상북도 칠곡군 석적읍,중상사고,0,1,0,0,차대차 - 측면충돌,안전운전불이행,젖음/습기,비,교차로 - 교차로안,승용,남,69세,상해없음,승용,여,48세,중상
2021051000100262,2021년 5월 10일 14시,월요일,경상북도 영천시 대전동,경상사고,0,0,2,0,차량단독 - 공작물충돌,안전운전불이행,젖음/습기,비,단일로 - 기타,화물,남,58세,경상,,,,
2021051000100263,2021년 5월 10일 14시,월요일,경상북도 구미시 진평동,경상사고,0,0,1,0,차대차 - 기타,신호위반,젖음/습기,맑음,교차로 - 교차로안,원동기,남,24세,경상,승용,남,51세,상해없음
2021051000100303,2021년 5월 10일 15시,월요일,경상북도 경주시 안강읍,사망사고,1,0,0,0,차대차 - 측면충돌,안전운전불이행,젖음/습기,비,단일로 - 기타,승용,남,65세,상해없음,화물,남,55세,기타불명
2021051000100304,2021년 5월 10일 15시,월요일,경상북도 상주시 낙동면,경상사고,0,0,2,0,차대차 - 측면충돌,안전운전불이행,젖음/습기,비,단일로 - 교량,건설기계,남,53세,상해없음,승용,여,41세,경상
2021051000100305,2021년 5월 10일 15시,월요일,경상북도 성주군 성주읍,중상사고,0,1,0,0,차대사람 - 기타,안전운전불이행,건조,맑음,단일로 - 기타,승용,여,31세,상해없음,보행자,남,37세,중상
2021051000100306,2021년 5월 10일 15시,월요일,경상북도 포항시 남구 대도동,경상사고,0,0,1,0,차대차 - 측면충돌,안전거리미확보,젖음/습기,흐림,교차로 - 교차로부근,승용,남,70세,상해없음,이륜,남,35세,경상
2021051000100344,2021년 5월 10일 16시,월요일,경상북도 경주시 건천읍,경상사고,0,0,2,0,차대차 - 측면충돌,안전운전불이행,젖음/습기,흐림,교차로 - 교차로부근,화물,남,61세,상해없음,화물,남,51세,경상
2021051000100345,2021년 5월 10일 16시,월요일,경상북도 포항시 북구 양덕동,경상사고,0,0,1,0,차대차 - 측면충돌,안전운전불이행,건조,맑음,단일로 - 기타,승합,여,49세,상해없음,승용,여,24세,경상
2021051000100377,2021년 5월 10일 17시,월요일,경상북도 경주시 천북면,중상사고,0,2,3,0,차대차 - 추돌,안전운전불이행,건조,맑음,단일로 - 기타,특수,남,28세,상해없음,승용,여,67세,중상
2021051000100378,2021년 5월 10일 17시,월요일,경상북도 영주시 가흥동,경상사고,0,0,1,0,차대차 - 측면충돌,직진우회전진행방해,건조,흐림,교차로 - 교차로안,승용,여,24세,상해없음,자전거,여,64세,경상
2021051000100409,2021년 5월 10일 18시,월요일,경상북도 김천시 성내동,경상사고,0,0,1,0,차대차 - 측면충돌,안전거리미확보,건조,맑음,교차로 - 교차로안,화물,남,46세,상해없음,화물,남,67세,경상
2021051000100410,2021년 5월 10일 18시,월요일,경상북도 영주시 휴천동,경상사고,0,0,1,0,차대차 - 측면충돌,안전운전불이행,건조,맑음,교차로 - 교차로안,승용,남,55세,상해없음,이륜,남,43세,경상
2021051000100523,2021년 5월 10일 21시,월요일,경상북도 영양군 일월면,경상사고,0,0,1,0,차량단독 - 전도전복 - 전도,안전운전불이행,건조,맑음,단일로 - 기타,화물,남,62세,경상,,,,
2021051000100542,2021년 5월 10일 22시,월요일,경상북도 구미시 공단동,부상신고사고,0,0,0,1,차대차 - 기타,교차로운행방법위반,건조,맑음,교차로 - 교차로안,이륜,남,30세,부상신고,승용,여,34세,상해없음
2021051000100543,2021년 5월 10일 22시,월요일,경상북도 구미시 산동읍,경상사고,0,0,1,0,차대차 - 기타,안전운전불이행,젖음/습기,비,단일로 - 기타,승용,남,46세,상해없음,이륜,남,35세,경상
2021051100100057,2021년 5월 11일 06시,화요일,경상북도 안동시 안기동,경상사고,0,0,2,0,차대차 - 측면충돌,교차로운행방법위반,건조,맑음,교차로 - 교차로안,승용,남,62세,경상,화물,남,61세,경상
2021051100100058,2021년 5월 11일 06시,화요일,경상북도 칠곡군 가산면,중상사고,0,1,0,0,차대차 - 측면충돌,중앙선침범,젖음/습기,비,단일로 - 기타,승용,남,29세,상해없음,건설기계,남,58세,중상
2021051100100080,2021년 5월 11일 07시,화요일,경상북도 포항시 남구 인덕동,경상사고,0,0,1,0,차량단독 - 공작물충돌,안전운전불이행,젖음/습기,흐림,교차로 - 교차로부근,승용,여,30세,경상,,,,
2021051100100123,2021년 5월 11일 08시,화요일,경상북도 상주시 신봉동,사망사고,1,0,0,0,차대차 - 정면충돌,불법유턴,젖음/습기,비,단일로 - 기타,승용,여,53세,상해없음,자전거,남,81세,사망
2021051100100124,2021년 5월 11일 08시,화요일,경상북도 영주시 휴천동,경상사고,0,0,1,0,차대차 - 후진중충돌,안전운전불이행,건조,맑음,단일로 - 기타,화물,남,76세,상해없음,승용,여,37세,경상
2021051100100161,2021년 5월 11일 09시,화요일,경상북도 경주시 천북면,경상사고,0,0,1,0,차량단독 - 공작물충돌,안전운전불이행,젖음/습기,비,단일로 - 기타,화물,남,45세,경상,,,,
2021051100100162,2021년 5월 11일 09시,화요일,경상북도 고령군 개진면,중상사고,0,1,0,0,차대차 - 측면충돌,안전운전불이행,건조,맑음,교차로 - 교차로부근,자전거,여,84세,중상,화물,남,42세,상해없음
2021051100100195,2021년 5월 11일 10시,화요일,경상북도 김천시 조마면,중상사고,0,1,1,0,차대차 - 측면충돌,안전운전불이행,젖음/습기,비,단일로 - 기타,농기계,남,62세,상해없음,화물,남,70세,경상
2021051100100196,2021년 5월 11일 10시,화요일,경상북도 의성군 안계면,경상사고,0,0,2,0,차대차 - 추돌,안전운전불이행,젖음/습기,흐림,교차로 - 교차로부근,화물,남,60세,상해없음,승용,여,29세,경상
2021051100100197,2021년 5월 11일 10시,화요일,경상북도 예천군 예천읍,경상사고,0,0,1,0,차대차 - 측면충돌,안전운전불이행,건조,맑음,교차로 - 교차로안,화물,남,71세,상해없음,이륜,남,85세,경상
2021051100100259,2021년 5월 11일 12시,화요일,경상북도 안동시 와룡면,경상사고,0,0,1,0,차대차 - 추돌,안전운전불이행,건조,맑음,단일로 - 교량,승용,남,43세,상해없음,승용,여,53세,경상
2021051100100260,2021년 5월 11일 12시,화요일,경상북도 김천시 삼락동,부상신고사고,0,0,0,1,차대사람 - 보도통행중,안전운전불이행,건조,맑음,기타 - 기타,개인형이동수단(PM),여,20세,상해없음,보행자,여,20세,부상신고
2021051100100261,2021년 5월 11일 12시,화요일,경상북도 예천군 예천읍,중상사고,0,1,0,0,차대사람 - 차도통행중,안전운전불이행,건조,맑음,주차장 - 주차장,승용,남,52세,상해없음,보행자,여,83세,중상
2021051100100344,2021년 5월 11일 14시,화요일,경상북도 경주시 노동동,경상사고,0,0,1,0,차대차 - 측면충돌,신호위반,건조,맑음,교차로 - 교차로안,승용,여,24세,상해없음,승용,남,46세,경상
2021051100100345,2021년 5월 11일 14시,화요일,경상북도 상주시 인봉동,경상사고,0,0,2,0,차대차 - 기타,안전운전불이행,건조,맑음,교차로 - 교차로안,승용,남,61세,경상,자전거,여,66세,경상
2021051100100346,2021년 5월 11일 14시,화요일,경상북도 김천시 아포읍,중상사고,0,1,0,1,차대차 - 측면충돌,안전운전불이행,건조,맑음,단일로 - 기타,화물,남,54세,중상,승용,남,30세,부상신고
2021051100100384,2021년 5월 11일 15시,화요일,경상북도 경산시 하양읍,경상사고,0,0,1,0,차대사람 - 길가장자리구역통행중,안전운전불이행,건조,맑음,교차로 - 교차로부근,승용,남,45세,상해없음,보행자,남,22세,경상
2021051100100385,2021년 5월 11일 15시,화요일,경상북도 경산시 백천동,경상사고,0,0,1,0,차대차 - 측면충돌,중앙선침범,건조,맑음,교차로 - 교차로안,승합,남,53세,상해없음,승용,여,43세,경상
2021051100100425,2021년 5월 11일 16시,화요일,경상북도 포항시 북구 창포동,중상사고,0,1,0,0,차대사람 - 차도통행중,안전운전불이행,건조,맑음,단일로 - 고가도로위,승용,여,53세,상해없음,보행자,여,10세,중상