사고번호,사고일시,요일,시군구,사고내용,사망자수,중상자수,경상자수,부상신고자수,사고유형,법규위반,노면상태,기상상태,도로형태,가해운전자 차종,가해운전자 성별,가해운전자 연령,가해운전자 상해정도,피해운전자 차종,피해운전자 성별,피해운전자 연령,피해운전자 상해정도
2021051500100034,2021년 5월 15일 03시,토요일,경상북도 칠곡군 약목면,부상신고사고,0,0,0,1,차량단독 - 공작물충돌,안전운전불이행,건조,맑음,단일로 - 지하차도(도로)내,승용,여,33세,부상신고,,,,
2021051500100067,2021년 5월 15일 06시,토요일,경상북도 구미시 광평동,경상사고,0,0,1,0,차대차 - 측면충돌,차로위반,건조,맑음,단일로 - 기타,승용,남,51세,상해없음,승용,여,59세,경상
2021051500100075,2021년 5월 15일 07시,토요일,경상북도 성주군 월항면,경상사고,0,0,5,0,차대차 - 측면충돌,신호위반,젖음/습기,흐림,교차로 - 교차로안,화물,남,59세,상해없음,승합,남,65세,경상
2021051500100091,2021년 5월 15일 08시,토요일,경상북도 영주시 하망동,경상사고,0,0,1,0,차대사람 - 기타,안전운전불이행,젖음/습기,비,교차로 - 교차로부근,승용,남,71세,상해없음,보행자,남,81세,경상
2021051500100111,2021년 5월 15일 09시,토요일,경상북도 영주시 휴천동,중상사고,0,1,0,0,차량단독 - 도로외이탈 - 추락,안전운전불이행,건조,맑음,단일로 - 기타,승용,여,67세,상해없음,,,,
2021051500100112,2021년 5월 15일 09시,토요일,경상북도 경산시 와촌면,경상사고,0,0,1,0,차대사람 - 차도통행중,안전운전불이행,건조,맑음,단일로 - 기타,승용,남,65세,상해없음,보행자,남,87세,경상
2021051500100142,2021년 5월 15일 10시,토요일,경상북도 영주시 휴천동,경상사고,0,0,2,0,차대차 - 기타,교차로운행방법위반,젖음/습기,비,교차로 - 교차로안,승용,여,50세,상해없음,승용,남,58세,상해없음
2021051500100143,2021년 5월 15일 10시,토요일,경상북도 고령군 운수면,중상사고,0,1,0,0,차량단독 - 공작물충돌,안전운전불이행,젖음/습기,맑음,단일로 - 기타,승용,남,23세,중상,,,,
2021051500100175,2021년 5월 15일 11시,토요일,경상북도 경주시 안강읍,중상사고,0,1,0,0,차량단독 - 공작물충돌,안전운전불이행,젖음/습기,비,단일로 - 기타,화물,남,68세,중상,,,,
2021051500100176,2021년 5월 15일 11시,토요일,경상북도 경주시 천군동,중상사고,0,3,0,1,차대차 - 측면충돌,중앙선침범,젖음/습기,비,단일로 - 기타,승용,남,18세,부상신고,승용,남,53세,중상
2021051500100177,2021년 5월 15일 11시,토요일,경상북도 칠곡군 왜관읍,경상사고,0,0,3,0,차대차 - 측면충돌,직진우회전진행방해,젖음/습기,비,교차로 - 교차로안,승용,남,35세,경상,이륜,남,37세,경상
2021051500100262,2021년 5월 15일 13시,토요일,경상북도 포항시 북구 용흥동,경상사고,0,0,1,0,차대차 - 측면충돌,중앙선침범,젖음/습기,비,단일로 - 기타,승용,남,69세,기타불명,승합,남,54세,경상
2021051500100263,2021년 5월 15일 13시,토요일,경상북도 칠곡군 석적읍,경상사고,0,0,1,0,차대차 - 기타,안전운전불이행,젖음/습기,비,교차로 - 교차로부근,승용,여,44세,상해없음,이륜,남,50세,경상
2021051500100264,2021년 5월 15일 13시,토요일,경상북도 칠곡군 왜관읍,부상신고사고,0,0,0,1,차대차 - 측면충돌,직진우회전진행방해,건조,맑음,교차로 - 교차로안,이륜,남,24세,부상신고,승용,여,38세,상해없음
2021051500100265,2021년 5월 15일 13시,토요일,경상북도 포항시 남구 오천읍,경상사고,0,0,1,0,차대차 - 측면충돌,안전거리미확보,건조,흐림,단일로 - 기타,승용,남,60세,상해없음,승용,여,37세,경상
2021051500100341,2021년 5월 15일 15시,토요일,경상북도 경주시 동천동,경상사고,0,0,3,0,차대차 - 측면충돌,안전거리미확보,건조,맑음,교차로 - 교차로부근,승용,남,63세,상해없음,승용,남,25세,경상
2021051500100342,2021년 5월 15일 15시,토요일,경상북도 구미시 임은동,경상사고,0,0,2,0,차대차 - 측면충돌,교차로운행방법위반,건조,맑음,교차로 - 교차로안,승합,남,61세,상해없음,승용,여,49세,경상
2021051500100370,2021년 5월 15일 16시,토요일,경상북도 구미시 임은동,중상사고,0,2,0,0,차대차 - 기타,교차로운행방법위반,건조,맑음,교차로 - 교차로안,승용,남,51세,상해없음,승용,남,24세,중상
2021051500100403,2021년 5월 15일 17시,토요일,경상북도 경주시 성건동,중상사고,0,2,1,0,차대차 - 측면충돌,중앙선침범,건조,맑음,단일로 - 교량,승용,남,36세,상해없음,승용,남,50세,중상
2021051500100404,2021년 5월 15일 17시,토요일,경상북도 경산시 대동,경상사고,0,0,1,0,차대사람 - 길가장자리구역통행중,안전운전불이행,건조,맑음,단일로 - 기타,승용,남,24세,상해없음,보행자,남,34세,경상
2021051500100405,2021년 5월 15일 17시,토요일,경상북도 구미시 도량동,중상사고,0,1,3,0,차대차 - 추돌,안전운전불이행,젖음/습기,흐림,교차로 - 교차로부근,승용,남,30세,상해없음,화물,남,58세,중상
2021051500100448,2021년 5월 15일 18시,토요일,경상북도 구미시 공단동,경상사고,0,0,1,0,차량단독 - 기타,안전운전불이행,건조,맑음,교차로 - 교차로안,승합,남,44세,상해없음,,,,
2021051500100487,2021년 5월 15일 19시,토요일,경상북도 포항시 북구 장성동,경상사고,0,0,2,0,차대차 - 측면충돌,직진우회전진행방해,건조,맑음,교차로 - 교차로안,승용,남,67세,상해없음,승용,남,28세,경상
2021051500100488,2021년 5월 15일 19시,토요일,경상북도 구미시 진평동,중상사고,0,1,0,0,차대차 - 기타,안전운전불이행,건조,맑음,교차로 - 교차로안,승용,여,45세,상해없음,이륜,남,59세,중상
2021051500100518,2021년 5월 15일 20시,토요일,경상북도 포항시 북구 두호동,중상사고,0,1,0,0,차대차 - 측면충돌,안전운전불이행,건조,흐림,교차로 - 교차로안,승용,남,25세,상해없음,이륜,남,21세,중상
2021051500100519,2021년 5월 15일 20시,토요일,경상북도 영주시 영주동,중상사고,0,1,0,0,차대차 - 측면충돌,교차로운행방법위반,건조,맑음,교차로 - 교차로안,승용,남,41세,상해없음,승용,남,62세,중상
2021051500100520,2021년 5월 15일 20시,토요일,경상북도 예천군 호명면,경상사고,0,0,1,0,차대차 - 측면충돌,안전운전불이행,건조,맑음,교차로 - 교차로부근,승용,남,71세,상해없음,승용,남,52세,경상
2021051500100521,2021년 5월 15일 20시,토요일,경상북도 구미시 광평동,경상사고,0,0,2,0,차대차 - 추돌,안전운전불이행,건조,맑음,교차로 - 교차로부근,승합,남,22세,상해없음,승용,여,24세,경상
2021051500100560,2021년 5월 15일 21시,토요일,경상북도 영천시 완산동,경상사고,0,0,1,0,차대차 - 기타,안전운전불이행,건조,흐림,교차로 - 교차로부근,화물,남,54세,상해없음,이륜,남,52세,경상
2021051500100593,2021년 5월 15일 22시,토요일,경상북도 영주시 가흥동,경상사고,0,0,1,0,차대사람 - 기타,안전운전불이행,젖음/습기,비,단일로 - 기타,승용,여,58세,기타불명,보행자,남,26세,경상
2021051500100594,2021년 5월 15일 22시,토요일,경상북도 구미시 광평동,경상사고,0,0,1,0,차대차 - 추돌,안전운전불이행,건조,맑음,교차로 - 교차로부근,승용,남,24세,상해없음,승용,여,54세,경상
2021051500100595,2021년 5월 15일 22시,토요일,경상북도 구미시 도량동,중상사고,0,1,0,0,차대차 - 측면충돌,신호위반,건조,맑음,교차로 - 교차로안,승용,남,41세,상해없음,승용,남,22세,중상
2021051600100007,2021년 5월 16일 00시,일요일,경상북도 구미시 원평동,중상사고,0,1,1,0,차대사람 - 횡단중,안전운전불이행,건조,맑음,단일로 - 기타,원동기,남,17세,경상,보행자,남,20세,중상
2021051600100068,2021년 5월 16일 06시,일요일,경상북도 경주시 현곡면,중상사고,0,1,1,0,차량단독 - 공작물충돌,안전운전불이행,젖음/습기,비,단일로 - 기타,승용,여,21세,경상,,,,
2021051600100080,2021년 5월 16일 08시,일요일,경상북도 구미시 송정동,경상사고,0,0,1,0,차대차 - 추돌,안전운전불이행,젖음/습기,비,교차로 - 교차로부근,승용,남,79세,상해없음,승용,남,49세,상해없음
2021051600100123,2021년 5월 16일 11시,일요일,경상북도 김천시 부곡동,경상사고,0,0,1,0,차대차 - 기타,신호위반,젖음/습기,비,교차로 - 교차로안,화물,남,24세,상해없음,이륜,남,22세,경상
2021051600100150,2021년 5월 16일 12시,일요일,경상북도 칠곡군 석적읍,경상사고,0,0,1,0,차대차 - 측면충돌,안전운전불이행,젖음/습기,비,교차로 - 교차로부근,이륜,남,33세,상해없음,이륜,남,41세,경상
2021051600100151,2021년 5월 16일 12시,일요일,경상북도 경산시 압량읍,경상사고,0,0,4,0,차대차 - 측면충돌,교차로운행방법위반,젖음/습기,비,교차로 - 교차로안,승용,여,64세,경상,승용,여,37세,경상
2021051600100152,2021년 5월 16일 12시,일요일,경상북도 구미시 원평동,중상사고,0,1,0,0,차대차 - 기타,안전운전불이행,젖음/습기,비,단일로 - 기타,승용,남,29세,상해없음,이륜,남,46세,중상
2021051600100171,2021년 5월 16일 13시,일요일,경상북도 경주시 황오동,경상사고,0,0,4,0,차대차 - 추돌,안전운전불이행,젖음/습기,비,교차로 - 교차로안,승용,남,70세,상해없음,승용,여,52세,경상
2021051600100172,2021년 5월 16일 13시,일요일,경상북도 칠곡군 왜관읍,경상사고,0,0,1,0,차대차 - 측면충돌,안전운전불이행,젖음/습기,비,교차로 - 교차로안,승용,남,32세,상해없음,화물,남,56세,경상
2021051600100173,2021년 5월 16일 13시,일요일,경상북도 영천시 망정동,경상사고,0,0,3,0,차대차 - 측면충돌,안전운전불이행,젖음/습기,비,교차로 - 교차로부근,이륜,남,38세,경상,승용,여,67세,경상
2021051600100175,2021년 5월 16일 13시,일요일,경상북도 포항시 남구 동해면,경상사고,0,0,2,0,차대차 - 추돌,안전운전불이행,젖음/습기,흐림,교차로 - 교차로부근,승용,남,51세,상해없음,승용,여,55세,경상
2021051600100176,2021년 5월 16일 13시,일요일,경상북도 군위군 효령면,중상사고,0,2,0,0,차대차 - 추돌,안전운전불이행,젖음/습기,비,기타 - 기타,승용,남,27세,상해없음,승용,남,74세,중상
2021051600100211,2021년 5월 16일 14시,일요일,경상북도 봉화군 봉화읍,중상사고,0,1,0,0,차대차 - 정면충돌,안전운전불이행,젖음/습기,비,단일로 - 기타,화물,남,51세,상해없음,이륜,남,63세,중상
2021051600100240,2021년 5월 16일 15시,일요일,경상북도 김천시 지좌동,경상사고,0,0,1,0,차대차 - 측면충돌,안전운전불이행,젖음/습기,비,단일로 - 기타,승용,남,63세,상해없음,이륜,남,69세,경상
2021051600100241,2021년 5월 16일 15시,일요일,경상북도 군위군 효령면,중상사고,0,4,4,0,차대차 - 추돌,안전운전불이행,젖음/습기,비,단일로 - 터널,승용,남,25세,상해없음,승용,여,49세,상해없음
2021051600100265,2021년 5월 16일 16시,일요일,경상북도 영천시 망정동,경상사고,0,0,1,0,차대차 - 기타,안전운전불이행,젖음/습기,비,교차로 - 교차로안,승용,여,57세,상해없음,이륜,남,37세,경상
2021051600100266,2021년 5월 16일 16시,일요일,경상북도 구미시 선산읍,중상사고,0,1,0,0,차대차 - 기타,신호위반,젖음/습기,비,교차로 - 교차로안,승용,여,60세,상해없음,이륜,남,40세,중상
2021051600100286,2021년 5월 16일 17시,일요일,경상북도 칠곡군 약목면,경상사고,0,0,5,0,차대차 - 추돌,안전운전불이행,젖음/습기,비,교차로 - 교차로부근,승용,남,23세,상해없음,승용,남,42세,경상
2021051600100287,2021년 5월 16일 17시,일요일,경상북도 포항시 남구 구룡포읍,경상사고,0,0,5,0,차대차 - 측면충돌,신호위반,젖음/습기,비,교차로 - 교차로안,승용,여,49세,경상,화물,남,61세,경상
2021051600100314,2021년 5월 16일 18시,일요일,경상북도 영천시 완산동,경상사고,0,0,2,0,차대차 - 측면충돌,안전운전불이행,젖음/습기,비,기타 - 기타,화물,여,65세,경상,승용,여,23세,경상
2021051600100315,2021년 5월 16일 18시,일요일,경상북도 성주군 월항면,경상사고,0,0,1,0,차대차 - 기타,신호위반,젖음/습기,비,교차로 - 교차로안,승용,남,50세,상해없음,승용,여,59세,경상
2021051600100343,2021년 5월 16일 19시,일요일,경상북도 칠곡군 석적읍,경상사고,0,0,1,0,차대차 - 측면충돌,안전운전불이행,젖음/습기,비,교차로 - 교차로부근,이륜,남,25세,상해없음,이륜,남,28세,경상
2021051600100344,2021년 5월 16일 19시,일요일,경상북도 영천시 고경면,중상사고,0,1,1,0,차대차 - 정면충돌,중앙선침범,젖음/습기,비,단일로 - 기타,화물,남,62세,경상,화물,남,62세,중상
2021051600100378,2021년 5월 16일 20시,일요일,경상북도 구미시 산동읍,경상사고,0,0,1,0,차대차 - 기타,안전운전불이행,젖음/습기,비,교차로 - 교차로안,승용,남,54세,상해없음,이륜,남,31세,경상
2021051600100379,2021년 5월 16일 20시,일요일,경상북도 구미시 고아읍,중상사고,0,1,0,0,차량단독 - 공작물충돌,안전운전불이행,젖음/습기,비,단일로 - 기타,이륜,남,58세,중상,,,,
2021051600100380,2021년 5월 16일 20시,일요일,경상북도 포항시 남구 오천읍,중상사고,0,1,2,0,차대차 - 측면충돌,직진우회전진행방해,젖음/습기,비,교차로 - 교차로안,승용,남,57세,상해없음,승합,남,38세,경상
2021051600100409,2021년 5월 16일 21시,일요일,경상북도 영주시 하망동,경상사고,0,0,1,0,차대차 - 측면충돌,안전운전불이행,젖음/습기,비,교차로 - 교차로안,승용,여,60세,상해없음,승용,여,36세,경상
2021051600100410,2021년 5월 16일 21시,일요일,경상북도 구미시 인의동,경상사고,0,0,1,0,차대사람 - 횡단중,보행자보호의무위반,젖음/습기,흐림,단일로 - 기타,이륜,남,30세,상해없음,보행자,여,41세,경상
2021051600100441,2021년 5월 16일 22시,일요일,경상북도 포항시 북구 장성동,경상사고,0,0,2,0,차대차 - 측면충돌,직진우회전진행방해,젖음/습기,비,교차로 - 교차로안,승용,남,63세,상해없음,승용,남,26세,경상
2021051600100442,2021년 5월 16일 22시,일요일,경상북도 경산시 진량읍,경상사고,0,0,1,0,차량단독 - 공작물충돌,안전운전불이행,젖음/습기,비,교차로 - 교차로부근,승용,남,41세,경상,,,,
2021051600100443,2021년 5월 16일 22시,일요일,경상북도 포항시 남구 상도동,경상사고,0,0,1,0,차대차 - 측면충돌,안전거리미확보,젖음/습기,비,단일로 - 기타,승용,남,57세,상해없음,승용,여,43세,경상
2021051600100455,2021년 5월 16일 23시,일요일,경상북도 경주시 동천동,경상사고,0,0,1,0,차대차 - 측면충돌,안전운전불이행,젖음/습기,비,교차로 - 교차로안,이륜,남,31세,경상,승용,남,56세,상해없음
2021051600100456,2021년 5월 16일 23시,일요일,경상북도 구미시 도량동,경상사고,0,0,2,0,차대차 - 추돌,안전운전불이행,젖음/습기,비,교차로 - 교차로부근,화물,남,47세,상해없음,승용,여,52세,경상
2021051700100092,2021년 5월 17일 08시,월요일,경상북도 구미시 장천면,부상신고사고,0,0,0,1,차대차 - 기타,안전운전불이행,젖음/습기,비,교차로 - 교차로안,기타불명,기타불명,미분류,기타불명,이륜,남,70세,부상신고
2021051700100093,2021년 5월 17일 08시,월요일,경상북도 구미시 고아읍,중상사고,0,1,0,0,차대사람 - 기타,안전운전불이행,기타,기타,미분류 - 미분류,승합,기타불명,미분류,기타불명,보행자,남,73세,중상
2021051700100119,2021년 5월 17일 09시,월요일,경상북도 경주시 강동면,경상사고,0,0,1,1,차대차 - 기타,안전운전불이행,젖음/습기,비,교차로 - 교차로부근,승용,남,62세,부상신고,화물,남,51세,경상
2021051700100151,2021년 5월 17일 10시,월요일,경상북도 포항시 북구 양덕동,경상사고,0,0,1,0,차대차 - 추돌,안전운전불이행,젖음/습기,흐림,교차로 - 교차로부근,화물,남,60세,상해없음,승용,여,47세,경상
2021051700100152,2021년 5월 17일 10시,월요일,경상북도 의성군 봉양면,경상사고,0,0,1,0,차대차 - 정면충돌,안전운전불이행,젖음/습기,비,교차로 - 교차로안,화물,남,60세,상해없음,이륜,남,54세,경상
2021051700100173,2021년 5월 17일 11시,월요일,경상북도 포항시 북구 용흥동,중상사고,0,1,1,0,차대차 - 측면충돌,안전운전불이행,젖음/습기,비,교차로 - 교차로안,승용,여,69세,중상,승용,남,51세,경상
2021051700100199,2021년 5월 17일 12시,월요일,경상북도 예천군 용궁면,중상사고,0,1,0,0,차대차 - 정면충돌,중앙선침범,건조,맑음,단일로 - 기타,화물,남,80세,중상,화물,남,39세,상해없음
2021051700100232,2021년 5월 17일 13시,월요일,경상북도 구미시 공단동,경상사고,0,0,1,0,차대차 - 추돌,안전운전불이행,건조,맑음,단일로 - 기타,승용,남,36세,상해없음,승용,여,44세,경상
2021051700100255,2021년 5월 17일 14시,월요일,경상북도 경주시 황용동,중상사고,0,2,0,0,차대차 - 정면충돌,중앙선침범,젖음/습기,비,단일로 - 기타,승용,남,20세,상해없음,승용,남,32세,중상
2021051700100256,2021년 5월 17일 14시,월요일,경상북도 포항시 북구 항구동,중상사고,0,1,0,0,차대사람 - 횡단중,안전운전불이행,건조,맑음,단일로 - 기타,승용,남,28세,상해없음,보행자,여,54세,중상
2021051700100359,2021년 5월 17일 17시,월요일,경상북도 안동시 풍산읍,경상사고,0,0,1,0,차대사람 - 횡단중,보행자보호의무위반,젖음/습기,비,교차로 - 교차로횡단보도내,승용,여,41세,상해없음,보행자,여,13세,경상
2021051700100360,2021년 5월 17일 17시,월요일,경상북도 칠곡군 왜관읍,경상사고,0,0,1,0,차대사람 - 보도통행중,보행자보호의무위반,젖음/습기,비,교차로 - 교차로횡단보도내,화물,남,61세,상해없음,보행자,여,45세,경상
2021051700100361,2021년 5월 17일 17시,월요일,경상북도 영천시 임고면,경상사고,0,0,3,0,차대차 - 추돌,안전운전불이행,젖음/습기,비,교차로 - 교차로부근,승용,남,24세,경상,승용,여,56세,경상
2021051700100404,2021년 5월 17일 18시,월요일,경상북도 상주시 무양동,경상사고,0,0,1,0,차대차 - 기타,안전운전불이행,건조,맑음,단일로 - 기타,승용,남,61세,상해없음,이륜,남,24세,경상
2021051700100405,2021년 5월 17일 18시,월요일,경상북도 예천군 예천읍,중상사고,0,1,0,0,차대차 - 측면충돌,안전운전불이행,젖음/습기,비,교차로 - 교차로안,화물,남,36세,상해없음,자전거,여,66세,중상
2021051700100406,2021년 5월 17일 18시,월요일,경상북도 포항시 남구 상도동,경상사고,0,0,1,0,차대차 - 측면충돌,차로위반,젖음/습기,비,단일로 - 기타,승용,여,50세,상해없음,승용,여,24세,경상
2021051700100431,2021년 5월 17일 19시,월요일,경상북도 포항시 북구 동빈2가,경상사고,0,0,1,0,차대차 - 기타,신호위반,젖음/습기,비,교차로 - 교차로안,승용,남,63세,상해없음,승용,남,27세,경상
2021051700100432,2021년 5월 17일 19시,월요일,경상북도 포항시 북구 죽도동,경상사고,0,0,1,0,차대차 - 측면충돌,안전운전불이행,젖음/습기,비,단일로 - 기타,승용,여,40세,상해없음,승용,남,50세,경상
2021051700100433,2021년 5월 17일 19시,월요일,경상북도 고령군 성산면,중상사고,0,1,0,0,차대차 - 측면충돌,신호위반,젖음/습기,비,교차로 - 교차로안,화물,남,44세,상해없음,이륜,남,22세,중상
2021051700100462,2021년 5월 17일 20시,월요일,경상북도 경산시 압량읍,경상사고,0,0,1,0,차대사람 - 기타,안전운전불이행,젖음/습기,비,단일로 - 기타,승용,여,40세,상해없음,보행자,여,63세,경상
2021051700100496,2021년 5월 17일 21시,월요일,경상북도 경산시 압량읍,경상사고,0,0,2,0,차대차 - 추돌,안전운전불이행,건조,맑음,교차로 - 교차로부근,승용,남,54세,상해없음,승용,남,59세,경상
2021051700100521,2021년 5월 17일 22시,월요일,경상북도 칠곡군 동명면,경상사고,0,0,1,0,차량단독 - 공작물충돌,안전운전불이행,젖음/습기,비,기타 - 기타,승용,남,42세,경상,,,,
2021051700100522,2021년 5월 17일 22시,월요일,경상북도 구미시 구평동,경상사고,0,0,4,0,차대차 - 추돌,안전운전불이행,젖음/습기,비,교차로 - 교차로부근,화물,남,36세,경상,승용,남,29세,경상
2021051700100523,2021년 5월 17일 22시,월요일,경상북도 구미시 송정동,경상사고,0,0,1,0,차대차 - 측면충돌,안전거리미확보,젖음/습기,비,단일로 - 기타,승용,남,52세,상해없음,승용,남,32세,경상
2021051800100036,2021년 5월 18일 05시,화요일,경상북도 경산시 진량읍,중상사고,0,1,0,0,차대사람 - 차도통행중,안전운전불이행,젖음/습기,맑음,교차로 - 교차로안,승용,여,68세,상해없음,보행자,여,63세,중상
2021051800100037,2021년 5월 18일 05시,화요일,경상북도 포항시 남구 동해면,중상사고,0,1,1,0,차량단독 - 공작물충돌,안전운전불이행,젖음/습기,흐림,단일로 - 기타,승용,남,23세,경상,,,,
2021051800100048,2021년 5월 18일 06시,화요일,경상북도 경주시 안강읍,중상사고,0,1,0,0,차량단독 - 도로외이탈 - 추락,안전운전불이행,젖음/습기,비,단일로 - 기타,화물,남,39세,중상,,,,
2021051800100049,2021년 5월 18일 06시,화요일,경상북도 포항시 남구 오천읍,경상사고,0,0,2,0,차대차 - 측면충돌,직진우회전진행방해,건조,맑음,교차로 - 교차로안,승용,여,62세,경상,승용,남,29세,경상
2021051800100085,2021년 5월 18일 08시,화요일,경상북도 구미시 신평동,중상사고,0,1,1,0,차대차 - 측면충돌,안전거리미확보,건조,맑음,단일로 - 기타,승합,여,62세,상해없음,승용,남,29세,경상
2021051800100115,2021년 5월 18일 09시,화요일,경상북도 포항시 북구 죽도동,경상사고,0,0,1,0,차대차 - 기타,신호위반,젖음/습기,비,교차로 - 교차로부근,승용,여,63세,상해없음,승용,여,62세,경상
2021051800100116,2021년 5월 18일 09시,화요일,경상북도 포항시 남구 동해면,경상사고,0,0,1,0,차대차 - 정면충돌,안전운전불이행,젖음/습기,비,단일로 - 기타,사륜오토바이(ATV),여,79세,경상,건설기계,남,50세,상해없음
2021051800100144,2021년 5월 18일 10시,화요일,경상북도 영덕군 남정면,경상사고,0,0,1,1,차대차 - 추돌,안전운전불이행,건조,맑음,교차로 - 교차로부근,승용,여,62세,부상신고,승용,여,65세,경상
2021051800100164,2021년 5월 18일 11시,화요일,경상북도 칠곡군 왜관읍,경상사고,0,0,1,0,차대차 - 측면충돌,안전운전불이행,건조,맑음,교차로 - 교차로부근,화물,남,44세,상해없음,자전거,여,77세,경상
2021051800100191,2021년 5월 18일 12시,화요일,경상북도 경주시 구정동,경상사고,0,0,1,0,차대차 - 추돌,안전운전불이행,건조,맑음,교차로 - 교차로안,이륜,남,17세,상해없음,승용,여,45세,상해없음
2021051800100192,2021년 5월 18일 12시,화요일,경상북도 경산시 계양동,경상사고,0,0,1,0,차대사람 - 기타,안전운전불이행,건조,흐림,단일로 - 기타,승용,남,48세,상해없음,보행자,남,32세,경상
2021051800100228,2021년 5월 18일 13시,화요일,경상북도 고령군 성산면,부상신고사고,0,0,0,1,차대차 - 추돌,안전운전불이행,건조,맑음,단일로 - 기타,이륜,남,68세,부상신고,화물,남,53세,상해없음
2021051800100265,2021년 5월 18일 14시,화요일,경상북도 포항시 북구 죽도동,중상사고,0,1,0,0,차대차 - 측면충돌,안전운전불이행,건조,맑음,교차로 - 교차로부근,승용,남,58세,상해없음,이륜,남,47세,중상
2021051800100266,2021년 5월 18일 14시,화요일,경상북도 안동시 서후면,경상사고,0,0,1,0,차대차 - 추돌,안전운전불이행,건조,맑음,단일로 - 기타,승용,남,75세,상해없음,승용,여,31세,경상
2021051800100267,2021년 5월 18일 14시,화요일,경상북도 김천시 모암동,중상사고,0,1,0,0,차대사람 - 횡단중,기타,건조,맑음,교차로 - 교차로횡단보도내,승용,여,64세,상해없음,보행자,남,8세,중상
2021051800100268,2021년 5월 18일 14시,화요일,경상북도 포항시 남구 오천읍,중상사고,0,1,0,0,차대차 - 측면충돌,안전운전불이행,건조,맑음,단일로 - 지하차도(도로)내,자전거,여,46세,중상,특수,남,66세,상해없음
2021051800100314,2021년 5월 18일 15시,화요일,경상북도 상주시 서문동,경상사고,0,0,1,0,차대차 - 기타,기타,건조,맑음,교차로 - 교차로부근,승용,남,65세,상해없음,자전거,여,67세,경상
2021051800100359,2021년 5월 18일 16시,화요일,경상북도 포항시 남구 오천읍,경상사고,0,0,1,0,차대차 - 측면충돌,직진우회전진행방해,건조,맑음,교차로 - 교차로안,자전거,남,14세,경상,승용,남,62세,상해없음
2021051800100445,2021년 5월 18일 18시,화요일,경상북도 경산시 조영동,경상사고,0,0,1,0,차대차 - 측면충돌,안전운전불이행,건조,맑음,단일로 - 기타,승용,남,61세,상해없음,승용,남,26세,경상
2021051800100446,2021년 5월 18일 18시,화요일,경상북도 구미시 선기동,부상신고사고,0,0,0,1,차대차 - 측면충돌,불법유턴,건조,맑음,단일로 - 기타,이륜,남,85세,부상신고,승용,여,47세,상해없음
2021051800100447,2021년 5월 18일 18시,화요일,경상북도 포항시 남구 오천읍,중상사고,0,1,1,0,차대차 - 측면충돌,신호위반,건조,맑음,교차로 - 교차로안,화물,남,46세,중상,이륜,남,28세,경상
2021051800100526,2021년 5월 18일 20시,화요일,경상북도 구미시 고아읍,중상사고,0,1,0,0,차대차 - 측면충돌,안전운전불이행,건조,맑음,단일로 - 기타,승용,남,33세,상해없음,이륜,남,37세,중상
2021051800100587,2021년 5월 18일 22시,화요일,경상북도 구미시 진평동,경상사고,0,0,1,0,차대차 - 측면충돌,안전운전불이행,건조,맑음,교차로 - 교차로안,승용,남,29세,상해없음,이륜,남,34세,경상
2021051800100588,2021년 5월 18일 22시,화요일,경상북도 구미시 형곡동,경상사고,0,0,1,0,차대차 - 기타,안전운전불이행,건조,맑음,단일로 - 기타,승용,여,24세,상해없음,승용,여,48세,경상
2021051800100609,2021년 5월 18일 23시,화요일,경상북도 구미시 공단동,경상사고,0,0,1,0,차대차 - 측면충돌,안전거리미확보,건조,맑음,단일로 - 기타,승용,남,65세,상해없음,승용,여,36세,경상
2021051900100019,2021년 5월 19일 01시,수요일,경상북도 구미시 봉곡동,경상사고,0,0,1,0,차대사람 - 기타,안전운전불이행,건조,맑음,교차로 - 교차로부근,승용,남,28세,상해없음,보행자,남,49세,경상
2021051900100027,2021년 5월 19일 02시,수요일,경상북도 김천시 아포읍,중상사고,0,1,0,0,차대차 - 추돌,안전운전불이행,건조,맑음,교차로 - 교차로부근,화물,남,44세,상해없음,승용,여,39세,중상
2021051900100055,2021년 5월 19일 06시,수요일,경상북도 영주시 하망동,경상사고,0,0,1,0,차대차 - 측면충돌,안전운전불이행,건조,흐림,교차로 - 교차로안,화물,남,63세,상해없음,승합,남,67세,경상
2021051900100065,2021년 5월 19일 07시,수요일,경상북도 예천군 예천읍,중상사고,0,1,0,0,차대차 - 측면충돌,안전운전불이행,건조,맑음,교차로 - 교차로안,이륜,남,80세,중상,승용,여,60세,상해없음
2021051900100087,2021년 5월 19일 08시,수요일,경상북도 김천시 농소면,사망사고,1,0,1,0,차대차 - 추돌,안전운전불이행,건조,맑음,교차로 - 교차로부근,화물,여,74세,사망,화물,남,66세,경상
2021051900100088,2021년 5월 19일 08시,수요일,경상북도 영천시 야사동,중상사고,0,1,0,0,차대사람 - 횡단중,안전운전불이행,건조,맑음,단일로 - 기타,승용,남,32세,상해없음,보행자,남,74세,중상
2021051900100089,2021년 5월 19일 08시,수요일,경상북도 울릉군 울릉읍,중상사고,0,1,0,0,차대사람 - 기타,안전운전불이행,건조,맑음,단일로 - 기타,승용,남,34세,상해없음,보행자,남,70세,중상