사고번호,사고일시,요일,시군구,사고내용,사망자수,중상자수,경상자수,부상신고자수,사고유형,법규위반,노면상태,기상상태,도로형태,가해운전자 차종,가해운전자 성별,가해운전자 연령,가해운전자 상해정도,피해운전자 차종,피해운전자 성별,피해운전자 연령,피해운전자 상해정도
2021052300100042,2021년 5월 23일 07시,일요일,경상북도 구미시 형곡동,경상사고,0,0,1,0,차대사람 - 기타,안전운전불이행,건조,맑음,단일로 - 기타,승용,남,63세,상해없음,보행자,여,34세,경상
2021052300100043,2021년 5월 23일 07시,일요일,경상북도 구미시 임은동,중상사고,0,4,1,0,차대차 - 추돌,기타,건조,맑음,단일로 - 기타,승용,남,26세,상해없음,승용,남,45세,중상
2021052300100050,2021년 5월 23일 08시,일요일,경상북도 경주시 강동면,중상사고,0,1,0,0,차대차 - 측면충돌,안전운전불이행,건조,맑음,교차로 - 교차로안,농기계,남,69세,중상,승용,남,61세,상해없음
2021052300100058,2021년 5월 23일 09시,일요일,경상북도 경주시 도지동,사망사고,1,0,1,0,차대차 - 측면충돌,안전운전불이행,건조,맑음,교차로 - 교차로안,이륜,남,78세,사망,이륜,남,48세,경상
2021052300100059,2021년 5월 23일 09시,일요일,경상북도 상주시 냉림동,중상사고,0,1,0,0,차대차 - 기타,기타,건조,맑음,교차로 - 교차로부근,승용,여,49세,상해없음,자전거,여,63세,중상
2021052300100081,2021년 5월 23일 10시,일요일,경상북도 포항시 북구 동빈2가,경상사고,0,0,1,0,차대차 - 측면충돌,안전운전불이행,건조,맑음,교차로 - 교차로안,승용,기타불명,미분류,기타불명,승용,남,69세,경상
2021052300100082,2021년 5월 23일 10시,일요일,경상북도 문경시 흥덕동,경상사고,0,0,1,0,차대사람 - 기타,안전운전불이행,건조,맑음,단일로 - 기타,승용,남,58세,상해없음,보행자,여,57세,경상
2021052300100124,2021년 5월 23일 12시,일요일,경상북도 경주시 노서동,경상사고,0,0,3,0,차대차 - 추돌,안전운전불이행,건조,맑음,단일로 - 기타,승용,남,61세,경상,승용,남,38세,경상
2021052300100125,2021년 5월 23일 12시,일요일,경상북도 포항시 북구 학산동,경상사고,0,0,1,0,차대차 - 측면충돌,안전운전불이행,건조,맑음,단일로 - 기타,승용,남,27세,상해없음,승용,여,58세,경상
2021052300100126,2021년 5월 23일 12시,일요일,경상북도 구미시 구평동,경상사고,0,0,1,0,차대사람 - 기타,안전운전불이행,건조,맑음,단일로 - 기타,승용,남,59세,상해없음,보행자,여,83세,경상
2021052300100164,2021년 5월 23일 13시,일요일,경상북도 경산시 와촌면,경상사고,0,0,1,0,차대차 - 추돌,안전운전불이행,건조,맑음,단일로 - 기타,기타불명,기타불명,미분류,기타불명,화물,남,48세,경상
2021052300100165,2021년 5월 23일 13시,일요일,경상북도 김천시 모암동,경상사고,0,0,1,0,차대차 - 추돌,안전운전불이행,건조,맑음,단일로 - 기타,승용,남,51세,상해없음,승용,남,51세,경상
2021052300100198,2021년 5월 23일 14시,일요일,경상북도 안동시 풍산읍,경상사고,0,0,2,0,차대차 - 정면충돌,안전운전불이행,건조,맑음,단일로 - 기타,승용,남,21세,상해없음,승합,남,62세,경상
2021052300100199,2021년 5월 23일 14시,일요일,경상북도 김천시 평화동,경상사고,0,0,1,0,차대사람 - 기타,안전운전불이행,건조,맑음,기타 - 기타,승용,남,58세,기타불명,보행자,남,27세,경상
2021052300100200,2021년 5월 23일 14시,일요일,경상북도 칠곡군 북삼읍,부상신고사고,0,0,0,1,차대차 - 측면충돌,안전운전불이행,건조,맑음,교차로 - 교차로안,이륜,남,22세,부상신고,승용,남,35세,상해없음
2021052300100228,2021년 5월 23일 15시,일요일,경상북도 안동시 태화동,경상사고,0,0,3,0,차대차 - 정면충돌,안전운전불이행,건조,맑음,교차로 - 교차로안,승용,여,58세,경상,승용,남,49세,경상
2021052300100279,2021년 5월 23일 17시,일요일,경상북도 경주시 외동읍,경상사고,0,0,3,0,차대차 - 측면충돌,안전운전불이행,건조,맑음,교차로 - 교차로안,승용,남,27세,경상,승용,남,72세,경상
2021052300100280,2021년 5월 23일 17시,일요일,경상북도 울릉군 울릉읍,중상사고,0,1,0,0,차대차 - 기타,안전운전불이행,건조,맑음,단일로 - 기타,화물,남,30세,상해없음,이륜,남,73세,중상
2021052300100307,2021년 5월 23일 18시,일요일,경상북도 김천시 교동,경상사고,0,0,1,0,차대차 - 추돌,교차로운행방법위반,건조,맑음,교차로 - 교차로안,승용,남,45세,상해없음,승용,남,36세,경상
2021052300100308,2021년 5월 23일 18시,일요일,경상북도 영주시 부석면,경상사고,0,0,1,0,차대차 - 정면충돌,안전운전불이행,건조,맑음,단일로 - 기타,승용,남,20세,상해없음,화물,남,49세,경상
2021052300100336,2021년 5월 23일 19시,일요일,경상북도 포항시 북구 두호동,경상사고,0,0,2,0,차대차 - 측면충돌,신호위반,건조,맑음,교차로 - 교차로안,이륜,남,16세,기타불명,승용,남,28세,경상
2021052300100337,2021년 5월 23일 19시,일요일,경상북도 경산시 진량읍,경상사고,0,0,2,0,차대차 - 측면충돌,신호위반,건조,맑음,교차로 - 교차로안,승용,여,44세,상해없음,승용,남,33세,경상
2021052300100338,2021년 5월 23일 19시,일요일,경상북도 구미시 고아읍,중상사고,0,1,0,0,차대차 - 측면충돌,안전운전불이행,건조,흐림,단일로 - 기타,승용,남,33세,상해없음,자전거,남,52세,중상
2021052300100364,2021년 5월 23일 20시,일요일,경상북도 상주시 남성동,경상사고,0,0,1,0,차대차 - 측면충돌,교차로운행방법위반,건조,맑음,단일로 - 기타,승용,여,42세,상해없음,자전거,여,48세,경상
2021052300100365,2021년 5월 23일 20시,일요일,경상북도 경산시 옥산동,경상사고,0,0,1,0,차대차 - 추돌,안전운전불이행,건조,맑음,단일로 - 기타,화물,남,53세,상해없음,화물,남,65세,경상
2021052300100366,2021년 5월 23일 20시,일요일,경상북도 구미시 봉곡동,경상사고,0,0,1,0,차대차 - 기타,안전운전불이행,건조,맑음,단일로 - 기타,승용,남,20세,상해없음,승용,남,49세,상해없음
2021052300100391,2021년 5월 23일 21시,일요일,경상북도 문경시 모전동,부상신고사고,0,0,0,1,차대차 - 정면충돌,중앙선침범,건조,맑음,단일로 - 기타,개인형이동수단(PM),남,18세,부상신고,승용,남,52세,상해없음
2021052300100427,2021년 5월 23일 23시,일요일,경상북도 구미시 황상동,경상사고,0,0,2,0,차대차 - 추돌,안전운전불이행,건조,맑음,교차로 - 교차로부근,승용,남,28세,상해없음,승용,남,27세,경상
2021052400100011,2021년 5월 24일 04시,월요일,경상북도 칠곡군 가산면,중상사고,0,1,0,0,차대차 - 추돌,안전운전불이행,건조,맑음,단일로 - 기타,화물,남,62세,상해없음,농기계,남,71세,중상
2021052400100032,2021년 5월 24일 06시,월요일,경상북도 안동시 용상동,경상사고,0,0,3,0,차대차 - 추돌,안전운전불이행,건조,맑음,교차로 - 교차로부근,승용,남,16세,상해없음,승용,남,72세,경상
2021052400100080,2021년 5월 24일 08시,월요일,경상북도 포항시 북구 흥해읍,경상사고,0,0,2,0,차대차 - 추돌,안전거리미확보,젖음/습기,비,단일로 - 기타,승용,남,35세,경상,승용,남,59세,경상
2021052400100081,2021년 5월 24일 08시,월요일,경상북도 김천시 어모면,경상사고,0,0,1,0,차대차 - 측면충돌,교차로운행방법위반,건조,맑음,교차로 - 교차로안,승용,여,33세,상해없음,승용,남,68세,경상
2021052400100082,2021년 5월 24일 08시,월요일,경상북도 김천시 개령면,중상사고,0,2,0,0,차대차 - 추돌,교차로운행방법위반,건조,맑음,교차로 - 교차로안,승합,남,55세,상해없음,승용,여,40세,중상
2021052400100083,2021년 5월 24일 08시,월요일,경상북도 청도군 금천면,중상사고,0,1,0,0,차대차 - 측면충돌,직진우회전진행방해,건조,맑음,교차로 - 교차로안,승용,남,58세,상해없음,승용,여,53세,중상
2021052400100084,2021년 5월 24일 08시,월요일,경상북도 청송군 진보면,경상사고,0,0,2,0,차대차 - 측면충돌,직진우회전진행방해,건조,맑음,교차로 - 교차로안,승용,여,38세,상해없음,승용,남,36세,상해없음
2021052400100085,2021년 5월 24일 08시,월요일,경상북도 구미시 인의동,경상사고,0,0,1,0,차대차 - 측면충돌,안전운전불이행,건조,맑음,단일로 - 기타,승용,여,28세,상해없음,승용,여,43세,경상
2021052400100118,2021년 5월 24일 09시,월요일,경상북도 포항시 북구 죽도동,경상사고,0,0,1,0,차대차 - 추돌,안전운전불이행,건조,맑음,교차로 - 교차로안,승용,여,42세,상해없음,원동기,남,72세,경상
2021052400100119,2021년 5월 24일 09시,월요일,경상북도 포항시 북구 두호동,경상사고,0,0,1,0,차대차 - 기타,안전운전불이행,건조,맑음,교차로 - 교차로안,승용,남,64세,상해없음,승용,남,67세,경상
2021052400100141,2021년 5월 24일 10시,월요일,경상북도 상주시 화서면,사망사고,1,0,0,0,차대차 - 추돌,안전운전불이행,건조,맑음,교차로 - 교차로부근,화물,남,60세,상해없음,자전거,여,55세,사망
2021052400100142,2021년 5월 24일 10시,월요일,경상북도 청도군 금천면,경상사고,0,0,1,0,차대차 - 후진중충돌,안전운전불이행,건조,맑음,단일로 - 기타,승용,남,82세,상해없음,승용,남,69세,상해없음
2021052400100207,2021년 5월 24일 12시,월요일,경상북도 경산시 상방동,경상사고,0,0,1,0,차대차 - 측면충돌,교차로운행방법위반,기타,맑음,교차로 - 교차로안,승용,여,24세,기타불명,승용,남,65세,경상
2021052400100239,2021년 5월 24일 13시,월요일,경상북도 경산시 조영동,경상사고,0,0,1,0,차대차 - 기타,안전운전불이행,건조,맑음,단일로 - 기타,승용,여,21세,상해없음,개인형이동수단(PM),남,26세,경상
2021052400100240,2021년 5월 24일 13시,월요일,경상북도 영덕군 영덕읍,경상사고,0,0,1,0,차대차 - 측면충돌,직진우회전진행방해,건조,맑음,교차로 - 교차로안,승용,여,74세,상해없음,농기계,남,81세,경상
2021052400100273,2021년 5월 24일 14시,월요일,경상북도 경주시 석장동,경상사고,0,0,1,0,차대차 - 기타,안전운전불이행,건조,맑음,교차로 - 교차로부근,이륜,남,18세,경상,승용,여,58세,상해없음
2021052400100274,2021년 5월 24일 14시,월요일,경상북도 포항시 북구 흥해읍,경상사고,0,0,1,0,차대차 - 측면충돌,안전운전불이행,건조,맑음,기타 - 기타,승용,남,56세,상해없음,승용,여,51세,경상
2021052400100275,2021년 5월 24일 14시,월요일,경상북도 안동시 광석동,경상사고,0,0,2,0,차대사람 - 기타,안전운전불이행,건조,맑음,교차로 - 교차로부근,화물,남,66세,상해없음,보행자,남,78세,경상
2021052400100276,2021년 5월 24일 14시,월요일,경상북도 김천시 개령면,경상사고,0,0,1,0,차대차 - 추돌,안전운전불이행,건조,맑음,단일로 - 기타,승용,남,40세,상해없음,승용,남,56세,경상
2021052400100277,2021년 5월 24일 14시,월요일,경상북도 구미시 고아읍,경상사고,0,0,1,1,차대차 - 후진중충돌,안전운전불이행,건조,맑음,주차장 - 주차장,승용,남,26세,부상신고,승용,여,55세,경상
2021052400100319,2021년 5월 24일 15시,월요일,경상북도 영천시 문외동,중상사고,0,1,0,0,차대사람 - 횡단중,안전운전불이행,건조,맑음,교차로 - 교차로안,승용,남,44세,상해없음,보행자,남,12세,중상
2021052400100320,2021년 5월 24일 15시,월요일,경상북도 구미시 원평동,경상사고,0,0,4,0,차대차 - 추돌,안전운전불이행,건조,맑음,단일로 - 기타,승합,남,52세,상해없음,승용,남,65세,경상
2021052400100412,2021년 5월 24일 17시,월요일,경상북도 구미시 산동읍,부상신고사고,0,0,0,1,차대차 - 기타,안전운전불이행,건조,맑음,교차로 - 교차로안,승용,여,34세,부상신고,승용,남,46세,상해없음
2021052400100453,2021년 5월 24일 18시,월요일,경상북도 영천시 금호읍,경상사고,0,0,1,0,차대차 - 측면충돌,안전운전불이행,건조,맑음,기타 - 기타,화물,남,49세,상해없음,승용,남,50세,경상
2021052400100477,2021년 5월 24일 19시,월요일,경상북도 칠곡군 동명면,중상사고,0,2,0,0,차량단독 - 공작물충돌,안전운전불이행,건조,맑음,기타 - 기타,승용,남,73세,중상,,,,
2021052400100531,2021년 5월 24일 21시,월요일,경상북도 칠곡군 왜관읍,중상사고,0,1,6,0,차대차 - 추돌,안전운전불이행,건조,맑음,교차로 - 교차로부근,화물,남,72세,경상,승용,여,49세,중상
2021052400100532,2021년 5월 24일 21시,월요일,경상북도 고령군 쌍림면,경상사고,0,0,1,0,차대차 - 추돌,안전운전불이행,건조,맑음,단일로 - 기타,승용,여,54세,상해없음,농기계,남,48세,경상
2021052400100567,2021년 5월 24일 23시,월요일,경상북도 구미시 비산동,경상사고,0,0,1,0,차대차 - 측면충돌,교차로운행방법위반,건조,흐림,교차로 - 교차로안,화물,남,64세,상해없음,승용,남,25세,경상
2021052500100010,2021년 5월 25일 00시,화요일,경상북도 포항시 남구 오천읍,경상사고,0,0,1,0,차량단독 - 기타,안전운전불이행,건조,맑음,단일로 - 기타,자전거,남,51세,경상,,,,
2021052500100024,2021년 5월 25일 02시,화요일,경상북도 경주시 동천동,경상사고,0,0,1,0,차대차 - 추돌,안전운전불이행,건조,맑음,단일로 - 기타,승용,남,21세,상해없음,화물,남,59세,상해없음
2021052500100025,2021년 5월 25일 02시,화요일,경상북도 상주시 계산동,경상사고,0,0,2,0,차대차 - 측면충돌,안전운전불이행,건조,맑음,교차로 - 교차로안,승용,남,20세,경상,승용,남,65세,경상
2021052500100035,2021년 5월 25일 04시,화요일,경상북도 포항시 남구 해도동,경상사고,0,0,1,0,차대차 - 추돌,안전운전불이행,건조,맑음,단일로 - 기타,승용,남,43세,상해없음,승용,여,36세,경상
2021052500100047,2021년 5월 25일 06시,화요일,경상북도 경주시 감포읍,부상신고사고,0,0,0,1,차대차 - 측면충돌,안전운전불이행,건조,맑음,단일로 - 기타,이륜,남,77세,부상신고,화물,여,58세,상해없음
2021052500100061,2021년 5월 25일 07시,화요일,경상북도 포항시 북구 죽도동,중상사고,0,1,0,0,차대차 - 기타,안전운전불이행,건조,맑음,교차로 - 교차로부근,이륜,남,76세,중상,승용,남,55세,상해없음
2021052500100062,2021년 5월 25일 07시,화요일,경상북도 문경시 영순면,경상사고,0,0,1,0,차대차 - 측면충돌,안전운전불이행,건조,흐림,단일로 - 기타,승합,여,38세,상해없음,이륜,남,72세,경상
2021052500100063,2021년 5월 25일 07시,화요일,경상북도 영덕군 강구면,경상사고,0,0,1,0,차대차 - 추돌,안전운전불이행,건조,맑음,교차로 - 교차로부근,승용,남,41세,상해없음,화물,남,55세,경상
2021052500100064,2021년 5월 25일 07시,화요일,경상북도 구미시 신평동,경상사고,0,0,1,0,차대차 - 측면충돌,안전운전불이행,건조,맑음,단일로 - 기타,승용,여,24세,상해없음,승용,남,47세,경상
2021052500100166,2021년 5월 25일 10시,화요일,경상북도 포항시 북구 장성동,경상사고,0,0,1,0,차대차 - 측면충돌,안전운전불이행,젖음/습기,비,교차로 - 교차로안,화물,남,54세,상해없음,승용,남,47세,경상
2021052500100167,2021년 5월 25일 10시,화요일,경상북도 상주시 가장동,경상사고,0,0,2,0,차대차 - 추돌,안전운전불이행,건조,맑음,교차로 - 교차로부근,화물,남,63세,상해없음,화물,남,63세,경상
2021052500100208,2021년 5월 25일 11시,화요일,경상북도 문경시 가은읍,중상사고,0,1,0,0,차대차 - 측면충돌,안전운전불이행,건조,맑음,교차로 - 교차로안,승용,여,58세,상해없음,사륜오토바이(ATV),여,77세,중상
2021052500100209,2021년 5월 25일 11시,화요일,경상북도 청도군 청도읍,중상사고,0,1,0,0,차대차 - 추돌,안전운전불이행,건조,맑음,교차로 - 교차로부근,자전거,남,37세,중상,화물,남,73세,상해없음
2021052500100234,2021년 5월 25일 12시,화요일,경상북도 포항시 북구 대신동,경상사고,0,0,4,0,차대차 - 측면충돌,직진우회전진행방해,건조,맑음,교차로 - 교차로안,승용,남,79세,경상,승용,남,43세,상해없음
2021052500100235,2021년 5월 25일 12시,화요일,경상북도 김천시 개령면,중상사고,0,1,0,0,차대차 - 측면충돌,직진우회전진행방해,건조,맑음,교차로 - 교차로안,승용,여,58세,상해없음,이륜,남,69세,중상
2021052500100270,2021년 5월 25일 13시,화요일,경상북도 포항시 북구 흥해읍,경상사고,0,0,2,0,차대차 - 측면충돌,직진우회전진행방해,건조,맑음,교차로 - 교차로안,승용,여,30세,기타불명,승용,남,43세,경상
2021052500100271,2021년 5월 25일 13시,화요일,경상북도 경산시 사동,경상사고,0,0,2,0,차대차 - 정면충돌,중앙선침범,건조,맑음,교차로 - 교차로안,승용,남,56세,상해없음,승용,남,32세,경상
2021052500100272,2021년 5월 25일 13시,화요일,경상북도 경산시 중방동,경상사고,0,0,1,0,차대사람 - 횡단중,보행자보호의무위반,건조,맑음,교차로 - 교차로횡단보도내,승용,남,50세,상해없음,보행자,여,83세,경상
2021052500100273,2021년 5월 25일 13시,화요일,경상북도 영덕군 영덕읍,경상사고,0,0,1,0,차대차 - 측면충돌,안전운전불이행,건조,맑음,기타 - 기타,승용,여,61세,상해없음,자전거,여,60세,경상
2021052500100299,2021년 5월 25일 14시,화요일,경상북도 경주시 외동읍,중상사고,0,1,1,0,차대차 - 측면충돌,신호위반,건조,맑음,교차로 - 교차로안,승용,여,58세,경상,승용,여,46세,중상
2021052500100300,2021년 5월 25일 14시,화요일,경상북도 포항시 북구 흥해읍,중상사고,0,1,0,0,차대사람 - 기타,안전운전불이행,건조,맑음,교차로 - 교차로안,승용,남,81세,상해없음,보행자,남,24세,중상
2021052500100337,2021년 5월 25일 15시,화요일,경상북도 포항시 남구 이동,경상사고,0,0,1,0,차대차 - 추돌,안전운전불이행,건조,맑음,단일로 - 지하차도(도로)내,승용,여,61세,상해없음,화물,남,40세,경상
2021052500100385,2021년 5월 25일 16시,화요일,경상북도 포항시 남구 해도동,경상사고,0,0,1,0,차대차 - 후진중충돌,안전운전불이행,건조,맑음,기타 - 기타,화물,남,68세,상해없음,승용,남,53세,경상
2021052500100431,2021년 5월 25일 17시,화요일,경상북도 구미시 공단동,경상사고,0,0,1,0,차대차 - 측면충돌,신호위반,건조,맑음,교차로 - 교차로안,승용,여,37세,상해없음,승용,여,52세,경상
2021052500100432,2021년 5월 25일 17시,화요일,경상북도 구미시 선기동,부상신고사고,0,0,0,1,차대차 - 측면충돌,불법유턴,건조,맑음,단일로 - 기타,화물,남,31세,상해없음,이륜,남,18세,부상신고
2021052500100478,2021년 5월 25일 18시,화요일,경상북도 경주시 성건동,중상사고,0,1,0,0,차대사람 - 횡단중,안전운전불이행,건조,맑음,교차로 - 교차로부근,승용,남,25세,상해없음,보행자,여,94세,중상
2021052500100512,2021년 5월 25일 19시,화요일,경상북도 경산시 정평동,경상사고,0,0,1,0,차대차 - 측면충돌,안전거리미확보,건조,맑음,단일로 - 기타,승용,남,46세,상해없음,승용,여,49세,경상
2021052500100537,2021년 5월 25일 20시,화요일,경상북도 안동시 남후면,중상사고,0,1,0,0,차대사람 - 길가장자리구역통행중,안전운전불이행,건조,맑음,단일로 - 기타,승용,남,56세,상해없음,보행자,여,72세,중상
2021052500100538,2021년 5월 25일 20시,화요일,경상북도 구미시 선산읍,경상사고,0,0,1,0,차대차 - 측면충돌,신호위반,건조,맑음,교차로 - 교차로안,승용,여,35세,상해없음,승용,남,37세,경상
2021052500100560,2021년 5월 25일 21시,화요일,경상북도 포항시 북구 죽도동,경상사고,0,0,1,0,차대차 - 측면충돌,안전운전불이행,건조,맑음,교차로 - 교차로안,승용,여,41세,경상,승용,남,63세,상해없음
2021052600100004,2021년 5월 26일 00시,수요일,경상북도 포항시 북구 양덕동,경상사고,0,0,2,0,차대차 - 추돌,교차로운행방법위반,건조,맑음,교차로 - 교차로부근,승용,여,22세,상해없음,승용,남,43세,경상
2021052600100005,2021년 5월 26일 00시,수요일,경상북도 영주시 가흥동,경상사고,0,0,2,0,차대차 - 측면충돌,신호위반,건조,맑음,교차로 - 교차로안,승용,남,23세,상해없음,이륜,남,16세,상해없음
2021052600100006,2021년 5월 26일 00시,수요일,경상북도 포항시 남구 대도동,경상사고,0,0,1,0,차대차 - 추돌,안전운전불이행,건조,맑음,교차로 - 교차로부근,승용,남,22세,상해없음,화물,남,48세,경상
2021052600100020,2021년 5월 26일 02시,수요일,경상북도 구미시 옥계동,중상사고,0,1,0,0,차대차 - 측면충돌,신호위반,건조,맑음,교차로 - 교차로안,승용,남,42세,상해없음,승용,남,31세,중상
2021052600100031,2021년 5월 26일 04시,수요일,경상북도 의성군 금성면,중상사고,0,1,0,0,차량단독 - 공작물충돌,안전운전불이행,건조,흐림,단일로 - 기타,화물,남,55세,중상,,,,
2021052600100046,2021년 5월 26일 06시,수요일,경상북도 봉화군 석포면,경상사고,0,0,2,0,차대차 - 측면충돌,기타,건조,맑음,교차로 - 교차로안,승용,남,64세,상해없음,화물,남,60세,경상
2021052600100061,2021년 5월 26일 07시,수요일,경상북도 포항시 남구 오천읍,중상사고,0,1,0,0,차대차 - 측면충돌,안전운전불이행,건조,맑음,교차로 - 교차로안,승용,여,54세,상해없음,자전거,남,65세,중상
2021052600100096,2021년 5월 26일 08시,수요일,경상북도 영주시 하망동,중상사고,0,1,0,0,차대차 - 정면충돌,안전운전불이행,건조,맑음,교차로 - 교차로안,승용,여,52세,상해없음,자전거,여,69세,중상
2021052600100097,2021년 5월 26일 08시,수요일,경상북도 칠곡군 석적읍,경상사고,0,0,2,0,차대차 - 측면충돌,교차로운행방법위반,건조,맑음,교차로 - 교차로안,승용,여,40세,경상,승용,여,27세,경상
2021052600100098,2021년 5월 26일 08시,수요일,경상북도 문경시 흥덕동,중상사고,0,1,0,0,차대차 - 측면충돌,안전운전불이행,건조,맑음,교차로 - 교차로안,이륜,남,85세,중상,승합,남,63세,상해없음
2021052600100099,2021년 5월 26일 08시,수요일,경상북도 경산시 옥곡동,경상사고,0,0,1,0,차대사람 - 차도통행중,안전운전불이행,기타,맑음,교차로 - 교차로안,승용,여,51세,상해없음,보행자,여,16세,경상
2021052600100100,2021년 5월 26일 08시,수요일,경상북도 군위군 군위읍,경상사고,0,0,1,0,차대차 - 측면충돌,안전운전불이행,건조,맑음,교차로 - 교차로안,승용,여,51세,상해없음,승용,여,52세,경상
2021052600100101,2021년 5월 26일 08시,수요일,경상북도 구미시 산동읍,경상사고,0,0,3,0,차대차 - 측면충돌,안전거리미확보,건조,맑음,교차로 - 교차로부근,승용,여,51세,상해없음,승용,여,41세,경상
2021052600100102,2021년 5월 26일 08시,수요일,경상북도 포항시 남구 해도동,경상사고,0,0,1,0,차대차 - 추돌,안전거리미확보,건조,맑음,교차로 - 교차로안,승합,남,64세,상해없음,승용,여,31세,경상
2021052600100186,2021년 5월 26일 11시,수요일,경상북도 안동시 와룡면,사망사고,1,2,0,0,차대차 - 정면충돌,중앙선침범,건조,맑음,단일로 - 기타,승합,남,80세,사망,승용,남,62세,중상
2021052600100187,2021년 5월 26일 11시,수요일,경상북도 군위군 소보면,경상사고,0,0,1,0,차대차 - 측면충돌,안전운전불이행,건조,맑음,단일로 - 기타,농기계,남,72세,상해없음,화물,여,69세,경상
2021052600100215,2021년 5월 26일 12시,수요일,경상북도 안동시 임하면,중상사고,0,1,0,0,차량단독 - 기타,안전운전불이행,건조,맑음,단일로 - 기타,개인형이동수단(PM),남,30세,중상,,,,
2021052600100216,2021년 5월 26일 12시,수요일,경상북도 영천시 오미동,경상사고,0,0,2,0,차대차 - 정면충돌,중앙선침범,건조,맑음,단일로 - 기타,화물,남,48세,상해없음,화물,남,74세,경상
2021052600100238,2021년 5월 26일 13시,수요일,경상북도 김천시 어모면,사망사고,1,0,0,0,차량단독 - 전도전복 - 전도,안전운전불이행,건조,맑음,단일로 - 기타,이륜,남,78세,사망,,,,
2021052600100239,2021년 5월 26일 13시,수요일,경상북도 칠곡군 가산면,경상사고,0,0,2,1,차대차 - 측면충돌,안전운전불이행,건조,맑음,단일로 - 기타,화물,남,49세,상해없음,승용,여,62세,경상
2021052600100240,2021년 5월 26일 13시,수요일,경상북도 칠곡군 가산면,중상사고,0,1,0,0,차대차 - 측면충돌,안전운전불이행,건조,맑음,단일로 - 기타,건설기계,남,33세,상해없음,승용,남,60세,중상
2021052600100241,2021년 5월 26일 13시,수요일,경상북도 군위군 삼국유사면,사망사고,1,1,0,0,차대차 - 추돌,안전운전불이행,건조,맑음,교차로 - 교차로안,이륜,남,81세,사망,승용,남,59세,상해없음
2021052600100270,2021년 5월 26일 14시,수요일,경상북도 안동시 옥동,경상사고,0,0,2,0,차대차 - 측면충돌,교차로운행방법위반,건조,맑음,단일로 - 기타,승용,여,63세,경상,이륜,남,48세,경상
2021052600100301,2021년 5월 26일 15시,수요일,경상북도 포항시 북구 흥해읍,중상사고,0,1,0,0,차대사람 - 기타,중앙선침범,건조,맑음,단일로 - 기타,이륜,남,41세,상해없음,보행자,여,59세,중상
2021052600100302,2021년 5월 26일 15시,수요일,경상북도 경산시 진량읍,중상사고,0,1,0,0,차대사람 - 횡단중,안전운전불이행,건조,맑음,단일로 - 기타,승용,여,40세,상해없음,보행자,여,69세,중상
2021052600100303,2021년 5월 26일 15시,수요일,경상북도 구미시 진평동,경상사고,0,0,1,0,차대차 - 추돌,안전운전불이행,건조,맑음,교차로 - 교차로부근,승용,남,76세,상해없음,이륜,남,22세,경상
2021052600100333,2021년 5월 26일 16시,수요일,경상북도 영양군 일월면,경상사고,0,0,1,0,차량단독 - 공작물충돌,안전운전불이행,건조,맑음,단일로 - 기타,승용,여,52세,경상,,,,
2021052600100380,2021년 5월 26일 17시,수요일,경상북도 구미시 공단동,경상사고,0,0,1,0,차대차 - 측면충돌,신호위반,건조,맑음,교차로 - 교차로부근,승합,남,62세,상해없음,승용,남,37세,경상
2021052600100428,2021년 5월 26일 18시,수요일,경상북도 경주시 황오동,경상사고,0,0,2,0,차대차 - 추돌,안전운전불이행,건조,맑음,단일로 - 지하차도(도로)내,승용,여,46세,상해없음,승용,여,29세,경상
2021052600100429,2021년 5월 26일 18시,수요일,경상북도 안동시 광석동,경상사고,0,0,1,0,차대사람 - 기타,안전운전불이행,건조,맑음,단일로 - 기타,자전거,남,14세,기타불명,보행자,여,82세,경상
2021052600100431,2021년 5월 26일 18시,수요일,경상북도 포항시 남구 구룡포읍,경상사고,0,0,1,0,차대차 - 측면충돌,직진우회전진행방해,건조,맑음,교차로 - 교차로안,승용,남,20세,상해없음,승용,남,63세,경상
2021052600100458,2021년 5월 26일 19시,수요일,경상북도 경산시 사동,경상사고,0,0,1,0,차대사람 - 기타,안전운전불이행,건조,맑음,교차로 - 교차로부근,화물,남,52세,상해없음,보행자,남,59세,경상
2021052600100459,2021년 5월 26일 19시,수요일,경상북도 울진군 울진읍,중상사고,0,1,0,0,차대사람 - 길가장자리구역통행중,안전운전불이행,건조,맑음,기타 - 기타,승용,여,72세,상해없음,보행자,남,18세,중상
2021052600100483,2021년 5월 26일 20시,수요일,경상북도 경산시 하양읍,경상사고,0,0,1,0,차대차 - 측면충돌,중앙선침범,건조,맑음,단일로 - 기타,승용,남,42세,상해없음,승용,남,35세,경상
2021052600100484,2021년 5월 26일 20시,수요일,경상북도 구미시 사곡동,경상사고,0,0,2,0,차대차 - 측면충돌,안전운전불이행,건조,맑음,단일로 - 기타,승용,남,49세,상해없음,승용,남,55세,경상
2021052600100507,2021년 5월 26일 21시,수요일,경상북도 영주시 하망동,중상사고,0,1,0,0,차대사람 - 기타,안전운전불이행,건조,맑음,교차로 - 교차로부근,승용,남,42세,상해없음,보행자,남,48세,중상
2021052600100508,2021년 5월 26일 21시,수요일,경상북도 영주시 가흥동,경상사고,0,0,1,0,차대차 - 후진중충돌,안전운전불이행,건조,맑음,단일로 - 기타,승용,여,31세,상해없음,원동기,남,41세,경상