사고번호,사고일시,요일,시군구,사고내용,사망자수,중상자수,경상자수,부상신고자수,사고유형,법규위반,노면상태,기상상태,도로형태,가해운전자 차종,가해운전자 성별,가해운전자 연령,가해운전자 상해정도,피해운전자 차종,피해운전자 성별,피해운전자 연령,피해운전자 상해정도
2021060300100105,2021년 6월 3일 08시,목요일,경상북도 경주시 충효동,경상사고,0,0,2,0,차대차 - 측면충돌,안전운전불이행,건조,흐림,교차로 - 교차로부근,승용,남,48세,경상,승용,여,44세,경상
2021060300100106,2021년 6월 3일 08시,목요일,경상북도 문경시 흥덕동,경상사고,0,0,1,0,차대사람 - 차도통행중,안전운전불이행,건조,맑음,단일로 - 기타,기타불명,남,36세,상해없음,보행자,여,72세,경상
2021060300100107,2021년 6월 3일 08시,목요일,경상북도 경산시 진량읍,경상사고,0,0,1,0,차대차 - 측면충돌,안전거리미확보,건조,맑음,단일로 - 기타,화물,남,50세,상해없음,승용,여,51세,경상
2021060300100108,2021년 6월 3일 08시,목요일,경상북도 영덕군 영해면,중상사고,0,1,0,0,차대차 - 측면충돌,중앙선침범,건조,맑음,단일로 - 기타,승용,여,46세,상해없음,자전거,남,77세,중상
2021060300100126,2021년 6월 3일 09시,목요일,경상북도 경주시 감포읍,경상사고,0,0,2,0,차대차 - 추돌,안전운전불이행,젖음/습기,비,교차로 - 교차로부근,화물,남,34세,경상,화물,남,63세,경상
2021060300100127,2021년 6월 3일 09시,목요일,경상북도 영천시 화룡동,경상사고,0,0,3,0,차대차 - 추돌,안전운전불이행,젖음/습기,비,교차로 - 교차로안,승용,여,59세,상해없음,승용,여,43세,경상
2021060300100128,2021년 6월 3일 09시,목요일,경상북도 구미시 무을면,중상사고,0,1,0,0,차대사람 - 기타,안전운전불이행,건조,맑음,교차로 - 교차로안,화물,남,64세,상해없음,보행자,여,89세,중상
2021060300100129,2021년 6월 3일 09시,목요일,경상북도 구미시 송정동,경상사고,0,0,2,0,차대차 - 측면충돌,안전운전불이행,젖음/습기,비,단일로 - 기타,화물,남,60세,상해없음,승용,남,82세,상해없음
2021060300100130,2021년 6월 3일 09시,목요일,경상북도 포항시 남구 구룡포읍,중상사고,0,1,0,0,차대사람 - 횡단중,안전운전불이행,건조,맑음,교차로 - 교차로안,이륜,여,56세,상해없음,보행자,남,74세,중상
2021060300100160,2021년 6월 3일 10시,목요일,경상북도 예천군 예천읍,중상사고,0,1,2,0,차대차 - 측면충돌,직진우회전진행방해,젖음/습기,비,교차로 - 교차로안,화물,남,41세,상해없음,승용,남,55세,중상
2021060300100161,2021년 6월 3일 10시,목요일,경상북도 포항시 남구 대잠동,경상사고,0,0,1,0,차대차 - 기타,교차로운행방법위반,건조,맑음,교차로 - 교차로부근,승용,남,62세,상해없음,이륜,남,25세,경상
2021060300100181,2021년 6월 3일 11시,목요일,경상북도 포항시 북구 대흥동,경상사고,0,0,1,0,차대차 - 측면충돌,신호위반,젖음/습기,비,교차로 - 교차로횡단보도내,승용,남,69세,상해없음,자전거,여,66세,경상
2021060300100182,2021년 6월 3일 11시,목요일,경상북도 구미시 선산읍,중상사고,0,1,1,0,차대차 - 측면충돌,직진우회전진행방해,젖음/습기,비,교차로 - 교차로안,승용,남,26세,중상,승용,남,50세,경상
2021060300100183,2021년 6월 3일 11시,목요일,경상북도 포항시 남구 연일읍,경상사고,0,0,3,1,차대차 - 추돌,안전운전불이행,젖음/습기,비,단일로 - 지하차도(도로)내,승용,남,66세,상해없음,승용,남,54세,경상
2021060300100219,2021년 6월 3일 12시,목요일,경상북도 구미시 형곡동,중상사고,0,1,0,1,차대차 - 기타,안전운전불이행,젖음/습기,비,교차로 - 교차로안,승용,여,59세,부상신고,원동기,남,30세,중상
2021060300100244,2021년 6월 3일 13시,목요일,경상북도 포항시 북구 죽장면,중상사고,0,2,4,0,차대차 - 정면충돌,중앙선침범,젖음/습기,비,단일로 - 기타,승용,여,62세,중상,승합,남,60세,경상
2021060300100245,2021년 6월 3일 13시,목요일,경상북도 칠곡군 왜관읍,경상사고,0,0,1,0,차대차 - 측면충돌,기타,젖음/습기,비,교차로 - 교차로안,화물,남,48세,상해없음,화물,남,45세,경상
2021060300100246,2021년 6월 3일 13시,목요일,경상북도 구미시 상모동,경상사고,0,0,1,0,차대차 - 측면충돌,직진우회전진행방해,젖음/습기,비,교차로 - 교차로안,승용,남,65세,상해없음,원동기,남,38세,경상
2021060300100247,2021년 6월 3일 13시,목요일,경상북도 상주시 이안면,중상사고,0,1,3,0,차대차 - 추돌,안전거리미확보,젖음/습기,흐림,단일로 - 기타,화물,남,57세,경상,화물,남,70세,중상
2021060300100279,2021년 6월 3일 14시,목요일,경상북도 영천시 서산동,경상사고,0,0,1,0,차대차 - 기타,신호위반,젖음/습기,비,교차로 - 교차로안,화물,남,60세,상해없음,이륜,남,36세,경상
2021060300100305,2021년 6월 3일 15시,목요일,경상북도 경산시 하양읍,경상사고,0,0,1,0,차대차 - 추돌,안전운전불이행,건조,맑음,교차로 - 교차로부근,승용,여,20세,상해없음,승용,여,34세,경상
2021060300100306,2021년 6월 3일 15시,목요일,경상북도 성주군 성주읍,경상사고,0,0,1,0,차대차 - 측면충돌,신호위반,젖음/습기,비,교차로 - 교차로안,승용,여,55세,상해없음,승용,여,45세,경상
2021060300100334,2021년 6월 3일 16시,목요일,경상북도 포항시 남구 상도동,경상사고,0,0,1,0,차대차 - 측면충돌,안전운전불이행,젖음/습기,비,단일로 - 기타,승용,여,43세,상해없음,승용,여,57세,경상
2021060300100369,2021년 6월 3일 17시,목요일,경상북도 경산시 사동,중상사고,0,1,0,0,차대사람 - 기타,보행자보호의무위반,젖음/습기,비,단일로 - 기타,이륜,남,18세,상해없음,보행자,여,53세,중상
2021060300100370,2021년 6월 3일 17시,목요일,경상북도 포항시 남구 대도동,경상사고,0,0,1,0,차대차 - 측면충돌,안전운전불이행,젖음/습기,비,단일로 - 기타,승용,여,55세,상해없음,이륜,남,42세,경상
2021060300100414,2021년 6월 3일 18시,목요일,경상북도 경주시 동천동,경상사고,0,0,1,0,차대차 - 측면충돌,안전운전불이행,젖음/습기,비,교차로 - 교차로부근,승용,여,64세,상해없음,승용,여,26세,경상
2021060300100415,2021년 6월 3일 18시,목요일,경상북도 영덕군 영해면,경상사고,0,0,1,0,차대차 - 측면충돌,안전운전불이행,젖음/습기,비,교차로 - 교차로부근,자전거,여,82세,경상,승용,여,66세,상해없음
2021060300100416,2021년 6월 3일 18시,목요일,경상북도 구미시 임은동,경상사고,0,0,1,0,차대차 - 측면충돌,안전거리미확보,건조,맑음,교차로 - 교차로안,승용,여,63세,상해없음,승용,여,34세,경상
2021060300100462,2021년 6월 3일 19시,목요일,경상북도 봉화군 법전면,중상사고,0,1,0,0,차량단독 - 공작물충돌,안전운전불이행,젖음/습기,비,단일로 - 기타,화물,남,65세,중상,,,,
2021060300100552,2021년 6월 3일 21시,목요일,경상북도 안동시 신안동,경상사고,0,0,5,0,차대차 - 추돌,안전거리미확보,젖음/습기,비,교차로 - 교차로부근,승용,남,49세,상해없음,승용,남,62세,경상
2021060300100553,2021년 6월 3일 21시,목요일,경상북도 의성군 의성읍,경상사고,0,0,2,0,차대차 - 측면충돌,직진우회전진행방해,젖음/습기,비,교차로 - 교차로안,승용,남,42세,경상,승용,남,45세,상해없음
2021060300100554,2021년 6월 3일 21시,목요일,경상북도 경산시 중방동,경상사고,0,0,1,0,차대사람 - 횡단중,보행자보호의무위반,젖음/습기,비,교차로 - 교차로횡단보도내,승용,남,45세,상해없음,보행자,남,70세,경상
2021060300100555,2021년 6월 3일 21시,목요일,경상북도 구미시 남통동,경상사고,0,0,1,0,차대차 - 추돌,안전운전불이행,젖음/습기,비,단일로 - 기타,승용,남,43세,기타불명,승용,남,30세,상해없음
2021060300100611,2021년 6월 3일 22시,목요일,경상북도 포항시 북구 우현동,경상사고,0,0,1,0,차대차 - 측면충돌,안전거리미확보,건조,맑음,단일로 - 기타,승용,여,27세,상해없음,승용,여,29세,경상
2021060300100612,2021년 6월 3일 22시,목요일,경상북도 경산시 정평동,경상사고,0,0,1,0,차대차 - 추돌,안전운전불이행,젖음/습기,비,단일로 - 기타,승용,남,33세,상해없음,승용,여,30세,경상
2021060300100641,2021년 6월 3일 23시,목요일,경상북도 칠곡군 석적읍,경상사고,0,0,1,0,차대차 - 추돌,안전운전불이행,젖음/습기,비,교차로 - 교차로부근,승합,남,42세,상해없음,승합,남,63세,경상
2021060300100642,2021년 6월 3일 23시,목요일,경상북도 경산시 진량읍,경상사고,0,0,1,0,차대사람 - 횡단중,안전운전불이행,젖음/습기,비,단일로 - 기타,화물,남,50세,상해없음,보행자,남,39세,경상
2021060300100643,2021년 6월 3일 23시,목요일,경상북도 포항시 남구 장흥동,부상신고사고,0,0,0,1,차대차 - 추돌,안전거리미확보,건조,맑음,단일로 - 기타,승용,남,21세,부상신고,특수,남,59세,상해없음
2021060400100008,2021년 6월 4일 00시,금요일,경상북도 상주시 낙양동,경상사고,0,0,1,0,차대차 - 측면충돌,직진우회전진행방해,젖음/습기,흐림,교차로 - 교차로안,승용,남,42세,상해없음,이륜,남,40세,경상
2021060400100019,2021년 6월 4일 01시,금요일,경상북도 칠곡군 동명면,경상사고,0,0,1,0,차량단독 - 공작물충돌,안전운전불이행,건조,맑음,교차로 - 교차로부근,화물,여,63세,경상,,,,
2021060400100064,2021년 6월 4일 07시,금요일,경상북도 포항시 북구 양덕동,경상사고,0,0,1,0,차대차 - 기타,기타,건조,맑음,교차로 - 교차로안,승용,기타불명,미분류,기타불명,승용,남,40세,경상
2021060400100065,2021년 6월 4일 07시,금요일,경상북도 구미시 원평동,경상사고,0,0,3,0,차대차 - 측면충돌,교차로운행방법위반,건조,맑음,교차로 - 교차로안,화물,남,72세,경상,승용,여,38세,경상
2021060400100102,2021년 6월 4일 08시,금요일,경상북도 상주시 거동동,경상사고,0,0,1,0,차량단독 - 기타,안전운전불이행,건조,맑음,기타 - 기타,화물,남,59세,경상,,,,
2021060400100103,2021년 6월 4일 08시,금요일,경상북도 구미시 구평동,경상사고,0,0,1,0,차대차 - 기타,안전운전불이행,건조,맑음,단일로 - 기타,승합,남,70세,상해없음,승용,남,19세,경상
2021060400100104,2021년 6월 4일 08시,금요일,경상북도 구미시 진평동,경상사고,0,0,1,0,차대차 - 측면충돌,교차로운행방법위반,건조,맑음,교차로 - 교차로안,승용,남,53세,상해없음,승용,여,24세,경상
2021060400100170,2021년 6월 4일 10시,금요일,경상북도 경산시 중방동,중상사고,0,1,0,0,차대차 - 측면충돌,직진우회전진행방해,건조,맑음,교차로 - 교차로안,승용,남,52세,상해없음,이륜,남,51세,중상
2021060400100171,2021년 6월 4일 10시,금요일,경상북도 봉화군 법전면,중상사고,0,7,0,0,차대차 - 정면충돌,중앙선침범,건조,맑음,단일로 - 기타,화물,남,73세,중상,승합,남,58세,중상
2021060400100203,2021년 6월 4일 11시,금요일,경상북도 상주시 사벌국면,중상사고,0,1,0,0,차대차 - 추돌,안전운전불이행,건조,맑음,단일로 - 기타,화물,남,57세,상해없음,자전거,여,58세,중상
2021060400100204,2021년 6월 4일 11시,금요일,경상북도 칠곡군 북삼읍,중상사고,0,1,0,0,차대차 - 후진중충돌,안전운전불이행,건조,맑음,교차로 - 교차로안,승용,여,46세,상해없음,화물,남,61세,중상
2021060400100231,2021년 6월 4일 12시,금요일,경상북도 포항시 북구 항구동,중상사고,0,1,0,0,차대차 - 기타,교차로운행방법위반,건조,맑음,교차로 - 교차로안,승용,남,33세,상해없음,자전거,남,70세,중상
2021060400100232,2021년 6월 4일 12시,금요일,경상북도 영주시 장수면,중상사고,0,3,0,0,차대차 - 측면충돌,중앙선침범,건조,맑음,단일로 - 기타,특수,남,64세,상해없음,승용,남,81세,중상
2021060400100311,2021년 6월 4일 14시,금요일,경상북도 안동시 용상동,중상사고,0,2,2,0,차대차 - 추돌,안전거리미확보,건조,맑음,단일로 - 교량,화물,남,67세,상해없음,승용,남,72세,중상
2021060400100312,2021년 6월 4일 14시,금요일,경상북도 영천시 완산동,경상사고,0,0,2,0,차대차 - 측면충돌,안전운전불이행,건조,맑음,단일로 - 기타,승용,남,73세,경상,승용,남,66세,경상
2021060400100313,2021년 6월 4일 14시,금요일,경상북도 청도군 청도읍,중상사고,0,1,0,0,차대차 - 추돌,보행자보호의무위반,건조,맑음,단일로 - 기타,승용,남,74세,상해없음,화물,남,58세,상해없음
2021060400100314,2021년 6월 4일 14시,금요일,경상북도 구미시 진평동,경상사고,0,0,2,0,차대차 - 추돌,안전운전불이행,건조,맑음,교차로 - 교차로부근,화물,남,48세,상해없음,승용,남,30세,경상
2021060400100315,2021년 6월 4일 14시,금요일,경상북도 구미시 송정동,중상사고,0,1,0,0,차대차 - 기타,안전운전불이행,건조,맑음,단일로 - 기타,자전거,남,11세,중상,승용,남,47세,상해없음
2021060400100359,2021년 6월 4일 15시,금요일,경상북도 김천시 부곡동,중상사고,0,1,2,0,차대차 - 측면충돌,기타,건조,맑음,교차로 - 교차로안,화물,남,66세,경상,승용,여,57세,중상
2021060400100360,2021년 6월 4일 15시,금요일,경상북도 상주시 함창읍,경상사고,0,0,1,0,차대차 - 추돌,안전운전불이행,건조,맑음,단일로 - 기타,승용,남,64세,상해없음,화물,남,60세,상해없음
2021060400100411,2021년 6월 4일 16시,금요일,경상북도 경주시 황성동,중상사고,0,1,0,0,차대차 - 측면충돌,안전운전불이행,건조,맑음,교차로 - 교차로안,화물,남,36세,상해없음,자전거,남,24세,중상
2021060400100468,2021년 6월 4일 17시,금요일,경상북도 포항시 북구 우현동,중상사고,0,1,0,0,차대사람 - 횡단중,안전운전불이행,건조,맑음,단일로 - 기타,승용,여,59세,상해없음,보행자,남,10세,중상
2021060400100469,2021년 6월 4일 17시,금요일,경상북도 칠곡군 왜관읍,경상사고,0,0,1,0,차대차 - 추돌,안전운전불이행,건조,맑음,단일로 - 기타,승용,남,60세,상해없음,화물,남,47세,경상
2021060400100470,2021년 6월 4일 17시,금요일,경상북도 구미시 송정동,중상사고,0,1,0,0,차대차 - 기타,안전운전불이행,건조,맑음,기타 - 기타,승용,남,52세,상해없음,자전거,여,57세,중상
2021060400100523,2021년 6월 4일 18시,금요일,경상북도 포항시 북구 득량동,경상사고,0,0,1,0,차대차 - 기타,교차로운행방법위반,건조,맑음,교차로 - 교차로안,승용,남,44세,상해없음,승용,남,41세,경상
2021060400100524,2021년 6월 4일 18시,금요일,경상북도 상주시 낙양동,경상사고,0,0,2,0,차대차 - 측면충돌,안전운전불이행,건조,맑음,교차로 - 교차로안,이륜,남,24세,경상,승용,여,47세,경상
2021060400100525,2021년 6월 4일 18시,금요일,경상북도 성주군 초전면,경상사고,0,0,1,0,차대사람 - 기타,중앙선침범,건조,맑음,단일로 - 기타,화물,남,60세,상해없음,보행자,남,65세,경상
2021060400100575,2021년 6월 4일 19시,금요일,경상북도 경주시 동천동,중상사고,0,1,1,0,차대차 - 측면충돌,중앙선침범,건조,맑음,단일로 - 교량,승용,남,79세,상해없음,승용,남,69세,상해없음
2021060400100576,2021년 6월 4일 19시,금요일,경상북도 의성군 다인면,중상사고,0,2,0,0,차대차 - 추돌,안전운전불이행,건조,맑음,단일로 - 기타,화물,남,39세,상해없음,농기계,남,60세,중상
2021060400100577,2021년 6월 4일 19시,금요일,경상북도 경산시 하양읍,경상사고,0,0,1,0,차대차 - 기타,안전운전불이행,건조,맑음,기타 - 기타,승용,여,47세,상해없음,승용,여,51세,경상
2021060400100578,2021년 6월 4일 19시,금요일,경상북도 구미시 상모동,경상사고,0,0,1,0,차대차 - 기타,안전운전불이행,건조,맑음,교차로 - 교차로안,승용,여,62세,상해없음,승용,남,49세,경상
2021060400100662,2021년 6월 4일 22시,금요일,경상북도 칠곡군 왜관읍,경상사고,0,0,2,0,차대사람 - 횡단중,보행자보호의무위반,건조,맑음,교차로 - 교차로부근,승용,남,57세,상해없음,보행자,남,60세,경상
2021060400100663,2021년 6월 4일 22시,금요일,경상북도 포항시 남구 해도동,중상사고,0,2,0,0,차대차 - 측면충돌,신호위반,건조,맑음,교차로 - 교차로안,승용,남,78세,중상,승용,남,49세,중상
2021060500100011,2021년 6월 5일 00시,토요일,경상북도 경주시 동방동,중상사고,0,1,1,0,차대차 - 측면충돌,기타,건조,맑음,단일로 - 지하차도(도로)내,승용,여,20세,상해없음,승용,남,50세,중상
2021060500100012,2021년 6월 5일 00시,토요일,경상북도 경주시 외동읍,경상사고,0,0,1,0,차대차 - 추돌,안전운전불이행,건조,맑음,교차로 - 교차로안,승용,남,32세,상해없음,승용,남,21세,경상
2021060500100025,2021년 6월 5일 01시,토요일,경상북도 안동시 태화동,경상사고,0,0,1,0,차대차 - 기타,안전운전불이행,건조,맑음,단일로 - 기타,개인형이동수단(PM),남,28세,경상,건설기계,여,40세,기타불명
2021060500100042,2021년 6월 5일 03시,토요일,경상북도 안동시 북후면,중상사고,0,1,1,0,차량단독 - 공작물충돌,안전운전불이행,건조,맑음,단일로 - 기타,승용,여,27세,중상,,,,
2021060500100057,2021년 6월 5일 06시,토요일,경상북도 구미시 선산읍,경상사고,0,0,1,0,차대차 - 측면충돌,안전운전불이행,건조,맑음,단일로 - 기타,이륜,남,67세,경상,승용,여,64세,상해없음
2021060500100069,2021년 6월 5일 07시,토요일,경상북도 포항시 북구 죽도동,경상사고,0,0,4,0,차대차 - 측면충돌,중앙선침범,건조,맑음,단일로 - 기타,이륜,남,24세,상해없음,승용,남,58세,경상
2021060500100083,2021년 6월 5일 08시,토요일,경상북도 칠곡군 석적읍,경상사고,0,0,1,0,차대차 - 측면충돌,안전운전불이행,건조,맑음,교차로 - 교차로부근,화물,남,51세,상해없음,자전거,여,33세,경상
2021060500100084,2021년 6월 5일 08시,토요일,경상북도 경산시 진량읍,사망사고,1,0,0,0,차대차 - 추돌,안전운전불이행,건조,맑음,단일로 - 기타,승용,남,52세,상해없음,농기계,남,74세,사망
2021060500100085,2021년 6월 5일 08시,토요일,경상북도 울진군 근남면,중상사고,0,1,0,0,차대차 - 측면충돌,안전운전불이행,건조,맑음,단일로 - 기타,이륜,남,75세,중상,승용,여,45세,상해없음
2021060500100107,2021년 6월 5일 09시,토요일,경상북도 성주군 성주읍,중상사고,0,1,2,0,차대차 - 기타,안전운전불이행,건조,맑음,교차로 - 교차로안,승용,여,41세,중상,화물,남,71세,경상
2021060500100141,2021년 6월 5일 10시,토요일,경상북도 안동시 수상동,경상사고,0,0,1,0,차대차 - 측면충돌,안전운전불이행,건조,맑음,단일로 - 기타,화물,남,60세,상해없음,승용,여,53세,경상
2021060500100142,2021년 6월 5일 10시,토요일,경상북도 칠곡군 석적읍,경상사고,0,0,1,0,차대차 - 측면충돌,교차로운행방법위반,건조,맑음,교차로 - 교차로안,승용,여,33세,상해없음,승용,남,41세,경상
2021060500100143,2021년 6월 5일 10시,토요일,경상북도 문경시 가은읍,경상사고,0,0,2,0,차대차 - 정면충돌,직진우회전진행방해,건조,맑음,교차로 - 교차로안,승용,남,55세,상해없음,승용,여,52세,경상
2021060500100144,2021년 6월 5일 10시,토요일,경상북도 울진군 온정면,경상사고,0,0,3,0,차대차 - 정면충돌,중앙선침범,건조,맑음,단일로 - 기타,화물,남,55세,경상,승용,남,50세,경상
2021060500100145,2021년 6월 5일 10시,토요일,경상북도 구미시 신평동,경상사고,0,0,2,0,차대차 - 기타,교차로운행방법위반,건조,맑음,교차로 - 교차로부근,승용,여,59세,기타불명,승용,남,21세,경상
2021060500100188,2021년 6월 5일 11시,토요일,경상북도 경주시 감포읍,경상사고,0,0,1,0,차대사람 - 길가장자리구역통행중,안전운전불이행,건조,맑음,단일로 - 기타,승용,여,60세,상해없음,보행자,여,37세,경상
2021060500100189,2021년 6월 5일 11시,토요일,경상북도 포항시 북구 우현동,중상사고,0,2,0,0,차대차 - 측면충돌,교차로운행방법위반,건조,맑음,교차로 - 교차로부근,건설기계,남,64세,상해없음,승용,남,77세,중상
2021060500100190,2021년 6월 5일 11시,토요일,경상북도 김천시 성내동,경상사고,0,0,1,0,차대차 - 추돌,안전운전불이행,건조,맑음,교차로 - 교차로부근,승용,남,71세,상해없음,승용,여,38세,경상
2021060500100191,2021년 6월 5일 11시,토요일,경상북도 성주군 월항면,경상사고,0,0,2,0,차대차 - 측면충돌,중앙선침범,건조,맑음,단일로 - 기타,승용,여,72세,상해없음,승용,남,35세,경상
2021060500100237,2021년 6월 5일 12시,토요일,경상북도 포항시 북구 장성동,중상사고,0,1,0,0,차대차 - 측면충돌,안전운전불이행,건조,맑음,단일로 - 기타,승용,여,55세,상해없음,이륜,남,24세,중상
2021060500100297,2021년 6월 5일 13시,토요일,경상북도 김천시 구성면,중상사고,0,1,0,1,차대차 - 정면충돌,중앙선침범,건조,맑음,단일로 - 기타,화물,남,56세,부상신고,화물,남,68세,중상
2021060500100343,2021년 6월 5일 14시,토요일,경상북도 영주시 가흥동,경상사고,0,0,1,0,차대사람 - 기타,안전운전불이행,건조,맑음,단일로 - 기타,승용,여,56세,상해없음,보행자,남,22세,경상
2021060500100344,2021년 6월 5일 14시,토요일,경상북도 성주군 용암면,경상사고,0,0,1,0,차대사람 - 기타,안전운전불이행,건조,맑음,단일로 - 기타,승용,여,68세,상해없음,보행자,여,72세,경상
2021060500100345,2021년 6월 5일 14시,토요일,경상북도 구미시 산동읍,부상신고사고,0,0,0,1,차량단독 - 도로외이탈 - 기타,안전운전불이행,건조,맑음,단일로 - 기타,승용,남,58세,부상신고,,,,
2021060500100385,2021년 6월 5일 15시,토요일,경상북도 성주군 선남면,중상사고,0,1,0,0,차대차 - 기타,안전운전불이행,건조,맑음,단일로 - 기타,승용,여,54세,상해없음,자전거,여,69세,중상
2021060500100433,2021년 6월 5일 16시,토요일,경상북도 영주시 영주동,경상사고,0,0,1,0,차대차 - 추돌,안전운전불이행,건조,맑음,단일로 - 기타,승용,남,52세,상해없음,승용,남,42세,경상
2021060500100460,2021년 6월 5일 17시,토요일,경상북도 경주시 노동동,경상사고,0,0,1,0,차대사람 - 차도통행중,안전운전불이행,건조,맑음,단일로 - 지하차도(도로)내,승용,남,62세,상해없음,보행자,여,62세,경상
2021060500100461,2021년 6월 5일 17시,토요일,경상북도 안동시 송현동,경상사고,0,0,1,0,차대차 - 추돌,안전운전불이행,건조,맑음,기타 - 기타,승용,남,70세,상해없음,승용,여,63세,경상
2021060500100462,2021년 6월 5일 17시,토요일,경상북도 구미시 원평동,중상사고,0,1,0,0,차대차 - 기타,안전운전불이행,건조,맑음,교차로 - 교차로안,이륜,남,52세,중상,화물,남,67세,상해없음
2021060500100493,2021년 6월 5일 18시,토요일,경상북도 봉화군 봉화읍,사망사고,1,0,0,0,차량단독 - 기타,안전운전불이행,건조,맑음,기타 - 기타,이륜,남,31세,사망,,,,
2021060500100546,2021년 6월 5일 20시,토요일,경상북도 경산시 하양읍,경상사고,0,0,2,0,차대차 - 추돌,안전거리미확보,건조,맑음,단일로 - 기타,승용,남,52세,상해없음,승용,남,71세,경상
2021060500100588,2021년 6월 5일 22시,토요일,경상북도 봉화군 석포면,부상신고사고,0,0,0,1,차대차 - 추돌,안전운전불이행,건조,맑음,단일로 - 기타,승용,남,49세,상해없음,승용,남,64세,부상신고
2021060600100024,2021년 6월 6일 02시,일요일,경상북도 포항시 남구 상도동,중상사고,0,1,0,0,차대차 - 측면충돌,차로위반,건조,맑음,단일로 - 기타,승용,남,66세,상해없음,이륜,남,37세,중상
2021060600100031,2021년 6월 6일 03시,일요일,경상북도 경주시 동천동,부상신고사고,0,0,0,1,차량단독 - 전도전복 - 전도,안전운전불이행,건조,맑음,단일로 - 기타,이륜,남,19세,부상신고,,,,
2021060600100032,2021년 6월 6일 03시,일요일,경상북도 포항시 북구 장성동,경상사고,0,0,1,0,차대차 - 추돌,안전운전불이행,건조,맑음,교차로 - 교차로부근,승용,남,53세,상해없음,승용,여,57세,경상
2021060600100043,2021년 6월 6일 05시,일요일,경상북도 상주시 함창읍,경상사고,0,0,1,0,차대차 - 추돌,안전운전불이행,건조,맑음,단일로 - 기타,승용,남,47세,상해없음,승용,남,49세,경상
2021060600100049,2021년 6월 6일 06시,일요일,경상북도 포항시 남구 호미곶면,경상사고,0,0,1,0,차량단독 - 공작물충돌,안전운전불이행,건조,맑음,단일로 - 기타,승용,남,38세,경상,,,,
2021060600100058,2021년 6월 6일 07시,일요일,경상북도 상주시 모서면,중상사고,0,1,0,0,차량단독 - 공작물충돌,안전운전불이행,건조,맑음,단일로 - 기타,화물,남,74세,상해없음,,,,
2021060600100090,2021년 6월 6일 10시,일요일,경상북도 경주시 동방동,경상사고,0,0,2,0,차대차 - 측면충돌,안전운전불이행,건조,맑음,단일로 - 기타,승용,여,43세,상해없음,화물,남,59세,경상
2021060600100091,2021년 6월 6일 10시,일요일,경상북도 포항시 남구 대잠동,경상사고,0,0,1,0,차대차 - 측면충돌,안전거리미확보,건조,맑음,단일로 - 기타,승용,남,65세,상해없음,승용,여,28세,경상
2021060600100136,2021년 6월 6일 12시,일요일,경상북도 성주군 성주읍,경상사고,0,0,1,0,차량단독 - 전도전복 - 전도,안전운전불이행,건조,맑음,단일로 - 기타,이륜,남,67세,경상,,,,
2021060600100168,2021년 6월 6일 13시,일요일,경상북도 상주시 함창읍,경상사고,0,0,1,0,차대차 - 기타,안전운전불이행,건조,맑음,단일로 - 기타,승용,여,69세,상해없음,이륜,남,39세,경상
2021060600100205,2021년 6월 6일 14시,일요일,경상북도 영천시 망정동,중상사고,0,1,0,0,차대사람 - 횡단중,보행자보호의무위반,건조,맑음,단일로 - 기타,승용,여,63세,상해없음,보행자,여,77세,중상
2021060600100231,2021년 6월 6일 15시,일요일,경상북도 경주시 황오동,경상사고,0,0,2,0,차대차 - 측면충돌,안전운전불이행,건조,맑음,단일로 - 기타,화물,남,63세,상해없음,승용,여,41세,경상
2021060600100232,2021년 6월 6일 15시,일요일,경상북도 구미시 형곡동,중상사고,0,1,0,0,차대사람 - 횡단중,보행자보호의무위반,건조,맑음,교차로 - 교차로횡단보도내,이륜,남,18세,상해없음,보행자,여,69세,중상
2021060600100233,2021년 6월 6일 15시,일요일,경상북도 포항시 남구 호미곶면,경상사고,0,0,4,0,차대차 - 기타,불법유턴,건조,맑음,단일로 - 기타,승용,남,52세,상해없음,승용,여,50세,경상
2021060600100269,2021년 6월 6일 16시,일요일,경상북도 경주시 동부동,경상사고,0,0,1,0,차대차 - 측면충돌,중앙선침범,건조,맑음,단일로 - 기타,이륜,남,17세,경상,승용,여,37세,상해없음
2021060600100270,2021년 6월 6일 16시,일요일,경상북도 포항시 북구 대흥동,경상사고,0,0,1,0,차대차 - 측면충돌,차로위반,건조,맑음,교차로 - 교차로안,이륜,남,64세,경상,승용,남,69세,상해없음
2021060600100271,2021년 6월 6일 16시,일요일,경상북도 안동시 용상동,경상사고,0,0,1,0,차대차 - 측면충돌,신호위반,건조,맑음,교차로 - 교차로안,승용,여,40세,상해없음,화물,남,64세,상해없음
2021060600100272,2021년 6월 6일 16시,일요일,경상북도 영천시 신녕면,경상사고,0,0,4,0,차대차 - 추돌,안전운전불이행,건조,맑음,기타 - 기타,승용,남,23세,상해없음,승용,남,47세,경상
2021060600100273,2021년 6월 6일 16시,일요일,경상북도 영천시 청통면,경상사고,0,0,1,0,차대차 - 정면충돌,안전운전불이행,건조,맑음,단일로 - 기타,이륜,남,22세,경상,화물,남,57세,상해없음
2021060600100274,2021년 6월 6일 16시,일요일,경상북도 구미시 사곡동,경상사고,0,0,1,0,차대차 - 정면충돌,안전운전불이행,건조,맑음,단일로 - 기타,승용,여,43세,상해없음,승용,남,34세,경상