사고번호,사고일시,요일,시군구,사고내용,사망자수,중상자수,경상자수,부상신고자수,사고유형,법규위반,노면상태,기상상태,도로형태,가해운전자 차종,가해운전자 성별,가해운전자 연령,가해운전자 상해정도,피해운전자 차종,피해운전자 성별,피해운전자 연령,피해운전자 상해정도
2021060900100618,2021년 6월 9일 22시,수요일,경상북도 구미시 옥계동,경상사고,0,0,2,0,차대차 - 기타,안전운전불이행,건조,맑음,교차로 - 교차로부근,승용,남,49세,상해없음,승용,남,22세,경상
2021061000100011,2021년 6월 10일 01시,목요일,경상북도 경산시 유곡동,경상사고,0,0,3,0,차대차 - 측면충돌,신호위반,건조,맑음,교차로 - 교차로안,승용,남,49세,상해없음,승용,남,28세,경상
2021061000100012,2021년 6월 10일 01시,목요일,경상북도 경산시 중방동,경상사고,0,0,1,0,차대차 - 추돌,안전운전불이행,건조,맑음,교차로 - 교차로부근,승용,남,53세,상해없음,승용,여,55세,경상
2021061000100065,2021년 6월 10일 07시,목요일,경상북도 경주시 외동읍,경상사고,0,0,1,0,차대차 - 기타,중앙선침범,건조,맑음,교차로 - 교차로안,승용,남,52세,상해없음,승용,남,37세,경상
2021061000100066,2021년 6월 10일 07시,목요일,경상북도 구미시 황상동,부상신고사고,0,0,0,1,차량단독 - 공작물충돌,안전운전불이행,건조,맑음,단일로 - 기타,승용,여,37세,부상신고,,,,
2021061000100101,2021년 6월 10일 08시,목요일,경상북도 김천시 율곡동,경상사고,0,0,1,0,차대차 - 측면충돌,교차로운행방법위반,건조,맑음,교차로 - 교차로부근,승용,남,32세,상해없음,승용,여,37세,경상
2021061000100102,2021년 6월 10일 08시,목요일,경상북도 칠곡군 북삼읍,경상사고,0,0,1,0,차대차 - 측면충돌,기타,건조,맑음,교차로 - 교차로안,승용,남,56세,상해없음,승용,여,43세,경상
2021061000100103,2021년 6월 10일 08시,목요일,경상북도 영천시 청통면,경상사고,0,0,1,0,차량단독 - 전도전복 - 전도,안전운전불이행,건조,맑음,교차로 - 교차로안,화물,남,61세,경상,,,,
2021061000100104,2021년 6월 10일 08시,목요일,경상북도 영덕군 남정면,경상사고,0,0,1,0,차대차 - 측면충돌,안전운전불이행,건조,맑음,단일로 - 기타,건설기계,남,63세,상해없음,특수,남,62세,경상
2021061000100138,2021년 6월 10일 09시,목요일,경상북도 안동시 금곡동,중상사고,0,1,0,0,차대사람 - 횡단중,안전운전불이행,건조,맑음,단일로 - 기타,승용,여,52세,상해없음,보행자,남,66세,중상
2021061000100139,2021년 6월 10일 09시,목요일,경상북도 칠곡군 지천면,경상사고,0,0,4,0,차대차 - 추돌,안전거리미확보,건조,맑음,단일로 - 기타,건설기계,남,63세,상해없음,승용,남,46세,경상
2021061000100140,2021년 6월 10일 09시,목요일,경상북도 영덕군 창수면,중상사고,0,1,0,0,차대사람 - 기타,기타,건조,맑음,단일로 - 기타,승합,남,62세,상해없음,보행자,여,78세,중상
2021061000100175,2021년 6월 10일 10시,목요일,경상북도 경주시 안강읍,경상사고,0,0,2,0,차대차 - 측면충돌,안전운전불이행,건조,맑음,단일로 - 기타,승용,남,59세,상해없음,승용,남,20세,경상
2021061000100176,2021년 6월 10일 10시,목요일,경상북도 경주시 강동면,경상사고,0,0,1,0,차대차 - 기타,안전운전불이행,건조,맑음,단일로 - 기타,승용,남,52세,상해없음,승용,여,38세,경상
2021061000100177,2021년 6월 10일 10시,목요일,경상북도 문경시 마성면,경상사고,0,0,4,0,차대차 - 추돌,안전운전불이행,건조,맑음,단일로 - 기타,특수,남,48세,상해없음,승용,남,43세,경상
2021061000100211,2021년 6월 10일 11시,목요일,경상북도 상주시 낙양동,경상사고,0,0,2,0,차대차 - 추돌,안전운전불이행,건조,맑음,단일로 - 기타,화물,남,35세,상해없음,승용,남,42세,경상
2021061000100212,2021년 6월 10일 11시,목요일,경상북도 경산시 하양읍,경상사고,0,0,1,0,차대차 - 측면충돌,신호위반,건조,맑음,교차로 - 교차로안,건설기계,남,62세,상해없음,화물,남,73세,경상
2021061000100213,2021년 6월 10일 11시,목요일,경상북도 고령군 운수면,중상사고,0,1,0,0,차대사람 - 길가장자리구역통행중,안전운전불이행,건조,맑음,단일로 - 기타,화물,남,43세,상해없음,보행자,여,73세,중상
2021061000100214,2021년 6월 10일 11시,목요일,경상북도 청송군 안덕면,중상사고,0,1,0,0,차대차 - 정면충돌,안전운전불이행,건조,맑음,단일로 - 지하차도(도로)내,이륜,남,43세,중상,농기계,남,79세,상해없음
2021061000100245,2021년 6월 10일 12시,목요일,경상북도 경주시 충효동,중상사고,0,1,2,0,차대차 - 측면충돌,교차로운행방법위반,건조,맑음,교차로 - 교차로안,화물,남,69세,상해없음,승합,남,58세,중상
2021061000100246,2021년 6월 10일 12시,목요일,경상북도 안동시 임동면,경상사고,0,0,2,0,차대차 - 측면충돌,신호위반,건조,맑음,교차로 - 교차로안,승용,남,60세,경상,승용,남,64세,경상
2021061000100247,2021년 6월 10일 12시,목요일,경상북도 안동시 풍산읍,경상사고,0,0,1,0,차대사람 - 길가장자리구역통행중,안전운전불이행,건조,맑음,교차로 - 교차로안,화물,남,71세,상해없음,보행자,여,75세,경상
2021061000100248,2021년 6월 10일 12시,목요일,경상북도 포항시 남구 이동,경상사고,0,0,1,0,차대차 - 측면충돌,안전운전불이행,건조,맑음,단일로 - 기타,이륜,남,78세,경상,승용,남,44세,상해없음
2021061000100280,2021년 6월 10일 13시,목요일,경상북도 포항시 남구 인덕동,경상사고,0,0,1,0,차대차 - 측면충돌,직진우회전진행방해,건조,맑음,교차로 - 교차로안,승용,여,50세,경상,승용,남,55세,상해없음
2021061000100320,2021년 6월 10일 14시,목요일,경상북도 포항시 남구 상도동,경상사고,0,0,1,0,차대차 - 측면충돌,차로위반,건조,맑음,단일로 - 기타,특수,남,56세,상해없음,승용,여,74세,경상
2021061000100354,2021년 6월 10일 15시,목요일,경상북도 포항시 남구 연일읍,경상사고,0,0,1,0,차대차 - 측면충돌,안전운전불이행,건조,맑음,교차로 - 교차로부근,승용,남,38세,상해없음,승용,여,33세,경상
2021061000100390,2021년 6월 10일 16시,목요일,경상북도 경주시 서면,경상사고,0,0,1,0,차대차 - 측면충돌,안전운전불이행,건조,맑음,교차로 - 교차로안,자전거,남,9세,경상,승용,여,58세,상해없음
2021061000100391,2021년 6월 10일 16시,목요일,경상북도 안동시 옥야동,중상사고,0,1,0,0,차대차 - 측면충돌,차로위반,건조,맑음,단일로 - 교량,승용,여,74세,상해없음,승용,남,32세,중상
2021061000100392,2021년 6월 10일 16시,목요일,경상북도 상주시 거동동,경상사고,0,0,1,0,차대차 - 기타,중앙선침범,건조,맑음,단일로 - 기타,화물,남,78세,상해없음,승용,여,41세,경상
2021061000100432,2021년 6월 10일 17시,목요일,경상북도 경산시 사동,중상사고,0,1,1,0,차대차 - 측면충돌,교차로운행방법위반,건조,맑음,교차로 - 교차로안,승용,남,45세,상해없음,승용,남,66세,경상
2021061000100433,2021년 6월 10일 17시,목요일,경상북도 포항시 남구 대잠동,중상사고,0,1,0,0,차대사람 - 횡단중,안전운전불이행,건조,맑음,교차로 - 교차로부근,승용,여,57세,상해없음,보행자,남,35세,중상
2021061000100486,2021년 6월 10일 18시,목요일,경상북도 칠곡군 북삼읍,경상사고,0,0,1,0,차대차 - 기타,안전운전불이행,건조,맑음,단일로 - 기타,이륜,남,65세,상해없음,자전거,남,11세,경상
2021061000100487,2021년 6월 10일 18시,목요일,경상북도 구미시 옥계동,중상사고,0,1,0,0,차대차 - 측면충돌,신호위반,건조,맑음,교차로 - 교차로안,이륜,남,29세,중상,승용,남,31세,상해없음
2021061000100518,2021년 6월 10일 19시,목요일,경상북도 경산시 용성면,중상사고,0,1,0,0,차대사람 - 횡단중,보행자보호의무위반,건조,맑음,교차로 - 교차로횡단보도내,승용,남,70세,상해없음,보행자,여,78세,중상
2021061000100618,2021년 6월 10일 22시,목요일,경상북도 구미시 지산동,경상사고,0,0,2,0,차대차 - 측면충돌,안전거리미확보,건조,맑음,교차로 - 교차로부근,승용,남,49세,상해없음,승용,남,48세,경상
2021061000100649,2021년 6월 10일 23시,목요일,경상북도 안동시 금곡동,사망사고,1,0,0,0,차대사람 - 횡단중,안전운전불이행,젖음/습기,비,교차로 - 교차로안,승용,여,66세,상해없음,보행자,여,68세,사망
2021061100100020,2021년 6월 11일 01시,금요일,경상북도 영덕군 영덕읍,부상신고사고,0,0,0,1,차대차 - 측면충돌,안전운전불이행,젖음/습기,비,교차로 - 교차로안,승용,남,27세,부상신고,화물,남,57세,상해없음
2021061100100021,2021년 6월 11일 01시,금요일,경상북도 구미시 송정동,경상사고,0,0,1,0,차대차 - 추돌,안전운전불이행,젖음/습기,비,교차로 - 교차로안,승용,남,38세,상해없음,이륜,남,50세,경상
2021061100100026,2021년 6월 11일 02시,금요일,경상북도 경산시 계양동,경상사고,0,0,1,0,차대차 - 정면충돌,중앙선침범,젖음/습기,비,단일로 - 기타,이륜,남,53세,상해없음,개인형이동수단(PM),남,20세,경상
2021061100100033,2021년 6월 11일 03시,금요일,경상북도 안동시 예안면,경상사고,0,0,1,0,차량단독 - 공작물충돌,안전운전불이행,건조,맑음,단일로 - 기타,화물,남,71세,경상,,,,
2021061100100043,2021년 6월 11일 05시,금요일,경상북도 영천시 완산동,경상사고,0,0,1,0,차대사람 - 기타,보행자보호의무위반,젖음/습기,비,교차로 - 교차로안,승용,남,47세,상해없음,보행자,남,48세,경상
2021061100100067,2021년 6월 11일 07시,금요일,경상북도 포항시 북구 용흥동,경상사고,0,0,2,0,차대차 - 기타,안전운전불이행,젖음/습기,흐림,단일로 - 기타,승용,남,36세,상해없음,승용,남,56세,경상
2021061100100068,2021년 6월 11일 07시,금요일,경상북도 경산시 압량읍,경상사고,0,0,1,0,차대차 - 기타,신호위반,젖음/습기,비,교차로 - 교차로안,승용,남,59세,상해없음,승용,남,28세,경상
2021061100100103,2021년 6월 11일 08시,금요일,경상북도 김천시 성내동,중상사고,0,1,0,0,차대사람 - 횡단중,보행자보호의무위반,건조,맑음,교차로 - 교차로부근,화물,남,69세,상해없음,보행자,여,68세,중상
2021061100100104,2021년 6월 11일 08시,금요일,경상북도 칠곡군 북삼읍,경상사고,0,0,1,0,차대차 - 기타,안전운전불이행,건조,맑음,단일로 - 기타,승용,여,50세,상해없음,화물,남,39세,경상
2021061100100105,2021년 6월 11일 08시,금요일,경상북도 영천시 임고면,경상사고,0,0,3,0,차대차 - 정면충돌,중앙선침범,젖음/습기,흐림,단일로 - 기타,승용,남,26세,경상,승용,여,50세,경상
2021061100100106,2021년 6월 11일 08시,금요일,경상북도 구미시 옥성면,사망사고,1,0,0,0,차량단독 - 공작물충돌,안전운전불이행,젖음/습기,비,단일로 - 기타,화물,남,67세,사망,,,,
2021061100100107,2021년 6월 11일 08시,금요일,경상북도 포항시 남구 동해면,경상사고,0,0,1,0,차대사람 - 횡단중,안전운전불이행,젖음/습기,비,단일로 - 기타,승용,여,37세,상해없음,보행자,남,8세,경상
2021061100100108,2021년 6월 11일 08시,금요일,경상북도 포항시 남구 연일읍,경상사고,0,0,1,0,차대차 - 측면충돌,직진우회전진행방해,건조,맑음,단일로 - 지하차도(도로)내,승용,남,24세,기타불명,승용,남,70세,경상
2021061100100138,2021년 6월 11일 09시,금요일,경상북도 상주시 이안면,중상사고,0,1,1,0,차대차 - 측면충돌,교차로운행방법위반,젖음/습기,비,교차로 - 교차로안,화물,남,63세,상해없음,이륜,남,76세,경상
2021061100100139,2021년 6월 11일 09시,금요일,경상북도 칠곡군 왜관읍,경상사고,0,0,2,0,차대차 - 측면충돌,직진우회전진행방해,건조,맑음,교차로 - 교차로안,화물,남,58세,경상,승용,남,41세,경상
2021061100100140,2021년 6월 11일 09시,금요일,경상북도 포항시 남구 호동,경상사고,0,0,1,0,차대차 - 측면충돌,안전운전불이행,건조,맑음,단일로 - 기타,화물,남,38세,상해없음,건설기계,남,64세,경상
2021061100100161,2021년 6월 11일 10시,금요일,경상북도 경주시 안강읍,중상사고,0,1,0,0,차대차 - 기타,안전운전불이행,건조,맑음,단일로 - 기타,화물,남,70세,상해없음,이륜,남,84세,중상
2021061100100162,2021년 6월 11일 10시,금요일,경상북도 포항시 북구 남빈동,부상신고사고,0,0,0,1,차대차 - 기타,안전운전불이행,건조,맑음,단일로 - 기타,승용,남,52세,상해없음,이륜,남,80세,부상신고
2021061100100163,2021년 6월 11일 10시,금요일,경상북도 포항시 북구 죽도동,경상사고,0,0,1,0,차대차 - 기타,안전거리미확보,건조,맑음,교차로 - 교차로부근,승용,남,73세,상해없음,이륜,남,79세,경상
2021061100100164,2021년 6월 11일 10시,금요일,경상북도 청도군 화양읍,중상사고,0,1,0,0,차대차 - 측면충돌,안전운전불이행,건조,맑음,단일로 - 기타,특수,남,53세,상해없음,사륜오토바이(ATV),여,71세,중상
2021061100100165,2021년 6월 11일 10시,금요일,경상북도 구미시 진평동,경상사고,0,0,1,0,차대차 - 추돌,안전운전불이행,건조,맑음,교차로 - 교차로부근,승용,남,27세,상해없음,화물,남,61세,경상
2021061100100166,2021년 6월 11일 10시,금요일,경상북도 김천시 아포읍,경상사고,0,0,2,1,차대차 - 측면충돌,안전운전불이행,건조,맑음,단일로 - 기타,화물,남,63세,상해없음,승용,남,53세,경상
2021061100100195,2021년 6월 11일 11시,금요일,경상북도 포항시 남구 상도동,중상사고,0,1,0,0,차대차 - 측면충돌,기타,건조,맑음,교차로 - 교차로횡단보도내,승용,여,65세,상해없음,자전거,남,63세,중상
2021061100100196,2021년 6월 11일 11시,금요일,경상북도 포항시 남구 구룡포읍,중상사고,0,1,0,0,차대차 - 기타,교차로운행방법위반,젖음/습기,비,교차로 - 교차로안,승용,남,58세,상해없음,개인형이동수단(PM),여,54세,중상
2021061100100232,2021년 6월 11일 12시,금요일,경상북도 경주시 노서동,중상사고,0,1,1,0,차대차 - 측면충돌,안전운전불이행,건조,맑음,교차로 - 교차로안,승용,여,44세,중상,승용,남,62세,경상
2021061100100233,2021년 6월 11일 12시,금요일,경상북도 의성군 단밀면,중상사고,0,1,0,0,차대차 - 정면충돌,안전운전불이행,건조,맑음,단일로 - 기타,화물,남,23세,상해없음,이륜,남,64세,중상
2021061100100234,2021년 6월 11일 12시,금요일,경상북도 봉화군 상운면,경상사고,0,0,2,0,차대차 - 정면충돌,교차로운행방법위반,젖음/습기,흐림,교차로 - 교차로안,승용,남,70세,경상,승용,남,22세,경상
2021061100100235,2021년 6월 11일 12시,금요일,경상북도 구미시 진평동,경상사고,0,0,1,0,차대차 - 측면충돌,안전운전불이행,건조,맑음,교차로 - 교차로안,승용,여,38세,상해없음,이륜,남,66세,경상
2021061100100306,2021년 6월 11일 14시,금요일,경상북도 안동시 풍천면,중상사고,0,1,0,0,차량단독 - 기타,기타,건조,맑음,단일로 - 기타,승합,남,48세,상해없음,,,,
2021061100100307,2021년 6월 11일 14시,금요일,경상북도 예천군 용문면,중상사고,0,3,0,0,차대차 - 측면충돌,직진우회전진행방해,건조,맑음,교차로 - 교차로안,특수,남,48세,중상,화물,남,25세,중상
2021061100100308,2021년 6월 11일 14시,금요일,경상북도 포항시 남구 오천읍,경상사고,0,0,3,0,차대차 - 측면충돌,안전운전불이행,건조,맑음,단일로 - 기타,승용,남,21세,상해없음,승용,남,59세,경상
2021061100100344,2021년 6월 11일 15시,금요일,경상북도 영천시 화남면,중상사고,0,2,0,0,차대차 - 측면충돌,안전운전불이행,건조,흐림,교차로 - 교차로안,화물,남,69세,상해없음,화물,남,49세,중상
2021061100100345,2021년 6월 11일 15시,금요일,경상북도 구미시 오태동,경상사고,0,0,1,0,차대차 - 측면충돌,안전운전불이행,건조,맑음,단일로 - 기타,화물,남,59세,상해없음,승용,남,38세,경상
2021061100100377,2021년 6월 11일 16시,금요일,경상북도 영주시 가흥동,경상사고,0,0,1,0,차대차 - 기타,안전운전불이행,건조,맑음,교차로 - 교차로안,화물,남,28세,상해없음,자전거,남,79세,경상
2021061100100378,2021년 6월 11일 16시,금요일,경상북도 구미시 봉곡동,중상사고,0,1,0,0,차대차 - 정면충돌,안전운전불이행,건조,맑음,교차로 - 교차로횡단보도내,승용,여,69세,상해없음,자전거,남,42세,중상
2021061100100379,2021년 6월 11일 16시,금요일,경상북도 포항시 남구 오천읍,경상사고,0,0,1,0,차대차 - 기타,차로위반,건조,맑음,단일로 - 기타,승용,남,26세,상해없음,승용,여,40세,경상
2021061100100419,2021년 6월 11일 17시,금요일,경상북도 김천시 응명동,부상신고사고,0,0,0,1,차대차 - 측면충돌,안전운전불이행,건조,맑음,교차로 - 교차로안,개인형이동수단(PM),남,27세,부상신고,화물,남,58세,상해없음
2021061100100421,2021년 6월 11일 17시,금요일,경상북도 영천시 완산동,경상사고,0,0,4,0,차대차 - 기타,안전운전불이행,건조,맑음,교차로 - 교차로안,화물,남,62세,상해없음,화물,남,43세,경상
2021061100100470,2021년 6월 11일 18시,금요일,경상북도 의성군 봉양면,경상사고,0,0,1,0,차량단독 - 기타,안전운전불이행,건조,맑음,단일로 - 기타,이륜,남,60세,경상,,,,
2021061100100471,2021년 6월 11일 18시,금요일,경상북도 영덕군 영덕읍,중상사고,0,2,0,0,차대차 - 추돌,중앙선침범,건조,맑음,단일로 - 기타,화물,남,55세,상해없음,승용,남,65세,중상
2021061100100472,2021년 6월 11일 18시,금요일,경상북도 청도군 풍각면,사망사고,1,0,0,0,차대차 - 측면충돌,기타,건조,맑음,교차로 - 교차로안,화물,남,56세,상해없음,이륜,남,78세,사망
2021061100100473,2021년 6월 11일 18시,금요일,경상북도 구미시 고아읍,경상사고,0,0,2,0,차대차 - 추돌,안전운전불이행,건조,맑음,교차로 - 교차로부근,승용,남,51세,상해없음,승용,여,31세,경상
2021061100100474,2021년 6월 11일 18시,금요일,경상북도 구미시 공단동,경상사고,0,0,2,0,차대차 - 기타,안전운전불이행,건조,맑음,교차로 - 교차로안,승용,여,60세,상해없음,화물,남,47세,경상
2021061100100475,2021년 6월 11일 18시,금요일,경상북도 구미시 형곡동,경상사고,0,0,1,0,차대차 - 측면충돌,안전운전불이행,건조,맑음,단일로 - 기타,승용,남,53세,상해없음,원동기,남,24세,경상
2021061100100519,2021년 6월 11일 19시,금요일,경상북도 포항시 북구 장성동,중상사고,0,1,1,0,차대차 - 측면충돌,안전운전불이행,건조,맑음,교차로 - 교차로안,승용,남,33세,경상,이륜,남,36세,중상
2021061100100545,2021년 6월 11일 20시,금요일,경상북도 청송군 진보면,경상사고,0,0,2,0,차대차 - 정면충돌,안전운전불이행,건조,맑음,교차로 - 교차로안,승용,기타불명,미분류,기타불명,승용,여,41세,경상
2021061100100546,2021년 6월 11일 20시,금요일,경상북도 구미시 광평동,경상사고,0,0,1,0,차대사람 - 횡단중,안전운전불이행,건조,맑음,단일로 - 기타,이륜,남,29세,상해없음,보행자,남,57세,경상
2021061100100547,2021년 6월 11일 20시,금요일,경상북도 구미시 구평동,경상사고,0,0,1,0,차대차 - 측면충돌,안전운전불이행,건조,맑음,단일로 - 기타,화물,남,30세,상해없음,이륜,남,46세,경상
2021061100100582,2021년 6월 11일 21시,금요일,경상북도 의성군 봉양면,중상사고,0,1,1,0,차대차 - 추돌,안전운전불이행,건조,맑음,단일로 - 기타,화물,남,62세,상해없음,승용,여,58세,경상
2021061100100608,2021년 6월 11일 22시,금요일,경상북도 경주시 용강동,중상사고,0,1,0,0,차대차 - 측면충돌,안전운전불이행,젖음/습기,흐림,교차로 - 교차로안,승용,남,36세,상해없음,승용,여,27세,중상
2021061100100609,2021년 6월 11일 22시,금요일,경상북도 구미시 산동읍,경상사고,0,0,1,0,차대차 - 측면충돌,안전운전불이행,건조,맑음,교차로 - 교차로안,승용,남,50세,기타불명,승용,남,26세,경상
2021061200100007,2021년 6월 12일 00시,토요일,경상북도 포항시 북구 상원동,경상사고,0,0,1,0,차대사람 - 기타,안전운전불이행,건조,맑음,단일로 - 기타,승용,남,55세,상해없음,보행자,남,39세,경상
2021061200100008,2021년 6월 12일 00시,토요일,경상북도 영주시 가흥동,중상사고,0,1,0,0,차대사람 - 차도통행중,안전운전불이행,건조,맑음,단일로 - 기타,승용,남,56세,상해없음,보행자,남,24세,중상
2021061200100016,2021년 6월 12일 01시,토요일,경상북도 경산시 사동,경상사고,0,0,2,0,차대차 - 추돌,안전거리미확보,건조,맑음,단일로 - 기타,승용,남,34세,상해없음,승용,남,40세,경상
2021061200100024,2021년 6월 12일 03시,토요일,경상북도 포항시 남구 상도동,중상사고,0,1,0,0,차대사람 - 횡단중,안전운전불이행,건조,맑음,교차로 - 교차로부근,승용,여,40세,상해없음,보행자,남,51세,중상
2021061200100031,2021년 6월 12일 04시,토요일,경상북도 구미시 광평동,부상신고사고,0,0,0,1,차량단독 - 기타,안전운전불이행,건조,맑음,교차로 - 교차로안,승용,여,30세,부상신고,,,,
2021061200100077,2021년 6월 12일 08시,토요일,경상북도 칠곡군 약목면,경상사고,0,0,1,0,차대차 - 추돌,안전운전불이행,건조,맑음,교차로 - 교차로부근,승용,여,67세,상해없음,승용,남,44세,경상
2021061200100078,2021년 6월 12일 08시,토요일,경상북도 구미시 남통동,중상사고,0,1,0,0,차대사람 - 기타,안전운전불이행,건조,맑음,단일로 - 기타,승용,남,77세,상해없음,보행자,남,52세,중상
2021061200100110,2021년 6월 12일 09시,토요일,경상북도 경주시 성건동,경상사고,0,0,1,0,차대사람 - 기타,안전운전불이행,건조,맑음,교차로 - 교차로횡단보도내,승용,여,55세,상해없음,보행자,여,60세,경상
2021061200100111,2021년 6월 12일 09시,토요일,경상북도 영주시 휴천동,중상사고,0,1,0,0,차대차 - 기타,안전운전불이행,건조,맑음,단일로 - 기타,승용,여,61세,상해없음,이륜,남,60세,중상
2021061200100112,2021년 6월 12일 09시,토요일,경상북도 군위군 의흥면,경상사고,0,0,1,0,차대차 - 측면충돌,안전운전불이행,건조,맑음,교차로 - 교차로안,승용,남,67세,상해없음,승용,남,48세,상해없음
2021061200100153,2021년 6월 12일 10시,토요일,경상북도 김천시 부곡동,경상사고,0,0,1,0,차대차 - 기타,안전거리미확보,건조,맑음,단일로 - 기타,화물,남,44세,상해없음,화물,여,71세,경상
2021061200100154,2021년 6월 12일 10시,토요일,경상북도 구미시 오태동,경상사고,0,0,1,0,차대차 - 측면충돌,안전운전불이행,건조,맑음,교차로 - 교차로안,화물,남,53세,상해없음,승용,남,63세,경상
2021061200100189,2021년 6월 12일 11시,토요일,경상북도 경주시 안강읍,경상사고,0,0,1,0,차대차 - 측면충돌,안전운전불이행,건조,맑음,교차로 - 교차로안,승용,남,19세,상해없음,이륜,여,59세,경상
2021061200100191,2021년 6월 12일 11시,토요일,경상북도 경산시 남천면,중상사고,0,1,1,0,차대차 - 추돌,안전거리미확보,건조,맑음,단일로 - 기타,승용,남,29세,상해없음,승용,남,30세,경상
2021061200100280,2021년 6월 12일 13시,토요일,경상북도 울진군 후포면,중상사고,0,1,0,0,차대사람 - 횡단중,안전운전불이행,건조,맑음,단일로 - 기타,화물,남,67세,상해없음,보행자,남,69세,중상
2021061200100329,2021년 6월 12일 14시,토요일,경상북도 군위군 군위읍,중상사고,0,1,0,0,차대차 - 측면충돌,안전운전불이행,건조,맑음,교차로 - 교차로부근,농기계,남,79세,중상,화물,남,72세,상해없음
2021061200100364,2021년 6월 12일 15시,토요일,경상북도 칠곡군 동명면,중상사고,0,2,3,0,차대차 - 추돌,안전운전불이행,건조,흐림,교차로 - 교차로안,승용,여,62세,상해없음,승용,남,70세,경상
2021061200100400,2021년 6월 12일 16시,토요일,경상북도 포항시 북구 장성동,경상사고,0,0,1,0,차대사람 - 횡단중,보행자보호의무위반,건조,맑음,교차로 - 교차로횡단보도내,승용,여,47세,상해없음,보행자,여,55세,경상
2021061200100401,2021년 6월 12일 16시,토요일,경상북도 청도군 각남면,경상사고,0,0,1,0,차량단독 - 공작물충돌,안전운전불이행,건조,맑음,단일로 - 기타,화물,남,53세,상해없음,,,,
2021061200100402,2021년 6월 12일 16시,토요일,경상북도 포항시 남구 지곡동,중상사고,0,1,0,0,차대차 - 측면충돌,안전거리미확보,건조,맑음,교차로 - 교차로안,자전거,남,74세,중상,승용,여,47세,상해없음
2021061200100403,2021년 6월 12일 16시,토요일,경상북도 포항시 남구 연일읍,경상사고,0,0,2,0,차대차 - 측면충돌,불법유턴,건조,맑음,교차로 - 교차로안,승용,여,64세,경상,승용,남,65세,경상
2021061200100443,2021년 6월 12일 17시,토요일,경상북도 경주시 양남면,중상사고,0,1,0,0,차대차 - 기타,신호위반,젖음/습기,비,교차로 - 교차로안,승용,남,57세,상해없음,이륜,남,23세,중상
2021061200100444,2021년 6월 12일 17시,토요일,경상북도 김천시 지례면,경상사고,0,0,1,0,차대사람 - 차도통행중,안전운전불이행,건조,맑음,교차로 - 교차로안,화물,남,36세,상해없음,보행자,여,85세,경상
2021061200100445,2021년 6월 12일 17시,토요일,경상북도 김천시 지례면,중상사고,0,1,2,0,차대차 - 정면충돌,중앙선침범,건조,맑음,단일로 - 기타,이륜,남,38세,중상,승용,남,48세,경상
2021061200100446,2021년 6월 12일 17시,토요일,경상북도 고령군 다산면,경상사고,0,0,3,0,차대차 - 추돌,안전운전불이행,건조,맑음,단일로 - 기타,승용,남,68세,상해없음,승용,남,20세,경상
2021061200100447,2021년 6월 12일 17시,토요일,경상북도 군위군 군위읍,중상사고,0,1,0,0,차대사람 - 길가장자리구역통행중,안전운전불이행,건조,맑음,단일로 - 기타,화물,남,61세,상해없음,보행자,여,82세,중상
2021061200100448,2021년 6월 12일 17시,토요일,경상북도 영주시 봉현면,경상사고,0,0,3,0,차대차 - 측면충돌,안전운전불이행,건조,맑음,단일로 - 기타,화물,남,61세,상해없음,승용,남,49세,경상
2021061200100489,2021년 6월 12일 18시,토요일,경상북도 상주시 모서면,경상사고,0,0,2,0,차대차 - 기타,안전운전불이행,건조,맑음,단일로 - 기타,승합,남,61세,상해없음,승용,여,66세,경상
2021061200100519,2021년 6월 12일 19시,토요일,경상북도 성주군 초전면,중상사고,0,1,0,0,차대차 - 기타,안전운전불이행,건조,흐림,단일로 - 기타,승용,남,66세,상해없음,원동기,남,62세,중상
2021061200100571,2021년 6월 12일 21시,토요일,경상북도 경주시 안강읍,경상사고,0,0,1,0,차대사람 - 기타,안전운전불이행,건조,맑음,단일로 - 기타,승용,여,39세,상해없음,보행자,남,55세,경상
2021061300100023,2021년 6월 13일 02시,일요일,경상북도 포항시 북구 장성동,경상사고,0,0,2,0,차대차 - 추돌,안전운전불이행,젖음/습기,비,단일로 - 기타,승용,여,42세,상해없음,승용,남,23세,경상
2021061300100024,2021년 6월 13일 02시,일요일,경상북도 경산시 조영동,경상사고,0,0,1,0,차대사람 - 기타,안전운전불이행,건조,맑음,단일로 - 기타,승용,남,31세,상해없음,보행자,남,26세,경상
2021061300100025,2021년 6월 13일 02시,일요일,경상북도 구미시 봉곡동,중상사고,0,1,0,0,차대차 - 추돌,안전운전불이행,건조,맑음,교차로 - 교차로부근,승용,여,47세,상해없음,승용,남,65세,중상
2021061300100035,2021년 6월 13일 05시,일요일,경상북도 영덕군 영덕읍,부상신고사고,0,0,0,1,차량단독 - 기타,안전운전불이행,건조,맑음,단일로 - 교량,승용,여,24세,부상신고,,,,
2021061300100050,2021년 6월 13일 07시,일요일,경상북도 경산시 옥산동,중상사고,0,2,0,0,차대차 - 정면충돌,중앙선침범,건조,맑음,교차로 - 교차로부근,승용,남,22세,상해없음,이륜,남,76세,중상