사고번호,사고일시,요일,시군구,사고내용,사망자수,중상자수,경상자수,부상신고자수,사고유형,법규위반,노면상태,기상상태,도로형태,가해운전자 차종,가해운전자 성별,가해운전자 연령,가해운전자 상해정도,피해운전자 차종,피해운전자 성별,피해운전자 연령,피해운전자 상해정도
2021061700100044,2021년 6월 17일 06시,목요일,경상북도 포항시 북구 장성동,경상사고,0,0,1,0,차대차 - 측면충돌,안전운전불이행,건조,맑음,교차로 - 교차로안,승용,남,41세,상해없음,자전거,남,80세,경상
2021061700100045,2021년 6월 17일 06시,목요일,경상북도 포항시 북구 두호동,중상사고,0,1,0,0,차대차 - 측면충돌,신호위반,건조,맑음,교차로 - 교차로안,승용,남,60세,중상,승용,남,47세,상해없음
2021061700100063,2021년 6월 17일 07시,목요일,경상북도 경주시 성건동,중상사고,0,1,0,0,차대차 - 측면충돌,기타,젖음/습기,흐림,교차로 - 교차로횡단보도내,승용,여,29세,상해없음,자전거,남,15세,중상
2021061700100064,2021년 6월 17일 07시,목요일,경상북도 울진군 울진읍,중상사고,0,1,1,0,차대차 - 측면충돌,중앙선침범,젖음/습기,흐림,기타 - 기타,승용,남,29세,상해없음,승용,남,57세,경상
2021061700100097,2021년 6월 17일 08시,목요일,경상북도 경주시 덕동,경상사고,0,0,1,1,차대차 - 측면충돌,중앙선침범,건조,맑음,단일로 - 기타,화물,남,69세,부상신고,화물,남,62세,경상
2021061700100098,2021년 6월 17일 08시,목요일,경상북도 포항시 북구 학산동,경상사고,0,0,3,0,차대차 - 기타,교차로운행방법위반,건조,맑음,교차로 - 교차로부근,승용,남,74세,상해없음,승용,여,35세,경상
2021061700100099,2021년 6월 17일 08시,목요일,경상북도 안동시 임하면,경상사고,0,0,1,0,차량단독 - 기타,안전운전불이행,건조,맑음,단일로 - 기타,이륜,여,66세,경상,,,,
2021061700100100,2021년 6월 17일 08시,목요일,경상북도 구미시 형곡동,중상사고,0,1,0,0,차대사람 - 차도통행중,안전운전불이행,건조,맑음,단일로 - 기타,화물,남,42세,상해없음,보행자,여,83세,중상
2021061700100101,2021년 6월 17일 08시,목요일,경상북도 구미시 옥계동,경상사고,0,0,1,0,차대사람 - 보도통행중,보행자보호의무위반,건조,맑음,교차로 - 교차로횡단보도내,승용,여,40세,상해없음,보행자,여,14세,경상
2021061700100133,2021년 6월 17일 09시,목요일,경상북도 구미시 사곡동,경상사고,0,0,1,0,차대사람 - 기타,안전운전불이행,건조,맑음,단일로 - 기타,승용,여,52세,상해없음,보행자,여,27세,경상
2021061700100152,2021년 6월 17일 10시,목요일,경상북도 상주시 함창읍,중상사고,0,1,0,0,차대차 - 후진중충돌,안전운전불이행,건조,맑음,단일로 - 기타,화물,남,65세,상해없음,이륜,남,84세,중상
2021061700100153,2021년 6월 17일 10시,목요일,경상북도 봉화군 명호면,경상사고,0,0,3,0,차대차 - 측면충돌,교차로운행방법위반,건조,맑음,교차로 - 교차로안,승용,남,63세,경상,건설기계,남,61세,경상
2021061700100154,2021년 6월 17일 10시,목요일,경상북도 군위군 부계면,경상사고,0,0,1,0,차량단독 - 공작물충돌,안전운전불이행,건조,맑음,단일로 - 기타,승용,여,23세,상해없음,,,,
2021061700100224,2021년 6월 17일 12시,목요일,경상북도 문경시 흥덕동,경상사고,0,0,1,0,차대사람 - 기타,안전운전불이행,건조,맑음,단일로 - 기타,자전거,여,76세,상해없음,보행자,여,81세,경상
2021061700100291,2021년 6월 17일 14시,목요일,경상북도 예천군 예천읍,중상사고,0,1,0,0,차대차 - 측면충돌,안전운전불이행,건조,맑음,교차로 - 교차로안,이륜,남,73세,중상,화물,남,71세,상해없음
2021061700100292,2021년 6월 17일 14시,목요일,경상북도 포항시 남구 효자동,중상사고,0,1,0,0,차대차 - 측면충돌,안전운전불이행,건조,맑음,단일로 - 지하차도(도로)내,승용,남,34세,상해없음,자전거,남,75세,중상
2021061700100321,2021년 6월 17일 15시,목요일,경상북도 포항시 북구 장성동,경상사고,0,0,1,0,차대차 - 측면충돌,기타,건조,맑음,단일로 - 기타,승합,남,35세,경상,승용,남,56세,상해없음
2021061700100322,2021년 6월 17일 15시,목요일,경상북도 상주시 성하동,중상사고,0,1,0,0,차대차 - 측면충돌,안전운전불이행,건조,맑음,단일로 - 기타,승용,여,30세,상해없음,이륜,남,17세,중상
2021061700100323,2021년 6월 17일 15시,목요일,경상북도 문경시 가은읍,경상사고,0,0,1,1,차대차 - 측면충돌,안전운전불이행,건조,흐림,단일로 - 기타,승합,남,62세,상해없음,화물,여,63세,경상
2021061700100358,2021년 6월 17일 16시,목요일,경상북도 경주시 문무대왕면,경상사고,0,0,1,0,차대차 - 측면충돌,중앙선침범,건조,맑음,단일로 - 기타,화물,남,66세,상해없음,승용,남,56세,경상
2021061700100359,2021년 6월 17일 16시,목요일,경상북도 구미시 인의동,경상사고,0,0,1,0,차대사람 - 기타,안전운전불이행,건조,맑음,단일로 - 기타,승용,남,68세,상해없음,보행자,여,12세,경상
2021061700100396,2021년 6월 17일 17시,목요일,경상북도 경주시 외동읍,중상사고,0,1,0,0,차대차 - 측면충돌,신호위반,건조,맑음,교차로 - 교차로안,승용,남,34세,상해없음,승용,여,58세,중상
2021061700100398,2021년 6월 17일 17시,목요일,경상북도 포항시 남구 상도동,중상사고,0,1,0,0,차대차 - 추돌,안전운전불이행,젖음/습기,흐림,단일로 - 교량,승용,남,57세,상해없음,승용,여,50세,중상
2021061700100444,2021년 6월 17일 18시,목요일,경상북도 안동시 용상동,중상사고,0,1,0,0,차대차 - 기타,안전운전불이행,건조,맑음,교차로 - 교차로안,승용,남,22세,상해없음,화물,남,51세,중상
2021061700100445,2021년 6월 17일 18시,목요일,경상북도 문경시 점촌동,경상사고,0,0,1,0,차대차 - 측면충돌,안전운전불이행,건조,맑음,단일로 - 기타,자전거,남,61세,경상,승용,남,68세,상해없음
2021061700100469,2021년 6월 17일 19시,목요일,경상북도 경주시 동천동,경상사고,0,0,1,0,차대차 - 측면충돌,기타,건조,맑음,교차로 - 교차로안,이륜,남,33세,상해없음,승용,남,48세,경상
2021061700100471,2021년 6월 17일 19시,목요일,경상북도 군위군 산성면,중상사고,0,1,0,0,차대차 - 측면충돌,안전운전불이행,건조,맑음,단일로 - 기타,화물,남,50세,상해없음,자전거,남,79세,중상
2021061700100491,2021년 6월 17일 20시,목요일,경상북도 경주시 동천동,중상사고,0,1,1,0,차대차 - 측면충돌,안전운전불이행,건조,흐림,교차로 - 교차로안,승용,여,38세,상해없음,승용,남,59세,경상
2021061700100492,2021년 6월 17일 20시,목요일,경상북도 김천시 부곡동,중상사고,0,1,0,0,차량단독 - 전도전복 - 전도,교차로운행방법위반,건조,맑음,단일로 - 기타,이륜,남,39세,중상,,,,
2021061700100493,2021년 6월 17일 20시,목요일,경상북도 영천시 문외동,경상사고,0,0,1,0,차대차 - 측면충돌,안전운전불이행,건조,맑음,교차로 - 교차로안,승용,남,52세,상해없음,이륜,남,29세,경상
2021061700100548,2021년 6월 17일 22시,목요일,경상북도 포항시 북구 득량동,중상사고,0,1,0,0,차대사람 - 차도통행중,안전운전불이행,건조,맑음,단일로 - 기타,승용,여,67세,상해없음,보행자,남,58세,중상
2021061700100549,2021년 6월 17일 22시,목요일,경상북도 안동시 옥동,중상사고,0,1,1,0,차대차 - 측면충돌,신호위반,건조,맑음,교차로 - 교차로안,이륜,남,55세,중상,승용,여,36세,경상
2021061700100550,2021년 6월 17일 22시,목요일,경상북도 영천시 완산동,경상사고,0,0,1,0,차대사람 - 횡단중,안전운전불이행,건조,맑음,교차로 - 교차로안,승용,여,47세,상해없음,보행자,남,51세,경상
2021061700100551,2021년 6월 17일 22시,목요일,경상북도 구미시 공단동,중상사고,0,1,1,0,차대사람 - 횡단중,보행자보호의무위반,건조,맑음,교차로 - 교차로횡단보도내,승용,여,54세,상해없음,보행자,남,23세,중상
2021061700100572,2021년 6월 17일 23시,목요일,경상북도 포항시 북구 장성동,경상사고,0,0,1,0,차대사람 - 기타,중앙선침범,건조,맑음,단일로 - 기타,승합,여,56세,상해없음,보행자,남,57세,경상
2021061700100573,2021년 6월 17일 23시,목요일,경상북도 영천시 문외동,경상사고,0,0,1,0,차대차 - 측면충돌,안전운전불이행,젖음/습기,비,교차로 - 교차로안,승용,남,56세,상해없음,승용,남,32세,경상
2021061800100016,2021년 6월 18일 02시,금요일,경상북도 구미시 옥성면,사망사고,1,0,2,0,차대차 - 추돌,안전운전불이행,젖음/습기,비,단일로 - 기타,승용,남,53세,사망,건설기계,남,46세,상해없음
2021061800100021,2021년 6월 18일 03시,금요일,경상북도 고령군 성산면,경상사고,0,0,1,0,차대차 - 추돌,안전운전불이행,젖음/습기,비,단일로 - 기타,특수,남,37세,상해없음,특수,남,72세,경상
2021061800100080,2021년 6월 18일 08시,금요일,경상북도 칠곡군 북삼읍,경상사고,0,0,1,0,차대차 - 측면충돌,신호위반,건조,맑음,교차로 - 교차로안,승합,남,44세,상해없음,승용,여,34세,경상
2021061800100178,2021년 6월 18일 11시,금요일,경상북도 영천시 매산동,경상사고,0,0,2,0,차대차 - 측면충돌,안전운전불이행,건조,맑음,교차로 - 교차로안,화물,남,53세,경상,화물,남,78세,경상
2021061800100179,2021년 6월 18일 11시,금요일,경상북도 영덕군 축산면,중상사고,0,1,0,0,차대차 - 측면충돌,기타,건조,맑음,교차로 - 교차로안,승용,남,64세,상해없음,이륜,남,78세,중상
2021061800100203,2021년 6월 18일 12시,금요일,경상북도 영천시 금호읍,경상사고,0,0,1,0,차대사람 - 보도통행중,보행자보호의무위반,건조,맑음,교차로 - 교차로안,승용,남,41세,상해없음,보행자,여,76세,경상
2021061800100236,2021년 6월 18일 13시,금요일,경상북도 울진군 온정면,중상사고,0,1,0,0,차량단독 - 전도전복 - 전도,안전운전불이행,건조,흐림,기타 - 기타,농기계,남,80세,중상,,,,
2021061800100237,2021년 6월 18일 13시,금요일,경상북도 구미시 송정동,중상사고,0,1,0,0,차대차 - 측면충돌,안전거리미확보,건조,맑음,교차로 - 교차로부근,승용,여,67세,상해없음,승용,여,51세,중상
2021061800100238,2021년 6월 18일 13시,금요일,경상북도 포항시 남구 대잠동,경상사고,0,0,2,0,차대차 - 측면충돌,직진우회전진행방해,건조,맑음,교차로 - 교차로안,승용,남,65세,상해없음,승용,남,32세,경상
2021061800100260,2021년 6월 18일 14시,금요일,경상북도 문경시 공평동,중상사고,0,1,0,0,차대차 - 추돌,안전운전불이행,건조,흐림,단일로 - 기타,승용,남,32세,상해없음,농기계,남,85세,중상
2021061800100293,2021년 6월 18일 15시,금요일,경상북도 경주시 노서동,경상사고,0,0,1,0,차대차 - 추돌,안전거리미확보,건조,맑음,단일로 - 기타,승합,남,56세,상해없음,승용,여,63세,경상
2021061800100294,2021년 6월 18일 15시,금요일,경상북도 포항시 북구 신광면,중상사고,0,1,0,0,차대사람 - 기타,안전운전불이행,건조,맑음,단일로 - 기타,승용,남,68세,상해없음,보행자,여,48세,중상
2021061800100295,2021년 6월 18일 15시,금요일,경상북도 구미시 황상동,경상사고,0,0,1,0,차대차 - 측면충돌,중앙선침범,건조,맑음,단일로 - 기타,승용,남,56세,상해없음,이륜,남,25세,경상
2021061800100296,2021년 6월 18일 15시,금요일,경상북도 구미시 비산동,경상사고,0,0,1,0,차대차 - 추돌,안전거리미확보,건조,맑음,단일로 - 터널,승용,남,53세,상해없음,화물,남,35세,경상
2021061800100330,2021년 6월 18일 16시,금요일,경상북도 칠곡군 왜관읍,경상사고,0,0,2,0,차대차 - 정면충돌,신호위반,건조,맑음,교차로 - 교차로안,승용,여,62세,경상,화물,남,41세,경상
2021061800100331,2021년 6월 18일 16시,금요일,경상북도 경산시 진량읍,중상사고,0,2,2,0,차대차 - 정면충돌,중앙선침범,건조,맑음,교차로 - 교차로부근,승용,남,23세,경상,화물,남,50세,중상
2021061800100332,2021년 6월 18일 16시,금요일,경상북도 구미시 지산동,중상사고,0,1,0,0,차대차 - 측면충돌,안전운전불이행,건조,맑음,단일로 - 기타,승용,여,32세,상해없음,자전거,여,46세,중상
2021061800100379,2021년 6월 18일 17시,금요일,경상북도 칠곡군 왜관읍,경상사고,0,0,3,0,차대차 - 측면충돌,직진우회전진행방해,건조,맑음,교차로 - 교차로안,화물,남,47세,경상,승용,남,46세,경상
2021061800100380,2021년 6월 18일 17시,금요일,경상북도 경산시 하양읍,경상사고,0,0,3,0,차대차 - 측면충돌,안전거리미확보,건조,맑음,교차로 - 교차로안,화물,남,32세,상해없음,승용,남,53세,경상
2021061800100381,2021년 6월 18일 17시,금요일,경상북도 포항시 남구 동해면,경상사고,0,0,1,0,차대사람 - 길가장자리구역통행중,안전운전불이행,건조,맑음,교차로 - 교차로부근,승용,남,69세,상해없음,보행자,남,18세,경상
2021061800100426,2021년 6월 18일 18시,금요일,경상북도 경산시 압량읍,경상사고,0,0,1,0,차대차 - 측면충돌,안전운전불이행,건조,맑음,교차로 - 교차로안,승용,여,37세,상해없음,이륜,남,29세,경상
2021061800100467,2021년 6월 18일 19시,금요일,경상북도 김천시 덕곡동,경상사고,0,0,1,0,차대차 - 기타,차로위반,건조,맑음,교차로 - 교차로부근,승용,남,30세,상해없음,승용,남,67세,상해없음
2021061800100468,2021년 6월 18일 19시,금요일,경상북도 의성군 단밀면,경상사고,0,0,1,0,차량단독 - 기타,안전운전불이행,건조,맑음,기타 - 기타,농기계,남,83세,경상,,,,
2021061800100469,2021년 6월 18일 19시,금요일,경상북도 울진군 울진읍,중상사고,0,1,0,0,차대차 - 정면충돌,중앙선침범,건조,맑음,단일로 - 기타,화물,남,53세,상해없음,승용,남,40세,중상
2021061800100470,2021년 6월 18일 19시,금요일,경상북도 군위군 산성면,중상사고,0,1,0,0,차대차 - 측면충돌,교차로운행방법위반,건조,맑음,교차로 - 교차로안,승용,남,35세,상해없음,이륜,남,42세,중상
2021061800100471,2021년 6월 18일 19시,금요일,경상북도 포항시 남구 지곡동,경상사고,0,0,1,0,차대차 - 추돌,안전운전불이행,건조,맑음,단일로 - 지하차도(도로)내,승용,여,42세,상해없음,이륜,남,48세,경상
2021061800100498,2021년 6월 18일 20시,금요일,경상북도 경주시 석장동,중상사고,0,1,0,0,차대사람 - 횡단중,보행자보호의무위반,건조,맑음,교차로 - 교차로횡단보도내,승용,남,65세,상해없음,보행자,남,21세,중상
2021061800100499,2021년 6월 18일 20시,금요일,경상북도 포항시 북구 장성동,경상사고,0,0,1,0,차대차 - 측면충돌,안전운전불이행,건조,맑음,교차로 - 교차로안,승용,여,61세,상해없음,자전거,남,37세,경상
2021061800100500,2021년 6월 18일 20시,금요일,경상북도 구미시 형곡동,중상사고,0,1,0,0,차대사람 - 횡단중,보행자보호의무위반,건조,맑음,단일로 - 기타,승용,남,45세,상해없음,보행자,남,68세,중상
2021061800100501,2021년 6월 18일 20시,금요일,경상북도 포항시 남구 구룡포읍,경상사고,0,0,2,0,차대차 - 측면충돌,교차로운행방법위반,건조,맑음,교차로 - 교차로안,이륜,남,85세,경상,승용,남,58세,경상
2021061800100562,2021년 6월 18일 22시,금요일,경상북도 안동시 송현동,중상사고,0,1,1,0,차대차 - 측면충돌,안전운전불이행,건조,맑음,교차로 - 교차로안,이륜,남,40세,경상,이륜,남,41세,중상
2021061800100563,2021년 6월 18일 22시,금요일,경상북도 영주시 휴천동,중상사고,0,1,0,0,차대사람 - 기타,안전운전불이행,건조,맑음,단일로 - 기타,승용,남,47세,상해없음,보행자,남,45세,중상
2021061800100564,2021년 6월 18일 22시,금요일,경상북도 포항시 남구 대도동,경상사고,0,0,3,0,차대차 - 추돌,안전운전불이행,건조,맑음,교차로 - 교차로부근,이륜,남,63세,상해없음,승용,남,44세,경상
2021061800100583,2021년 6월 18일 23시,금요일,경상북도 포항시 북구 송라면,경상사고,0,0,1,0,차대사람 - 횡단중,신호위반,건조,맑음,교차로 - 교차로안,승용,남,25세,상해없음,보행자,남,49세,경상
2021061800100584,2021년 6월 18일 23시,금요일,경상북도 예천군 호명면,부상신고사고,0,0,0,1,차대사람 - 횡단중,보행자보호의무위반,건조,맑음,단일로 - 기타,승용,남,26세,상해없음,보행자,남,48세,부상신고
2021061900100009,2021년 6월 19일 00시,토요일,경상북도 칠곡군 지천면,경상사고,0,0,1,0,차대차 - 후진중충돌,안전운전불이행,건조,맑음,단일로 - 기타,화물,남,58세,상해없음,승용,남,29세,경상
2021061900100010,2021년 6월 19일 00시,토요일,경상북도 영천시 완산동,중상사고,0,2,1,0,차대차 - 측면충돌,신호위반,건조,맑음,교차로 - 교차로안,승용,남,55세,경상,승용,남,47세,중상
2021061900100011,2021년 6월 19일 00시,토요일,경상북도 포항시 남구 상도동,경상사고,0,0,1,0,차대차 - 측면충돌,안전운전불이행,건조,맑음,단일로 - 기타,승용,남,33세,상해없음,승용,남,67세,경상
2021061900100023,2021년 6월 19일 01시,토요일,경상북도 안동시 운흥동,경상사고,0,0,3,0,차대차 - 추돌,안전운전불이행,건조,맑음,교차로 - 교차로부근,승용,남,49세,경상,승용,남,39세,경상
2021061900100024,2021년 6월 19일 01시,토요일,경상북도 영주시 영주동,중상사고,0,1,0,0,차대차 - 측면충돌,안전운전불이행,건조,맑음,교차로 - 교차로안,승용,남,26세,상해없음,승용,남,62세,중상
2021061900100032,2021년 6월 19일 02시,토요일,경상북도 경산시 옥산동,경상사고,0,0,2,0,차대차 - 측면충돌,신호위반,건조,맑음,교차로 - 교차로안,승용,남,55세,상해없음,승용,남,27세,경상
2021061900100033,2021년 6월 19일 02시,토요일,경상북도 포항시 남구 오천읍,중상사고,0,1,1,0,차대차 - 측면충돌,안전운전불이행,건조,맑음,교차로 - 교차로안,승용,남,24세,중상,승용,남,33세,경상
2021061900100040,2021년 6월 19일 03시,토요일,경상북도 성주군 용암면,경상사고,0,0,1,0,차대차 - 추돌,안전운전불이행,건조,맑음,단일로 - 기타,화물,남,33세,상해없음,승용,남,63세,경상
2021061900100057,2021년 6월 19일 05시,토요일,경상북도 포항시 북구 용흥동,중상사고,0,1,0,0,차대차 - 측면충돌,안전운전불이행,건조,맑음,단일로 - 기타,승용,남,25세,상해없음,승용,남,66세,중상
2021061900100067,2021년 6월 19일 06시,토요일,경상북도 군위군 군위읍,경상사고,0,0,1,0,차대차 - 측면충돌,안전운전불이행,건조,맑음,단일로 - 기타,화물,남,84세,상해없음,자전거,여,69세,경상
2021061900100068,2021년 6월 19일 06시,토요일,경상북도 구미시 도개면,중상사고,0,2,1,0,차대차 - 정면충돌,중앙선침범,건조,맑음,단일로 - 기타,화물,남,63세,중상,건설기계,남,39세,경상
2021061900100076,2021년 6월 19일 07시,토요일,경상북도 영덕군 축산면,부상신고사고,0,0,0,1,차량단독 - 공작물충돌,안전운전불이행,건조,맑음,단일로 - 기타,화물,남,66세,부상신고,,,,
2021061900100077,2021년 6월 19일 07시,토요일,경상북도 영덕군 남정면,부상신고사고,0,0,0,1,차량단독 - 기타,안전운전불이행,건조,맑음,단일로 - 기타,이륜,남,69세,부상신고,,,,
2021061900100097,2021년 6월 19일 08시,토요일,경상북도 경산시 정평동,중상사고,0,1,0,0,차대차 - 측면충돌,안전운전불이행,건조,맑음,단일로 - 기타,승용,남,58세,상해없음,자전거,남,85세,중상
2021061900100098,2021년 6월 19일 08시,토요일,경상북도 청송군 청송읍,경상사고,0,0,1,0,차대차 - 측면충돌,직진우회전진행방해,건조,맑음,교차로 - 교차로안,화물,남,69세,상해없음,승용,남,64세,경상
2021061900100125,2021년 6월 19일 09시,토요일,경상북도 영덕군 강구면,경상사고,0,0,1,1,차대차 - 추돌,안전거리미확보,건조,맑음,교차로 - 교차로부근,승용,남,58세,상해없음,승용,남,29세,상해없음
2021061900100154,2021년 6월 19일 10시,토요일,경상북도 경주시 동천동,경상사고,0,0,4,1,차대차 - 기타,중앙선침범,건조,맑음,교차로 - 교차로부근,승용,남,30세,상해없음,승용,남,27세,부상신고
2021061900100155,2021년 6월 19일 10시,토요일,경상북도 경주시 용강동,부상신고사고,0,0,0,1,차대차 - 측면충돌,안전운전불이행,건조,맑음,교차로 - 교차로부근,자전거,남,11세,부상신고,승용,남,73세,상해없음
2021061900100156,2021년 6월 19일 10시,토요일,경상북도 경주시 감포읍,경상사고,0,0,1,1,차대차 - 측면충돌,신호위반,건조,맑음,교차로 - 교차로안,승용,여,55세,부상신고,승용,남,55세,경상
2021061900100157,2021년 6월 19일 10시,토요일,경상북도 김천시 부곡동,중상사고,0,1,0,0,차대차 - 측면충돌,교차로운행방법위반,건조,맑음,교차로 - 교차로횡단보도내,승용,여,47세,상해없음,자전거,남,64세,중상
2021061900100158,2021년 6월 19일 10시,토요일,경상북도 칠곡군 동명면,경상사고,0,0,1,0,차대차 - 기타,차로위반,건조,맑음,단일로 - 기타,승용,남,66세,상해없음,승합,남,53세,상해없음
2021061900100159,2021년 6월 19일 10시,토요일,경상북도 구미시 해평면,경상사고,0,0,2,0,차량단독 - 도로외이탈 - 추락,안전운전불이행,건조,맑음,단일로 - 기타,승용,여,53세,경상,,,,
2021061900100196,2021년 6월 19일 11시,토요일,경상북도 포항시 북구 흥해읍,경상사고,0,0,2,0,차대차 - 측면충돌,안전운전불이행,건조,맑음,교차로 - 교차로안,승용,남,40세,기타불명,승용,여,42세,경상
2021061900100197,2021년 6월 19일 11시,토요일,경상북도 칠곡군 왜관읍,경상사고,0,0,1,0,차대차 - 기타,안전운전불이행,건조,맑음,교차로 - 교차로안,자전거,여,76세,경상,승용,남,66세,상해없음
2021061900100198,2021년 6월 19일 11시,토요일,경상북도 포항시 남구 동촌동,경상사고,0,0,3,0,차대차 - 추돌,안전거리미확보,건조,맑음,단일로 - 기타,승용,남,35세,상해없음,승용,여,37세,경상
2021061900100233,2021년 6월 19일 12시,토요일,경상북도 구미시 형곡동,경상사고,0,0,2,0,차대차 - 추돌,안전운전불이행,건조,맑음,교차로 - 교차로부근,승용,남,49세,상해없음,승용,남,40세,경상
2021061900100276,2021년 6월 19일 13시,토요일,경상북도 경주시 보문동,경상사고,0,0,2,0,차대차 - 기타,안전운전불이행,건조,맑음,단일로 - 기타,승합,남,45세,상해없음,승용,남,24세,경상
2021061900100277,2021년 6월 19일 13시,토요일,경상북도 안동시 풍산읍,경상사고,0,0,1,0,차대차 - 정면충돌,신호위반,건조,맑음,교차로 - 교차로안,건설기계,남,43세,상해없음,이륜,남,39세,경상
2021061900100278,2021년 6월 19일 13시,토요일,경상북도 안동시 서후면,경상사고,0,0,1,0,차대사람 - 길가장자리구역통행중,기타,건조,맑음,단일로 - 기타,화물,남,66세,상해없음,보행자,여,54세,경상
2021061900100279,2021년 6월 19일 13시,토요일,경상북도 봉화군 봉화읍,경상사고,0,0,1,0,차대차 - 후진중충돌,안전운전불이행,건조,맑음,단일로 - 기타,승용,여,62세,상해없음,이륜,여,54세,경상
2021061900100360,2021년 6월 19일 15시,토요일,경상북도 포항시 북구 여천동,경상사고,0,0,3,0,차대차 - 측면충돌,안전운전불이행,건조,맑음,교차로 - 교차로안,승용,남,43세,경상,승용,남,60세,경상
2021061900100407,2021년 6월 19일 16시,토요일,경상북도 영주시 평은면,경상사고,0,0,2,0,차대차 - 추돌,안전운전불이행,건조,맑음,단일로 - 기타,승용,남,62세,기타불명,승용,남,41세,상해없음
2021061900100408,2021년 6월 19일 16시,토요일,경상북도 구미시 도량동,경상사고,0,0,1,0,차대차 - 기타,안전운전불이행,건조,맑음,단일로 - 기타,승용,남,36세,경상,승용,남,38세,상해없음
2021061900100449,2021년 6월 19일 17시,토요일,경상북도 포항시 북구 양덕동,경상사고,0,0,4,0,차대차 - 측면충돌,신호위반,건조,맑음,교차로 - 교차로부근,승용,남,69세,상해없음,승용,남,44세,경상
2021061900100450,2021년 6월 19일 17시,토요일,경상북도 포항시 북구 청하면,경상사고,0,0,4,0,차대차 - 추돌,안전거리미확보,건조,맑음,단일로 - 기타,승합,남,21세,경상,승용,남,50세,경상
2021061900100451,2021년 6월 19일 17시,토요일,경상북도 경산시 하양읍,경상사고,0,0,2,0,차대차 - 정면충돌,교차로운행방법위반,건조,맑음,교차로 - 교차로안,특수,남,29세,경상,승용,남,37세,경상
2021061900100452,2021년 6월 19일 17시,토요일,경상북도 울진군 기성면,중상사고,0,5,0,0,차대차 - 정면충돌,기타,건조,맑음,기타 - 기타,승용,여,66세,중상,승용,여,52세,중상
2021061900100453,2021년 6월 19일 17시,토요일,경상북도 구미시 진평동,경상사고,0,0,2,0,차대차 - 측면충돌,안전운전불이행,건조,맑음,교차로 - 교차로안,이륜,남,25세,경상,승용,여,25세,경상
2021061900100454,2021년 6월 19일 17시,토요일,경상북도 포항시 남구 장기면,경상사고,0,0,1,0,차대차 - 기타,안전운전불이행,건조,맑음,단일로 - 기타,승용,남,60세,상해없음,승용,여,62세,경상
2021061900100455,2021년 6월 19일 17시,토요일,경상북도 구미시 광평동,경상사고,0,0,1,0,차대차 - 측면충돌,신호위반,건조,맑음,단일로 - 기타,승용,여,37세,상해없음,승용,남,32세,경상
2021061900100507,2021년 6월 19일 18시,토요일,경상북도 경주시 노서동,경상사고,0,0,2,0,차대차 - 측면충돌,안전운전불이행,건조,맑음,교차로 - 교차로안,승용,남,65세,상해없음,승용,남,22세,상해없음
2021061900100558,2021년 6월 19일 20시,토요일,경상북도 칠곡군 북삼읍,경상사고,0,0,1,0,차대차 - 측면충돌,안전운전불이행,건조,맑음,단일로 - 기타,승용,남,54세,상해없음,자전거,남,11세,경상
2021061900100588,2021년 6월 19일 21시,토요일,경상북도 영천시 조교동,경상사고,0,0,1,2,차대차 - 측면충돌,안전운전불이행,건조,맑음,교차로 - 교차로부근,승용,남,33세,경상,승용,남,24세,부상신고
2021061900100589,2021년 6월 19일 21시,토요일,경상북도 예천군 예천읍,중상사고,0,1,0,0,차대사람 - 차도통행중,안전운전불이행,건조,맑음,교차로 - 교차로안,승용,남,65세,상해없음,보행자,남,60세,중상
2021061900100590,2021년 6월 19일 21시,토요일,경상북도 구미시 임은동,경상사고,0,0,4,0,차대차 - 추돌,안전운전불이행,건조,맑음,교차로 - 교차로부근,승용,남,41세,상해없음,승용,남,46세,경상
2021061900100637,2021년 6월 19일 23시,토요일,경상북도 경주시 성건동,경상사고,0,0,2,0,차대차 - 측면충돌,신호위반,건조,맑음,교차로 - 교차로안,승용,남,51세,상해없음,승용,남,41세,경상
2021061900100638,2021년 6월 19일 23시,토요일,경상북도 경주시 성동동,경상사고,0,0,1,0,차대차 - 측면충돌,안전운전불이행,건조,맑음,단일로 - 기타,기타불명,기타불명,미분류,기타불명,승용,남,69세,경상
2021062000100084,2021년 6월 20일 09시,일요일,경상북도 영주시 가흥동,중상사고,0,1,0,0,차대차 - 측면충돌,교차로운행방법위반,건조,맑음,교차로 - 교차로안,승용,남,77세,상해없음,화물,남,83세,중상
2021062000100099,2021년 6월 20일 10시,일요일,경상북도 상주시 청리면,중상사고,0,1,0,0,차대사람 - 기타,안전운전불이행,건조,맑음,교차로 - 교차로안,승용,남,62세,상해없음,보행자,남,84세,중상
2021062000100156,2021년 6월 20일 12시,일요일,경상북도 경주시 노동동,경상사고,0,0,1,0,차대차 - 기타,안전운전불이행,건조,맑음,단일로 - 기타,승용,남,34세,상해없음,승용,남,59세,경상
2021062000100157,2021년 6월 20일 12시,일요일,경상북도 포항시 북구 장성동,경상사고,0,0,1,0,차대차 - 측면충돌,안전운전불이행,건조,맑음,단일로 - 기타,승용,남,29세,상해없음,이륜,남,25세,경상