사고번호,사고일시,요일,시군구,사고내용,사망자수,중상자수,경상자수,부상신고자수,사고유형,법규위반,노면상태,기상상태,도로형태,가해운전자 차종,가해운전자 성별,가해운전자 연령,가해운전자 상해정도,피해운전자 차종,피해운전자 성별,피해운전자 연령,피해운전자 상해정도
2021062000100189,2021년 6월 20일 13시,일요일,경상북도 경주시 황남동,경상사고,0,0,2,0,차대차 - 측면충돌,안전운전불이행,건조,맑음,단일로 - 지하차도(도로)내,승용,여,22세,상해없음,승용,남,27세,경상
2021062000100190,2021년 6월 20일 13시,일요일,경상북도 경주시 천군동,경상사고,0,0,1,0,차대차 - 추돌,안전운전불이행,건조,맑음,교차로 - 교차로안,이륜,여,27세,상해없음,승용,여,36세,경상
2021062000100191,2021년 6월 20일 13시,일요일,경상북도 의성군 다인면,경상사고,0,0,1,0,차대차 - 기타,중앙선침범,건조,맑음,단일로 - 기타,승용,남,60세,상해없음,승용,여,44세,경상
2021062000100241,2021년 6월 20일 14시,일요일,경상북도 문경시 모전동,경상사고,0,0,1,0,차대차 - 측면충돌,안전운전불이행,건조,맑음,교차로 - 교차로안,승용,여,50세,상해없음,이륜,남,41세,경상
2021062000100275,2021년 6월 20일 15시,일요일,경상북도 포항시 북구 우현동,경상사고,0,0,3,0,차대차 - 측면충돌,중앙선침범,건조,맑음,단일로 - 기타,승용,남,61세,경상,승용,남,31세,경상
2021062000100276,2021년 6월 20일 15시,일요일,경상북도 안동시 옥동,경상사고,0,0,4,0,차대차 - 기타,안전거리미확보,건조,맑음,단일로 - 기타,승용,여,40세,경상,승용,남,33세,경상
2021062000100346,2021년 6월 20일 17시,일요일,경상북도 안동시 태화동,중상사고,0,1,4,0,차대차 - 추돌,안전운전불이행,건조,맑음,단일로 - 기타,승용,남,32세,상해없음,승용,여,19세,경상
2021062000100347,2021년 6월 20일 17시,일요일,경상북도 김천시 개령면,부상신고사고,0,0,0,1,차대차 - 측면충돌,안전운전불이행,건조,맑음,교차로 - 교차로안,이륜,남,84세,부상신고,화물,남,58세,상해없음
2021062000100348,2021년 6월 20일 17시,일요일,경상북도 영양군 입암면,경상사고,0,0,2,0,차대차 - 추돌,신호위반,건조,맑음,교차로 - 교차로안,승용,여,60세,상해없음,승용,남,28세,경상
2021062000100380,2021년 6월 20일 18시,일요일,경상북도 안동시 북문동,중상사고,0,1,0,0,차량단독 - 기타,안전운전불이행,건조,맑음,단일로 - 기타,이륜,남,66세,중상,,,,
2021062000100407,2021년 6월 20일 19시,일요일,경상북도 경주시 동천동,경상사고,0,0,1,0,차대차 - 측면충돌,안전운전불이행,건조,맑음,교차로 - 교차로안,승용,남,64세,상해없음,승용,남,39세,경상
2021062000100408,2021년 6월 20일 19시,일요일,경상북도 군위군 의흥면,경상사고,0,0,3,0,차대차 - 측면충돌,신호위반,건조,맑음,교차로 - 교차로안,승합,여,60세,상해없음,승용,남,44세,경상
2021062000100435,2021년 6월 20일 20시,일요일,경상북도 칠곡군 석적읍,경상사고,0,0,1,0,차대차 - 추돌,안전운전불이행,건조,맑음,교차로 - 교차로부근,이륜,남,32세,상해없음,승용,남,49세,상해없음
2021062000100436,2021년 6월 20일 20시,일요일,경상북도 경산시 중방동,중상사고,0,1,0,0,차대차 - 측면충돌,교차로운행방법위반,건조,맑음,교차로 - 교차로안,이륜,남,23세,상해없음,이륜,남,52세,중상
2021062000100459,2021년 6월 20일 21시,일요일,경상북도 문경시 점촌동,부상신고사고,0,0,0,1,차대차 - 기타,안전운전불이행,건조,맑음,교차로 - 교차로안,이륜,남,33세,부상신고,승용,남,54세,상해없음
2021062000100473,2021년 6월 20일 22시,일요일,경상북도 김천시 응명동,경상사고,0,0,1,0,차대차 - 측면충돌,안전운전불이행,건조,기타,교차로 - 교차로부근,승용,남,43세,상해없음,승용,남,45세,경상
2021062100100103,2021년 6월 21일 08시,월요일,경상북도 포항시 북구 창포동,경상사고,0,0,1,0,차대차 - 기타,신호위반,건조,맑음,교차로 - 교차로부근,화물,남,61세,상해없음,화물,남,60세,경상
2021062100100104,2021년 6월 21일 08시,월요일,경상북도 상주시 냉림동,중상사고,0,2,0,1,차대차 - 기타,교차로운행방법위반,건조,맑음,교차로 - 교차로안,승용,남,46세,상해없음,승용,여,55세,중상
2021062100100105,2021년 6월 21일 08시,월요일,경상북도 포항시 남구 연일읍,경상사고,0,0,1,0,차대차 - 측면충돌,안전운전불이행,건조,맑음,교차로 - 교차로부근,승용,남,28세,상해없음,승용,여,46세,경상
2021062100100178,2021년 6월 21일 10시,월요일,경상북도 김천시 농소면,경상사고,0,0,2,0,차대차 - 측면충돌,신호위반,건조,맑음,교차로 - 교차로안,화물,남,59세,상해없음,승용,여,67세,경상
2021062100100179,2021년 6월 21일 10시,월요일,경상북도 경산시 하양읍,중상사고,0,1,0,0,차대사람 - 기타,안전운전불이행,건조,맑음,단일로 - 기타,자전거,남,68세,상해없음,보행자,여,65세,중상
2021062100100180,2021년 6월 21일 10시,월요일,경상북도 군위군 군위읍,중상사고,0,1,1,0,차량단독 - 도로외이탈 - 기타,안전운전불이행,건조,맑음,단일로 - 기타,승용,여,52세,경상,,,,
2021062100100217,2021년 6월 21일 11시,월요일,경상북도 상주시 남성동,경상사고,0,0,1,0,차대사람 - 기타,안전운전불이행,건조,맑음,교차로 - 교차로안,승용,여,52세,상해없음,보행자,여,60세,경상
2021062100100218,2021년 6월 21일 11시,월요일,경상북도 상주시 남성동,경상사고,0,0,1,0,차대차 - 기타,안전운전불이행,건조,맑음,교차로 - 교차로안,화물,남,79세,상해없음,화물,남,45세,경상
2021062100100249,2021년 6월 21일 12시,월요일,경상북도 경주시 양남면,경상사고,0,0,1,0,차대차 - 측면충돌,안전운전불이행,건조,맑음,단일로 - 기타,화물,남,50세,경상,화물,남,53세,기타불명
2021062100100250,2021년 6월 21일 12시,월요일,경상북도 안동시 풍천면,중상사고,0,2,0,0,차대차 - 측면충돌,직진우회전진행방해,건조,맑음,교차로 - 교차로안,화물,남,66세,상해없음,화물,남,60세,중상
2021062100100251,2021년 6월 21일 12시,월요일,경상북도 영덕군 영덕읍,경상사고,0,0,2,0,차대차 - 측면충돌,직진우회전진행방해,건조,맑음,교차로 - 교차로안,승용,여,28세,상해없음,승용,여,53세,경상
2021062100100252,2021년 6월 21일 12시,월요일,경상북도 군위군 효령면,경상사고,0,0,1,0,차대차 - 측면충돌,교차로운행방법위반,건조,맑음,교차로 - 교차로안,승용,남,83세,상해없음,승용,여,69세,경상
2021062100100281,2021년 6월 21일 13시,월요일,경상북도 영주시 휴천동,경상사고,0,0,2,0,차대차 - 추돌,안전운전불이행,건조,맑음,단일로 - 기타,승용,남,60세,상해없음,승용,남,47세,경상
2021062100100282,2021년 6월 21일 13시,월요일,경상북도 울진군 울진읍,부상신고사고,0,0,0,1,차대차 - 추돌,안전운전불이행,건조,맑음,단일로 - 기타,화물,남,62세,상해없음,이륜,남,22세,부상신고
2021062100100361,2021년 6월 21일 15시,월요일,경상북도 경주시 황성동,경상사고,0,0,1,0,차대차 - 측면충돌,안전운전불이행,건조,맑음,기타 - 기타,승용,여,46세,상해없음,자전거,남,12세,경상
2021062100100362,2021년 6월 21일 15시,월요일,경상북도 칠곡군 왜관읍,경상사고,0,0,1,0,차대차 - 측면충돌,안전운전불이행,건조,맑음,단일로 - 기타,자전거,남,62세,경상,승용,여,43세,상해없음
2021062100100363,2021년 6월 21일 15시,월요일,경상북도 영덕군 지품면,중상사고,0,1,0,0,차량단독 - 공작물충돌,안전운전불이행,건조,맑음,단일로 - 기타,승용,여,60세,중상,,,,
2021062100100364,2021년 6월 21일 15시,월요일,경상북도 청도군 화양읍,중상사고,0,1,0,0,차대차 - 측면충돌,직진우회전진행방해,건조,맑음,교차로 - 교차로안,승용,남,24세,상해없음,화물,남,63세,중상
2021062100100365,2021년 6월 21일 15시,월요일,경상북도 성주군 성주읍,경상사고,0,0,1,0,차대차 - 측면충돌,안전운전불이행,건조,맑음,교차로 - 교차로부근,이륜,여,18세,경상,승용,남,69세,상해없음
2021062100100366,2021년 6월 21일 15시,월요일,경상북도 구미시 광평동,경상사고,0,0,1,0,차대차 - 추돌,안전운전불이행,건조,맑음,단일로 - 기타,화물,남,59세,상해없음,승용,남,55세,경상
2021062100100416,2021년 6월 21일 16시,월요일,경상북도 포항시 북구 용흥동,경상사고,0,0,2,0,차대차 - 추돌,안전거리미확보,건조,맑음,단일로 - 고가도로위,승용,남,47세,상해없음,승용,남,64세,경상
2021062100100417,2021년 6월 21일 16시,월요일,경상북도 영주시 하망동,중상사고,0,1,0,0,차대차 - 측면충돌,안전운전불이행,건조,맑음,단일로 - 기타,화물,남,62세,상해없음,자전거,여,64세,중상
2021062100100418,2021년 6월 21일 16시,월요일,경상북도 포항시 남구 효자동,중상사고,0,1,0,0,차대차 - 측면충돌,안전운전불이행,건조,맑음,교차로 - 교차로안,승용,여,60세,상해없음,자전거,남,52세,중상
2021062100100472,2021년 6월 21일 17시,월요일,경상북도 안동시 대석동,경상사고,0,0,1,0,차대사람 - 횡단중,보행자보호의무위반,건조,맑음,단일로 - 기타,이륜,남,19세,상해없음,보행자,남,79세,경상
2021062100100473,2021년 6월 21일 17시,월요일,경상북도 김천시 신음동,중상사고,0,1,1,0,차대차 - 추돌,교차로운행방법위반,건조,맑음,교차로 - 교차로안,승용,여,31세,상해없음,승용,여,57세,중상
2021062100100513,2021년 6월 21일 18시,월요일,경상북도 경주시 외동읍,부상신고사고,0,0,0,1,차대차 - 측면충돌,안전운전불이행,건조,맑음,단일로 - 기타,이륜,여,51세,부상신고,승용,남,21세,상해없음
2021062100100514,2021년 6월 21일 18시,월요일,경상북도 안동시 풍산읍,중상사고,0,3,10,0,차대차 - 추돌,안전거리미확보,건조,맑음,단일로 - 기타,승용,여,28세,경상,화물,남,68세,경상
2021062100100515,2021년 6월 21일 18시,월요일,경상북도 영천시 대창면,경상사고,0,0,2,0,차대차 - 정면충돌,기타,건조,맑음,교차로 - 교차로안,승용,남,28세,경상,화물,남,58세,경상
2021062100100558,2021년 6월 21일 19시,월요일,경상북도 경산시 유곡동,경상사고,0,0,1,0,차대차 - 추돌,안전운전불이행,건조,맑음,단일로 - 기타,화물,남,63세,상해없음,승합,남,32세,경상
2021062100100593,2021년 6월 21일 20시,월요일,경상북도 경주시 성건동,중상사고,0,1,0,0,차대사람 - 횡단중,안전운전불이행,건조,맑음,교차로 - 교차로안,이륜,남,22세,상해없음,보행자,여,78세,중상
2021062100100594,2021년 6월 21일 20시,월요일,경상북도 포항시 북구 죽도동,중상사고,0,1,1,0,차대사람 - 기타,안전운전불이행,건조,맑음,기타 - 기타,승용,남,57세,상해없음,보행자,여,47세,중상
2021062100100611,2021년 6월 21일 21시,월요일,경상북도 영덕군 영덕읍,경상사고,0,0,2,0,차대차 - 측면충돌,직진우회전진행방해,건조,맑음,교차로 - 교차로안,승용,여,31세,경상,승용,남,60세,상해없음
2021062100100654,2021년 6월 21일 23시,월요일,경상북도 상주시 화서면,경상사고,0,0,1,0,차대차 - 기타,안전거리미확보,건조,맑음,교차로 - 교차로부근,화물,남,54세,상해없음,승용,남,29세,경상
2021062200100014,2021년 6월 22일 01시,화요일,경상북도 경주시 양남면,경상사고,0,0,3,0,차대차 - 정면충돌,중앙선침범,건조,맑음,단일로 - 기타,승용,남,25세,상해없음,화물,여,47세,경상
2021062200100015,2021년 6월 22일 01시,화요일,경상북도 상주시 무양동,중상사고,0,1,1,0,차대차 - 측면충돌,신호위반,건조,맑음,교차로 - 교차로안,승용,남,43세,중상,화물,남,59세,경상
2021062200100026,2021년 6월 22일 04시,화요일,경상북도 안동시 수상동,사망사고,1,2,0,0,차대차 - 추돌,안전운전불이행,건조,맑음,단일로 - 기타,승용,여,73세,중상,농기계,남,73세,사망
2021062200100039,2021년 6월 22일 06시,화요일,경상북도 구미시 사곡동,중상사고,0,1,0,0,차대사람 - 횡단중,보행자보호의무위반,건조,맑음,교차로 - 교차로부근,승용,남,62세,상해없음,보행자,남,49세,중상
2021062200100059,2021년 6월 22일 07시,화요일,경상북도 경주시 내남면,경상사고,0,0,1,0,차대차 - 추돌,안전운전불이행,건조,맑음,교차로 - 교차로부근,화물,남,68세,상해없음,승용,여,55세,경상
2021062200100099,2021년 6월 22일 08시,화요일,경상북도 포항시 북구 장성동,경상사고,0,0,1,0,차대사람 - 횡단중,신호위반,건조,맑음,교차로 - 교차로횡단보도내,승용,여,41세,상해없음,보행자,남,6세,경상
2021062200100100,2021년 6월 22일 08시,화요일,경상북도 의성군 의성읍,경상사고,0,0,1,0,차대차 - 정면충돌,안전운전불이행,건조,맑음,단일로 - 기타,자전거,남,11세,경상,승용,남,24세,상해없음
2021062200100101,2021년 6월 22일 08시,화요일,경상북도 포항시 남구 장흥동,경상사고,0,0,4,0,차대차 - 측면충돌,신호위반,건조,맑음,교차로 - 교차로안,특수,남,53세,상해없음,승합,남,42세,경상
2021062200100134,2021년 6월 22일 09시,화요일,경상북도 칠곡군 지천면,경상사고,0,0,1,0,차대차 - 기타,기타,건조,맑음,단일로 - 기타,화물,남,61세,상해없음,승용,남,18세,경상
2021062200100135,2021년 6월 22일 09시,화요일,경상북도 예천군 예천읍,중상사고,0,2,1,0,차대차 - 측면충돌,안전운전불이행,건조,맑음,교차로 - 교차로부근,승용,여,70세,상해없음,승용,남,63세,경상
2021062200100136,2021년 6월 22일 09시,화요일,경상북도 포항시 남구 대도동,중상사고,0,1,0,0,차대사람 - 횡단중,안전운전불이행,건조,맑음,단일로 - 기타,승용,여,39세,상해없음,보행자,여,26세,중상
2021062200100171,2021년 6월 22일 10시,화요일,경상북도 칠곡군 가산면,경상사고,0,0,3,0,차대차 - 측면충돌,안전운전불이행,건조,맑음,단일로 - 기타,승용,여,59세,상해없음,승용,남,75세,경상
2021062200100204,2021년 6월 22일 11시,화요일,경상북도 경주시 내남면,중상사고,0,1,0,0,차대차 - 기타,안전운전불이행,건조,맑음,교차로 - 교차로부근,승용,남,66세,상해없음,승용,여,49세,중상
2021062200100205,2021년 6월 22일 11시,화요일,경상북도 상주시 낙양동,중상사고,0,1,0,0,차대차 - 측면충돌,교차로운행방법위반,건조,맑음,교차로 - 교차로안,화물,남,60세,상해없음,승용,남,56세,중상
2021062200100206,2021년 6월 22일 11시,화요일,경상북도 성주군 선남면,중상사고,0,3,0,0,차대차 - 기타,안전운전불이행,건조,맑음,교차로 - 교차로부근,화물,남,46세,기타불명,승용,여,38세,중상
2021062200100207,2021년 6월 22일 11시,화요일,경상북도 포항시 남구 이동,중상사고,0,1,0,0,차대차 - 측면충돌,안전운전불이행,건조,맑음,단일로 - 기타,승용,남,21세,상해없음,이륜,남,47세,중상
2021062200100244,2021년 6월 22일 12시,화요일,경상북도 경산시 압량읍,경상사고,0,0,2,0,차대차 - 후진중충돌,안전운전불이행,건조,맑음,주차장 - 주차장,화물,남,42세,상해없음,화물,기타불명,미분류,기타불명
2021062200100278,2021년 6월 22일 13시,화요일,경상북도 경주시 외동읍,경상사고,0,0,2,0,차대차 - 측면충돌,안전운전불이행,건조,맑음,단일로 - 기타,화물,남,53세,상해없음,승용,남,37세,경상
2021062200100279,2021년 6월 22일 13시,화요일,경상북도 포항시 북구 흥해읍,중상사고,0,1,5,0,차대차 - 추돌,안전거리미확보,건조,맑음,단일로 - 기타,승합,남,62세,상해없음,승용,여,27세,경상
2021062200100308,2021년 6월 22일 14시,화요일,경상북도 안동시 예안면,사망사고,1,2,2,0,차량단독 - 공작물충돌,안전운전불이행,건조,맑음,단일로 - 기타,승용,남,70세,경상,,,,
2021062200100309,2021년 6월 22일 14시,화요일,경상북도 영양군 입암면,경상사고,0,0,1,0,차대차 - 추돌,안전거리미확보,건조,맑음,단일로 - 기타,화물,남,68세,상해없음,승용,남,68세,경상
2021062200100310,2021년 6월 22일 14시,화요일,경상북도 포항시 남구 연일읍,중상사고,0,1,0,0,차대차 - 측면충돌,신호위반,건조,맑음,교차로 - 교차로안,이륜,남,49세,중상,승합,여,61세,상해없음
2021062200100346,2021년 6월 22일 15시,화요일,경상북도 경주시 강동면,중상사고,0,1,0,0,차대차 - 기타,안전운전불이행,건조,맑음,단일로 - 기타,이륜,남,15세,상해없음,이륜,남,17세,상해없음
2021062200100347,2021년 6월 22일 15시,화요일,경상북도 칠곡군 지천면,경상사고,0,0,1,0,차대차 - 후진중충돌,안전운전불이행,건조,맑음,단일로 - 기타,농기계,남,59세,상해없음,화물,여,60세,경상
2021062200100348,2021년 6월 22일 15시,화요일,경상북도 구미시 송정동,경상사고,0,0,1,1,차대차 - 측면충돌,교차로운행방법위반,건조,흐림,교차로 - 교차로부근,승용,남,52세,부상신고,승용,남,28세,경상
2021062200100381,2021년 6월 22일 16시,화요일,경상북도 경주시 산내면,중상사고,0,1,0,0,차량단독 - 도로외이탈 - 추락,안전운전불이행,젖음/습기,비,단일로 - 지하차도(도로)내,승용,여,56세,중상,,,,
2021062200100382,2021년 6월 22일 16시,화요일,경상북도 영주시 가흥동,경상사고,0,0,2,0,차대차 - 후진중충돌,안전운전불이행,건조,맑음,주차장 - 주차장,승용,여,36세,기타불명,승용,여,31세,경상
2021062200100383,2021년 6월 22일 16시,화요일,경상북도 포항시 남구 인덕동,경상사고,0,0,3,0,차대차 - 측면충돌,신호위반,건조,맑음,교차로 - 교차로안,승용,남,19세,상해없음,승용,남,37세,경상
2021062200100384,2021년 6월 22일 16시,화요일,경상북도 포항시 남구 지곡동,경상사고,0,0,1,0,차대사람 - 차도통행중,안전운전불이행,건조,맑음,단일로 - 지하차도(도로)내,승용,남,53세,상해없음,보행자,남,13세,경상
2021062200100419,2021년 6월 22일 17시,화요일,경상북도 안동시 송천동,경상사고,0,0,2,0,차대차 - 정면충돌,직진우회전진행방해,건조,맑음,교차로 - 교차로안,승용,남,67세,상해없음,사륜오토바이(ATV),남,30세,상해없음
2021062200100458,2021년 6월 22일 18시,화요일,경상북도 봉화군 재산면,사망사고,1,0,1,0,차대차 - 정면충돌,중앙선침범,건조,흐림,단일로 - 기타,화물,남,68세,사망,화물,남,59세,경상
2021062200100485,2021년 6월 22일 19시,화요일,경상북도 포항시 북구 흥해읍,경상사고,0,0,1,0,차대차 - 기타,안전운전불이행,건조,맑음,교차로 - 교차로안,승용,여,27세,상해없음,승합,남,52세,경상
2021062200100486,2021년 6월 22일 19시,화요일,경상북도 포항시 북구 장성동,경상사고,0,0,1,0,차대차 - 추돌,안전운전불이행,건조,맑음,교차로 - 교차로부근,화물,남,64세,상해없음,승용,남,40세,경상
2021062200100546,2021년 6월 22일 21시,화요일,경상북도 구미시 형곡동,경상사고,0,0,1,0,차대차 - 측면충돌,안전운전불이행,건조,맑음,교차로 - 교차로안,승용,남,28세,상해없음,이륜,남,39세,경상
2021062200100547,2021년 6월 22일 21시,화요일,경상북도 포항시 남구 연일읍,경상사고,0,0,1,0,차대사람 - 기타,보행자보호의무위반,건조,맑음,교차로 - 교차로안,승용,남,23세,상해없음,보행자,남,42세,경상
2021062200100565,2021년 6월 22일 22시,화요일,경상북도 영주시 휴천동,중상사고,0,1,0,0,차대차 - 측면충돌,안전운전불이행,젖음/습기,비,단일로 - 기타,승용,남,40세,상해없음,자전거,남,53세,중상
2021062300100009,2021년 6월 23일 00시,수요일,경상북도 경산시 압량읍,경상사고,0,0,1,0,차대차 - 측면충돌,신호위반,건조,흐림,교차로 - 교차로안,승용,남,40세,상해없음,승용,여,32세,경상
2021062300100010,2021년 6월 23일 00시,수요일,경상북도 청도군 각북면,경상사고,0,0,1,0,차대차 - 측면충돌,안전운전불이행,건조,흐림,단일로 - 기타,화물,남,60세,상해없음,화물,남,52세,경상
2021062300100016,2021년 6월 23일 01시,수요일,경상북도 경산시 사동,경상사고,0,0,1,0,차대차 - 측면충돌,안전운전불이행,건조,맑음,주차장 - 주차장,승용,남,59세,상해없음,승용,남,44세,경상
2021062300100053,2021년 6월 23일 07시,수요일,경상북도 경산시 중방동,중상사고,0,1,1,0,차량단독 - 기타,신호위반,기타,맑음,교차로 - 교차로부근,이륜,남,28세,경상,,,,
2021062300100054,2021년 6월 23일 07시,수요일,경상북도 구미시 공단동,경상사고,0,0,1,0,차대사람 - 기타,안전운전불이행,기타,기타,단일로 - 기타,승용,남,60세,상해없음,보행자,여,21세,경상
2021062300100081,2021년 6월 23일 08시,수요일,경상북도 칠곡군 왜관읍,중상사고,0,1,1,0,차대차 - 측면충돌,안전운전불이행,건조,맑음,교차로 - 교차로부근,이륜,남,77세,경상,화물,남,63세,상해없음
2021062300100082,2021년 6월 23일 08시,수요일,경상북도 경산시 하양읍,중상사고,0,1,0,0,차대차 - 추돌,안전운전불이행,젖음/습기,흐림,교차로 - 교차로부근,화물,남,54세,상해없음,승용,여,61세,중상
2021062300100106,2021년 6월 23일 09시,수요일,경상북도 구미시 인의동,경상사고,0,0,1,0,차대차 - 기타,교차로운행방법위반,건조,흐림,교차로 - 교차로안,승용,남,71세,상해없음,개인형이동수단(PM),여,24세,경상
2021062300100107,2021년 6월 23일 09시,수요일,경상북도 구미시 옥성면,중상사고,0,2,1,0,차대차 - 기타,중앙선침범,건조,맑음,단일로 - 기타,화물,남,67세,상해없음,승합,남,53세,중상
2021062300100108,2021년 6월 23일 09시,수요일,경상북도 구미시 도량동,중상사고,0,1,0,0,차대차 - 정면충돌,안전운전불이행,건조,맑음,단일로 - 기타,승용,여,41세,상해없음,자전거,남,68세,중상
2021062300100133,2021년 6월 23일 10시,수요일,경상북도 안동시 임동면,경상사고,0,0,2,0,차대차 - 정면충돌,중앙선침범,건조,맑음,단일로 - 기타,승용,남,74세,경상,특수,남,51세,경상
2021062300100134,2021년 6월 23일 10시,수요일,경상북도 안동시 수상동,중상사고,0,1,0,0,차대사람 - 기타,안전운전불이행,건조,맑음,단일로 - 기타,승용,남,52세,상해없음,보행자,남,57세,중상
2021062300100135,2021년 6월 23일 10시,수요일,경상북도 경산시 계양동,경상사고,0,0,1,0,차대차 - 추돌,안전거리미확보,건조,맑음,단일로 - 기타,승용,남,30세,기타불명,승용,남,46세,경상
2021062300100136,2021년 6월 23일 10시,수요일,경상북도 군위군 군위읍,중상사고,0,1,0,0,차대차 - 측면충돌,안전운전불이행,건조,맑음,단일로 - 기타,건설기계,남,61세,상해없음,승용,여,49세,중상
2021062300100137,2021년 6월 23일 10시,수요일,경상북도 포항시 남구 대도동,경상사고,0,0,1,0,차대차 - 측면충돌,신호위반,건조,맑음,교차로 - 교차로안,이륜,남,24세,상해없음,승용,남,35세,경상
2021062300100138,2021년 6월 23일 10시,수요일,경상북도 포항시 남구 연일읍,경상사고,0,0,1,0,차량단독 - 기타,안전운전불이행,건조,맑음,단일로 - 고가도로위,승합,남,51세,상해없음,,,,
2021062300100169,2021년 6월 23일 11시,수요일,경상북도 포항시 북구 창포동,경상사고,0,0,1,0,차대차 - 측면충돌,안전운전불이행,건조,맑음,교차로 - 교차로부근,승용,여,60세,상해없음,승용,남,34세,경상
2021062300100170,2021년 6월 23일 11시,수요일,경상북도 청도군 이서면,경상사고,0,0,1,0,차대차 - 측면충돌,안전운전불이행,건조,맑음,교차로 - 교차로부근,화물,남,59세,기타불명,건설기계,남,55세,경상
2021062300100171,2021년 6월 23일 11시,수요일,경상북도 구미시 무을면,경상사고,0,0,1,0,차대차 - 측면충돌,중앙선침범,건조,맑음,단일로 - 기타,승용,남,67세,상해없음,승용,남,44세,상해없음
2021062300100197,2021년 6월 23일 12시,수요일,경상북도 포항시 북구 동빈1가,중상사고,0,1,0,0,차대사람 - 횡단중,안전운전불이행,건조,맑음,교차로 - 교차로안,이륜,남,28세,상해없음,보행자,남,81세,중상
2021062300100230,2021년 6월 23일 13시,수요일,경상북도 영천시 북안면,경상사고,0,0,1,0,차대차 - 측면충돌,중앙선침범,건조,맑음,교차로 - 교차로부근,승용,남,55세,상해없음,화물,남,41세,경상
2021062300100231,2021년 6월 23일 13시,수요일,경상북도 포항시 남구 송도동,경상사고,0,0,1,0,차대사람 - 길가장자리구역통행중,안전운전불이행,건조,맑음,단일로 - 기타,승합,남,58세,상해없음,보행자,남,68세,경상
2021062300100254,2021년 6월 23일 14시,수요일,경상북도 문경시 모전동,중상사고,0,1,0,0,차대차 - 측면충돌,안전운전불이행,건조,맑음,교차로 - 교차로부근,승합,남,49세,상해없음,이륜,남,54세,중상
2021062300100329,2021년 6월 23일 16시,수요일,경상북도 영덕군 영덕읍,부상신고사고,0,0,0,1,차대차 - 측면충돌,직진우회전진행방해,건조,맑음,교차로 - 교차로안,이륜,여,44세,부상신고,승용,남,35세,상해없음
2021062300100330,2021년 6월 23일 16시,수요일,경상북도 봉화군 봉화읍,경상사고,0,0,3,0,차대차 - 측면충돌,교차로운행방법위반,건조,맑음,교차로 - 교차로안,승용,남,31세,상해없음,승용,여,54세,경상
2021062300100373,2021년 6월 23일 17시,수요일,경상북도 구미시 공단동,경상사고,0,0,1,0,차대차 - 측면충돌,교차로운행방법위반,건조,맑음,교차로 - 교차로안,승용,남,46세,상해없음,화물,남,50세,경상
2021062300100374,2021년 6월 23일 17시,수요일,경상북도 구미시 상모동,경상사고,0,0,1,0,차대사람 - 횡단중,안전운전불이행,건조,맑음,단일로 - 기타,승용,남,42세,상해없음,보행자,여,25세,경상
2021062300100463,2021년 6월 23일 20시,수요일,경상북도 포항시 북구 양덕동,중상사고,0,1,0,0,차대사람 - 횡단중,안전운전불이행,건조,맑음,교차로 - 교차로부근,승용,남,78세,상해없음,보행자,여,74세,중상
2021062300100464,2021년 6월 23일 20시,수요일,경상북도 칠곡군 북삼읍,경상사고,0,0,1,1,차대차 - 기타,신호위반,건조,맑음,교차로 - 교차로안,이륜,남,53세,부상신고,승용,남,26세,경상
2021062300100465,2021년 6월 23일 20시,수요일,경상북도 고령군 우곡면,중상사고,0,1,0,0,차대차 - 추돌,안전운전불이행,젖음/습기,비,단일로 - 기타,화물,남,55세,상해없음,자전거,남,42세,중상
2021062300100503,2021년 6월 23일 21시,수요일,경상북도 경산시 정평동,중상사고,0,1,0,0,차대차 - 측면충돌,신호위반,건조,맑음,교차로 - 교차로안,승용,남,27세,상해없음,이륜,남,24세,중상
2021062300100504,2021년 6월 23일 21시,수요일,경상북도 구미시 구포동,경상사고,0,0,1,0,차대차 - 기타,안전운전불이행,건조,맑음,단일로 - 기타,이륜,남,20세,경상,승용,남,25세,상해없음
2021062300100505,2021년 6월 23일 21시,수요일,경상북도 포항시 남구 대잠동,경상사고,0,0,2,0,차대차 - 측면충돌,신호위반,건조,맑음,교차로 - 교차로안,이륜,남,39세,경상,승용,여,45세,경상
2021062300100538,2021년 6월 23일 22시,수요일,경상북도 칠곡군 석적읍,중상사고,0,2,0,0,차대차 - 추돌,안전운전불이행,건조,맑음,단일로 - 기타,화물,남,62세,중상,승용,남,78세,중상
2021062300100554,2021년 6월 23일 23시,수요일,경상북도 구미시 황상동,경상사고,0,0,1,0,차대차 - 측면충돌,안전거리미확보,건조,맑음,단일로 - 기타,승용,남,29세,상해없음,승용,남,20세,경상
2021062400100006,2021년 6월 24일 00시,목요일,경상북도 상주시 무양동,사망사고,1,0,0,0,차대차 - 정면충돌,교차로운행방법위반,건조,맑음,교차로 - 교차로안,승용,여,63세,기타불명,이륜,남,28세,사망
2021062400100015,2021년 6월 24일 01시,목요일,경상북도 경주시 동천동,중상사고,0,1,0,0,차량단독 - 공작물충돌,안전운전불이행,건조,맑음,단일로 - 지하차도(도로)내,승용,여,28세,중상,,,,