사고번호,사고일시,요일,시군구,사고내용,사망자수,중상자수,경상자수,부상신고자수,사고유형,법규위반,노면상태,기상상태,도로형태,가해운전자 차종,가해운전자 성별,가해운전자 연령,가해운전자 상해정도,피해운전자 차종,피해운전자 성별,피해운전자 연령,피해운전자 상해정도
2021062400100016,2021년 6월 24일 01시,목요일,경상북도 포항시 남구 해도동,경상사고,0,0,2,2,차대차 - 측면충돌,안전운전불이행,건조,맑음,단일로 - 기타,승용,남,55세,경상,승용,남,72세,경상
2021062400100078,2021년 6월 24일 07시,목요일,경상북도 경주시 외동읍,경상사고,0,0,2,0,차대차 - 측면충돌,안전운전불이행,건조,맑음,교차로 - 교차로부근,승용,남,64세,상해없음,승용,남,31세,경상
2021062400100116,2021년 6월 24일 08시,목요일,경상북도 포항시 남구 해도동,경상사고,0,0,2,0,차대차 - 측면충돌,직진우회전진행방해,건조,맑음,단일로 - 기타,승용,남,68세,상해없음,승용,여,41세,경상
2021062400100151,2021년 6월 24일 09시,목요일,경상북도 포항시 남구 해도동,부상신고사고,0,0,0,1,차대사람 - 차도통행중,불법유턴,건조,맑음,단일로 - 기타,화물,남,49세,상해없음,보행자,남,23세,부상신고
2021062400100186,2021년 6월 24일 10시,목요일,경상북도 경주시 황오동,경상사고,0,0,1,0,차대차 - 측면충돌,안전운전불이행,건조,맑음,기타 - 기타,화물,남,72세,상해없음,승용,남,37세,상해없음
2021062400100215,2021년 6월 24일 11시,목요일,경상북도 경주시 시동,중상사고,0,1,0,0,차량단독 - 기타,안전운전불이행,건조,맑음,단일로 - 기타,화물,남,62세,중상,,,,
2021062400100216,2021년 6월 24일 11시,목요일,경상북도 안동시 당북동,중상사고,0,1,0,0,차대차 - 기타,안전운전불이행,건조,맑음,교차로 - 교차로부근,화물,남,64세,상해없음,이륜,남,70세,중상
2021062400100217,2021년 6월 24일 11시,목요일,경상북도 상주시 함창읍,경상사고,0,0,1,0,차량단독 - 전도전복 - 전도,안전운전불이행,건조,맑음,단일로 - 기타,이륜,여,61세,경상,,,,
2021062400100218,2021년 6월 24일 11시,목요일,경상북도 울진군 울진읍,중상사고,0,2,0,0,차대차 - 측면충돌,중앙선침범,건조,맑음,교차로 - 교차로부근,승용,남,49세,상해없음,승용,여,56세,중상
2021062400100219,2021년 6월 24일 11시,목요일,경상북도 영양군 영양읍,경상사고,0,0,1,0,차대차 - 측면충돌,직진우회전진행방해,건조,맑음,교차로 - 교차로안,화물,남,69세,상해없음,승용,여,29세,경상
2021062400100257,2021년 6월 24일 12시,목요일,경상북도 영덕군 지품면,중상사고,0,2,1,0,차대차 - 측면충돌,안전운전불이행,건조,맑음,교차로 - 교차로부근,화물,남,69세,경상,승용,여,42세,중상
2021062400100258,2021년 6월 24일 12시,목요일,경상북도 구미시 고아읍,경상사고,0,0,1,0,차대차 - 기타,안전운전불이행,건조,맑음,단일로 - 기타,화물,남,49세,상해없음,승용,남,80세,경상
2021062400100289,2021년 6월 24일 13시,목요일,경상북도 영덕군 강구면,경상사고,0,0,4,0,차대차 - 측면충돌,신호위반,건조,맑음,교차로 - 교차로부근,승용,남,33세,경상,승용,여,55세,경상
2021062400100290,2021년 6월 24일 13시,목요일,경상북도 구미시 산동읍,경상사고,0,0,1,0,차대차 - 추돌,안전운전불이행,건조,맑음,단일로 - 기타,승용,여,30세,상해없음,승용,남,66세,경상
2021062400100325,2021년 6월 24일 14시,목요일,경상북도 경주시 건천읍,사망사고,1,0,0,0,차대차 - 기타,안전운전불이행,건조,맑음,단일로 - 기타,승합,여,54세,사망,화물,남,27세,상해없음
2021062400100326,2021년 6월 24일 14시,목요일,경상북도 고령군 다산면,경상사고,0,0,2,0,차대차 - 측면충돌,교차로운행방법위반,건조,맑음,교차로 - 교차로안,화물,남,59세,경상,건설기계,남,64세,경상
2021062400100369,2021년 6월 24일 15시,목요일,경상북도 안동시 수상동,중상사고,0,1,1,0,차대차 - 측면충돌,안전운전불이행,건조,맑음,교차로 - 교차로안,건설기계,남,63세,경상,승용,남,73세,중상
2021062400100370,2021년 6월 24일 15시,목요일,경상북도 경산시 자인면,경상사고,0,0,1,0,차량단독 - 도로외이탈 - 추락,안전운전불이행,건조,맑음,단일로 - 기타,이륜,남,73세,경상,,,,
2021062400100371,2021년 6월 24일 15시,목요일,경상북도 청도군 청도읍,중상사고,0,2,1,0,차대차 - 측면충돌,신호위반,건조,맑음,교차로 - 교차로안,승용,남,72세,상해없음,화물,남,53세,중상
2021062400100372,2021년 6월 24일 15시,목요일,경상북도 구미시 봉곡동,경상사고,0,0,1,0,차대차 - 기타,안전거리미확보,건조,맑음,교차로 - 교차로안,승용,여,40세,상해없음,승용,여,55세,경상
2021062400100406,2021년 6월 24일 16시,목요일,경상북도 의성군 구천면,중상사고,0,2,0,0,차량단독 - 전도전복 - 전복,안전운전불이행,건조,맑음,단일로 - 기타,사륜오토바이(ATV),남,89세,중상,,,,
2021062400100451,2021년 6월 24일 17시,목요일,경상북도 안동시 율세동,경상사고,0,0,1,0,차대차 - 기타,안전운전불이행,건조,맑음,교차로 - 교차로안,개인형이동수단(PM),남,31세,경상,승용,여,60세,상해없음
2021062400100452,2021년 6월 24일 17시,목요일,경상북도 포항시 남구 대잠동,경상사고,0,0,1,0,차대차 - 측면충돌,안전거리미확보,건조,맑음,단일로 - 기타,승용,남,63세,상해없음,승용,여,43세,경상
2021062400100500,2021년 6월 24일 18시,목요일,경상북도 문경시 흥덕동,중상사고,0,1,0,0,차대사람 - 횡단중,안전운전불이행,건조,맑음,단일로 - 기타,승용,남,58세,상해없음,보행자,여,62세,중상
2021062400100543,2021년 6월 24일 19시,목요일,경상북도 경주시 황남동,경상사고,0,0,1,0,차대차 - 기타,안전운전불이행,건조,맑음,주차장 - 주차장,승용,남,24세,기타불명,승용,여,36세,경상
2021062400100544,2021년 6월 24일 19시,목요일,경상북도 울진군 울진읍,경상사고,0,0,1,0,차대차 - 측면충돌,안전운전불이행,건조,맑음,교차로 - 교차로안,승용,남,58세,상해없음,이륜,남,18세,경상
2021062400100599,2021년 6월 24일 21시,목요일,경상북도 김천시 남면,경상사고,0,0,1,0,차대차 - 추돌,안전운전불이행,건조,맑음,단일로 - 기타,화물,남,58세,상해없음,자전거,남,57세,경상
2021062400100600,2021년 6월 24일 21시,목요일,경상북도 예천군 예천읍,중상사고,0,1,0,0,차대사람 - 횡단중,신호위반,건조,기타,교차로 - 교차로안,승합,남,59세,상해없음,보행자,여,63세,중상
2021062400100666,2021년 6월 24일 23시,목요일,경상북도 경주시 동천동,경상사고,0,0,1,0,차대차 - 측면충돌,안전운전불이행,건조,맑음,기타 - 기타,승용,남,28세,상해없음,승용,남,59세,경상
2021062400100667,2021년 6월 24일 23시,목요일,경상북도 봉화군 명호면,사망사고,1,0,0,0,차량단독 - 기타,안전운전불이행,건조,맑음,교차로 - 교차로안,화물,남,61세,상해없음,,,,
2021062500100012,2021년 6월 25일 00시,금요일,경상북도 칠곡군 석적읍,중상사고,0,1,1,1,차대차 - 측면충돌,기타,건조,맑음,교차로 - 교차로부근,승용,남,43세,부상신고,승용,남,61세,경상
2021062500100042,2021년 6월 25일 06시,금요일,경상북도 구미시 형곡동,경상사고,0,0,1,0,차대차 - 측면충돌,신호위반,건조,맑음,교차로 - 교차로안,승용,남,53세,상해없음,화물,남,53세,경상
2021062500100043,2021년 6월 25일 06시,금요일,경상북도 구미시 구포동,경상사고,0,0,1,0,차대사람 - 기타,기타,건조,맑음,교차로 - 교차로부근,승용,남,64세,상해없음,보행자,여,29세,경상
2021062500100065,2021년 6월 25일 07시,금요일,경상북도 포항시 북구 흥해읍,경상사고,0,0,1,0,차대차 - 측면충돌,안전거리미확보,건조,맑음,단일로 - 기타,승용,여,44세,상해없음,승용,여,29세,경상
2021062500100099,2021년 6월 25일 08시,금요일,경상북도 포항시 남구 해도동,중상사고,0,1,0,0,차대차 - 측면충돌,안전운전불이행,건조,맑음,단일로 - 기타,자전거,여,72세,중상,승용,남,41세,상해없음
2021062500100150,2021년 6월 25일 09시,금요일,경상북도 영주시 하망동,경상사고,0,0,1,0,차대차 - 측면충돌,교차로운행방법위반,건조,맑음,교차로 - 교차로안,승용,여,19세,상해없음,승용,남,59세,경상
2021062500100151,2021년 6월 25일 09시,금요일,경상북도 성주군 선남면,중상사고,0,1,0,0,차대차 - 측면충돌,신호위반,건조,맑음,교차로 - 교차로안,화물,남,56세,상해없음,건설기계,남,44세,중상
2021062500100176,2021년 6월 25일 10시,금요일,경상북도 포항시 남구 구룡포읍,경상사고,0,0,1,0,차대차 - 측면충돌,불법유턴,건조,맑음,단일로 - 기타,승용,여,48세,상해없음,승용,여,52세,경상
2021062500100211,2021년 6월 25일 11시,금요일,경상북도 경주시 안강읍,부상신고사고,0,0,0,1,차대차 - 측면충돌,안전거리미확보,건조,맑음,교차로 - 교차로부근,승용,남,45세,상해없음,이륜,남,38세,부상신고
2021062500100240,2021년 6월 25일 12시,금요일,경상북도 상주시 사벌국면,중상사고,0,1,0,0,차대차 - 측면충돌,안전운전불이행,건조,맑음,교차로 - 교차로안,승용,남,62세,상해없음,사륜오토바이(ATV),남,81세,중상
2021062500100241,2021년 6월 25일 12시,금요일,경상북도 영덕군 영해면,경상사고,0,0,1,0,차대차 - 측면충돌,중앙선침범,건조,맑음,단일로 - 기타,개인형이동수단(PM),여,60세,경상,승용,여,49세,상해없음
2021062500100242,2021년 6월 25일 12시,금요일,경상북도 청도군 화양읍,경상사고,0,0,1,0,차대차 - 측면충돌,안전운전불이행,건조,맑음,단일로 - 기타,승용,남,38세,상해없음,승용,남,31세,경상
2021062500100243,2021년 6월 25일 12시,금요일,경상북도 포항시 남구 오천읍,경상사고,0,0,1,0,차대차 - 측면충돌,중앙선침범,건조,맑음,단일로 - 지하차도(도로)내,승용,남,28세,기타불명,화물,남,46세,경상
2021062500100280,2021년 6월 25일 13시,금요일,경상북도 안동시 안막동,경상사고,0,0,3,0,차대차 - 추돌,안전거리미확보,건조,맑음,단일로 - 기타,승용,여,36세,경상,화물,남,70세,경상
2021062500100281,2021년 6월 25일 13시,금요일,경상북도 영주시 가흥동,중상사고,0,1,1,0,차대차 - 측면충돌,안전운전불이행,건조,맑음,교차로 - 교차로안,화물,남,57세,상해없음,승용,남,78세,경상
2021062500100282,2021년 6월 25일 13시,금요일,경상북도 영천시 문외동,경상사고,0,0,1,0,차대차 - 후진중충돌,안전운전불이행,건조,맑음,주차장 - 주차장,화물,남,78세,상해없음,승용,남,40세,경상
2021062500100317,2021년 6월 25일 14시,금요일,경상북도 경주시 양남면,경상사고,0,0,2,0,차대차 - 측면충돌,안전운전불이행,건조,맑음,교차로 - 교차로안,승용,남,54세,경상,승용,남,66세,경상
2021062500100318,2021년 6월 25일 14시,금요일,경상북도 포항시 북구 흥해읍,중상사고,0,1,0,0,차대차 - 측면충돌,직진우회전진행방해,건조,맑음,교차로 - 교차로안,화물,남,47세,상해없음,자전거,남,37세,중상
2021062500100319,2021년 6월 25일 14시,금요일,경상북도 예천군 예천읍,중상사고,0,1,0,0,차대사람 - 차도통행중,안전운전불이행,건조,맑음,단일로 - 기타,승용,남,35세,상해없음,보행자,여,76세,중상
2021062500100366,2021년 6월 25일 15시,금요일,경상북도 칠곡군 지천면,경상사고,0,0,1,0,차대사람 - 길가장자리구역통행중,안전운전불이행,건조,맑음,교차로 - 교차로부근,농기계,남,77세,상해없음,보행자,여,79세,경상
2021062500100367,2021년 6월 25일 15시,금요일,경상북도 예천군 감천면,경상사고,0,0,1,0,차대차 - 측면충돌,안전운전불이행,건조,맑음,교차로 - 교차로안,승용,여,67세,상해없음,승용,남,72세,상해없음
2021062500100368,2021년 6월 25일 15시,금요일,경상북도 포항시 남구 연일읍,경상사고,0,0,1,0,차량단독 - 공작물충돌,안전운전불이행,건조,맑음,단일로 - 기타,화물,남,57세,경상,,,,
2021062500100369,2021년 6월 25일 15시,금요일,경상북도 포항시 남구 이동,경상사고,0,0,1,0,차대차 - 측면충돌,안전운전불이행,건조,맑음,교차로 - 교차로안,승용,여,46세,상해없음,승용,여,32세,경상
2021062500100409,2021년 6월 25일 16시,금요일,경상북도 경주시 구황동,중상사고,0,1,0,0,차대차 - 추돌,안전운전불이행,건조,맑음,교차로 - 교차로안,승용,여,24세,상해없음,승용,남,63세,중상
2021062500100410,2021년 6월 25일 16시,금요일,경상북도 경주시 황성동,경상사고,0,0,2,0,차대차 - 추돌,안전운전불이행,건조,맑음,단일로 - 기타,승용,여,69세,상해없음,승용,남,33세,경상
2021062500100411,2021년 6월 25일 16시,금요일,경상북도 김천시 율곡동,경상사고,0,0,1,0,차대사람 - 차도통행중,안전운전불이행,건조,맑음,단일로 - 기타,승용,여,39세,상해없음,보행자,남,3세,경상
2021062500100412,2021년 6월 25일 16시,금요일,경상북도 울진군 울진읍,중상사고,0,1,0,0,차량단독 - 도로외이탈 - 추락,안전운전불이행,건조,맑음,단일로 - 기타,자전거,남,47세,중상,,,,
2021062500100469,2021년 6월 25일 17시,금요일,경상북도 포항시 남구 오천읍,경상사고,0,0,2,0,차대차 - 측면충돌,안전운전불이행,건조,맑음,단일로 - 지하차도(도로)내,이륜,남,17세,경상,승용,여,25세,경상
2021062500100470,2021년 6월 25일 17시,금요일,경상북도 포항시 남구 해도동,경상사고,0,0,2,1,차대차 - 측면충돌,교차로운행방법위반,건조,맑음,교차로 - 교차로안,승합,남,34세,상해없음,승용,여,31세,경상
2021062500100471,2021년 6월 25일 17시,금요일,경상북도 포항시 남구 상도동,경상사고,0,0,2,0,차대차 - 측면충돌,직진우회전진행방해,건조,맑음,교차로 - 교차로부근,승용,남,47세,경상,승용,여,60세,경상
2021062500100528,2021년 6월 25일 18시,금요일,경상북도 영주시 가흥동,중상사고,0,1,0,0,차대차 - 측면충돌,안전운전불이행,건조,맑음,단일로 - 기타,이륜,여,59세,중상,승용,남,73세,상해없음
2021062500100529,2021년 6월 25일 18시,금요일,경상북도 영주시 영주동,경상사고,0,0,1,0,차대차 - 측면충돌,교차로운행방법위반,건조,맑음,교차로 - 교차로안,승용,남,26세,상해없음,승용,여,35세,경상
2021062500100530,2021년 6월 25일 18시,금요일,경상북도 청도군 풍각면,경상사고,0,0,1,0,차대차 - 추돌,안전거리미확보,건조,맑음,단일로 - 기타,화물,남,73세,상해없음,화물,남,56세,경상
2021062500100531,2021년 6월 25일 18시,금요일,경상북도 구미시 송정동,중상사고,0,1,0,0,차량단독 - 기타,안전운전불이행,건조,맑음,단일로 - 기타,승용,남,61세,상해없음,,,,
2021062500100532,2021년 6월 25일 18시,금요일,경상북도 상주시 낙동면,경상사고,0,0,1,0,차대차 - 추돌,안전운전불이행,건조,맑음,단일로 - 터널,승용,남,31세,상해없음,승용,남,28세,경상
2021062500100569,2021년 6월 25일 19시,금요일,경상북도 포항시 북구 흥해읍,경상사고,0,0,1,0,차대차 - 기타,안전운전불이행,건조,맑음,단일로 - 기타,승용,여,69세,상해없음,이륜,남,40세,경상
2021062500100570,2021년 6월 25일 19시,금요일,경상북도 경산시 옥곡동,경상사고,0,0,1,0,차대사람 - 횡단중,보행자보호의무위반,젖음/습기,흐림,교차로 - 교차로횡단보도내,화물,남,43세,상해없음,보행자,남,52세,경상
2021062500100604,2021년 6월 25일 20시,금요일,경상북도 포항시 북구 양덕동,경상사고,0,0,1,0,차대차 - 측면충돌,안전운전불이행,건조,맑음,단일로 - 기타,승용,여,43세,상해없음,승용,남,38세,경상
2021062500100605,2021년 6월 25일 20시,금요일,경상북도 청도군 금천면,경상사고,0,0,2,0,차대차 - 측면충돌,안전운전불이행,건조,흐림,단일로 - 기타,화물,남,49세,경상,승용,남,49세,상해없음
2021062500100633,2021년 6월 25일 21시,금요일,경상북도 울진군 온정면,경상사고,0,0,1,0,차량단독 - 도로외이탈 - 기타,기타,건조,맑음,기타 - 기타,승용,여,65세,경상,,,,
2021062500100677,2021년 6월 25일 22시,금요일,경상북도 경산시 하양읍,중상사고,0,1,0,0,차대차 - 측면충돌,신호위반,건조,맑음,교차로 - 교차로안,화물,남,63세,상해없음,승용,남,30세,중상
2021062500100695,2021년 6월 25일 23시,금요일,경상북도 영주시 이산면,중상사고,0,1,4,0,차대차 - 정면충돌,안전운전불이행,건조,맑음,단일로 - 기타,승용,남,29세,경상,승용,남,37세,경상
2021062600100019,2021년 6월 26일 00시,토요일,경상북도 안동시 옥동,중상사고,0,1,0,0,차대사람 - 횡단중,보행자보호의무위반,건조,맑음,교차로 - 교차로횡단보도내,승용,남,63세,상해없음,보행자,남,43세,중상
2021062600100020,2021년 6월 26일 00시,토요일,경상북도 구미시 고아읍,경상사고,0,0,2,0,차대차 - 추돌,안전운전불이행,건조,맑음,단일로 - 기타,승용,남,49세,상해없음,승용,남,31세,경상
2021062600100039,2021년 6월 26일 01시,토요일,경상북도 경산시 중방동,경상사고,0,0,1,0,차대사람 - 기타,보행자보호의무위반,건조,맑음,교차로 - 교차로횡단보도내,승용,남,68세,상해없음,보행자,여,42세,경상
2021062600100052,2021년 6월 26일 02시,토요일,경상북도 경산시 삼풍동,경상사고,0,0,2,0,차대차 - 정면충돌,안전운전불이행,건조,맑음,교차로 - 교차로안,승용,남,21세,경상,승용,남,29세,경상
2021062600100053,2021년 6월 26일 02시,토요일,경상북도 포항시 남구 대잠동,경상사고,0,0,3,0,차대차 - 후진중충돌,안전운전불이행,건조,맑음,교차로 - 교차로부근,승용,여,48세,상해없음,승용,남,49세,경상
2021062600100079,2021년 6월 26일 06시,토요일,경상북도 경산시 하양읍,경상사고,0,0,1,0,차대사람 - 횡단중,안전운전불이행,건조,맑음,교차로 - 교차로안,화물,남,65세,상해없음,보행자,남,65세,경상
2021062600100099,2021년 6월 26일 08시,토요일,경상북도 포항시 북구 동빈1가,경상사고,0,0,1,0,차대차 - 측면충돌,안전운전불이행,건조,맑음,교차로 - 교차로안,승용,남,66세,상해없음,승용,남,49세,경상
2021062600100129,2021년 6월 26일 09시,토요일,경상북도 구미시 진평동,중상사고,0,1,0,0,차대차 - 측면충돌,안전운전불이행,젖음/습기,비,교차로 - 교차로안,승용,남,47세,상해없음,이륜,남,28세,중상
2021062600100163,2021년 6월 26일 10시,토요일,경상북도 포항시 북구 청하면,중상사고,0,1,0,0,차대사람 - 횡단중,보행자보호의무위반,건조,맑음,교차로 - 교차로부근,승용,남,68세,상해없음,보행자,여,84세,중상
2021062600100164,2021년 6월 26일 10시,토요일,경상북도 포항시 북구 죽도동,경상사고,0,0,1,0,차대차 - 기타,안전운전불이행,건조,맑음,단일로 - 기타,승용,남,59세,상해없음,승용,남,34세,경상
2021062600100165,2021년 6월 26일 10시,토요일,경상북도 울진군 매화면,경상사고,0,0,1,0,차대차 - 추돌,안전운전불이행,건조,맑음,교차로 - 교차로부근,화물,남,43세,상해없음,특수,남,55세,경상
2021062600100166,2021년 6월 26일 10시,토요일,경상북도 포항시 남구 이동,경상사고,0,0,3,0,차대차 - 추돌,안전운전불이행,건조,맑음,교차로 - 교차로부근,승용,남,68세,상해없음,승용,여,34세,경상
2021062600100200,2021년 6월 26일 11시,토요일,경상북도 포항시 남구 해도동,경상사고,0,0,3,0,차대차 - 후진중충돌,안전운전불이행,건조,맑음,단일로 - 기타,승용,남,35세,상해없음,승용,남,33세,경상
2021062600100236,2021년 6월 26일 12시,토요일,경상북도 경산시 자인면,경상사고,0,0,1,0,차대사람 - 길가장자리구역통행중,안전운전불이행,건조,맑음,단일로 - 기타,승용,남,84세,상해없음,보행자,여,82세,경상
2021062600100237,2021년 6월 26일 12시,토요일,경상북도 구미시 형곡동,경상사고,0,0,2,0,차대차 - 추돌,안전운전불이행,건조,맑음,단일로 - 기타,승용,남,60세,상해없음,승용,남,44세,경상
2021062600100238,2021년 6월 26일 12시,토요일,경상북도 포항시 남구 대잠동,경상사고,0,0,1,0,차대차 - 기타,안전거리미확보,건조,맑음,단일로 - 기타,승용,남,61세,상해없음,승용,남,39세,상해없음
2021062600100277,2021년 6월 26일 13시,토요일,경상북도 문경시 흥덕동,중상사고,0,1,0,0,차대차 - 측면충돌,직진우회전진행방해,건조,맑음,교차로 - 교차로안,승용,여,42세,상해없음,개인형이동수단(PM),남,81세,중상
2021062600100315,2021년 6월 26일 14시,토요일,경상북도 포항시 북구 양덕동,중상사고,0,1,0,0,차대차 - 기타,안전운전불이행,건조,맑음,교차로 - 교차로안,승용,남,59세,상해없음,자전거,남,11세,중상
2021062600100316,2021년 6월 26일 14시,토요일,경상북도 예천군 예천읍,중상사고,0,1,0,0,차량단독 - 전도전복 - 전도,안전운전불이행,건조,맑음,단일로 - 기타,이륜,남,82세,중상,,,,
2021062600100348,2021년 6월 26일 15시,토요일,경상북도 경주시 안강읍,중상사고,0,1,0,0,차대차 - 측면충돌,안전운전불이행,건조,맑음,단일로 - 기타,이륜,여,61세,중상,승용,남,26세,상해없음
2021062600100349,2021년 6월 26일 15시,토요일,경상북도 김천시 어모면,중상사고,0,1,0,0,차대차 - 측면충돌,교차로운행방법위반,건조,맑음,교차로 - 교차로안,화물,남,27세,상해없음,자전거,여,64세,중상
2021062600100350,2021년 6월 26일 15시,토요일,경상북도 칠곡군 석적읍,경상사고,0,0,1,0,차대차 - 측면충돌,안전거리미확보,건조,맑음,단일로 - 기타,승용,남,46세,상해없음,이륜,남,36세,경상
2021062600100351,2021년 6월 26일 15시,토요일,경상북도 군위군 부계면,경상사고,0,0,1,0,차대차 - 측면충돌,안전운전불이행,건조,맑음,단일로 - 기타,이륜,남,31세,경상,화물,남,57세,상해없음
2021062600100454,2021년 6월 26일 18시,토요일,경상북도 포항시 북구 장성동,경상사고,0,0,1,0,차대차 - 측면충돌,중앙선침범,건조,맑음,단일로 - 기타,승용,남,51세,상해없음,승용,남,71세,상해없음
2021062600100455,2021년 6월 26일 18시,토요일,경상북도 영천시 고경면,경상사고,0,0,3,0,차대차 - 측면충돌,안전운전불이행,건조,맑음,교차로 - 교차로안,승용,남,32세,경상,승용,여,68세,경상
2021062600100456,2021년 6월 26일 18시,토요일,경상북도 구미시 송정동,부상신고사고,0,0,0,1,차대차 - 측면충돌,안전운전불이행,건조,맑음,단일로 - 기타,이륜,남,15세,부상신고,승용,남,26세,상해없음
2021062600100496,2021년 6월 26일 19시,토요일,경상북도 포항시 북구 우현동,중상사고,0,1,0,0,차대차 - 측면충돌,직진우회전진행방해,건조,맑음,교차로 - 교차로부근,승용,여,54세,상해없음,이륜,남,28세,중상
2021062600100497,2021년 6월 26일 19시,토요일,경상북도 김천시 대항면,경상사고,0,0,2,0,차량단독 - 기타,안전운전불이행,건조,맑음,교차로 - 교차로부근,농기계,여,17세,경상,,,,
2021062600100529,2021년 6월 26일 20시,토요일,경상북도 구미시 봉곡동,경상사고,0,0,1,0,차대차 - 정면충돌,신호위반,건조,맑음,교차로 - 교차로안,승용,여,54세,상해없음,승용,남,42세,경상
2021062600100530,2021년 6월 26일 20시,토요일,경상북도 포항시 남구 대잠동,경상사고,0,0,1,1,차대차 - 측면충돌,안전운전불이행,건조,맑음,단일로 - 기타,승용,남,61세,상해없음,승용,남,54세,경상
2021062600100560,2021년 6월 26일 21시,토요일,경상북도 경주시 황성동,경상사고,0,0,1,0,차대사람 - 차도통행중,안전운전불이행,건조,맑음,단일로 - 지하차도(도로)내,승용,여,43세,상해없음,보행자,남,42세,경상
2021062600100595,2021년 6월 26일 22시,토요일,경상북도 경산시 하양읍,경상사고,0,0,1,0,차대차 - 측면충돌,안전운전불이행,건조,맑음,단일로 - 기타,이륜,남,20세,경상,승용,남,26세,상해없음
2021062600100596,2021년 6월 26일 22시,토요일,경상북도 포항시 남구 해도동,경상사고,0,0,1,0,차대차 - 정면충돌,안전운전불이행,건조,맑음,단일로 - 교량,이륜,남,69세,상해없음,개인형이동수단(PM),남,39세,경상
2021062600100629,2021년 6월 26일 23시,토요일,경상북도 김천시 지좌동,중상사고,0,1,1,0,차대차 - 정면충돌,신호위반,건조,맑음,교차로 - 교차로안,이륜,남,16세,중상,승용,남,22세,경상
2021062700100062,2021년 6월 27일 05시,일요일,경상북도 칠곡군 석적읍,중상사고,0,1,0,1,차량단독 - 공작물충돌,안전운전불이행,건조,맑음,교차로 - 교차로안,승용,여,30세,부상신고,,,,
2021062700100063,2021년 6월 27일 05시,일요일,경상북도 경산시 하양읍,경상사고,0,0,1,0,차량단독 - 공작물충돌,기타,건조,맑음,단일로 - 기타,승용,남,24세,경상,,,,
2021062700100071,2021년 6월 27일 06시,일요일,경상북도 구미시 봉곡동,경상사고,0,0,1,0,차대차 - 추돌,안전운전불이행,건조,맑음,단일로 - 기타,승용,남,25세,상해없음,승용,남,37세,경상
2021062700100080,2021년 6월 27일 07시,일요일,경상북도 구미시 상모동,중상사고,0,1,0,0,차대차 - 측면충돌,안전운전불이행,건조,맑음,교차로 - 교차로안,승용,남,54세,상해없음,자전거,남,65세,중상
2021062700100123,2021년 6월 27일 10시,일요일,경상북도 포항시 북구 흥해읍,중상사고,0,1,0,0,차대사람 - 길가장자리구역통행중,안전운전불이행,건조,맑음,단일로 - 기타,승용,여,33세,상해없음,보행자,여,83세,중상
2021062700100124,2021년 6월 27일 10시,일요일,경상북도 군위군 군위읍,경상사고,0,0,1,0,차대차 - 정면충돌,안전운전불이행,건조,맑음,교차로 - 교차로부근,화물,남,58세,상해없음,자전거,남,58세,경상
2021062700100125,2021년 6월 27일 10시,일요일,경상북도 포항시 남구 송도동,경상사고,0,0,1,0,차대사람 - 차도통행중,안전운전불이행,건조,맑음,단일로 - 지하차도(도로)내,승용,남,59세,상해없음,보행자,남,10세,경상
2021062700100157,2021년 6월 27일 11시,일요일,경상북도 경주시 율동,경상사고,0,0,1,0,차대차 - 측면충돌,안전운전불이행,건조,맑음,주차장 - 주차장,승용,여,69세,기타불명,승용,남,34세,경상
2021062700100216,2021년 6월 27일 13시,일요일,경상북도 경주시 양남면,경상사고,0,0,2,0,차대차 - 후진중충돌,안전운전불이행,건조,맑음,단일로 - 기타,승용,남,64세,상해없음,승용,남,32세,경상
2021062700100217,2021년 6월 27일 13시,일요일,경상북도 김천시 율곡동,경상사고,0,0,2,0,차대차 - 추돌,안전운전불이행,건조,맑음,교차로 - 교차로안,승용,남,34세,상해없음,승용,남,61세,경상
2021062700100218,2021년 6월 27일 13시,일요일,경상북도 영천시 조교동,중상사고,0,3,0,0,차대차 - 추돌,안전운전불이행,건조,맑음,단일로 - 기타,승용,여,28세,상해없음,승용,남,43세,중상
2021062700100250,2021년 6월 27일 14시,일요일,경상북도 포항시 남구 상도동,중상사고,0,1,0,0,차대차 - 측면충돌,신호위반,건조,맑음,교차로 - 교차로안,승용,남,46세,상해없음,이륜,남,33세,중상
2021062700100306,2021년 6월 27일 16시,일요일,경상북도 영덕군 축산면,경상사고,0,0,1,0,차대차 - 측면충돌,안전운전불이행,건조,맑음,단일로 - 기타,승용,남,46세,상해없음,이륜,남,22세,경상
2021062700100338,2021년 6월 27일 17시,일요일,경상북도 포항시 북구 흥해읍,경상사고,0,0,2,0,차대차 - 측면충돌,안전운전불이행,건조,맑음,단일로 - 기타,승용,남,65세,상해없음,승용,남,42세,경상
2021062700100339,2021년 6월 27일 17시,일요일,경상북도 영주시 휴천동,경상사고,0,0,1,0,차대차 - 기타,안전운전불이행,건조,맑음,단일로 - 기타,승용,남,33세,기타불명,승용,여,50세,경상
2021062700100340,2021년 6월 27일 17시,일요일,경상북도 영천시 금호읍,경상사고,0,0,2,0,차대차 - 추돌,안전운전불이행,건조,맑음,기타 - 기타,이륜,남,18세,상해없음,승용,남,41세,상해없음