사고번호,사고일시,요일,시군구,사고내용,사망자수,중상자수,경상자수,부상신고자수,사고유형,법규위반,노면상태,기상상태,도로형태,가해운전자 차종,가해운전자 성별,가해운전자 연령,가해운전자 상해정도,피해운전자 차종,피해운전자 성별,피해운전자 연령,피해운전자 상해정도
2021062700100341,2021년 6월 27일 17시,일요일,경상북도 포항시 남구 인덕동,중상사고,0,1,1,0,차대차 - 측면충돌,차로위반,건조,맑음,단일로 - 기타,승용,남,26세,상해없음,승용,남,34세,경상
2021062700100383,2021년 6월 27일 18시,일요일,경상북도 포항시 북구 양덕동,중상사고,0,1,0,0,차대사람 - 횡단중,보행자보호의무위반,건조,맑음,교차로 - 교차로횡단보도내,승용,여,58세,상해없음,보행자,남,6세,중상
2021062700100436,2021년 6월 27일 20시,일요일,경상북도 경주시 동부동,경상사고,0,0,1,0,차대차 - 측면충돌,안전운전불이행,건조,맑음,교차로 - 교차로안,승용,여,21세,상해없음,자전거,남,32세,경상
2021062700100463,2021년 6월 27일 21시,일요일,경상북도 고령군 성산면,경상사고,0,0,3,0,차대차 - 기타,안전운전불이행,건조,맑음,단일로 - 교량,화물,남,41세,상해없음,승용,여,61세,경상
2021062700100483,2021년 6월 27일 22시,일요일,경상북도 영덕군 남정면,중상사고,0,1,0,0,차대차 - 측면충돌,안전거리미확보,건조,맑음,교차로 - 교차로부근,화물,남,43세,상해없음,승용,여,56세,중상
2021062800100007,2021년 6월 28일 00시,월요일,경상북도 영양군 석보면,중상사고,0,2,0,0,차대차 - 정면충돌,안전운전불이행,건조,맑음,기타 - 기타,승용,남,60세,상해없음,화물,남,45세,상해없음
2021062800100014,2021년 6월 28일 01시,월요일,경상북도 칠곡군 석적읍,경상사고,0,0,1,0,차대차 - 측면충돌,안전거리미확보,건조,맑음,교차로 - 교차로부근,승용,남,36세,상해없음,승용,남,32세,경상
2021062800100023,2021년 6월 28일 03시,월요일,경상북도 영주시 하망동,중상사고,0,1,0,0,차량단독 - 공작물충돌,안전운전불이행,건조,맑음,단일로 - 기타,이륜,남,17세,중상,,,,
2021062800100038,2021년 6월 28일 06시,월요일,경상북도 포항시 북구 흥해읍,경상사고,0,0,1,0,차대차 - 정면충돌,중앙선침범,건조,맑음,교차로 - 교차로부근,승용,남,24세,상해없음,승용,남,64세,경상
2021062800100106,2021년 6월 28일 08시,월요일,경상북도 상주시 사벌면,경상사고,0,0,1,0,차대차 - 기타,교차로운행방법위반,건조,맑음,교차로 - 교차로안,승용,남,48세,상해없음,승용,남,28세,경상
2021062800100107,2021년 6월 28일 08시,월요일,경상북도 경산시 와촌면,경상사고,0,0,1,0,차대차 - 기타,중앙선침범,건조,맑음,단일로 - 기타,승용,남,56세,상해없음,승용,남,38세,경상
2021062800100108,2021년 6월 28일 08시,월요일,경상북도 구미시 인의동,경상사고,0,0,2,0,차대사람 - 기타,안전운전불이행,건조,맑음,기타 - 기타,승합,남,40세,상해없음,보행자,남,12세,상해없음
2021062800100142,2021년 6월 28일 09시,월요일,경상북도 포항시 북구 죽도동,중상사고,0,1,0,0,차대차 - 측면충돌,안전운전불이행,건조,맑음,교차로 - 교차로안,승용,여,56세,상해없음,개인형이동수단(PM),남,59세,중상
2021062800100186,2021년 6월 28일 10시,월요일,경상북도 포항시 북구 죽도동,중상사고,0,1,0,0,차대차 - 측면충돌,신호위반,건조,맑음,교차로 - 교차로부근,승합,여,54세,상해없음,자전거,여,53세,중상
2021062800100187,2021년 6월 28일 10시,월요일,경상북도 상주시 함창읍,중상사고,0,1,0,0,차대차 - 측면충돌,안전운전불이행,건조,맑음,단일로 - 기타,승합,남,51세,상해없음,사륜오토바이(ATV),여,77세,중상
2021062800100214,2021년 6월 28일 11시,월요일,경상북도 안동시 풍천면,중상사고,0,1,0,0,차대차 - 기타,안전운전불이행,건조,맑음,교차로 - 교차로안,승용,여,26세,상해없음,이륜,남,49세,중상
2021062800100215,2021년 6월 28일 11시,월요일,경상북도 영천시 금노동,경상사고,0,0,1,0,차대사람 - 횡단중,안전운전불이행,건조,맑음,단일로 - 기타,화물,남,64세,상해없음,보행자,여,69세,경상
2021062800100247,2021년 6월 28일 12시,월요일,경상북도 안동시 도산면,경상사고,0,0,2,0,차대차 - 측면충돌,안전운전불이행,건조,맑음,단일로 - 기타,승용,여,23세,상해없음,승용,남,52세,경상
2021062800100248,2021년 6월 28일 12시,월요일,경상북도 경산시 사동,경상사고,0,0,3,0,차대차 - 기타,안전운전불이행,건조,맑음,단일로 - 기타,승용,여,61세,상해없음,승용,남,27세,경상
2021062800100249,2021년 6월 28일 12시,월요일,경상북도 포항시 남구 구룡포읍,경상사고,0,0,1,0,차대차 - 후진중충돌,안전운전불이행,건조,맑음,교차로 - 교차로부근,승용,남,72세,경상,화물,남,80세,상해없음
2021062800100288,2021년 6월 28일 13시,월요일,경상북도 포항시 북구 죽장면,중상사고,0,2,3,0,차대차 - 정면충돌,중앙선침범,건조,맑음,단일로 - 기타,승용,남,52세,상해없음,승용,남,58세,경상
2021062800100289,2021년 6월 28일 13시,월요일,경상북도 안동시 풍천면,경상사고,0,0,1,0,차대차 - 기타,안전운전불이행,건조,맑음,단일로 - 기타,건설기계,남,57세,상해없음,승용,여,24세,경상
2021062800100290,2021년 6월 28일 13시,월요일,경상북도 상주시 낙동면,사망사고,1,0,0,0,차대사람 - 길가장자리구역통행중,안전운전불이행,건조,맑음,단일로 - 기타,화물,남,72세,상해없음,보행자,남,72세,사망
2021062800100291,2021년 6월 28일 13시,월요일,경상북도 울진군 울진읍,사망사고,1,0,0,0,차량단독 - 기타,기타,건조,맑음,단일로 - 기타,농기계,남,80세,사망,,,,
2021062800100331,2021년 6월 28일 14시,월요일,경상북도 포항시 남구 오천읍,경상사고,0,0,1,0,차대차 - 측면충돌,안전운전불이행,건조,맑음,교차로 - 교차로부근,승용,남,40세,상해없음,이륜,남,20세,경상
2021062800100332,2021년 6월 28일 14시,월요일,경상북도 상주시 화서면,중상사고,0,1,1,0,차대차 - 추돌,안전운전불이행,건조,맑음,단일로 - 기타,특수,남,60세,중상,승용,남,53세,상해없음
2021062800100371,2021년 6월 28일 15시,월요일,경상북도 안동시 용상동,경상사고,0,0,1,0,차대차 - 측면충돌,안전운전불이행,건조,맑음,교차로 - 교차로안,승용,남,72세,상해없음,자전거,여,36세,경상
2021062800100419,2021년 6월 28일 16시,월요일,경상북도 안동시 와룡면,중상사고,0,1,1,0,차대차 - 기타,안전운전불이행,건조,맑음,단일로 - 기타,화물,남,47세,상해없음,농기계,남,78세,경상
2021062800100420,2021년 6월 28일 16시,월요일,경상북도 김천시 부곡동,경상사고,0,0,1,0,차대차 - 측면충돌,교차로운행방법위반,건조,맑음,교차로 - 교차로안,승용,남,77세,상해없음,자전거,남,13세,경상
2021062800100421,2021년 6월 28일 16시,월요일,경상북도 상주시 낙동면,중상사고,0,1,1,0,차대차 - 추돌,안전거리미확보,건조,맑음,단일로 - 기타,화물,남,37세,상해없음,승용,남,22세,경상
2021062800100459,2021년 6월 28일 17시,월요일,경상북도 김천시 대항면,경상사고,0,0,1,0,차량단독 - 전도전복 - 전도,안전운전불이행,건조,맑음,단일로 - 기타,이륜,남,54세,경상,,,,
2021062800100460,2021년 6월 28일 17시,월요일,경상북도 칠곡군 동명면,중상사고,0,1,1,0,차대차 - 측면충돌,교차로운행방법위반,건조,맑음,교차로 - 교차로안,승용,여,60세,경상,승용,남,47세,중상
2021062800100461,2021년 6월 28일 17시,월요일,경상북도 영천시 망정동,경상사고,0,0,1,0,차대차 - 정면충돌,신호위반,건조,맑음,교차로 - 교차로안,승용,여,25세,상해없음,승용,여,64세,경상
2021062800100462,2021년 6월 28일 17시,월요일,경상북도 포항시 남구 지곡동,경상사고,0,0,1,0,차대차 - 측면충돌,중앙선침범,건조,맑음,교차로 - 교차로안,승용,남,51세,상해없음,승용,여,61세,경상
2021062800100515,2021년 6월 28일 18시,월요일,경상북도 예천군 예천읍,경상사고,0,0,1,0,차대차 - 측면충돌,기타,젖음/습기,흐림,교차로 - 교차로안,승용,남,46세,경상,승용,남,56세,상해없음
2021062800100560,2021년 6월 28일 19시,월요일,경상북도 김천시 감문면,중상사고,0,1,0,0,차대차 - 기타,안전운전불이행,건조,맑음,교차로 - 교차로부근,화물,남,70세,상해없음,자전거,남,78세,중상
2021062800100585,2021년 6월 28일 20시,월요일,경상북도 안동시 운안동,중상사고,0,1,0,0,차대사람 - 기타,안전운전불이행,건조,맑음,단일로 - 기타,승용,남,35세,상해없음,보행자,남,13세,중상
2021062800100586,2021년 6월 28일 20시,월요일,경상북도 영주시 가흥동,중상사고,0,1,0,0,차대차 - 측면충돌,안전운전불이행,젖음/습기,흐림,교차로 - 교차로안,승용,여,49세,상해없음,자전거,여,62세,중상
2021062800100587,2021년 6월 28일 20시,월요일,경상북도 구미시 송정동,중상사고,0,1,1,0,차대차 - 기타,안전거리미확보,건조,맑음,단일로 - 기타,승용,남,18세,상해없음,승용,여,28세,중상
2021062800100653,2021년 6월 28일 23시,월요일,경상북도 영천시 문외동,경상사고,0,0,1,0,차대사람 - 횡단중,안전운전불이행,건조,맑음,교차로 - 교차로안,승용,남,27세,상해없음,보행자,남,29세,경상
2021062900100010,2021년 6월 29일 01시,화요일,경상북도 포항시 북구 두호동,경상사고,0,0,1,0,차대차 - 측면충돌,중앙선침범,건조,맑음,단일로 - 기타,승용,남,26세,상해없음,승용,여,24세,경상
2021062900100024,2021년 6월 29일 04시,화요일,경상북도 김천시 성내동,경상사고,0,0,1,0,차대차 - 추돌,안전운전불이행,건조,맑음,교차로 - 교차로부근,화물,남,79세,상해없음,승용,남,70세,경상
2021062900100042,2021년 6월 29일 06시,화요일,경상북도 포항시 북구 신광면,중상사고,0,1,0,0,차량단독 - 도로외이탈 - 기타,안전운전불이행,건조,맑음,단일로 - 기타,이륜,남,79세,중상,,,,
2021062900100043,2021년 6월 29일 06시,화요일,경상북도 경산시 진량읍,경상사고,0,0,1,0,차대차 - 측면충돌,신호위반,건조,맑음,교차로 - 교차로안,화물,남,59세,상해없음,승용,남,68세,경상
2021062900100061,2021년 6월 29일 07시,화요일,경상북도 안동시 풍산읍,중상사고,0,1,0,0,차대차 - 측면충돌,중앙선침범,건조,맑음,단일로 - 기타,화물,남,41세,상해없음,화물,남,61세,중상
2021062900100062,2021년 6월 29일 07시,화요일,경상북도 칠곡군 왜관읍,경상사고,0,0,1,0,차대차 - 측면충돌,신호위반,건조,맑음,교차로 - 교차로안,승합,남,39세,상해없음,승용,여,46세,경상
2021062900100095,2021년 6월 29일 08시,화요일,경상북도 구미시 공단동,경상사고,0,0,1,0,차대차 - 기타,신호위반,건조,맑음,교차로 - 교차로안,승용,남,64세,상해없음,승용,여,32세,경상
2021062900100129,2021년 6월 29일 09시,화요일,경상북도 문경시 농암면,경상사고,0,0,1,0,차대차 - 측면충돌,안전운전불이행,건조,맑음,단일로 - 기타,화물,남,48세,상해없음,원동기,여,69세,경상
2021062900100130,2021년 6월 29일 09시,화요일,경상북도 봉화군 춘양면,경상사고,0,0,1,0,차대차 - 추돌,안전운전불이행,건조,맑음,단일로 - 기타,승용,남,77세,상해없음,승용,여,53세,경상
2021062900100131,2021년 6월 29일 09시,화요일,경상북도 구미시 오태동,경상사고,0,0,1,0,차대차 - 측면충돌,안전거리미확보,건조,맑음,교차로 - 교차로안,승용,여,71세,상해없음,화물,남,60세,경상
2021062900100165,2021년 6월 29일 10시,화요일,경상북도 예천군 예천읍,중상사고,0,1,0,0,차대차 - 측면충돌,안전운전불이행,건조,맑음,교차로 - 교차로안,승용,남,79세,상해없음,승용,여,70세,중상
2021062900100166,2021년 6월 29일 10시,화요일,경상북도 포항시 남구 연일읍,경상사고,0,0,4,0,차대차 - 추돌,안전거리미확보,건조,맑음,단일로 - 고가도로위,승용,여,54세,경상,승용,여,50세,경상
2021062900100200,2021년 6월 29일 11시,화요일,경상북도 영천시 금노동,중상사고,0,1,0,0,차대차 - 측면충돌,중앙선침범,건조,맑음,단일로 - 기타,승용,남,82세,상해없음,이륜,남,32세,중상
2021062900100201,2021년 6월 29일 11시,화요일,경상북도 영천시 고경면,경상사고,0,0,1,0,차량단독 - 공작물충돌,안전운전불이행,건조,맑음,단일로 - 기타,승용,남,69세,경상,,,,
2021062900100202,2021년 6월 29일 11시,화요일,경상북도 예천군 유천면,중상사고,0,1,0,0,차대차 - 후진중충돌,안전운전불이행,건조,맑음,교차로 - 교차로안,화물,여,67세,상해없음,이륜,남,57세,중상
2021062900100225,2021년 6월 29일 12시,화요일,경상북도 영천시 완산동,중상사고,0,1,0,0,차대사람 - 횡단중,안전운전불이행,건조,맑음,단일로 - 기타,승합,남,48세,상해없음,보행자,여,82세,중상
2021062900100226,2021년 6월 29일 12시,화요일,경상북도 포항시 남구 연일읍,경상사고,0,0,1,0,차대차 - 측면충돌,안전운전불이행,건조,맑음,단일로 - 기타,승용,남,39세,상해없음,승용,남,32세,경상
2021062900100253,2021년 6월 29일 13시,화요일,경상북도 안동시 정하동,경상사고,0,0,4,0,차대차 - 측면충돌,교차로운행방법위반,건조,맑음,교차로 - 교차로안,승용,여,61세,경상,승용,여,50세,경상
2021062900100300,2021년 6월 29일 14시,화요일,경상북도 안동시 남후면,경상사고,0,0,2,0,차대차 - 측면충돌,중앙선침범,건조,맑음,단일로 - 기타,화물,남,59세,상해없음,승용,여,49세,경상
2021062900100301,2021년 6월 29일 14시,화요일,경상북도 김천시 평화동,중상사고,0,1,0,0,차대사람 - 보도통행중,보행자보호의무위반,건조,맑음,교차로 - 교차로횡단보도내,승용,남,57세,상해없음,보행자,여,71세,중상
2021062900100302,2021년 6월 29일 14시,화요일,경상북도 영주시 봉현면,중상사고,0,1,0,0,차량단독 - 전도전복 - 전복,안전운전불이행,건조,맑음,단일로 - 기타,화물,남,64세,중상,,,,
2021062900100303,2021년 6월 29일 14시,화요일,경상북도 칠곡군 왜관읍,중상사고,0,1,0,0,차대사람 - 횡단중,안전운전불이행,건조,맑음,교차로 - 교차로횡단보도내,승용,여,67세,상해없음,보행자,여,10세,중상
2021062900100342,2021년 6월 29일 15시,화요일,경상북도 경주시 인왕동,경상사고,0,0,2,0,차대차 - 측면충돌,안전운전불이행,건조,맑음,교차로 - 교차로안,승용,여,36세,상해없음,승용,여,55세,경상
2021062900100343,2021년 6월 29일 15시,화요일,경상북도 김천시 평화동,경상사고,0,0,1,0,차대사람 - 횡단중,보행자보호의무위반,건조,맑음,단일로 - 기타,화물,남,67세,상해없음,보행자,여,69세,경상
2021062900100344,2021년 6월 29일 15시,화요일,경상북도 칠곡군 동명면,경상사고,0,0,1,0,차대차 - 추돌,안전거리미확보,건조,맑음,단일로 - 기타,화물,남,35세,상해없음,승용,여,28세,경상
2021062900100395,2021년 6월 29일 16시,화요일,경상북도 경주시 서악동,경상사고,0,0,1,0,차대차 - 추돌,안전운전불이행,건조,맑음,단일로 - 교량,승용,여,45세,상해없음,이륜,남,42세,경상
2021062900100396,2021년 6월 29일 16시,화요일,경상북도 경주시 외동읍,경상사고,0,0,1,0,차대차 - 추돌,안전운전불이행,건조,맑음,교차로 - 교차로부근,승용,남,61세,상해없음,승용,남,46세,경상
2021062900100440,2021년 6월 29일 17시,화요일,경상북도 안동시 안흥동,경상사고,0,0,1,0,차대차 - 측면충돌,안전운전불이행,건조,맑음,교차로 - 교차로안,이륜,남,83세,경상,승용,남,56세,상해없음
2021062900100441,2021년 6월 29일 17시,화요일,경상북도 칠곡군 북삼읍,중상사고,0,1,0,0,차량단독 - 도로외이탈 - 추락,안전운전불이행,건조,맑음,단일로 - 교량,자전거,남,79세,중상,,,,
2021062900100442,2021년 6월 29일 17시,화요일,경상북도 영천시 청통면,경상사고,0,0,1,0,차대차 - 측면충돌,안전운전불이행,건조,맑음,교차로 - 교차로안,승용,여,50세,상해없음,승용,여,38세,경상
2021062900100443,2021년 6월 29일 17시,화요일,경상북도 영천시 금호읍,경상사고,0,0,2,1,차대차 - 측면충돌,안전운전불이행,건조,맑음,교차로 - 교차로부근,이륜,남,79세,경상,화물,남,50세,경상
2021062900100444,2021년 6월 29일 17시,화요일,경상북도 경산시 진량읍,경상사고,0,0,2,0,차대차 - 측면충돌,안전거리미확보,건조,맑음,단일로 - 기타,승용,여,69세,상해없음,승용,남,50세,경상
2021062900100445,2021년 6월 29일 17시,화요일,경상북도 구미시 공단동,중상사고,0,2,0,0,차대차 - 측면충돌,신호위반,건조,맑음,교차로 - 교차로안,승용,남,51세,중상,승용,남,35세,중상
2021062900100502,2021년 6월 29일 18시,화요일,경상북도 경주시 건천읍,중상사고,0,3,0,0,차대차 - 정면충돌,중앙선침범,건조,맑음,단일로 - 기타,승용,남,63세,상해없음,승용,여,54세,중상
2021062900100503,2021년 6월 29일 18시,화요일,경상북도 칠곡군 동명면,경상사고,0,0,1,0,차대차 - 측면충돌,안전거리미확보,건조,맑음,단일로 - 기타,승용,남,65세,상해없음,화물,남,38세,경상
2021062900100504,2021년 6월 29일 18시,화요일,경상북도 포항시 남구 효자동,경상사고,0,0,1,0,차대차 - 측면충돌,안전거리미확보,건조,맑음,단일로 - 기타,승용,남,24세,상해없음,승용,여,66세,경상
2021062900100603,2021년 6월 29일 21시,화요일,경상북도 경산시 사동,경상사고,0,0,1,0,차대차 - 측면충돌,교차로운행방법위반,젖음/습기,비,교차로 - 교차로안,화물,남,55세,상해없음,이륜,남,28세,경상
2021062900100604,2021년 6월 29일 21시,화요일,경상북도 포항시 남구 오천읍,경상사고,0,0,2,0,차대차 - 측면충돌,신호위반,건조,맑음,교차로 - 교차로안,승용,남,23세,상해없음,승용,남,25세,경상
2021063000100035,2021년 6월 30일 05시,수요일,경상북도 포항시 북구 덕수동,경상사고,0,0,1,0,차대차 - 측면충돌,중앙선침범,건조,맑음,단일로 - 기타,화물,남,61세,상해없음,승용,남,69세,경상
2021063000100045,2021년 6월 30일 06시,수요일,경상북도 예천군 용문면,중상사고,0,1,0,0,차대차 - 후진중충돌,안전운전불이행,건조,맑음,단일로 - 기타,농기계,남,84세,중상,승용,여,61세,상해없음
2021063000100064,2021년 6월 30일 07시,수요일,경상북도 안동시 송현동,중상사고,0,1,1,0,차대차 - 추돌,안전거리미확보,건조,맑음,단일로 - 기타,승용,여,44세,경상,승용,남,60세,상해없음
2021063000100065,2021년 6월 30일 07시,수요일,경상북도 포항시 남구 오천읍,중상사고,0,1,0,1,차대차 - 측면충돌,신호위반,건조,맑음,교차로 - 교차로안,승용,남,34세,부상신고,승용,남,69세,중상
2021063000100097,2021년 6월 30일 08시,수요일,경상북도 포항시 북구 죽도동,경상사고,0,0,1,0,차대사람 - 길가장자리구역통행중,기타,건조,맑음,단일로 - 기타,승용,남,64세,상해없음,보행자,여,61세,경상
2021063000100098,2021년 6월 30일 08시,수요일,경상북도 영주시 휴천동,경상사고,0,0,1,0,차대차 - 측면충돌,안전운전불이행,건조,맑음,교차로 - 교차로안,자전거,남,26세,경상,승용,남,70세,상해없음
2021063000100099,2021년 6월 30일 08시,수요일,경상북도 포항시 남구 대도동,경상사고,0,0,2,0,차대차 - 기타,안전운전불이행,건조,맑음,단일로 - 지하차도(도로)내,승용,남,28세,기타불명,승합,남,40세,경상
2021063000100100,2021년 6월 30일 08시,수요일,경상북도 포항시 남구 연일읍,경상사고,0,0,3,0,차대차 - 측면충돌,안전운전불이행,건조,흐림,단일로 - 기타,승용,여,44세,경상,승용,남,39세,경상
2021063000100136,2021년 6월 30일 09시,수요일,경상북도 안동시 용상동,중상사고,0,1,0,0,차대사람 - 횡단중,안전운전불이행,건조,맑음,단일로 - 기타,승합,여,58세,상해없음,보행자,여,71세,중상
2021063000100195,2021년 6월 30일 11시,수요일,경상북도 포항시 북구 우현동,경상사고,0,0,2,0,차대차 - 측면충돌,신호위반,건조,맑음,교차로 - 교차로안,승용,남,37세,상해없음,승용,남,31세,경상
2021063000100196,2021년 6월 30일 11시,수요일,경상북도 안동시 운흥동,중상사고,0,1,0,0,차대차 - 측면충돌,신호위반,건조,맑음,교차로 - 교차로안,승용,여,63세,상해없음,이륜,남,31세,중상
2021063000100197,2021년 6월 30일 11시,수요일,경상북도 구미시 광평동,경상사고,0,0,3,0,차대차 - 측면충돌,신호위반,건조,맑음,교차로 - 교차로안,승용,남,50세,상해없음,승용,여,32세,경상
2021063000100198,2021년 6월 30일 11시,수요일,경상북도 포항시 남구 인덕동,경상사고,0,0,1,0,차대차 - 측면충돌,안전운전불이행,건조,맑음,단일로 - 지하차도(도로)내,승용,남,52세,상해없음,승용,여,26세,경상
2021063000100237,2021년 6월 30일 12시,수요일,경상북도 포항시 북구 죽도동,경상사고,0,0,1,0,차대차 - 후진중충돌,안전운전불이행,건조,맑음,기타 - 기타,승용,남,45세,상해없음,승용,여,53세,경상
2021063000100239,2021년 6월 30일 12시,수요일,경상북도 군위군 군위읍,중상사고,0,1,0,0,차대차 - 기타,안전운전불이행,건조,맑음,단일로 - 기타,화물,남,37세,상해없음,승용,남,24세,중상
2021063000100273,2021년 6월 30일 13시,수요일,경상북도 안동시 서부동,경상사고,0,0,1,1,차대차 - 기타,안전운전불이행,건조,맑음,교차로 - 교차로안,원동기,남,16세,상해없음,승합,남,53세,경상
2021063000100274,2021년 6월 30일 13시,수요일,경상북도 안동시 옥동,경상사고,0,0,1,0,차대차 - 추돌,직진우회전진행방해,건조,맑음,교차로 - 교차로부근,승용,남,52세,상해없음,승용,남,53세,경상
2021063000100275,2021년 6월 30일 13시,수요일,경상북도 경산시 대평동,경상사고,0,0,2,0,차대차 - 측면충돌,안전운전불이행,건조,맑음,단일로 - 기타,승용,남,67세,상해없음,승용,남,39세,경상
2021063000100276,2021년 6월 30일 13시,수요일,경상북도 구미시 진평동,중상사고,0,1,0,0,차대차 - 측면충돌,안전운전불이행,건조,맑음,단일로 - 기타,승용,남,39세,상해없음,화물,남,60세,중상
2021063000100316,2021년 6월 30일 14시,수요일,경상북도 문경시 점촌동,중상사고,0,1,0,0,차대사람 - 횡단중,보행자보호의무위반,건조,흐림,교차로 - 교차로안,승용,여,39세,상해없음,보행자,여,63세,중상
2021063000100354,2021년 6월 30일 15시,수요일,경상북도 경주시 동천동,경상사고,0,0,1,0,차대차 - 측면충돌,안전운전불이행,건조,맑음,교차로 - 교차로안,승용,남,36세,상해없음,승용,여,38세,경상
2021063000100355,2021년 6월 30일 15시,수요일,경상북도 상주시 남성동,경상사고,0,0,1,0,차대차 - 기타,안전운전불이행,건조,맑음,기타 - 기타,화물,남,62세,상해없음,자전거,남,11세,경상
2021063000100356,2021년 6월 30일 15시,수요일,경상북도 영주시 영주동,중상사고,0,1,0,0,차대차 - 측면충돌,안전운전불이행,건조,맑음,교차로 - 교차로안,이륜,남,81세,중상,승용,남,63세,상해없음
2021063000100357,2021년 6월 30일 15시,수요일,경상북도 포항시 남구 대잠동,경상사고,0,0,1,0,차대차 - 측면충돌,교차로운행방법위반,건조,맑음,교차로 - 교차로부근,승용,남,64세,상해없음,승용,여,53세,경상
2021063000100401,2021년 6월 30일 16시,수요일,경상북도 구미시 옥계동,중상사고,0,1,0,0,차대차 - 기타,안전거리미확보,건조,맑음,단일로 - 기타,승용,남,34세,상해없음,이륜,남,29세,중상
2021063000100445,2021년 6월 30일 17시,수요일,경상북도 영천시 화남면,경상사고,0,0,2,0,차대차 - 측면충돌,안전운전불이행,건조,맑음,단일로 - 기타,승용,남,73세,상해없음,승용,여,46세,경상
2021063000100446,2021년 6월 30일 17시,수요일,경상북도 포항시 남구 호동,경상사고,0,0,1,0,차대차 - 측면충돌,기타,건조,맑음,교차로 - 교차로안,화물,남,59세,상해없음,화물,남,67세,경상
2021063000100503,2021년 6월 30일 18시,수요일,경상북도 문경시 가은읍,중상사고,0,1,0,0,차대사람 - 횡단중,안전운전불이행,건조,맑음,단일로 - 기타,화물,남,44세,상해없음,보행자,여,86세,중상
2021063000100504,2021년 6월 30일 18시,수요일,경상북도 경산시 정평동,중상사고,0,1,1,0,차대차 - 추돌,안전운전불이행,건조,맑음,교차로 - 교차로부근,이륜,남,24세,중상,승용,남,44세,경상
2021063000100528,2021년 6월 30일 19시,수요일,경상북도 영양군 영양읍,경상사고,0,0,1,0,차대차 - 측면충돌,안전운전불이행,건조,맑음,교차로 - 교차로안,승용,여,48세,상해없음,승용,여,30세,상해없음
2021063000100529,2021년 6월 30일 19시,수요일,경상북도 포항시 남구 대잠동,경상사고,0,0,2,0,차대차 - 측면충돌,안전운전불이행,건조,맑음,교차로 - 교차로안,이륜,남,16세,상해없음,승용,남,58세,경상
2021063000100559,2021년 6월 30일 20시,수요일,경상북도 경주시 외동읍,경상사고,0,0,1,0,차대사람 - 차도통행중,안전운전불이행,건조,맑음,교차로 - 교차로부근,승용,남,40세,상해없음,보행자,남,31세,경상
2021063000100560,2021년 6월 30일 20시,수요일,경상북도 포항시 북구 용흥동,경상사고,0,0,1,0,차대차 - 측면충돌,안전거리미확보,건조,맑음,단일로 - 기타,승용,남,81세,상해없음,승용,여,47세,경상
2021063000100561,2021년 6월 30일 20시,수요일,경상북도 안동시 안막동,경상사고,0,0,3,0,차대차 - 추돌,안전운전불이행,건조,맑음,단일로 - 기타,승용,남,49세,상해없음,승용,남,44세,경상
2021063000100562,2021년 6월 30일 20시,수요일,경상북도 김천시 개령면,중상사고,0,1,0,0,차대차 - 측면충돌,안전운전불이행,건조,맑음,단일로 - 기타,승용,여,48세,상해없음,자전거,남,60세,중상
2021063000100588,2021년 6월 30일 21시,수요일,경상북도 예천군 호명면,경상사고,0,0,1,0,차대차 - 측면충돌,보행자보호의무위반,건조,기타,교차로 - 교차로안,승용,여,34세,상해없음,자전거,여,12세,경상
2021063000100613,2021년 6월 30일 22시,수요일,경상북도 포항시 북구 용흥동,경상사고,0,0,3,0,차대차 - 추돌,안전운전불이행,건조,맑음,교차로 - 교차로부근,승용,남,26세,상해없음,승용,남,71세,경상
2021070100100004,2021년 7월 1일 00시,목요일,경상북도 구미시 옥계동,경상사고,0,0,1,0,차대차 - 측면충돌,안전운전불이행,건조,맑음,교차로 - 교차로안,승용,남,35세,상해없음,승용,남,43세,경상
2021070100100014,2021년 7월 1일 01시,목요일,경상북도 포항시 북구 죽도동,경상사고,0,0,2,0,차대차 - 측면충돌,안전운전불이행,건조,맑음,교차로 - 교차로부근,승용,남,34세,상해없음,승용,남,57세,경상
2021070100100028,2021년 7월 1일 05시,목요일,경상북도 포항시 북구 용흥동,경상사고,0,0,1,0,차대차 - 기타,신호위반,건조,맑음,교차로 - 교차로안,승용,여,60세,상해없음,승용,여,61세,경상
2021070100100045,2021년 7월 1일 06시,목요일,경상북도 포항시 북구 흥해읍,경상사고,0,0,1,0,차대차 - 기타,신호위반,건조,맑음,교차로 - 교차로안,승용,남,36세,상해없음,승용,남,72세,경상
2021070100100046,2021년 7월 1일 06시,목요일,경상북도 포항시 남구 해도동,경상사고,0,0,2,0,차대차 - 측면충돌,안전운전불이행,건조,맑음,단일로 - 지하차도(도로)내,승용,여,41세,경상,화물,남,55세,경상
2021070100100063,2021년 7월 1일 07시,목요일,경상북도 포항시 북구 우현동,중상사고,0,1,0,0,차대사람 - 기타,안전운전불이행,건조,맑음,교차로 - 교차로안,승용,남,71세,기타불명,보행자,남,40세,중상
2021070100100064,2021년 7월 1일 07시,목요일,경상북도 안동시 법흥동,경상사고,0,0,1,0,차대차 - 추돌,안전운전불이행,건조,맑음,단일로 - 기타,승용,남,44세,상해없음,승용,여,38세,경상
2021070100100104,2021년 7월 1일 08시,목요일,경상북도 경주시 인왕동,경상사고,0,0,2,0,차대차 - 측면충돌,안전운전불이행,건조,맑음,단일로 - 기타,승용,여,53세,경상,승용,여,37세,경상