사고번호,사고일시,요일,시군구,사고내용,사망자수,중상자수,경상자수,부상신고자수,사고유형,법규위반,노면상태,기상상태,도로형태,가해운전자 차종,가해운전자 성별,가해운전자 연령,가해운전자 상해정도,피해운전자 차종,피해운전자 성별,피해운전자 연령,피해운전자 상해정도
2021071100100211,2021년 7월 11일 15시,일요일,경상북도 성주군 초전면,중상사고,0,3,0,0,차대차 - 기타,안전운전불이행,건조,맑음,교차로 - 교차로안,승용,남,61세,기타불명,승용,여,39세,중상
2021071100100212,2021년 7월 11일 15시,일요일,경상북도 구미시 무을면,중상사고,0,1,0,0,차대차 - 측면충돌,안전운전불이행,건조,흐림,교차로 - 교차로안,승용,여,56세,상해없음,이륜,남,72세,중상
2021071100100237,2021년 7월 11일 16시,일요일,경상북도 상주시 공검면,경상사고,0,0,1,0,차대차 - 추돌,안전운전불이행,건조,맑음,단일로 - 기타,승용,남,57세,상해없음,승용,여,46세,경상
2021071100100238,2021년 7월 11일 16시,일요일,경상북도 구미시 도개면,중상사고,0,2,0,0,차대차 - 추돌,안전운전불이행,건조,맑음,단일로 - 기타,승합,남,61세,상해없음,승용,남,56세,중상
2021071100100265,2021년 7월 11일 17시,일요일,경상북도 칠곡군 지천면,중상사고,0,1,0,0,차대차 - 측면충돌,안전운전불이행,건조,맑음,단일로 - 기타,승용,남,37세,상해없음,자전거,남,10세,중상
2021071100100304,2021년 7월 11일 18시,일요일,경상북도 칠곡군 왜관읍,부상신고사고,0,0,0,1,차대사람 - 기타,안전운전불이행,건조,맑음,단일로 - 기타,승용,남,58세,상해없음,보행자,남,13세,부상신고
2021071100100321,2021년 7월 11일 19시,일요일,경상북도 안동시 옥동,경상사고,0,0,4,0,차대차 - 측면충돌,중앙선침범,젖음/습기,비,단일로 - 기타,화물,남,62세,상해없음,승용,남,38세,경상
2021071100100322,2021년 7월 11일 19시,일요일,경상북도 구미시 옥계동,경상사고,0,0,1,0,차대차 - 측면충돌,직진우회전진행방해,젖음/습기,흐림,교차로 - 교차로안,원동기,남,64세,상해없음,원동기,남,29세,경상
2021071100100323,2021년 7월 11일 19시,일요일,경상북도 청송군 파천면,경상사고,0,0,1,0,차대차 - 추돌,안전운전불이행,건조,맑음,단일로 - 터널,승용,남,76세,상해없음,승용,여,47세,경상
2021071100100351,2021년 7월 11일 20시,일요일,경상북도 경주시 동방동,중상사고,0,1,0,0,차대차 - 측면충돌,신호위반,건조,맑음,교차로 - 교차로안,승용,여,49세,상해없음,화물,남,61세,중상
2021071100100352,2021년 7월 11일 20시,일요일,경상북도 구미시 인의동,경상사고,0,0,2,0,차대차 - 측면충돌,안전운전불이행,젖음/습기,비,단일로 - 기타,승용,남,39세,경상,승용,남,59세,경상
2021071100100382,2021년 7월 11일 21시,일요일,경상북도 경산시 중방동,경상사고,0,0,1,0,차대사람 - 횡단중,보행자보호의무위반,건조,맑음,교차로 - 교차로횡단보도내,승용,남,60세,상해없음,보행자,남,50세,경상
2021071100100383,2021년 7월 11일 21시,일요일,경상북도 구미시 진평동,경상사고,0,0,2,0,차대차 - 정면충돌,신호위반,젖음/습기,흐림,교차로 - 교차로안,승용,남,21세,상해없음,승용,남,34세,경상
2021071100100395,2021년 7월 11일 22시,일요일,경상북도 경산시 계양동,경상사고,0,0,1,0,차대차 - 측면충돌,교차로운행방법위반,건조,맑음,교차로 - 교차로안,승용,남,27세,상해없음,승용,남,43세,경상
2021071200100021,2021년 7월 12일 05시,월요일,경상북도 경주시 동천동,경상사고,0,0,1,0,차대차 - 측면충돌,안전운전불이행,건조,맑음,단일로 - 기타,승용,남,59세,상해없음,승용,여,46세,경상
2021071200100030,2021년 7월 12일 06시,월요일,경상북도 포항시 북구 기계면,중상사고,0,1,0,0,차대차 - 추돌,안전운전불이행,건조,맑음,단일로 - 기타,승용,남,31세,상해없음,이륜,남,71세,중상
2021071200100077,2021년 7월 12일 08시,월요일,경상북도 포항시 북구 죽도동,중상사고,0,1,0,0,차대사람 - 횡단중,안전운전불이행,건조,맑음,단일로 - 기타,승용,남,62세,상해없음,보행자,여,76세,중상
2021071200100078,2021년 7월 12일 08시,월요일,경상북도 영주시 영주동,경상사고,0,0,1,0,차대차 - 측면충돌,교차로운행방법위반,건조,맑음,교차로 - 교차로안,승용,여,44세,상해없음,이륜,남,54세,경상
2021071200100079,2021년 7월 12일 08시,월요일,경상북도 영양군 석보면,중상사고,0,1,0,0,차대차 - 추돌,기타,건조,맑음,교차로 - 교차로안,승용,남,71세,상해없음,농기계,남,74세,중상
2021071200100104,2021년 7월 12일 09시,월요일,경상북도 김천시 다수동,중상사고,0,1,0,0,차대차 - 측면충돌,안전운전불이행,건조,맑음,교차로 - 교차로횡단보도내,화물,남,67세,상해없음,자전거,여,62세,중상
2021071200100105,2021년 7월 12일 09시,월요일,경상북도 포항시 남구 동촌동,경상사고,0,0,1,0,차대차 - 기타,신호위반,건조,맑음,교차로 - 교차로횡단보도내,승용,남,66세,상해없음,자전거,여,61세,경상
2021071200100132,2021년 7월 12일 10시,월요일,경상북도 상주시 냉림동,중상사고,0,1,0,0,차대차 - 측면충돌,교차로운행방법위반,건조,맑음,단일로 - 기타,승용,여,66세,상해없음,자전거,여,77세,중상
2021071200100133,2021년 7월 12일 10시,월요일,경상북도 포항시 남구 오천읍,경상사고,0,0,1,0,차대차 - 기타,안전운전불이행,건조,맑음,기타 - 기타,승용,남,81세,상해없음,승용,남,25세,경상
2021071200100156,2021년 7월 12일 11시,월요일,경상북도 경주시 강동면,경상사고,0,0,1,0,차대사람 - 기타,안전운전불이행,건조,맑음,단일로 - 기타,승합,남,63세,상해없음,보행자,여,58세,경상
2021071200100157,2021년 7월 12일 11시,월요일,경상북도 안동시 금곡동,경상사고,0,0,1,0,차대차 - 측면충돌,안전운전불이행,건조,맑음,단일로 - 기타,승용,여,50세,상해없음,이륜,남,80세,경상
2021071200100158,2021년 7월 12일 11시,월요일,경상북도 김천시 평화동,중상사고,0,1,0,0,차대차 - 측면충돌,안전운전불이행,건조,맑음,교차로 - 교차로횡단보도내,자전거,여,73세,중상,화물,남,67세,상해없음
2021071200100159,2021년 7월 12일 11시,월요일,경상북도 칠곡군 약목면,중상사고,0,1,0,0,차대차 - 기타,기타,건조,맑음,교차로 - 교차로안,화물,남,63세,상해없음,자전거,남,38세,중상
2021071200100200,2021년 7월 12일 12시,월요일,경상북도 영주시 단산면,경상사고,0,0,1,0,차대사람 - 기타,안전운전불이행,건조,맑음,단일로 - 기타,승용,여,62세,상해없음,보행자,여,38세,경상
2021071200100201,2021년 7월 12일 12시,월요일,경상북도 문경시 산북면,중상사고,0,1,0,0,차대차 - 측면충돌,안전운전불이행,건조,맑음,단일로 - 기타,승용,여,62세,상해없음,사륜오토바이(ATV),남,98세 이상,중상
2021071200100202,2021년 7월 12일 12시,월요일,경상북도 포항시 남구 청림동,경상사고,0,0,2,0,차대차 - 측면충돌,직진우회전진행방해,건조,맑음,교차로 - 교차로안,승용,여,58세,경상,승용,여,48세,경상
2021071200100236,2021년 7월 12일 13시,월요일,경상북도 경주시 안강읍,경상사고,0,0,1,0,차대차 - 측면충돌,신호위반,건조,맑음,교차로 - 교차로안,승용,남,50세,상해없음,승용,여,50세,경상
2021071200100274,2021년 7월 12일 14시,월요일,경상북도 경주시 석장동,경상사고,0,0,1,0,차대차 - 측면충돌,신호위반,건조,맑음,교차로 - 교차로안,이륜,남,25세,상해없음,승용,여,52세,경상
2021071200100275,2021년 7월 12일 14시,월요일,경상북도 포항시 북구 환호동,경상사고,0,0,3,0,차대차 - 추돌,안전거리미확보,건조,맑음,교차로 - 교차로부근,승용,남,41세,상해없음,승용,여,50세,경상
2021071200100306,2021년 7월 12일 15시,월요일,경상북도 경주시 효현동,경상사고,0,0,1,1,차대차 - 측면충돌,신호위반,건조,맑음,교차로 - 교차로안,승용,남,52세,부상신고,화물,남,53세,경상
2021071200100308,2021년 7월 12일 15시,월요일,경상북도 의성군 의성읍,중상사고,0,1,1,0,차대차 - 측면충돌,안전거리미확보,건조,맑음,교차로 - 교차로안,승용,남,54세,경상,승용,남,68세,상해없음
2021071200100309,2021년 7월 12일 15시,월요일,경상북도 포항시 남구 상도동,경상사고,0,0,2,0,차대차 - 추돌,안전거리미확보,건조,맑음,교차로 - 교차로부근,승용,남,66세,상해없음,승용,남,38세,경상
2021071200100361,2021년 7월 12일 16시,월요일,경상북도 김천시 농소면,중상사고,0,1,0,0,차대사람 - 차도통행중,교차로운행방법위반,건조,맑음,교차로 - 교차로부근,화물,남,72세,상해없음,보행자,여,78세,중상
2021071200100362,2021년 7월 12일 16시,월요일,경상북도 상주시 인봉동,경상사고,0,0,1,0,차대차 - 측면충돌,신호위반,건조,맑음,교차로 - 교차로안,승용,여,44세,상해없음,승용,남,23세,경상
2021071200100363,2021년 7월 12일 16시,월요일,경상북도 칠곡군 북삼읍,경상사고,0,0,1,0,차대사람 - 횡단중,신호위반,건조,맑음,교차로 - 교차로안,승용,남,54세,상해없음,보행자,여,42세,경상
2021071200100364,2021년 7월 12일 16시,월요일,경상북도 경산시 남산면,중상사고,0,2,0,0,차대차 - 기타,중앙선침범,건조,맑음,교차로 - 교차로부근,승용,남,34세,기타불명,승용,여,62세,중상
2021071200100365,2021년 7월 12일 16시,월요일,경상북도 울진군 평해읍,경상사고,0,0,1,0,차량단독 - 공작물충돌,안전운전불이행,건조,맑음,기타 - 기타,승용,여,73세,경상,,,,
2021071200100416,2021년 7월 12일 17시,월요일,경상북도 의성군 다인면,중상사고,0,1,0,0,차대차 - 정면충돌,안전운전불이행,건조,맑음,교차로 - 교차로안,이륜,남,77세,중상,승용,여,71세,상해없음
2021071200100417,2021년 7월 12일 17시,월요일,경상북도 영주시 안정면,경상사고,0,0,1,0,차대차 - 측면충돌,안전운전불이행,건조,맑음,교차로 - 교차로안,화물,남,55세,상해없음,승용,남,41세,경상
2021071200100418,2021년 7월 12일 17시,월요일,경상북도 성주군 용암면,중상사고,0,1,0,0,차대차 - 측면충돌,중앙선침범,건조,맑음,단일로 - 기타,승용,여,79세,상해없음,승용,여,73세,중상
2021071200100419,2021년 7월 12일 17시,월요일,경상북도 구미시 도량동,경상사고,0,0,1,0,차대차 - 측면충돌,안전운전불이행,건조,맑음,교차로 - 교차로안,승용,남,49세,경상,승용,남,64세,상해없음
2021071200100454,2021년 7월 12일 18시,월요일,경상북도 포항시 북구 죽도동,중상사고,0,1,0,0,차대차 - 기타,안전운전불이행,건조,맑음,단일로 - 기타,자전거,여,65세,중상,승용,여,46세,상해없음
2021071200100455,2021년 7월 12일 18시,월요일,경상북도 칠곡군 왜관읍,경상사고,0,0,3,0,차대차 - 기타,직진우회전진행방해,건조,맑음,교차로 - 교차로안,승용,남,30세,상해없음,승용,여,44세,경상
2021071200100488,2021년 7월 12일 19시,월요일,경상북도 경주시 사정동,경상사고,0,0,1,0,차대사람 - 횡단중,안전운전불이행,건조,맑음,교차로 - 교차로안,승용,여,27세,상해없음,보행자,남,49세,경상
2021071200100513,2021년 7월 12일 20시,월요일,경상북도 봉화군 봉화읍,경상사고,0,0,1,0,차량단독 - 공작물충돌,안전운전불이행,건조,맑음,단일로 - 기타,승용,남,23세,상해없음,,,,
2021071200100538,2021년 7월 12일 21시,월요일,경상북도 영천시 문외동,경상사고,0,0,2,1,차대차 - 측면충돌,교차로운행방법위반,건조,맑음,교차로 - 교차로부근,승용,여,54세,경상,승용,남,67세,경상
2021071200100561,2021년 7월 12일 22시,월요일,경상북도 포항시 북구 우현동,경상사고,0,0,2,0,차대차 - 측면충돌,차로위반,건조,맑음,단일로 - 기타,화물,남,51세,상해없음,승용,남,47세,경상
2021071300100038,2021년 7월 13일 05시,화요일,경상북도 영주시 조암동,경상사고,0,0,1,0,차량단독 - 전도전복 - 전도,안전운전불이행,건조,맑음,기타 - 기타,자전거,여,73세,경상,,,,
2021071300100072,2021년 7월 13일 07시,화요일,경상북도 경주시 강동면,사망사고,1,0,2,0,차대차 - 추돌,안전운전불이행,건조,맑음,교차로 - 교차로부근,화물,남,71세,사망,화물,남,68세,경상
2021071300100113,2021년 7월 13일 08시,화요일,경상북도 영주시 상망동,사망사고,1,0,1,0,차대차 - 측면충돌,안전운전불이행,건조,맑음,단일로 - 기타,화물,남,77세,경상,화물,남,65세,사망
2021071300100114,2021년 7월 13일 08시,화요일,경상북도 칠곡군 석적읍,경상사고,0,0,2,0,차대차 - 정면충돌,중앙선침범,건조,맑음,교차로 - 교차로부근,승용,남,41세,기타불명,승용,여,38세,경상
2021071300100115,2021년 7월 13일 08시,화요일,경상북도 영천시 고경면,경상사고,0,0,2,0,차대차 - 추돌,안전거리미확보,건조,맑음,교차로 - 교차로부근,화물,남,58세,경상,화물,남,70세,경상
2021071300100116,2021년 7월 13일 08시,화요일,경상북도 경산시 계양동,중상사고,0,1,0,0,차대차 - 측면충돌,안전운전불이행,건조,맑음,단일로 - 기타,승용,여,57세,상해없음,이륜,남,35세,중상
2021071300100145,2021년 7월 13일 09시,화요일,경상북도 영천시 야사동,경상사고,0,0,3,0,차대차 - 측면충돌,안전운전불이행,건조,맑음,단일로 - 기타,승용,여,40세,경상,승용,여,40세,경상
2021071300100146,2021년 7월 13일 09시,화요일,경상북도 영양군 입암면,경상사고,0,0,1,0,차대차 - 추돌,안전운전불이행,건조,맑음,기타 - 기타,승용,여,57세,상해없음,승용,남,26세,경상
2021071300100212,2021년 7월 13일 11시,화요일,경상북도 김천시 삼락동,부상신고사고,0,0,0,1,차대차 - 측면충돌,안전운전불이행,건조,맑음,단일로 - 기타,개인형이동수단(PM),남,21세,부상신고,승용,남,70세,기타불명
2021071300100213,2021년 7월 13일 11시,화요일,경상북도 경산시 중방동,중상사고,0,1,0,0,차대차 - 측면충돌,안전운전불이행,건조,맑음,교차로 - 교차로횡단보도내,승용,여,78세,상해없음,자전거,남,75세,중상
2021071300100241,2021년 7월 13일 12시,화요일,경상북도 경주시 안강읍,경상사고,0,0,1,0,차대차 - 측면충돌,안전운전불이행,건조,맑음,교차로 - 교차로안,승용,남,62세,상해없음,승용,여,19세,경상
2021071300100273,2021년 7월 13일 13시,화요일,경상북도 구미시 인의동,경상사고,0,0,1,0,차대차 - 측면충돌,교차로운행방법위반,건조,맑음,교차로 - 교차로안,승용,여,47세,상해없음,승용,여,41세,경상
2021071300100312,2021년 7월 13일 14시,화요일,경상북도 경주시 서면,경상사고,0,0,2,0,차대차 - 측면충돌,안전운전불이행,건조,맑음,교차로 - 교차로안,화물,여,67세,경상,화물,남,54세,경상
2021071300100359,2021년 7월 13일 15시,화요일,경상북도 의성군 의성읍,경상사고,0,0,1,0,차대차 - 측면충돌,안전운전불이행,건조,맑음,교차로 - 교차로안,승용,여,56세,경상,승용,여,55세,상해없음
2021071300100360,2021년 7월 13일 15시,화요일,경상북도 영천시 대창면,경상사고,0,0,1,0,차대차 - 추돌,안전운전불이행,건조,맑음,단일로 - 기타,건설기계,남,29세,상해없음,승용,남,37세,경상
2021071300100399,2021년 7월 13일 16시,화요일,경상북도 의성군 안계면,중상사고,0,1,0,0,차대사람 - 횡단중,보행자보호의무위반,건조,맑음,교차로 - 교차로안,승용,여,33세,상해없음,보행자,여,82세,중상
2021071300100400,2021년 7월 13일 16시,화요일,경상북도 청송군 진보면,중상사고,0,1,0,0,차대차 - 측면충돌,직진우회전진행방해,건조,맑음,교차로 - 교차로안,이륜,여,60세,중상,승용,남,36세,상해없음
2021071300100454,2021년 7월 13일 17시,화요일,경상북도 구미시 공단동,중상사고,0,1,1,0,차대차 - 기타,직진우회전진행방해,건조,맑음,교차로 - 교차로안,승용,남,61세,상해없음,화물,남,52세,중상
2021071300100455,2021년 7월 13일 17시,화요일,경상북도 구미시 송정동,경상사고,0,0,1,0,차대차 - 측면충돌,안전운전불이행,건조,맑음,단일로 - 기타,승용,여,51세,상해없음,자전거,남,14세,경상
2021071300100456,2021년 7월 13일 17시,화요일,경상북도 구미시 상모동,경상사고,0,0,1,0,차대차 - 측면충돌,교차로운행방법위반,건조,맑음,교차로 - 교차로안,승용,여,42세,상해없음,승용,여,36세,경상
2021071300100457,2021년 7월 13일 17시,화요일,경상북도 포항시 남구 대도동,중상사고,0,1,0,0,차대차 - 기타,중앙선침범,건조,맑음,단일로 - 기타,승용,남,57세,상해없음,이륜,남,64세,중상
2021071300100506,2021년 7월 13일 18시,화요일,경상북도 안동시 와룡면,경상사고,0,0,1,0,차대차 - 기타,안전운전불이행,건조,맑음,교차로 - 교차로부근,승용,남,69세,상해없음,승용,여,38세,경상
2021071300100507,2021년 7월 13일 18시,화요일,경상북도 영천시 청통면,경상사고,0,0,2,0,차대차 - 정면충돌,안전운전불이행,건조,맑음,단일로 - 기타,승용,남,34세,경상,화물,여,67세,경상
2021071300100508,2021년 7월 13일 18시,화요일,경상북도 문경시 점촌동,경상사고,0,0,1,0,차대차 - 추돌,안전운전불이행,건조,맑음,단일로 - 기타,승용,남,50세,상해없음,승용,여,53세,경상
2021071300100509,2021년 7월 13일 18시,화요일,경상북도 포항시 남구 오천읍,경상사고,0,0,1,0,차대차 - 측면충돌,안전운전불이행,건조,맑음,단일로 - 기타,이륜,남,29세,경상,승용,여,53세,상해없음
2021071300100510,2021년 7월 13일 18시,화요일,경상북도 포항시 남구 효자동,경상사고,0,0,1,2,차대차 - 측면충돌,안전운전불이행,건조,맑음,단일로 - 지하차도(도로)내,승용,여,42세,경상,승용,남,63세,부상신고
2021071300100570,2021년 7월 13일 20시,화요일,경상북도 포항시 북구 흥해읍,중상사고,0,1,1,0,차대차 - 측면충돌,직진우회전진행방해,건조,맑음,교차로 - 교차로안,승용,남,36세,경상,승용,남,45세,중상
2021071300100571,2021년 7월 13일 20시,화요일,경상북도 영천시 문외동,경상사고,0,0,1,0,차대차 - 측면충돌,직진우회전진행방해,건조,맑음,교차로 - 교차로안,승용,남,32세,상해없음,이륜,남,35세,경상
2021071300100572,2021년 7월 13일 20시,화요일,경상북도 구미시 공단동,경상사고,0,0,1,0,차대차 - 기타,안전운전불이행,건조,맑음,교차로 - 교차로안,승용,여,60세,상해없음,자전거,남,35세,경상
2021071300100598,2021년 7월 13일 21시,화요일,경상북도 영주시 하망동,경상사고,0,0,2,0,차대차 - 측면충돌,교차로운행방법위반,건조,맑음,교차로 - 교차로안,화물,남,64세,상해없음,승용,남,25세,경상
2021071300100599,2021년 7월 13일 21시,화요일,경상북도 포항시 남구 지곡동,중상사고,0,1,0,0,차량단독 - 기타,안전운전불이행,건조,맑음,단일로 - 기타,이륜,남,46세,중상,,,,
2021071300100640,2021년 7월 13일 23시,화요일,경상북도 경주시 용강동,경상사고,0,0,2,0,차대차 - 기타,안전운전불이행,건조,맑음,교차로 - 교차로안,승용,남,47세,상해없음,승용,여,28세,경상
2021071300100641,2021년 7월 13일 23시,화요일,경상북도 김천시 덕곡동,경상사고,0,0,2,0,차대차 - 정면충돌,신호위반,건조,맑음,교차로 - 교차로안,승용,남,32세,상해없음,승용,남,54세,경상
2021071300100642,2021년 7월 13일 23시,화요일,경상북도 예천군 호명면,경상사고,0,0,1,0,차대차 - 추돌,안전운전불이행,건조,맑음,교차로 - 교차로부근,승용,남,57세,상해없음,승용,남,52세,경상
2021071300100643,2021년 7월 13일 23시,화요일,경상북도 포항시 남구 동촌동,경상사고,0,0,2,0,차대차 - 측면충돌,안전운전불이행,건조,맑음,단일로 - 기타,승용,남,66세,상해없음,승용,남,25세,경상
2021071400100016,2021년 7월 14일 01시,수요일,경상북도 고령군 우곡면,사망사고,1,1,0,0,차대차 - 추돌,안전운전불이행,건조,맑음,단일로 - 기타,화물,남,66세,사망,농기계,남,79세,중상
2021071400100017,2021년 7월 14일 01시,수요일,경상북도 구미시 공단동,경상사고,0,0,3,0,차대차 - 추돌,안전운전불이행,건조,기타,교차로 - 교차로부근,승용,남,40세,상해없음,승용,남,71세,경상
2021071400100057,2021년 7월 14일 06시,수요일,경상북도 의성군 안계면,중상사고,0,1,1,0,차대차 - 추돌,안전운전불이행,건조,맑음,단일로 - 기타,승용,남,78세,경상,화물,남,58세,중상
2021071400100058,2021년 7월 14일 06시,수요일,경상북도 경산시 압량읍,경상사고,0,0,1,0,차대차 - 추돌,안전운전불이행,건조,맑음,단일로 - 기타,승용,남,23세,상해없음,승용,남,49세,경상
2021071400100073,2021년 7월 14일 07시,수요일,경상북도 예천군 개포면,중상사고,0,1,0,0,차대차 - 측면충돌,안전운전불이행,건조,맑음,단일로 - 기타,화물,남,82세,상해없음,이륜,남,84세,중상
2021071400100074,2021년 7월 14일 07시,수요일,경상북도 구미시 임수동,경상사고,0,0,4,0,차대차 - 측면충돌,안전거리미확보,건조,맑음,단일로 - 기타,승용,남,26세,경상,승합,남,54세,경상
2021071400100075,2021년 7월 14일 07시,수요일,경상북도 포항시 남구 상도동,중상사고,0,1,0,0,차대차 - 측면충돌,직진우회전진행방해,건조,맑음,교차로 - 교차로안,승용,남,42세,중상,승용,남,52세,상해없음
2021071400100102,2021년 7월 14일 08시,수요일,경상북도 구미시 인의동,중상사고,0,1,0,0,차대사람 - 횡단중,보행자보호의무위반,건조,맑음,교차로 - 교차로횡단보도내,화물,남,62세,상해없음,보행자,여,71세,중상
2021071400100103,2021년 7월 14일 08시,수요일,경상북도 포항시 남구 이동,중상사고,0,1,4,0,차대차 - 추돌,기타,건조,맑음,교차로 - 교차로안,승용,남,41세,상해없음,승용,여,50세,중상
2021071400100134,2021년 7월 14일 09시,수요일,경상북도 칠곡군 왜관읍,경상사고,0,0,1,0,차대사람 - 보도통행중,보행자보호의무위반,건조,맑음,교차로 - 교차로횡단보도내,승용,여,47세,상해없음,보행자,여,74세,경상
2021071400100135,2021년 7월 14일 09시,수요일,경상북도 영덕군 강구면,중상사고,0,1,1,0,차대차 - 추돌,안전운전불이행,건조,맑음,교차로 - 교차로안,승용,남,54세,상해없음,이륜,여,61세,중상
2021071400100136,2021년 7월 14일 09시,수요일,경상북도 구미시 봉곡동,중상사고,0,1,0,0,차대차 - 기타,신호위반,건조,맑음,단일로 - 기타,이륜,남,26세,중상,승용,남,42세,상해없음
2021071400100152,2021년 7월 14일 10시,수요일,경상북도 경주시 성건동,경상사고,0,0,1,0,차대차 - 측면충돌,안전운전불이행,건조,맑음,교차로 - 교차로안,승용,남,60세,상해없음,화물,남,42세,경상
2021071400100153,2021년 7월 14일 10시,수요일,경상북도 구미시 옥계동,경상사고,0,0,1,0,차대사람 - 보도통행중,기타,건조,맑음,단일로 - 기타,개인형이동수단(PM),남,33세,상해없음,보행자,남,47세,경상
2021071400100154,2021년 7월 14일 10시,수요일,경상북도 포항시 남구 대송면,중상사고,0,1,2,0,차대차 - 측면충돌,차로위반,건조,맑음,단일로 - 기타,승용,여,49세,경상,승합,남,51세,경상
2021071400100155,2021년 7월 14일 10시,수요일,경상북도 포항시 남구 인덕동,경상사고,0,0,1,0,차대차 - 측면충돌,안전운전불이행,건조,맑음,교차로 - 교차로안,승합,여,44세,상해없음,화물,여,51세,경상
2021071400100184,2021년 7월 14일 11시,수요일,경상북도 경산시 조영동,경상사고,0,0,1,0,차대차 - 정면충돌,안전운전불이행,건조,맑음,교차로 - 교차로안,승용,남,23세,상해없음,이륜,여,47세,경상
2021071400100185,2021년 7월 14일 11시,수요일,경상북도 포항시 남구 대잠동,경상사고,0,0,1,0,차대차 - 측면충돌,안전운전불이행,건조,맑음,교차로 - 교차로부근,승용,남,77세,상해없음,승용,남,62세,경상
2021071400100186,2021년 7월 14일 11시,수요일,경상북도 포항시 남구 연일읍,경상사고,0,0,1,1,차대차 - 측면충돌,직진우회전진행방해,건조,맑음,교차로 - 교차로안,승용,남,65세,부상신고,승용,남,50세,상해없음
2021071400100224,2021년 7월 14일 12시,수요일,경상북도 영주시 가흥동,경상사고,0,0,1,0,차대차 - 추돌,안전운전불이행,건조,맑음,교차로 - 교차로부근,승용,여,50세,상해없음,이륜,남,22세,경상
2021071400100225,2021년 7월 14일 12시,수요일,경상북도 영천시 북안면,경상사고,0,0,1,0,차대차 - 측면충돌,안전운전불이행,건조,맑음,단일로 - 기타,승용,남,46세,경상,화물,남,70세,상해없음
2021071400100226,2021년 7월 14일 12시,수요일,경상북도 구미시 봉곡동,경상사고,0,0,1,0,차대차 - 측면충돌,중앙선침범,건조,맑음,교차로 - 교차로횡단보도내,개인형이동수단(PM),여,25세,경상,승합,남,63세,상해없음
2021071400100227,2021년 7월 14일 12시,수요일,경상북도 구미시 산동읍,중상사고,0,1,1,0,차대차 - 기타,안전운전불이행,건조,맑음,교차로 - 교차로안,이륜,남,35세,중상,승용,여,51세,경상
2021071400100228,2021년 7월 14일 12시,수요일,경상북도 포항시 남구 송도동,경상사고,0,0,1,0,차대차 - 측면충돌,안전운전불이행,건조,맑음,단일로 - 기타,승용,여,34세,상해없음,원동기,남,45세,경상
2021071400100256,2021년 7월 14일 13시,수요일,경상북도 칠곡군 동명면,경상사고,0,0,2,0,차대차 - 추돌,안전거리미확보,건조,맑음,교차로 - 교차로부근,승용,남,48세,상해없음,승용,여,28세,경상
2021071400100257,2021년 7월 14일 13시,수요일,경상북도 문경시 모전동,경상사고,0,0,1,0,차대차 - 측면충돌,안전운전불이행,건조,맑음,단일로 - 기타,승용,남,66세,상해없음,승용,여,40세,경상
2021071400100289,2021년 7월 14일 14시,수요일,경상북도 포항시 북구 대신동,사망사고,1,0,0,0,차대차 - 측면충돌,신호위반,건조,맑음,교차로 - 교차로안,이륜,남,78세,사망,승용,남,38세,상해없음
2021071400100290,2021년 7월 14일 14시,수요일,경상북도 구미시 송정동,경상사고,0,0,2,0,차대차 - 측면충돌,안전거리미확보,건조,맑음,교차로 - 교차로부근,승용,남,19세,상해없음,승용,남,57세,경상
2021071400100316,2021년 7월 14일 15시,수요일,경상북도 포항시 북구 두호동,경상사고,0,0,1,0,차대차 - 측면충돌,신호위반,건조,맑음,교차로 - 교차로안,승용,남,66세,상해없음,승용,여,57세,경상
2021071400100317,2021년 7월 14일 15시,수요일,경상북도 영천시 대창면,경상사고,0,0,1,0,차대차 - 측면충돌,기타,건조,맑음,단일로 - 기타,화물,남,58세,상해없음,화물,남,54세,경상
2021071400100318,2021년 7월 14일 15시,수요일,경상북도 포항시 남구 오천읍,중상사고,0,2,2,0,차대차 - 측면충돌,신호위반,건조,맑음,교차로 - 교차로안,승용,남,76세,경상,특수,남,50세,중상
2021071400100362,2021년 7월 14일 16시,수요일,경상북도 경주시 보문동,경상사고,0,0,2,0,차대차 - 측면충돌,교차로운행방법위반,건조,맑음,교차로 - 교차로안,승용,여,33세,상해없음,승용,남,21세,상해없음
2021071400100363,2021년 7월 14일 16시,수요일,경상북도 포항시 북구 장성동,중상사고,0,1,1,0,차대차 - 추돌,안전거리미확보,건조,맑음,단일로 - 기타,승용,여,72세,경상,승용,여,63세,중상
2021071400100364,2021년 7월 14일 16시,수요일,경상북도 영주시 가흥동,경상사고,0,0,2,0,차대차 - 측면충돌,교차로운행방법위반,건조,맑음,교차로 - 교차로안,승용,여,24세,상해없음,승용,남,57세,경상
2021071400100365,2021년 7월 14일 16시,수요일,경상북도 영주시 가흥동,경상사고,0,0,2,0,차대차 - 측면충돌,안전운전불이행,건조,맑음,교차로 - 교차로횡단보도내,화물,남,51세,경상,승용,남,22세,경상
2021071400100366,2021년 7월 14일 16시,수요일,경상북도 구미시 산동읍,경상사고,0,0,1,0,차량단독 - 도로외이탈 - 기타,안전운전불이행,건조,맑음,단일로 - 기타,개인형이동수단(PM),여,44세,경상,,,,