사고번호,사고일시,요일,시군구,사고내용,사망자수,중상자수,경상자수,부상신고자수,사고유형,법규위반,노면상태,기상상태,도로형태,가해운전자 차종,가해운전자 성별,가해운전자 연령,가해운전자 상해정도,피해운전자 차종,피해운전자 성별,피해운전자 연령,피해운전자 상해정도
2021071700100494,2021년 7월 17일 19시,토요일,경상북도 포항시 북구 죽도동,경상사고,0,0,1,0,차대사람 - 길가장자리구역통행중,안전운전불이행,건조,맑음,단일로 - 기타,승용,여,27세,상해없음,보행자,여,37세,경상
2021071700100495,2021년 7월 17일 19시,토요일,경상북도 상주시 만산동,중상사고,0,1,1,0,차대차 - 측면충돌,안전운전불이행,건조,맑음,교차로 - 교차로안,승용,남,64세,경상,화물,남,58세,중상
2021071700100523,2021년 7월 17일 20시,토요일,경상북도 구미시 원평동,중상사고,0,1,1,0,차대차 - 측면충돌,안전운전불이행,건조,맑음,교차로 - 교차로안,승용,여,24세,경상,승용,남,40세,중상
2021071700100524,2021년 7월 17일 20시,토요일,경상북도 김천시 아포읍,경상사고,0,0,1,0,차대차 - 추돌,안전운전불이행,건조,맑음,단일로 - 기타,승용,남,34세,상해없음,승용,남,54세,경상
2021071700100525,2021년 7월 17일 20시,토요일,경상북도 청도군 청도읍,경상사고,0,0,1,0,차대차 - 기타,안전거리미확보,건조,맑음,단일로 - 기타,승용,남,30세,상해없음,승용,남,30세,경상
2021071700100561,2021년 7월 17일 21시,토요일,경상북도 청도군 이서면,경상사고,0,0,1,0,차대차 - 측면충돌,교차로운행방법위반,건조,흐림,교차로 - 교차로안,승용,여,56세,상해없음,승용,남,51세,상해없음
2021071700100588,2021년 7월 17일 22시,토요일,경상북도 경산시 하양읍,경상사고,0,0,1,0,차대차 - 측면충돌,중앙선침범,건조,맑음,단일로 - 기타,기타불명,기타불명,미분류,기타불명,승용,여,28세,경상
2021071700100589,2021년 7월 17일 22시,토요일,경상북도 칠곡군 왜관읍,경상사고,0,0,1,0,차대차 - 측면충돌,안전운전불이행,건조,맑음,주차장 - 주차장,승용,남,50세,상해없음,승용,여,42세,상해없음
2021071700100619,2021년 7월 17일 23시,토요일,경상북도 포항시 북구 항구동,경상사고,0,0,2,0,차대차 - 기타,안전운전불이행,건조,맑음,단일로 - 기타,승용,여,24세,상해없음,승용,남,37세,경상
2021071800100007,2021년 7월 18일 00시,일요일,경상북도 영덕군 영덕읍,사망사고,1,0,0,0,차대차 - 추돌,안전운전불이행,건조,맑음,교차로 - 교차로부근,화물,남,50세,사망,화물,남,59세,기타불명
2021071800100021,2021년 7월 18일 01시,일요일,경상북도 안동시 남문동,경상사고,0,0,3,0,차대차 - 정면충돌,직진우회전진행방해,건조,맑음,교차로 - 교차로안,승용,남,22세,경상,승용,남,42세,경상
2021071800100033,2021년 7월 18일 03시,일요일,경상북도 경산시 계양동,경상사고,0,0,2,0,차대차 - 기타,안전운전불이행,건조,맑음,교차로 - 교차로안,승용,남,34세,상해없음,승용,여,31세,경상
2021071800100043,2021년 7월 18일 06시,일요일,경상북도 상주시 중동면,경상사고,0,0,2,0,차대차 - 측면충돌,중앙선침범,건조,맑음,단일로 - 교량,승용,남,29세,상해없음,승용,남,58세,경상
2021071800100058,2021년 7월 18일 08시,일요일,경상북도 경주시 문무대왕면,사망사고,1,1,0,0,차량단독 - 전도전복 - 전도,안전운전불이행,건조,맑음,단일로 - 기타,사륜오토바이(ATV),남,76세,사망,,,,
2021071800100081,2021년 7월 18일 10시,일요일,경상북도 김천시 율곡동,경상사고,0,0,3,0,차대차 - 측면충돌,직진우회전진행방해,건조,맑음,교차로 - 교차로안,승용,남,40세,상해없음,승용,남,32세,경상
2021071800100100,2021년 7월 18일 11시,일요일,경상북도 경주시 노동동,중상사고,0,1,4,0,차대차 - 추돌,안전운전불이행,건조,맑음,단일로 - 기타,승용,남,58세,상해없음,승용,남,24세,경상
2021071800100101,2021년 7월 18일 11시,일요일,경상북도 상주시 중동면,경상사고,0,0,5,0,차대차 - 측면충돌,교차로운행방법위반,건조,맑음,교차로 - 교차로안,승용,남,56세,상해없음,승용,남,53세,경상
2021071800100102,2021년 7월 18일 11시,일요일,경상북도 경산시 자인면,경상사고,0,0,1,0,차대차 - 측면충돌,차로위반,건조,맑음,교차로 - 교차로안,승용,여,67세,상해없음,승용,남,60세,경상
2021071800100136,2021년 7월 18일 12시,일요일,경상북도 청도군 운문면,경상사고,0,0,1,0,차대사람 - 기타,안전운전불이행,건조,맑음,단일로 - 교량,승용,남,33세,상해없음,보행자,남,9세,경상
2021071800100165,2021년 7월 18일 13시,일요일,경상북도 청도군 청도읍,경상사고,0,0,1,0,차대차 - 측면충돌,안전거리미확보,건조,맑음,단일로 - 기타,화물,남,53세,상해없음,승용,남,30세,상해없음
2021071800100166,2021년 7월 18일 13시,일요일,경상북도 성주군 초전면,중상사고,0,1,2,0,차대차 - 기타,신호위반,건조,맑음,교차로 - 교차로안,승용,남,63세,상해없음,승용,여,38세,중상
2021071800100167,2021년 7월 18일 13시,일요일,경상북도 포항시 남구 장기면,중상사고,0,1,5,0,차대차 - 측면충돌,중앙선침범,건조,맑음,단일로 - 기타,이륜,남,26세,중상,승용,남,44세,경상
2021071800100203,2021년 7월 18일 14시,일요일,경상북도 경주시 사정동,부상신고사고,0,0,0,1,차대차 - 측면충돌,중앙선침범,건조,맑음,단일로 - 기타,이륜,여,51세,상해없음,승용,남,29세,부상신고
2021071800100204,2021년 7월 18일 14시,일요일,경상북도 칠곡군 북삼읍,부상신고사고,0,0,0,1,차대차 - 측면충돌,신호위반,건조,맑음,교차로 - 교차로안,이륜,남,59세,부상신고,승용,남,32세,상해없음
2021071800100205,2021년 7월 18일 14시,일요일,경상북도 구미시 형곡동,경상사고,0,0,1,0,차대차 - 측면충돌,안전운전불이행,건조,맑음,교차로 - 교차로안,승용,여,48세,상해없음,이륜,남,37세,경상
2021071800100239,2021년 7월 18일 15시,일요일,경상북도 성주군 성주읍,부상신고사고,0,0,0,2,차대차 - 기타,기타,건조,맑음,주차장 - 주차장,승용,남,23세,상해없음,승용,여,47세,부상신고
2021071800100267,2021년 7월 18일 16시,일요일,경상북도 포항시 북구 죽도동,경상사고,0,0,1,0,차대차 - 측면충돌,안전거리미확보,건조,맑음,단일로 - 기타,승용,남,53세,상해없음,이륜,남,20세,경상
2021071800100268,2021년 7월 18일 16시,일요일,경상북도 문경시 우지동,중상사고,0,1,0,0,차대차 - 측면충돌,안전운전불이행,건조,맑음,단일로 - 기타,승용,여,45세,상해없음,이륜,여,75세,중상
2021071800100293,2021년 7월 18일 17시,일요일,경상북도 예천군 보문면,중상사고,0,1,0,0,차대차 - 측면충돌,안전운전불이행,건조,맑음,교차로 - 교차로안,이륜,남,52세,중상,화물,남,54세,상해없음
2021071800100320,2021년 7월 18일 18시,일요일,경상북도 칠곡군 동명면,중상사고,0,1,1,0,차대차 - 추돌,안전운전불이행,젖음/습기,흐림,단일로 - 기타,화물,남,72세,상해없음,승용,여,53세,중상
2021071800100321,2021년 7월 18일 18시,일요일,경상북도 경산시 삼북동,중상사고,0,1,0,0,차대차 - 측면충돌,교차로운행방법위반,건조,맑음,교차로 - 교차로안,이륜,남,20세,상해없음,이륜,남,37세,중상
2021071800100322,2021년 7월 18일 18시,일요일,경상북도 구미시 해평면,경상사고,0,0,3,0,차대차 - 기타,안전운전불이행,젖음/습기,흐림,단일로 - 기타,승용,여,36세,경상,승용,남,27세,경상
2021071800100323,2021년 7월 18일 18시,일요일,경상북도 포항시 남구 대잠동,경상사고,0,0,2,0,차대차 - 측면충돌,직진우회전진행방해,건조,맑음,교차로 - 교차로안,승용,여,69세,경상,승용,남,31세,경상
2021071800100324,2021년 7월 18일 18시,일요일,경상북도 김천시 아포읍,경상사고,0,0,3,0,차량단독 - 기타,안전운전불이행,젖음/습기,비,단일로 - 기타,승용,남,64세,경상,,,,
2021071800100348,2021년 7월 18일 19시,일요일,경상북도 영덕군 강구면,부상신고사고,0,0,0,1,차량단독 - 도로외이탈 - 추락,안전운전불이행,건조,흐림,단일로 - 기타,이륜,남,60세,부상신고,,,,
2021071800100373,2021년 7월 18일 20시,일요일,경상북도 안동시 성곡동,경상사고,0,0,1,0,차대차 - 측면충돌,안전운전불이행,건조,맑음,단일로 - 기타,승용,여,28세,상해없음,승용,여,59세,경상
2021071800100374,2021년 7월 18일 20시,일요일,경상북도 문경시 문경읍,사망사고,1,0,0,0,차대사람 - 차도통행중,안전운전불이행,젖음/습기,비,단일로 - 기타,승용,남,42세,상해없음,보행자,남,71세,사망
2021071800100375,2021년 7월 18일 20시,일요일,경상북도 상주시 낙동면,경상사고,0,0,1,0,차량단독 - 기타,안전운전불이행,젖음/습기,비,단일로 - 기타,승용,남,38세,상해없음,,,,
2021071800100409,2021년 7월 18일 21시,일요일,경상북도 포항시 북구 장성동,경상사고,0,0,1,0,차대차 - 측면충돌,안전운전불이행,건조,맑음,단일로 - 기타,이륜,남,17세,경상,화물,남,57세,기타불명
2021071900100007,2021년 7월 19일 00시,월요일,경상북도 포항시 남구 상도동,중상사고,0,3,0,0,차대차 - 정면충돌,신호위반,건조,맑음,교차로 - 교차로안,승용,남,65세,중상,승용,남,71세,중상
2021071900100014,2021년 7월 19일 01시,월요일,경상북도 구미시 양호동,중상사고,0,1,0,0,차량단독 - 전도전복 - 전도,안전운전불이행,건조,맑음,단일로 - 기타,원동기,남,46세,중상,,,,
2021071900100028,2021년 7월 19일 05시,월요일,경상북도 경주시 현곡면,경상사고,0,0,1,0,차대차 - 측면충돌,기타,건조,맑음,교차로 - 교차로안,승용,남,64세,상해없음,승용,여,57세,경상
2021071900100098,2021년 7월 19일 08시,월요일,경상북도 경주시 용강동,경상사고,0,0,1,0,차대차 - 추돌,안전운전불이행,건조,맑음,단일로 - 기타,승용,남,19세,상해없음,승용,여,28세,경상
2021071900100099,2021년 7월 19일 08시,월요일,경상북도 경주시 내남면,경상사고,0,0,1,0,차대차 - 측면충돌,기타,건조,맑음,교차로 - 교차로안,승용,여,51세,상해없음,화물,남,39세,경상
2021071900100100,2021년 7월 19일 08시,월요일,경상북도 경산시 사동,경상사고,0,0,1,0,차대차 - 기타,안전운전불이행,건조,맑음,단일로 - 기타,승용,남,66세,상해없음,승용,여,36세,경상
2021071900100101,2021년 7월 19일 08시,월요일,경상북도 영덕군 강구면,중상사고,0,1,1,0,차대차 - 측면충돌,신호위반,건조,맑음,교차로 - 교차로안,승용,남,81세,경상,승용,남,25세,중상
2021071900100130,2021년 7월 19일 09시,월요일,경상북도 경주시 현곡면,경상사고,0,0,1,0,차대차 - 측면충돌,안전운전불이행,건조,맑음,단일로 - 지하차도(도로)내,이륜,남,81세,상해없음,화물,남,58세,경상
2021071900100131,2021년 7월 19일 09시,월요일,경상북도 포항시 북구 죽도동,중상사고,0,1,0,0,차대차 - 추돌,안전운전불이행,건조,맑음,단일로 - 기타,이륜,남,27세,중상,승용,남,42세,기타불명
2021071900100132,2021년 7월 19일 09시,월요일,경상북도 영천시 언하동,경상사고,0,0,1,0,차대차 - 측면충돌,안전거리미확보,건조,맑음,단일로 - 기타,화물,남,75세,상해없음,승합,남,70세,경상
2021071900100133,2021년 7월 19일 09시,월요일,경상북도 포항시 남구 효자동,경상사고,0,0,1,0,차대차 - 기타,안전운전불이행,건조,맑음,단일로 - 기타,승용,여,59세,상해없음,개인형이동수단(PM),남,51세,경상
2021071900100134,2021년 7월 19일 09시,월요일,경상북도 포항시 남구 청림동,경상사고,0,0,1,0,차대차 - 측면충돌,안전운전불이행,건조,맑음,단일로 - 지하차도(도로)내,이륜,남,78세,경상,승용,남,61세,상해없음
2021071900100167,2021년 7월 19일 10시,월요일,경상북도 문경시 점촌동,경상사고,0,0,2,0,차대차 - 추돌,안전운전불이행,건조,맑음,기타 - 기타,승용,남,77세,경상,승합,남,65세,상해없음
2021071900100168,2021년 7월 19일 10시,월요일,경상북도 경산시 자인면,경상사고,0,0,2,0,차대차 - 후진중충돌,안전운전불이행,건조,맑음,단일로 - 지하차도(도로)내,화물,남,69세,상해없음,승용,여,24세,경상
2021071900100208,2021년 7월 19일 11시,월요일,경상북도 성주군 선남면,경상사고,0,0,1,0,차대차 - 추돌,안전운전불이행,건조,맑음,교차로 - 교차로부근,승용,남,44세,기타불명,승용,남,54세,경상
2021071900100209,2021년 7월 19일 11시,월요일,경상북도 구미시 지산동,경상사고,0,0,2,0,차대차 - 측면충돌,신호위반,건조,맑음,단일로 - 기타,화물,남,77세,상해없음,승용,여,28세,경상
2021071900100244,2021년 7월 19일 12시,월요일,경상북도 포항시 북구 흥해읍,중상사고,0,1,3,0,차대차 - 추돌,안전운전불이행,건조,맑음,단일로 - 기타,화물,남,73세,상해없음,화물,남,69세,경상
2021071900100245,2021년 7월 19일 12시,월요일,경상북도 포항시 남구 오천읍,경상사고,0,0,1,1,차대차 - 추돌,기타,건조,맑음,단일로 - 지하차도(도로)내,승용,남,19세,부상신고,화물,남,46세,경상
2021071900100277,2021년 7월 19일 13시,월요일,경상북도 영천시 망정동,경상사고,0,0,2,0,차대차 - 측면충돌,신호위반,건조,맑음,교차로 - 교차로안,승용,남,49세,경상,승용,여,39세,경상
2021071900100278,2021년 7월 19일 13시,월요일,경상북도 경산시 와촌면,중상사고,0,1,0,0,차량단독 - 공작물충돌,안전운전불이행,건조,맑음,교차로 - 교차로안,승합,남,49세,상해없음,,,,
2021071900100279,2021년 7월 19일 13시,월요일,경상북도 포항시 남구 장기면,경상사고,0,0,1,0,차량단독 - 도로외이탈 - 기타,안전운전불이행,건조,맑음,단일로 - 기타,승용,여,46세,경상,,,,
2021071900100318,2021년 7월 19일 14시,월요일,경상북도 문경시 점촌동,경상사고,0,0,1,0,차대차 - 기타,안전운전불이행,건조,맑음,단일로 - 기타,건설기계,남,54세,상해없음,승용,남,27세,경상
2021071900100319,2021년 7월 19일 14시,월요일,경상북도 예천군 지보면,중상사고,0,3,2,0,차대차 - 정면충돌,중앙선침범,건조,맑음,단일로 - 기타,승용,여,62세,상해없음,승용,남,58세,경상
2021071900100320,2021년 7월 19일 14시,월요일,경상북도 포항시 남구 청림동,경상사고,0,0,4,0,차대차 - 측면충돌,차로위반,건조,맑음,교차로 - 교차로안,승용,남,79세,경상,건설기계,남,68세,상해없음
2021071900100355,2021년 7월 19일 15시,월요일,경상북도 구미시 상모동,경상사고,0,0,1,0,차대차 - 측면충돌,안전운전불이행,건조,맑음,단일로 - 기타,승용,남,52세,상해없음,승용,여,57세,경상
2021071900100385,2021년 7월 19일 16시,월요일,경상북도 구미시 도개면,경상사고,0,0,1,0,차대차 - 정면충돌,안전운전불이행,건조,맑음,단일로 - 기타,승용,남,57세,상해없음,화물,남,42세,경상
2021071900100425,2021년 7월 19일 17시,월요일,경상북도 영천시 금호읍,경상사고,0,0,1,0,차대차 - 후진중충돌,안전운전불이행,건조,맑음,단일로 - 기타,화물,남,31세,상해없음,자전거,여,72세,경상
2021071900100462,2021년 7월 19일 18시,월요일,경상북도 포항시 북구 두호동,경상사고,0,0,1,0,차대차 - 측면충돌,안전운전불이행,건조,맑음,교차로 - 교차로안,승용,여,44세,상해없음,승용,남,44세,경상
2021071900100463,2021년 7월 19일 18시,월요일,경상북도 의성군 의성읍,중상사고,0,1,0,0,차대차 - 정면충돌,안전운전불이행,건조,맑음,단일로 - 기타,승용,남,69세,상해없음,승용,남,48세,중상
2021071900100464,2021년 7월 19일 18시,월요일,경상북도 경산시 정평동,경상사고,0,0,2,0,차대차 - 측면충돌,안전거리미확보,건조,맑음,단일로 - 기타,승용,남,19세,상해없음,승용,여,37세,경상
2021071900100465,2021년 7월 19일 18시,월요일,경상북도 경산시 대동,경상사고,0,0,1,0,차대차 - 측면충돌,안전운전불이행,건조,맑음,단일로 - 기타,승용,여,23세,상해없음,승용,여,61세,경상
2021071900100466,2021년 7월 19일 18시,월요일,경상북도 포항시 남구 연일읍,경상사고,0,0,1,0,차대사람 - 길가장자리구역통행중,안전운전불이행,건조,맑음,단일로 - 기타,승용,남,53세,상해없음,보행자,여,11세,경상
2021071900100537,2021년 7월 19일 20시,월요일,경상북도 구미시 비산동,경상사고,0,0,1,0,차대차 - 측면충돌,신호위반,젖음/습기,기타,교차로 - 교차로안,이륜,남,35세,경상,승용,남,51세,상해없음
2021071900100582,2021년 7월 19일 22시,월요일,경상북도 구미시 송정동,중상사고,0,1,0,0,차대사람 - 횡단중,안전운전불이행,건조,맑음,단일로 - 기타,원동기,남,21세,상해없음,보행자,남,46세,중상
2021071900100601,2021년 7월 19일 23시,월요일,경상북도 구미시 공단동,경상사고,0,0,1,0,차대차 - 추돌,안전운전불이행,건조,맑음,교차로 - 교차로부근,승용,남,38세,상해없음,승용,여,56세,경상
2021072000100077,2021년 7월 20일 08시,화요일,경상북도 포항시 북구 신광면,경상사고,0,0,2,0,차대차 - 추돌,안전운전불이행,건조,맑음,단일로 - 기타,승용,남,65세,경상,승용,여,55세,경상
2021072000100078,2021년 7월 20일 08시,화요일,경상북도 경산시 용성면,경상사고,0,0,1,0,차대차 - 기타,교차로운행방법위반,건조,맑음,교차로 - 교차로안,화물,여,71세,기타불명,승용,남,27세,경상
2021072000100104,2021년 7월 20일 09시,화요일,경상북도 포항시 북구 흥해읍,경상사고,0,0,2,0,차대차 - 측면충돌,안전운전불이행,건조,맑음,단일로 - 기타,승용,여,60세,상해없음,승용,남,46세,경상
2021072000100143,2021년 7월 20일 10시,화요일,경상북도 경주시 성건동,경상사고,0,0,1,0,차대차 - 추돌,안전운전불이행,건조,맑음,단일로 - 기타,승용,여,37세,상해없음,승합,남,50세,상해없음
2021072000100144,2021년 7월 20일 10시,화요일,경상북도 포항시 북구 장성동,경상사고,0,0,1,0,차대차 - 기타,안전운전불이행,건조,맑음,교차로 - 교차로부근,승용,여,52세,상해없음,이륜,남,47세,경상
2021072000100145,2021년 7월 20일 10시,화요일,경상북도 영덕군 병곡면,중상사고,0,1,0,0,차대사람 - 기타,안전운전불이행,건조,맑음,단일로 - 기타,화물,남,54세,상해없음,보행자,남,56세,중상
2021072000100146,2021년 7월 20일 10시,화요일,경상북도 포항시 남구 지곡동,경상사고,0,0,1,0,차대차 - 추돌,안전운전불이행,건조,맑음,교차로 - 교차로부근,승용,여,47세,상해없음,승용,여,34세,경상
2021072000100176,2021년 7월 20일 11시,화요일,경상북도 상주시 남성동,경상사고,0,0,3,0,차대차 - 측면충돌,안전운전불이행,건조,맑음,교차로 - 교차로안,승용,여,67세,경상,승용,남,61세,경상
2021072000100205,2021년 7월 20일 12시,화요일,경상북도 안동시 옥동,경상사고,0,0,1,0,차대차 - 측면충돌,안전운전불이행,건조,맑음,단일로 - 기타,승용,남,66세,상해없음,이륜,남,24세,경상
2021072000100206,2021년 7월 20일 12시,화요일,경상북도 포항시 남구 연일읍,부상신고사고,0,0,0,1,차대차 - 측면충돌,안전운전불이행,건조,맑음,단일로 - 기타,승용,남,55세,상해없음,이륜,남,24세,부상신고
2021072000100241,2021년 7월 20일 13시,화요일,경상북도 경주시 천북면,경상사고,0,0,5,0,차대차 - 측면충돌,안전운전불이행,건조,맑음,단일로 - 기타,승용,남,56세,상해없음,승용,남,44세,경상
2021072000100242,2021년 7월 20일 13시,화요일,경상북도 영천시 금노동,경상사고,0,0,3,0,차대차 - 추돌,안전운전불이행,건조,맑음,교차로 - 교차로부근,승용,남,68세,경상,승용,여,45세,경상
2021072000100243,2021년 7월 20일 13시,화요일,경상북도 청도군 청도읍,경상사고,0,0,2,0,차대차 - 측면충돌,직진우회전진행방해,건조,맑음,교차로 - 교차로안,승용,남,49세,상해없음,이륜,남,16세,경상
2021072000100279,2021년 7월 20일 14시,화요일,경상북도 안동시 대석동,경상사고,0,0,1,0,차대차 - 측면충돌,안전운전불이행,건조,맑음,교차로 - 교차로안,이륜,남,72세,경상,승용,남,77세,상해없음
2021072000100310,2021년 7월 20일 15시,화요일,경상북도 김천시 황금동,중상사고,0,1,0,0,차대차 - 측면충돌,교차로운행방법위반,건조,맑음,교차로 - 교차로안,승용,여,41세,상해없음,이륜,남,85세,중상
2021072000100311,2021년 7월 20일 15시,화요일,경상북도 구미시 송정동,경상사고,0,0,1,1,차대차 - 측면충돌,안전운전불이행,건조,맑음,단일로 - 기타,승용,여,37세,부상신고,승용,남,36세,경상
2021072000100346,2021년 7월 20일 16시,화요일,경상북도 구미시 고아읍,부상신고사고,0,0,0,1,차량단독 - 공작물충돌,안전운전불이행,건조,맑음,단일로 - 기타,화물,남,75세,부상신고,,,,
2021072000100347,2021년 7월 20일 16시,화요일,경상북도 포항시 남구 이동,경상사고,0,0,1,0,차대사람 - 기타,안전운전불이행,건조,맑음,단일로 - 기타,승용,남,70세,상해없음,보행자,여,11세,경상
2021072000100398,2021년 7월 20일 17시,화요일,경상북도 김천시 신음동,중상사고,0,1,0,0,차대사람 - 횡단중,안전운전불이행,건조,맑음,교차로 - 교차로안,승용,여,43세,상해없음,보행자,여,64세,중상
2021072000100399,2021년 7월 20일 17시,화요일,경상북도 경산시 와촌면,경상사고,0,0,1,0,차대차 - 측면충돌,교차로운행방법위반,건조,맑음,교차로 - 교차로안,승용,남,79세,상해없음,화물,남,72세,경상
2021072000100400,2021년 7월 20일 17시,화요일,경상북도 포항시 남구 오천읍,경상사고,0,0,1,0,차대차 - 추돌,기타,건조,맑음,교차로 - 교차로안,승용,남,24세,상해없음,이륜,남,39세,경상
2021072000100441,2021년 7월 20일 18시,화요일,경상북도 의성군 가음면,중상사고,0,2,0,0,차대차 - 정면충돌,중앙선침범,건조,맑음,단일로 - 기타,화물,남,70세,상해없음,승용,남,70세,중상
2021072000100442,2021년 7월 20일 18시,화요일,경상북도 영주시 휴천동,중상사고,0,3,0,0,차대차 - 측면충돌,교차로운행방법위반,건조,맑음,교차로 - 교차로안,승용,여,56세,상해없음,승용,남,33세,중상
2021072000100466,2021년 7월 20일 19시,화요일,경상북도 김천시 신음동,경상사고,0,0,1,0,차대차 - 측면충돌,교차로운행방법위반,건조,맑음,교차로 - 교차로안,승용,남,55세,상해없음,개인형이동수단(PM),남,14세,경상
2021072000100496,2021년 7월 20일 20시,화요일,경상북도 안동시 법흥동,경상사고,0,0,2,0,차량단독 - 도로외이탈 - 추락,기타,건조,맑음,단일로 - 기타,승용,남,23세,경상,,,,
2021072000100497,2021년 7월 20일 20시,화요일,경상북도 영천시 금노동,경상사고,0,0,1,0,차대차 - 추돌,안전운전불이행,건조,맑음,교차로 - 교차로안,승용,남,63세,상해없음,승용,남,63세,상해없음
2021072000100527,2021년 7월 20일 21시,화요일,경상북도 포항시 북구 덕산동,경상사고,0,0,1,0,차대차 - 측면충돌,중앙선침범,건조,맑음,교차로 - 교차로부근,승용,남,60세,상해없음,승용,남,28세,경상
2021072000100543,2021년 7월 20일 22시,화요일,경상북도 칠곡군 동명면,중상사고,0,1,1,0,차대차 - 측면충돌,안전운전불이행,건조,맑음,단일로 - 기타,승용,여,34세,상해없음,승용,남,28세,중상
2021072000100544,2021년 7월 20일 22시,화요일,경상북도 구미시 황상동,경상사고,0,0,1,0,차대사람 - 기타,안전운전불이행,건조,맑음,교차로 - 교차로부근,승용,남,40세,상해없음,보행자,남,26세,경상
2021072100100028,2021년 7월 21일 04시,수요일,경상북도 포항시 남구 송도동,중상사고,0,1,0,0,차대차 - 측면충돌,안전운전불이행,건조,맑음,단일로 - 기타,자전거,남,88세,중상,승용,남,70세,상해없음
2021072100100033,2021년 7월 21일 05시,수요일,경상북도 영주시 장수면,사망사고,1,0,0,0,차량단독 - 기타,안전운전불이행,건조,맑음,단일로 - 기타,승용,여,46세,사망,,,,
2021072100100070,2021년 7월 21일 07시,수요일,경상북도 안동시 풍산읍,경상사고,0,0,1,0,차대차 - 측면충돌,안전운전불이행,건조,맑음,단일로 - 기타,화물,남,55세,상해없음,화물,남,57세,경상
2021072100100071,2021년 7월 21일 07시,수요일,경상북도 안동시 풍산읍,경상사고,0,0,1,0,차대차 - 기타,기타,건조,맑음,단일로 - 기타,승용,남,19세,상해없음,화물,남,61세,경상
2021072100100108,2021년 7월 21일 08시,수요일,경상북도 예천군 호명면,경상사고,0,0,1,0,차대차 - 기타,직진우회전진행방해,건조,맑음,교차로 - 교차로안,승용,여,37세,상해없음,승용,남,62세,경상
2021072100100109,2021년 7월 21일 08시,수요일,경상북도 성주군 성주읍,경상사고,0,0,1,0,차대사람 - 기타,안전운전불이행,건조,맑음,교차로 - 교차로안,화물,남,65세,상해없음,보행자,여,81세,경상
2021072100100142,2021년 7월 21일 09시,수요일,경상북도 청도군 이서면,중상사고,0,1,0,0,차대차 - 측면충돌,신호위반,건조,맑음,교차로 - 교차로안,승용,남,36세,상해없음,승용,여,51세,중상
2021072100100143,2021년 7월 21일 09시,수요일,경상북도 군위군 군위읍,경상사고,0,0,2,0,차대차 - 측면충돌,안전운전불이행,건조,맑음,교차로 - 교차로안,승용,여,68세,상해없음,승용,남,65세,경상
2021072100100144,2021년 7월 21일 09시,수요일,경상북도 군위군 효령면,경상사고,0,0,1,0,차대차 - 측면충돌,안전운전불이행,건조,맑음,단일로 - 기타,농기계,남,69세,경상,화물,남,72세,상해없음
2021072100100182,2021년 7월 21일 10시,수요일,경상북도 경주시 양남면,경상사고,0,0,1,0,차대차 - 측면충돌,중앙선침범,건조,맑음,단일로 - 기타,승용,남,69세,상해없음,승용,여,37세,경상
2021072100100183,2021년 7월 21일 10시,수요일,경상북도 영천시 완산동,경상사고,0,0,2,0,차대차 - 측면충돌,안전운전불이행,건조,맑음,단일로 - 기타,승용,여,41세,경상,화물,남,70세,경상
2021072100100184,2021년 7월 21일 10시,수요일,경상북도 구미시 신평동,경상사고,0,0,1,0,차대차 - 측면충돌,신호위반,건조,맑음,교차로 - 교차로안,승용,여,48세,상해없음,승용,남,73세,경상
2021072100100222,2021년 7월 21일 11시,수요일,경상북도 김천시 어모면,경상사고,0,0,1,0,차대차 - 측면충돌,신호위반,건조,맑음,교차로 - 교차로안,건설기계,남,43세,상해없음,화물,남,78세,경상
2021072100100223,2021년 7월 21일 11시,수요일,경상북도 칠곡군 왜관읍,부상신고사고,0,0,0,1,차대차 - 기타,안전운전불이행,건조,맑음,단일로 - 기타,자전거,남,58세,부상신고,승용,남,63세,기타불명
2021072100100265,2021년 7월 21일 12시,수요일,경상북도 경주시 황성동,경상사고,0,0,1,0,차대차 - 측면충돌,안전운전불이행,건조,맑음,단일로 - 기타,승용,여,69세,상해없음,승용,여,49세,경상
2021072100100266,2021년 7월 21일 12시,수요일,경상북도 포항시 북구 장성동,경상사고,0,0,1,0,차대차 - 측면충돌,안전운전불이행,건조,맑음,단일로 - 기타,승용,여,58세,상해없음,승용,여,48세,경상
2021072100100267,2021년 7월 21일 12시,수요일,경상북도 경산시 사동,경상사고,0,0,1,0,차대사람 - 횡단중,보행자보호의무위반,건조,맑음,교차로 - 교차로안,승용,남,51세,상해없음,보행자,여,9세,경상
2021072100100305,2021년 7월 21일 13시,수요일,경상북도 경주시 황오동,경상사고,0,0,1,0,차대차 - 정면충돌,신호위반,건조,맑음,교차로 - 교차로안,승용,남,76세,상해없음,승용,남,54세,경상
2021072100100306,2021년 7월 21일 13시,수요일,경상북도 상주시 남성동,중상사고,0,1,0,0,차대사람 - 기타,안전운전불이행,건조,맑음,단일로 - 기타,승용,남,68세,상해없음,보행자,여,82세,중상