사고번호,사고일시,요일,시군구,사고내용,사망자수,중상자수,경상자수,부상신고자수,사고유형,법규위반,노면상태,기상상태,도로형태,가해운전자 차종,가해운전자 성별,가해운전자 연령,가해운전자 상해정도,피해운전자 차종,피해운전자 성별,피해운전자 연령,피해운전자 상해정도
2021072400100541,2021년 7월 24일 21시,토요일,경상북도 경주시 신평동,중상사고,0,1,0,0,차대차 - 추돌,안전운전불이행,건조,맑음,교차로 - 교차로안,승용,남,62세,상해없음,이륜,남,32세,중상
2021072400100570,2021년 7월 24일 22시,토요일,경상북도 포항시 북구 장성동,경상사고,0,0,1,0,차대차 - 추돌,안전운전불이행,건조,맑음,교차로 - 교차로부근,승용,남,58세,상해없음,승용,여,53세,경상
2021072400100584,2021년 7월 24일 23시,토요일,경상북도 포항시 남구 인덕동,중상사고,0,2,2,0,차대차 - 정면충돌,직진우회전진행방해,건조,맑음,교차로 - 교차로안,승용,남,50세,중상,승합,남,48세,중상
2021072500100008,2021년 7월 25일 00시,일요일,경상북도 경산시 하양읍,경상사고,0,0,2,0,차대차 - 측면충돌,기타,건조,맑음,교차로 - 교차로부근,승용,남,34세,상해없음,승용,남,46세,경상
2021072500100015,2021년 7월 25일 01시,일요일,경상북도 안동시 평화동,경상사고,0,0,4,0,차대차 - 측면충돌,안전운전불이행,건조,맑음,교차로 - 교차로안,이륜,남,19세,경상,승용,여,43세,경상
2021072500100016,2021년 7월 25일 01시,일요일,경상북도 청도군 금천면,경상사고,0,0,3,0,차대차 - 정면충돌,중앙선침범,건조,맑음,단일로 - 기타,이륜,남,40세,경상,승용,남,60세,경상
2021072500100058,2021년 7월 25일 08시,일요일,경상북도 포항시 북구 흥해읍,경상사고,0,0,1,0,차대차 - 추돌,안전운전불이행,건조,맑음,교차로 - 교차로안,승용,남,76세,상해없음,승용,여,51세,경상
2021072500100059,2021년 7월 25일 08시,일요일,경상북도 청도군 운문면,중상사고,0,1,0,0,차대차 - 정면충돌,직진우회전진행방해,건조,맑음,교차로 - 교차로안,화물,남,73세,상해없음,자전거,남,32세,중상
2021072500100084,2021년 7월 25일 10시,일요일,경상북도 칠곡군 왜관읍,경상사고,0,0,1,0,차대사람 - 기타,안전운전불이행,건조,맑음,단일로 - 기타,기타불명,기타불명,미분류,기타불명,보행자,여,89세,경상
2021072500100105,2021년 7월 25일 11시,일요일,경상북도 영주시 봉현면,경상사고,0,0,1,0,차대차 - 기타,안전운전불이행,건조,맑음,주차장 - 주차장,화물,남,53세,상해없음,승용,남,45세,경상
2021072500100106,2021년 7월 25일 11시,일요일,경상북도 구미시 장천면,경상사고,0,0,2,0,차대차 - 정면충돌,중앙선침범,건조,맑음,단일로 - 기타,승용,남,39세,상해없음,승용,남,64세,경상
2021072500100129,2021년 7월 25일 12시,일요일,경상북도 울진군 후포면,경상사고,0,0,2,0,차대차 - 측면충돌,중앙선침범,건조,맑음,단일로 - 기타,승용,남,52세,상해없음,승용,남,27세,상해없음
2021072500100172,2021년 7월 25일 13시,일요일,경상북도 영주시 가흥동,경상사고,0,0,1,0,차대차 - 추돌,안전운전불이행,건조,맑음,단일로 - 기타,화물,남,67세,상해없음,승용,남,62세,경상
2021072500100173,2021년 7월 25일 13시,일요일,경상북도 구미시 구포동,경상사고,0,0,3,0,차대차 - 기타,중앙선침범,건조,맑음,기타 - 기타,승용,여,24세,상해없음,승용,여,37세,경상
2021072500100198,2021년 7월 25일 14시,일요일,경상북도 의성군 안계면,사망사고,1,0,0,0,차대차 - 측면충돌,안전운전불이행,건조,맑음,교차로 - 교차로안,화물,남,62세,상해없음,이륜,남,71세,사망
2021072500100199,2021년 7월 25일 14시,일요일,경상북도 칠곡군 지천면,경상사고,0,0,3,1,차대차 - 정면충돌,안전운전불이행,건조,맑음,단일로 - 기타,원동기,남,51세,부상신고,승용,여,27세,경상
2021072500100231,2021년 7월 25일 15시,일요일,경상북도 의성군 안계면,중상사고,0,1,1,0,차대차 - 측면충돌,안전운전불이행,건조,맑음,교차로 - 교차로안,승용,여,57세,상해없음,승용,남,28세,중상
2021072500100261,2021년 7월 25일 16시,일요일,경상북도 경주시 현곡면,중상사고,0,2,2,0,차량단독 - 공작물충돌,기타,건조,맑음,교차로 - 교차로부근,승용,남,18세,상해없음,,,,
2021072500100262,2021년 7월 25일 16시,일요일,경상북도 성주군 수륜면,경상사고,0,0,3,0,차대차 - 기타,안전운전불이행,기타,기타,단일로 - 기타,화물,남,66세,상해없음,승용,남,38세,경상
2021072500100263,2021년 7월 25일 16시,일요일,경상북도 의성군 단밀면,경상사고,0,0,1,0,차대차 - 추돌,차로위반,건조,맑음,단일로 - 기타,승용,남,54세,상해없음,승용,남,35세,경상
2021072500100264,2021년 7월 25일 16시,일요일,경상북도 칠곡군 동명면,중상사고,0,1,0,0,차량단독 - 공작물충돌,안전운전불이행,건조,맑음,단일로 - 터널,승용,여,27세,중상,,,,
2021072500100265,2021년 7월 25일 16시,일요일,경상북도 영천시 청통면,경상사고,0,0,1,0,차대차 - 후진중충돌,안전운전불이행,건조,맑음,기타 - 기타,승용,남,65세,상해없음,승용,남,61세,상해없음
2021072500100266,2021년 7월 25일 16시,일요일,경상북도 구미시 장천면,경상사고,0,0,6,0,차대차 - 기타,안전운전불이행,건조,맑음,단일로 - 터널,승용,여,33세,경상,승용,남,57세,상해없음
2021072500100300,2021년 7월 25일 17시,일요일,경상북도 문경시 농암면,중상사고,0,1,2,0,차대차 - 측면충돌,직진우회전진행방해,건조,맑음,교차로 - 교차로안,화물,남,65세,경상,승용,여,55세,경상
2021072500100334,2021년 7월 25일 18시,일요일,경상북도 경산시 진량읍,경상사고,0,0,1,0,차대사람 - 보도통행중,기타,건조,맑음,기타 - 기타,승용,남,39세,상해없음,보행자,남,54세,경상
2021072500100335,2021년 7월 25일 18시,일요일,경상북도 성주군 초전면,경상사고,0,0,2,0,차대차 - 측면충돌,중앙선침범,건조,맑음,단일로 - 기타,승용,남,55세,경상,승용,남,55세,경상
2021072500100336,2021년 7월 25일 18시,일요일,경상북도 구미시 봉곡동,경상사고,0,0,1,0,차대차 - 기타,직진우회전진행방해,건조,맑음,교차로 - 교차로안,승용,남,62세,상해없음,승용,남,37세,상해없음
2021072500100363,2021년 7월 25일 19시,일요일,경상북도 포항시 북구 두호동,중상사고,0,1,3,0,차대차 - 측면충돌,신호위반,건조,맑음,교차로 - 교차로부근,이륜,남,16세,중상,승합,남,34세,경상
2021072500100364,2021년 7월 25일 19시,일요일,경상북도 포항시 남구 대도동,부상신고사고,0,0,0,1,차대차 - 기타,안전운전불이행,건조,맑음,단일로 - 지하차도(도로)내,이륜,남,29세,부상신고,승용,남,64세,상해없음
2021072500100408,2021년 7월 25일 21시,일요일,경상북도 영덕군 영덕읍,경상사고,0,0,1,0,차대차 - 측면충돌,중앙선침범,건조,맑음,교차로 - 교차로안,자전거,남,14세,경상,승용,여,38세,상해없음
2021072500100425,2021년 7월 25일 22시,일요일,경상북도 경산시 압량읍,중상사고,0,1,0,0,차대차 - 측면충돌,신호위반,건조,맑음,교차로 - 교차로안,이륜,남,47세,중상,승용,남,72세,상해없음
2021072500100426,2021년 7월 25일 22시,일요일,경상북도 구미시 사곡동,경상사고,0,0,1,0,차대차 - 기타,안전운전불이행,건조,맑음,교차로 - 교차로안,이륜,남,49세,경상,승용,남,65세,상해없음
2021072500100436,2021년 7월 25일 23시,일요일,경상북도 구미시 인의동,경상사고,0,0,1,0,차대차 - 기타,안전운전불이행,건조,맑음,교차로 - 교차로안,개인형이동수단(PM),남,30세,경상,승용,남,22세,상해없음
2021072600100018,2021년 7월 26일 03시,월요일,경상북도 영천시 도남동,사망사고,2,0,1,0,차대차 - 추돌,기타,건조,맑음,교차로 - 교차로안,승용,여,50세,경상,농기계,남,78세,사망
2021072600100055,2021년 7월 26일 07시,월요일,경상북도 칠곡군 석적읍,경상사고,0,0,1,1,차대차 - 측면충돌,안전운전불이행,건조,맑음,교차로 - 교차로안,승용,남,22세,부상신고,승용,남,23세,경상
2021072600100056,2021년 7월 26일 07시,월요일,경상북도 칠곡군 왜관읍,경상사고,0,0,1,0,차대차 - 측면충돌,안전운전불이행,건조,맑음,단일로 - 기타,승용,남,57세,상해없음,승용,남,35세,경상
2021072600100084,2021년 7월 26일 08시,월요일,경상북도 영천시 도림동,경상사고,0,0,1,0,차대차 - 정면충돌,안전운전불이행,건조,맑음,단일로 - 기타,승용,여,28세,상해없음,승용,여,61세,경상
2021072600100085,2021년 7월 26일 08시,월요일,경상북도 경산시 진량읍,경상사고,0,0,2,0,차대차 - 추돌,안전운전불이행,건조,맑음,단일로 - 기타,화물,남,32세,상해없음,승용,여,22세,경상
2021072600100086,2021년 7월 26일 08시,월요일,경상북도 포항시 남구 상도동,경상사고,0,0,3,0,차대차 - 측면충돌,직진우회전진행방해,건조,맑음,교차로 - 교차로안,승용,남,26세,경상,화물,남,60세,경상
2021072600100171,2021년 7월 26일 10시,월요일,경상북도 안동시 수상동,경상사고,0,0,1,0,차대차 - 기타,안전운전불이행,건조,맑음,교차로 - 교차로안,화물,남,76세,상해없음,승용,여,37세,경상
2021072600100209,2021년 7월 26일 11시,월요일,경상북도 경주시 용강동,중상사고,0,1,1,0,차대차 - 측면충돌,안전거리미확보,건조,맑음,교차로 - 교차로부근,화물,남,30세,상해없음,화물,남,54세,경상
2021072600100210,2021년 7월 26일 11시,월요일,경상북도 포항시 북구 득량동,경상사고,0,0,1,0,차대차 - 기타,교차로운행방법위반,건조,맑음,교차로 - 교차로안,화물,남,51세,기타불명,승용,여,39세,경상
2021072600100211,2021년 7월 26일 11시,월요일,경상북도 안동시 옥동,경상사고,0,0,1,0,차대차 - 측면충돌,안전운전불이행,건조,맑음,교차로 - 교차로안,승용,여,33세,상해없음,승용,남,24세,경상
2021072600100212,2021년 7월 26일 11시,월요일,경상북도 상주시 복룡동,경상사고,0,0,3,0,차대차 - 측면충돌,신호위반,건조,맑음,교차로 - 교차로안,화물,남,70세,상해없음,승용,남,42세,경상
2021072600100213,2021년 7월 26일 11시,월요일,경상북도 의성군 안계면,중상사고,0,1,1,0,차대차 - 측면충돌,중앙선침범,건조,맑음,단일로 - 기타,승용,남,63세,중상,건설기계,남,59세,경상
2021072600100214,2021년 7월 26일 11시,월요일,경상북도 구미시 도량동,중상사고,0,1,0,0,차대차 - 측면충돌,안전거리미확보,건조,맑음,단일로 - 기타,승용,여,46세,상해없음,이륜,남,46세,중상
2021072600100215,2021년 7월 26일 11시,월요일,경상북도 포항시 남구 해도동,경상사고,0,0,1,0,차대차 - 측면충돌,안전운전불이행,건조,맑음,교차로 - 교차로안,승용,여,56세,상해없음,승용,남,33세,경상
2021072600100372,2021년 7월 26일 15시,월요일,경상북도 경주시 외동읍,중상사고,0,1,2,0,차대차 - 정면충돌,중앙선침범,건조,맑음,단일로 - 기타,승용,남,49세,상해없음,승용,남,42세,경상
2021072600100373,2021년 7월 26일 15시,월요일,경상북도 포항시 북구 두호동,경상사고,0,0,2,0,차대차 - 후진중충돌,안전운전불이행,건조,맑음,단일로 - 기타,승용,남,68세,상해없음,승용,남,51세,경상
2021072600100374,2021년 7월 26일 15시,월요일,경상북도 영천시 화북면,중상사고,0,1,0,0,차대사람 - 기타,안전운전불이행,건조,맑음,단일로 - 기타,건설기계,남,61세,상해없음,보행자,여,74세,중상
2021072600100398,2021년 7월 26일 16시,월요일,경상북도 의성군 점곡면,중상사고,0,1,0,0,차량단독 - 공작물충돌,안전운전불이행,건조,맑음,단일로 - 기타,농기계,남,84세,중상,,,,
2021072600100399,2021년 7월 26일 16시,월요일,경상북도 문경시 점촌동,경상사고,0,0,1,0,차대차 - 기타,기타,건조,맑음,교차로 - 교차로안,승용,여,49세,상해없음,승용,남,71세,상해없음
2021072600100400,2021년 7월 26일 16시,월요일,경상북도 구미시 임수동,경상사고,0,0,1,0,차대차 - 기타,안전운전불이행,건조,맑음,단일로 - 기타,승용,여,63세,상해없음,화물,남,29세,경상
2021072600100446,2021년 7월 26일 17시,월요일,경상북도 안동시 옥야동,경상사고,0,0,1,0,차대차 - 기타,안전거리미확보,건조,맑음,단일로 - 기타,승용,남,41세,상해없음,승용,남,55세,경상
2021072600100447,2021년 7월 26일 17시,월요일,경상북도 안동시 옥동,중상사고,0,1,0,0,차대차 - 기타,안전운전불이행,건조,맑음,교차로 - 교차로안,승용,남,21세,상해없음,이륜,여,59세,중상
2021072600100448,2021년 7월 26일 17시,월요일,경상북도 구미시 도량동,경상사고,0,0,1,0,차대차 - 측면충돌,안전거리미확보,건조,맑음,교차로 - 교차로부근,승용,남,58세,상해없음,승용,남,42세,경상
2021072600100493,2021년 7월 26일 18시,월요일,경상북도 안동시 송현동,경상사고,0,0,2,0,차대차 - 측면충돌,차로위반,기타,맑음,단일로 - 기타,승용,여,63세,경상,승용,남,37세,경상
2021072600100494,2021년 7월 26일 18시,월요일,경상북도 성주군 초전면,경상사고,0,0,1,0,차대사람 - 길가장자리구역통행중,안전운전불이행,건조,맑음,단일로 - 기타,화물,남,59세,상해없음,보행자,남,61세,경상
2021072600100495,2021년 7월 26일 18시,월요일,경상북도 포항시 남구 대잠동,경상사고,0,0,1,0,차대차 - 추돌,안전운전불이행,건조,맑음,교차로 - 교차로부근,승용,여,62세,상해없음,승용,여,43세,경상
2021072600100535,2021년 7월 26일 19시,월요일,경상북도 영주시 가흥동,경상사고,0,0,3,0,차대차 - 측면충돌,직진우회전진행방해,건조,맑음,교차로 - 교차로안,승용,남,61세,상해없음,승용,남,37세,경상
2021072700100011,2021년 7월 27일 01시,화요일,경상북도 경주시 진현동,부상신고사고,0,0,0,1,차량단독 - 도로외이탈 - 추락,안전운전불이행,건조,맑음,교차로 - 교차로부근,승용,남,52세,부상신고,,,,
2021072700100012,2021년 7월 27일 01시,화요일,경상북도 구미시 지산동,경상사고,0,0,1,0,차대차 - 기타,안전운전불이행,건조,맑음,교차로 - 교차로안,승용,남,30세,상해없음,승용,남,36세,경상
2021072700100018,2021년 7월 27일 03시,화요일,경상북도 의성군 단밀면,사망사고,1,0,1,0,차대차 - 추돌,안전운전불이행,건조,맑음,단일로 - 기타,화물,남,59세,사망,특수,남,69세,경상
2021072700100032,2021년 7월 27일 05시,화요일,경상북도 영천시 완산동,중상사고,0,1,0,0,차대사람 - 차도통행중,안전운전불이행,건조,맑음,교차로 - 교차로부근,승용,여,20세,상해없음,보행자,여,78세,중상
2021072700100044,2021년 7월 27일 06시,화요일,경상북도 경주시 시래동,경상사고,0,0,1,0,차대차 - 측면충돌,안전운전불이행,건조,맑음,교차로 - 교차로안,승용,남,63세,상해없음,자전거,남,37세,경상
2021072700100045,2021년 7월 27일 06시,화요일,경상북도 영주시 영주동,중상사고,0,1,0,0,차대사람 - 횡단중,보행자보호의무위반,건조,맑음,교차로 - 교차로횡단보도내,화물,남,61세,상해없음,보행자,여,78세,중상
2021072700100046,2021년 7월 27일 06시,화요일,경상북도 구미시 도량동,부상신고사고,0,0,0,1,차대차 - 기타,안전운전불이행,건조,맑음,교차로 - 교차로부근,승용,여,47세,상해없음,자전거,남,59세,부상신고
2021072700100068,2021년 7월 27일 07시,화요일,경상북도 김천시 아포읍,중상사고,0,1,1,0,차대차 - 측면충돌,중앙선침범,건조,맑음,교차로 - 교차로부근,이륜,남,74세,중상,승용,여,44세,경상
2021072700100069,2021년 7월 27일 07시,화요일,경상북도 울진군 북면,부상신고사고,0,0,0,1,차대사람 - 기타,안전운전불이행,건조,맑음,단일로 - 기타,승용,남,46세,상해없음,보행자,여,81세,부상신고
2021072700100102,2021년 7월 27일 08시,화요일,경상북도 청도군 풍각면,경상사고,0,0,1,0,차대차 - 측면충돌,불법유턴,건조,맑음,단일로 - 기타,화물,남,61세,상해없음,승용,여,39세,경상
2021072700100103,2021년 7월 27일 08시,화요일,경상북도 구미시 황상동,경상사고,0,0,1,0,차대차 - 측면충돌,안전운전불이행,건조,맑음,단일로 - 기타,승용,남,64세,상해없음,승용,남,63세,경상
2021072700100166,2021년 7월 27일 10시,화요일,경상북도 예천군 예천읍,경상사고,0,0,1,0,차대사람 - 차도통행중,안전운전불이행,건조,맑음,단일로 - 기타,승용,여,66세,상해없음,보행자,남,30세,경상
2021072700100219,2021년 7월 27일 11시,화요일,경상북도 봉화군 법전면,경상사고,0,0,2,0,차대차 - 측면충돌,안전운전불이행,건조,맑음,단일로 - 기타,화물,남,80세,상해없음,화물,남,64세,경상
2021072700100220,2021년 7월 27일 11시,화요일,경상북도 포항시 남구 효자동,경상사고,0,0,1,0,차대차 - 기타,신호위반,건조,맑음,교차로 - 교차로안,화물,남,69세,상해없음,승용,여,61세,경상
2021072700100256,2021년 7월 27일 12시,화요일,경상북도 안동시 동부동,경상사고,0,0,1,0,차대사람 - 기타,안전운전불이행,건조,맑음,단일로 - 기타,승용,여,50세,상해없음,보행자,남,59세,경상
2021072700100257,2021년 7월 27일 12시,화요일,경상북도 영천시 금노동,경상사고,0,0,1,0,차대차 - 측면충돌,안전운전불이행,건조,맑음,단일로 - 기타,승용,여,65세,상해없음,자전거,여,69세,경상
2021072700100258,2021년 7월 27일 12시,화요일,경상북도 청송군 현동면,중상사고,0,1,0,0,차대차 - 측면충돌,직진우회전진행방해,건조,맑음,교차로 - 교차로안,화물,남,54세,상해없음,이륜,남,62세,중상
2021072700100259,2021년 7월 27일 12시,화요일,경상북도 구미시 도량동,경상사고,0,0,1,0,차대차 - 기타,불법유턴,건조,맑음,교차로 - 교차로안,승용,남,65세,상해없음,이륜,남,30세,경상
2021072700100260,2021년 7월 27일 12시,화요일,경상북도 구미시 오태동,경상사고,0,0,1,0,차대차 - 추돌,안전운전불이행,건조,맑음,교차로 - 교차로부근,승용,여,44세,상해없음,승용,남,55세,경상
2021072700100261,2021년 7월 27일 12시,화요일,경상북도 포항시 남구 대도동,중상사고,0,1,1,0,차대차 - 측면충돌,중앙선침범,건조,맑음,단일로 - 지하차도(도로)내,자전거,남,80세,중상,승용,여,41세,경상
2021072700100289,2021년 7월 27일 13시,화요일,경상북도 경주시 내남면,경상사고,0,0,1,0,차대차 - 후진중충돌,안전운전불이행,건조,맑음,단일로 - 기타,화물,남,71세,상해없음,승용,여,61세,상해없음
2021072700100290,2021년 7월 27일 13시,화요일,경상북도 영천시 북안면,중상사고,0,1,1,0,차대차 - 측면충돌,안전운전불이행,건조,맑음,교차로 - 교차로부근,화물,남,60세,경상,승용,여,49세,중상
2021072700100320,2021년 7월 27일 14시,화요일,경상북도 의성군 점곡면,중상사고,0,1,0,0,차대사람 - 기타,안전운전불이행,건조,맑음,기타 - 기타,화물,남,31세,상해없음,보행자,여,73세,중상
2021072700100359,2021년 7월 27일 15시,화요일,경상북도 포항시 북구 우현동,경상사고,0,0,1,0,차대사람 - 횡단중,안전운전불이행,건조,맑음,단일로 - 기타,승용,여,62세,상해없음,보행자,남,33세,경상
2021072700100360,2021년 7월 27일 15시,화요일,경상북도 구미시 송정동,경상사고,0,0,1,0,차대차 - 기타,안전운전불이행,건조,맑음,단일로 - 기타,승용,여,60세,상해없음,승용,여,31세,경상
2021072700100361,2021년 7월 27일 15시,화요일,경상북도 경산시 옥산동,경상사고,0,0,1,0,차대차 - 기타,안전운전불이행,건조,맑음,단일로 - 기타,화물,남,47세,상해없음,특수,남,44세,경상
2021072700100389,2021년 7월 27일 16시,화요일,경상북도 상주시 계산동,중상사고,0,1,0,0,차대차 - 측면충돌,안전운전불이행,건조,맑음,단일로 - 기타,승용,남,42세,상해없음,자전거,남,34세,중상
2021072700100390,2021년 7월 27일 16시,화요일,경상북도 영천시 문외동,경상사고,0,0,1,0,차대차 - 측면충돌,안전운전불이행,건조,맑음,교차로 - 교차로안,이륜,남,53세,경상,승용,남,49세,상해없음
2021072700100432,2021년 7월 27일 17시,화요일,경상북도 의성군 의성읍,경상사고,0,0,1,0,차대차 - 측면충돌,안전운전불이행,건조,맑음,교차로 - 교차로안,화물,남,60세,상해없음,승용,여,68세,경상
2021072700100433,2021년 7월 27일 17시,화요일,경상북도 경산시 압량읍,경상사고,0,0,1,0,차대차 - 기타,안전운전불이행,건조,맑음,교차로 - 교차로안,승용,남,60세,상해없음,승용,남,30세,경상
2021072700100434,2021년 7월 27일 17시,화요일,경상북도 영덕군 지품면,중상사고,0,3,3,0,차대차 - 측면충돌,안전운전불이행,건조,맑음,단일로 - 기타,화물,남,62세,상해없음,화물,남,66세,상해없음
2021072700100480,2021년 7월 27일 18시,화요일,경상북도 경산시 평산동,중상사고,0,1,1,1,차대차 - 측면충돌,안전운전불이행,건조,맑음,단일로 - 기타,이륜,남,15세,경상,승용,남,36세,상해없음
2021072700100481,2021년 7월 27일 18시,화요일,경상북도 경산시 자인면,경상사고,0,0,1,0,차대차 - 추돌,안전운전불이행,건조,맑음,교차로 - 교차로부근,승용,여,66세,상해없음,승용,여,53세,경상
2021072700100482,2021년 7월 27일 18시,화요일,경상북도 영덕군 병곡면,사망사고,1,0,0,0,차대사람 - 기타,안전운전불이행,건조,맑음,단일로 - 기타,화물,남,51세,상해없음,보행자,여,54세,사망
2021072700100483,2021년 7월 27일 18시,화요일,경상북도 포항시 남구 오천읍,경상사고,0,0,1,0,차대차 - 측면충돌,신호위반,건조,맑음,교차로 - 교차로안,승용,남,49세,상해없음,승용,남,37세,경상
2021072700100527,2021년 7월 27일 19시,화요일,경상북도 영천시 문외동,경상사고,0,0,1,0,차대차 - 측면충돌,안전운전불이행,건조,맑음,교차로 - 교차로안,화물,남,17세,상해없음,승용,남,60세,경상
2021072700100528,2021년 7월 27일 19시,화요일,경상북도 경산시 계양동,경상사고,0,0,1,0,차대차 - 측면충돌,교차로운행방법위반,건조,맑음,교차로 - 교차로안,승용,여,18세,상해없음,승용,여,21세,경상
2021072700100529,2021년 7월 27일 19시,화요일,경상북도 구미시 공단동,경상사고,0,0,1,0,차대차 - 추돌,안전운전불이행,건조,맑음,단일로 - 기타,승용,여,36세,상해없음,화물,남,46세,경상
2021072700100560,2021년 7월 27일 20시,화요일,경상북도 김천시 율곡동,경상사고,0,0,2,0,차대차 - 측면충돌,교차로운행방법위반,건조,맑음,교차로 - 교차로안,승용,여,45세,상해없음,승용,여,65세,경상
2021072700100578,2021년 7월 27일 21시,화요일,경상북도 경주시 안강읍,사망사고,1,0,0,0,차대사람 - 횡단중,신호위반,건조,맑음,교차로 - 교차로안,승용,남,20세,상해없음,보행자,남,74세,사망
2021072700100579,2021년 7월 27일 21시,화요일,경상북도 경산시 진량읍,사망사고,1,0,0,0,차대차 - 측면충돌,기타,건조,맑음,단일로 - 기타,승합,남,19세,상해없음,승용,여,64세,사망
2021072700100602,2021년 7월 27일 22시,화요일,경상북도 경주시 황성동,중상사고,0,1,0,0,차대사람 - 기타,안전운전불이행,건조,맑음,단일로 - 기타,승용,여,56세,상해없음,보행자,남,30세,중상
2021072700100603,2021년 7월 27일 22시,화요일,경상북도 구미시 옥계동,경상사고,0,0,1,0,차대차 - 기타,안전운전불이행,건조,맑음,교차로 - 교차로부근,승용,여,45세,상해없음,승용,남,49세,경상
2021072800100019,2021년 7월 28일 03시,수요일,경상북도 구미시 공단동,경상사고,0,0,1,0,차대차 - 측면충돌,신호위반,건조,맑음,교차로 - 교차로안,승용,여,37세,상해없음,승용,남,42세,경상
2021072800100073,2021년 7월 28일 07시,수요일,경상북도 영천시 금호읍,경상사고,0,0,1,0,차대차 - 측면충돌,안전운전불이행,건조,맑음,교차로 - 교차로안,승용,여,70세,상해없음,화물,남,66세,경상
2021072800100100,2021년 7월 28일 08시,수요일,경상북도 구미시 공단동,경상사고,0,0,1,0,차대차 - 추돌,안전운전불이행,건조,맑음,단일로 - 기타,승용,남,50세,상해없음,이륜,남,39세,경상
2021072800100129,2021년 7월 28일 09시,수요일,경상북도 안동시 수상동,경상사고,0,0,1,0,차대차 - 기타,안전운전불이행,건조,맑음,단일로 - 기타,화물,남,57세,경상,건설기계,남,54세,상해없음
2021072800100130,2021년 7월 28일 09시,수요일,경상북도 영주시 가흥동,중상사고,0,1,1,0,차대차 - 측면충돌,안전운전불이행,건조,맑음,교차로 - 교차로안,승용,여,51세,경상,승용,남,25세,중상
2021072800100192,2021년 7월 28일 11시,수요일,경상북도 경주시 강동면,부상신고사고,0,0,0,2,차대차 - 측면충돌,안전운전불이행,건조,맑음,교차로 - 교차로안,화물,남,63세,상해없음,화물,남,50세,부상신고
2021072800100193,2021년 7월 28일 11시,수요일,경상북도 문경시 모전동,중상사고,0,1,0,0,차대차 - 측면충돌,안전운전불이행,건조,맑음,단일로 - 기타,화물,남,63세,상해없음,이륜,남,40세,중상
2021072800100194,2021년 7월 28일 11시,수요일,경상북도 구미시 원평동,중상사고,0,1,0,0,차대차 - 측면충돌,안전운전불이행,건조,맑음,교차로 - 교차로부근,화물,남,55세,상해없음,자전거,여,65세,중상
2021072800100195,2021년 7월 28일 11시,수요일,경상북도 포항시 남구 효자동,경상사고,0,0,1,0,차대차 - 측면충돌,안전운전불이행,건조,맑음,단일로 - 기타,승용,남,28세,상해없음,승용,남,53세,경상
2021072800100231,2021년 7월 28일 12시,수요일,경상북도 영주시 영주동,중상사고,0,1,0,0,차대사람 - 차도통행중,안전운전불이행,건조,맑음,단일로 - 기타,승용,남,28세,상해없음,보행자,남,63세,중상
2021072800100332,2021년 7월 28일 15시,수요일,경상북도 칠곡군 왜관읍,경상사고,0,0,1,0,차대차 - 측면충돌,안전운전불이행,건조,맑음,단일로 - 기타,화물,남,59세,상해없음,화물,남,63세,경상
2021072800100333,2021년 7월 28일 15시,수요일,경상북도 구미시 원평동,중상사고,0,1,0,0,차대차 - 정면충돌,안전운전불이행,건조,맑음,기타 - 기타,승용,남,63세,상해없음,이륜,남,82세,중상
2021072800100364,2021년 7월 28일 16시,수요일,경상북도 경주시 강동면,중상사고,0,1,0,0,차량단독 - 공작물충돌,안전운전불이행,건조,맑음,단일로 - 지하차도(도로)내,승용,여,39세,상해없음,,,,
2021072800100365,2021년 7월 28일 16시,수요일,경상북도 안동시 수상동,경상사고,0,0,4,0,차대차 - 측면충돌,직진우회전진행방해,건조,맑음,교차로 - 교차로안,승용,여,48세,경상,승합,남,36세,경상
2021072800100366,2021년 7월 28일 16시,수요일,경상북도 영천시 북안면,중상사고,0,1,0,0,차대차 - 정면충돌,중앙선침범,건조,맑음,단일로 - 기타,이륜,남,88세,중상,승용,남,75세,상해없음
2021072800100367,2021년 7월 28일 16시,수요일,경상북도 문경시 흥덕동,중상사고,0,1,0,0,차대차 - 측면충돌,직진우회전진행방해,건조,맑음,교차로 - 교차로안,승용,여,52세,상해없음,자전거,여,72세,중상
2021072800100368,2021년 7월 28일 16시,수요일,경상북도 구미시 공단동,경상사고,0,0,1,0,차대차 - 측면충돌,안전거리미확보,건조,맑음,단일로 - 기타,원동기,남,61세,경상,승용,여,57세,상해없음
2021072800100369,2021년 7월 28일 16시,수요일,경상북도 포항시 남구 오천읍,경상사고,0,0,1,0,차대차 - 측면충돌,직진우회전진행방해,건조,맑음,교차로 - 교차로안,승용,여,37세,경상,승용,남,50세,상해없음
2021072800100416,2021년 7월 28일 17시,수요일,경상북도 영주시 영주동,경상사고,0,0,1,0,차대차 - 측면충돌,안전운전불이행,건조,맑음,교차로 - 교차로안,승용,남,27세,상해없음,이륜,남,48세,경상
2021072800100417,2021년 7월 28일 17시,수요일,경상북도 영천시 망정동,경상사고,0,0,1,0,차대차 - 정면충돌,안전운전불이행,건조,맑음,교차로 - 교차로안,승용,여,55세,상해없음,승용,여,67세,경상