사고번호,사고일시,요일,시군구,사고내용,사망자수,중상자수,경상자수,부상신고자수,사고유형,법규위반,노면상태,기상상태,도로형태,가해운전자 차종,가해운전자 성별,가해운전자 연령,가해운전자 상해정도,피해운전자 차종,피해운전자 성별,피해운전자 연령,피해운전자 상해정도
2021080500100148,2021년 8월 5일 10시,목요일,경상북도 안동시 풍산읍,중상사고,0,3,0,0,차대차 - 기타,안전운전불이행,건조,맑음,단일로 - 지하차도(도로)내,화물,여,62세,중상,농기계,남,68세,중상
2021080500100149,2021년 8월 5일 10시,목요일,경상북도 상주시 함창읍,경상사고,0,0,3,0,차대차 - 측면충돌,신호위반,건조,맑음,교차로 - 교차로안,승용,남,71세,상해없음,승합,남,54세,경상
2021080500100150,2021년 8월 5일 10시,목요일,경상북도 칠곡군 북삼읍,경상사고,0,0,2,0,차대차 - 기타,안전운전불이행,건조,맑음,교차로 - 교차로부근,승합,남,73세,상해없음,승용,여,26세,경상
2021080500100151,2021년 8월 5일 10시,목요일,경상북도 포항시 남구 해도동,경상사고,0,0,2,0,차대차 - 측면충돌,안전운전불이행,건조,맑음,교차로 - 교차로안,이륜,여,63세,경상,승용,여,61세,경상
2021080500100195,2021년 8월 5일 11시,목요일,경상북도 영천시 조교동,경상사고,0,0,1,0,차대차 - 추돌,안전운전불이행,건조,맑음,교차로 - 교차로부근,화물,남,72세,상해없음,승용,남,76세,상해없음
2021080500100196,2021년 8월 5일 11시,목요일,경상북도 예천군 예천읍,중상사고,0,2,0,0,차대차 - 측면충돌,직진우회전진행방해,건조,맑음,교차로 - 교차로안,승용,남,34세,상해없음,이륜,남,87세,중상
2021080500100306,2021년 8월 5일 14시,목요일,경상북도 안동시 풍산읍,경상사고,0,0,2,0,차대차 - 추돌,안전거리미확보,건조,맑음,단일로 - 기타,화물,남,57세,상해없음,승용,남,58세,경상
2021080500100336,2021년 8월 5일 15시,목요일,경상북도 포항시 북구 우현동,경상사고,0,0,1,0,차대차 - 측면충돌,안전운전불이행,건조,맑음,교차로 - 교차로안,화물,남,53세,상해없음,승용,남,26세,경상
2021080500100337,2021년 8월 5일 15시,목요일,경상북도 안동시 상아동,경상사고,0,0,3,0,차대차 - 정면충돌,중앙선침범,건조,맑음,단일로 - 기타,승용,여,54세,경상,화물,남,58세,경상
2021080500100374,2021년 8월 5일 16시,목요일,경상북도 영천시 금노동,경상사고,0,0,3,0,차대차 - 정면충돌,중앙선침범,건조,맑음,단일로 - 기타,승용,남,73세,경상,화물,남,45세,경상
2021080500100421,2021년 8월 5일 17시,목요일,경상북도 영주시 풍기읍,중상사고,0,1,3,0,차대차 - 정면충돌,중앙선침범,건조,맑음,단일로 - 기타,승용,남,37세,상해없음,승용,남,40세,경상
2021080500100422,2021년 8월 5일 17시,목요일,경상북도 포항시 남구 대송면,경상사고,0,0,1,0,차대차 - 추돌,안전운전불이행,건조,맑음,단일로 - 기타,승용,남,19세,상해없음,승용,남,56세,경상
2021080500100462,2021년 8월 5일 18시,목요일,경상북도 경주시 용강동,경상사고,0,0,1,0,차대차 - 기타,안전운전불이행,건조,맑음,교차로 - 교차로부근,화물,남,61세,상해없음,승용,남,23세,경상
2021080500100463,2021년 8월 5일 18시,목요일,경상북도 칠곡군 왜관읍,중상사고,0,1,0,0,차대차 - 기타,안전운전불이행,건조,맑음,단일로 - 기타,승용,여,48세,상해없음,이륜,남,18세,중상
2021080500100464,2021년 8월 5일 18시,목요일,경상북도 칠곡군 왜관읍,경상사고,0,0,1,0,차대차 - 정면충돌,안전운전불이행,건조,맑음,기타 - 기타,승용,여,44세,상해없음,이륜,남,24세,경상
2021080500100510,2021년 8월 5일 19시,목요일,경상북도 경산시 와촌면,경상사고,0,0,1,0,차대차 - 정면충돌,중앙선침범,건조,맑음,단일로 - 기타,화물,남,50세,상해없음,승용,여,35세,경상
2021080500100546,2021년 8월 5일 20시,목요일,경상북도 경주시 천북면,사망사고,1,0,0,0,차대사람 - 차도통행중,안전운전불이행,건조,맑음,교차로 - 교차로부근,화물,남,48세,상해없음,보행자,남,78세,사망
2021080500100547,2021년 8월 5일 20시,목요일,경상북도 김천시 부곡동,경상사고,0,0,1,0,차대차 - 측면충돌,직진우회전진행방해,건조,맑음,교차로 - 교차로안,승용,여,48세,상해없음,승용,남,21세,경상
2021080500100548,2021년 8월 5일 20시,목요일,경상북도 영천시 성내동,경상사고,0,0,4,0,차대차 - 측면충돌,교차로운행방법위반,건조,맑음,교차로 - 교차로안,승용,남,74세,상해없음,승용,여,38세,경상
2021080500100574,2021년 8월 5일 21시,목요일,경상북도 포항시 북구 죽도동,경상사고,0,0,1,0,차대차 - 측면충돌,안전운전불이행,건조,맑음,교차로 - 교차로안,승용,여,57세,상해없음,이륜,남,16세,경상
2021080500100575,2021년 8월 5일 21시,목요일,경상북도 경산시 정평동,경상사고,0,0,1,0,차대차 - 측면충돌,안전운전불이행,건조,맑음,교차로 - 교차로안,이륜,여,20세,경상,승용,여,39세,상해없음
2021080500100576,2021년 8월 5일 21시,목요일,경상북도 구미시 고아읍,경상사고,0,0,2,0,차대차 - 추돌,안전운전불이행,젖음/습기,기타,교차로 - 교차로안,승용,여,41세,상해없음,승용,남,42세,경상
2021080500100600,2021년 8월 5일 22시,목요일,경상북도 경주시 황남동,경상사고,0,0,3,0,차대차 - 측면충돌,안전운전불이행,건조,맑음,단일로 - 기타,승합,남,56세,경상,승용,여,47세,경상
2021080600100009,2021년 8월 6일 02시,금요일,경상북도 구미시 사곡동,부상신고사고,0,0,0,1,차량단독 - 전도전복 - 전도,안전운전불이행,건조,맑음,교차로 - 교차로횡단보도내,개인형이동수단(PM),남,27세,부상신고,,,,
2021080600100056,2021년 8월 6일 07시,금요일,경상북도 경산시 백천동,중상사고,0,1,0,0,차대사람 - 횡단중,안전운전불이행,건조,맑음,단일로 - 기타,승용,여,69세,상해없음,보행자,여,77세,중상
2021080600100057,2021년 8월 6일 07시,금요일,경상북도 포항시 남구 대송면,중상사고,0,1,0,0,차대차 - 추돌,안전운전불이행,건조,맑음,단일로 - 기타,건설기계,남,50세,기타불명,화물,남,63세,상해없음
2021080600100084,2021년 8월 6일 08시,금요일,경상북도 구미시 사곡동,경상사고,0,0,2,0,차대차 - 측면충돌,안전운전불이행,건조,맑음,교차로 - 교차로안,승용,여,32세,상해없음,승용,남,31세,경상
2021080600100125,2021년 8월 6일 09시,금요일,경상북도 영천시 고경면,중상사고,0,1,1,0,차대차 - 측면충돌,안전운전불이행,건조,맑음,교차로 - 교차로안,화물,남,60세,경상,승용,남,67세,중상
2021080600100126,2021년 8월 6일 09시,금요일,경상북도 경산시 자인면,경상사고,0,0,1,0,차대차 - 측면충돌,안전운전불이행,건조,맑음,단일로 - 기타,화물,남,72세,상해없음,원동기,여,72세,경상
2021080600100179,2021년 8월 6일 11시,금요일,경상북도 김천시 율곡동,경상사고,0,0,1,0,차대차 - 추돌,안전운전불이행,건조,맑음,단일로 - 기타,승용,여,30세,상해없음,승용,여,49세,경상
2021080600100213,2021년 8월 6일 12시,금요일,경상북도 포항시 북구 창포동,중상사고,0,1,0,0,차대사람 - 차도통행중,안전운전불이행,건조,맑음,교차로 - 교차로부근,화물,남,48세,상해없음,보행자,여,53세,중상
2021080600100214,2021년 8월 6일 12시,금요일,경상북도 영천시 청통면,중상사고,0,1,0,0,차량단독 - 기타,안전운전불이행,건조,맑음,단일로 - 기타,승용,여,48세,중상,,,,
2021080600100292,2021년 8월 6일 14시,금요일,경상북도 청도군 각남면,사망사고,1,0,0,0,차량단독 - 공작물충돌,안전운전불이행,건조,맑음,단일로 - 기타,화물,남,70세,사망,,,,
2021080600100293,2021년 8월 6일 14시,금요일,경상북도 포항시 남구 오천읍,경상사고,0,0,1,0,차대차 - 측면충돌,직진우회전진행방해,건조,맑음,교차로 - 교차로안,승용,남,27세,상해없음,승용,남,75세,경상
2021080600100294,2021년 8월 6일 14시,금요일,경상북도 포항시 남구 송도동,사망사고,1,0,0,0,차대차 - 측면충돌,신호위반,건조,맑음,교차로 - 교차로안,이륜,남,41세,사망,화물,남,41세,상해없음
2021080600100340,2021년 8월 6일 15시,금요일,경상북도 경산시 서상동,경상사고,0,0,2,0,차대차 - 측면충돌,안전운전불이행,건조,맑음,단일로 - 기타,화물,남,71세,상해없음,승용,남,60세,경상
2021080600100434,2021년 8월 6일 17시,금요일,경상북도 경주시 용강동,중상사고,0,1,1,0,차대차 - 측면충돌,안전운전불이행,건조,맑음,단일로 - 기타,승용,남,78세,상해없음,승용,여,58세,중상
2021080600100435,2021년 8월 6일 17시,금요일,경상북도 영천시 금호읍,경상사고,0,0,1,0,차대차 - 정면충돌,안전운전불이행,건조,맑음,단일로 - 기타,승용,남,78세,상해없음,자전거,여,69세,경상
2021080600100436,2021년 8월 6일 17시,금요일,경상북도 영천시 도동,경상사고,0,0,1,0,차대차 - 추돌,중앙선침범,건조,맑음,단일로 - 기타,승용,남,39세,기타불명,승용,남,23세,경상
2021080600100482,2021년 8월 6일 18시,금요일,경상북도 성주군 월항면,중상사고,0,1,2,0,차대차 - 측면충돌,직진우회전진행방해,건조,맑음,교차로 - 교차로안,승용,남,29세,중상,승용,남,64세,경상
2021080600100483,2021년 8월 6일 18시,금요일,경상북도 구미시 고아읍,경상사고,0,0,1,0,차대차 - 측면충돌,안전운전불이행,건조,맑음,교차로 - 교차로안,이륜,남,32세,경상,승용,남,42세,상해없음
2021080600100484,2021년 8월 6일 18시,금요일,경상북도 상주시 함창읍,중상사고,0,1,1,0,차대차 - 추돌,안전운전불이행,건조,맑음,단일로 - 기타,승용,남,31세,상해없음,승용,남,44세,경상
2021080600100561,2021년 8월 6일 20시,금요일,경상북도 의성군 의성읍,중상사고,0,1,1,0,차대차 - 정면충돌,안전운전불이행,젖음/습기,맑음,교차로 - 교차로안,승용,남,64세,상해없음,승용,남,37세,경상
2021080600100562,2021년 8월 6일 20시,금요일,경상북도 문경시 산양면,경상사고,0,0,3,0,차대차 - 추돌,안전운전불이행,건조,맑음,교차로 - 교차로부근,승용,남,50세,상해없음,승용,여,31세,경상
2021080600100563,2021년 8월 6일 20시,금요일,경상북도 구미시 비산동,경상사고,0,0,1,0,차대차 - 측면충돌,안전운전불이행,젖음/습기,비,교차로 - 교차로안,승용,남,38세,상해없음,승용,남,30세,경상
2021080600100564,2021년 8월 6일 20시,금요일,경상북도 상주시 공검면,경상사고,0,0,2,0,차대차 - 기타,기타,건조,맑음,단일로 - 기타,화물,남,57세,상해없음,승용,남,25세,경상
2021080600100589,2021년 8월 6일 21시,금요일,경상북도 경주시 노서동,경상사고,0,0,1,0,차대차 - 측면충돌,안전운전불이행,건조,맑음,교차로 - 교차로안,승용,여,53세,상해없음,이륜,남,28세,경상
2021080600100616,2021년 8월 6일 22시,금요일,경상북도 경주시 성동동,경상사고,0,0,1,0,차대사람 - 기타,안전운전불이행,건조,맑음,단일로 - 기타,승용,남,23세,상해없음,보행자,여,60세,경상
2021080700100017,2021년 8월 7일 02시,토요일,경상북도 구미시 황상동,중상사고,0,1,0,0,차량단독 - 공작물충돌,안전운전불이행,건조,맑음,교차로 - 교차로부근,승용,남,30세,상해없음,,,,
2021080700100038,2021년 8월 7일 06시,토요일,경상북도 상주시 공성면,중상사고,0,1,0,0,차량단독 - 도로외이탈 - 추락,안전운전불이행,건조,맑음,단일로 - 기타,원동기,여,50세,중상,,,,
2021080700100050,2021년 8월 7일 07시,토요일,경상북도 상주시 화서면,경상사고,0,0,1,0,차대차 - 기타,안전운전불이행,건조,맑음,단일로 - 기타,승용,여,61세,상해없음,개인형이동수단(PM),남,24세,경상
2021080700100051,2021년 8월 7일 07시,토요일,경상북도 포항시 남구 해도동,경상사고,0,0,1,0,차대차 - 측면충돌,안전거리미확보,건조,맑음,교차로 - 교차로안,승용,남,57세,상해없음,승용,남,64세,경상
2021080700100089,2021년 8월 7일 09시,토요일,경상북도 안동시 태화동,경상사고,0,0,1,0,차대차 - 측면충돌,안전운전불이행,건조,맑음,단일로 - 기타,자전거,남,56세,경상,화물,남,58세,상해없음
2021080700100090,2021년 8월 7일 09시,토요일,경상북도 영주시 가흥동,중상사고,0,1,0,0,차대차 - 측면충돌,안전운전불이행,건조,맑음,교차로 - 교차로안,승용,여,60세,상해없음,이륜,남,59세,중상
2021080700100091,2021년 8월 7일 09시,토요일,경상북도 영천시 신녕면,사망사고,1,0,0,0,차량단독 - 전도전복 - 전도,안전운전불이행,건조,맑음,단일로 - 기타,농기계,남,79세,사망,,,,
2021080700100114,2021년 8월 7일 10시,토요일,경상북도 포항시 북구 흥해읍,부상신고사고,0,0,0,1,차대차 - 측면충돌,안전운전불이행,건조,맑음,교차로 - 교차로부근,이륜,남,80세,부상신고,승용,남,75세,상해없음
2021080700100158,2021년 8월 7일 11시,토요일,경상북도 예천군 호명면,중상사고,0,1,0,0,차대차 - 정면충돌,안전운전불이행,건조,맑음,교차로 - 교차로부근,화물,여,52세,상해없음,원동기,남,83세,중상
2021080700100196,2021년 8월 7일 12시,토요일,경상북도 예천군 예천읍,중상사고,0,1,0,0,차대차 - 측면충돌,직진우회전진행방해,건조,맑음,교차로 - 교차로안,이륜,남,64세,중상,승용,남,60세,상해없음
2021080700100197,2021년 8월 7일 12시,토요일,경상북도 구미시 선산읍,중상사고,0,1,1,0,차대차 - 기타,안전운전불이행,건조,맑음,교차로 - 교차로안,화물,남,64세,기타불명,승용,여,37세,중상
2021080700100234,2021년 8월 7일 13시,토요일,경상북도 청도군 금천면,경상사고,0,0,1,0,차대차 - 추돌,안전거리미확보,건조,맑음,교차로 - 교차로부근,승용,남,42세,상해없음,승용,남,53세,상해없음
2021080700100235,2021년 8월 7일 13시,토요일,경상북도 울진군 평해읍,중상사고,0,1,0,0,차량단독 - 기타,기타,기타,맑음,단일로 - 기타,자전거,남,80세,중상,,,,
2021080700100236,2021년 8월 7일 13시,토요일,경상북도 포항시 남구 오천읍,중상사고,0,1,0,0,차대차 - 추돌,안전운전불이행,건조,맑음,교차로 - 교차로부근,화물,남,68세,상해없음,승용,여,43세,중상
2021080700100272,2021년 8월 7일 14시,토요일,경상북도 경주시 용강동,중상사고,0,1,0,0,차대차 - 측면충돌,중앙선침범,젖음/습기,맑음,단일로 - 기타,승용,여,39세,상해없음,이륜,남,57세,중상
2021080700100273,2021년 8월 7일 14시,토요일,경상북도 경산시 대평동,중상사고,0,1,0,0,차대사람 - 횡단중,신호위반,건조,맑음,교차로 - 교차로횡단보도내,승용,남,41세,상해없음,보행자,남,15세,중상
2021080700100274,2021년 8월 7일 14시,토요일,경상북도 고령군 성산면,경상사고,0,0,1,0,차대차 - 기타,안전운전불이행,젖음/습기,맑음,단일로 - 기타,이륜,남,47세,경상,화물,남,62세,상해없음
2021080700100301,2021년 8월 7일 15시,토요일,경상북도 문경시 마성면,경상사고,0,0,1,0,차대차 - 측면충돌,안전운전불이행,건조,맑음,단일로 - 기타,자전거,남,66세,경상,승용,남,36세,기타불명
2021080700100302,2021년 8월 7일 15시,토요일,경상북도 문경시 동로면,부상신고사고,0,0,0,1,차대차 - 정면충돌,안전운전불이행,건조,맑음,단일로 - 기타,이륜,남,63세,부상신고,승용,남,73세,상해없음
2021080700100365,2021년 8월 7일 17시,토요일,경상북도 안동시 안막동,경상사고,0,0,1,0,차대사람 - 기타,안전운전불이행,건조,맑음,단일로 - 기타,승용,남,73세,상해없음,보행자,남,57세,경상
2021080700100412,2021년 8월 7일 18시,토요일,경상북도 안동시 옥동,경상사고,0,0,1,0,차대차 - 정면충돌,안전운전불이행,건조,맑음,교차로 - 교차로안,이륜,남,27세,경상,승용,여,28세,상해없음
2021080700100442,2021년 8월 7일 19시,토요일,경상북도 안동시 정상동,경상사고,0,0,2,0,차대차 - 정면충돌,안전운전불이행,건조,맑음,교차로 - 교차로안,승용,여,58세,상해없음,승용,여,24세,경상
2021080700100443,2021년 8월 7일 19시,토요일,경상북도 칠곡군 왜관읍,중상사고,0,1,0,0,차대차 - 정면충돌,신호위반,건조,맑음,교차로 - 교차로안,승용,남,55세,상해없음,승용,남,56세,중상
2021080700100444,2021년 8월 7일 19시,토요일,경상북도 경산시 임당동,경상사고,0,0,1,0,차대사람 - 횡단중,보행자보호의무위반,건조,맑음,교차로 - 교차로횡단보도내,승용,남,46세,상해없음,보행자,남,52세,경상
2021080700100445,2021년 8월 7일 19시,토요일,경상북도 구미시 도량동,사망사고,1,0,0,0,차대사람 - 횡단중,안전운전불이행,건조,맑음,단일로 - 기타,승용,남,48세,상해없음,보행자,여,88세,사망
2021080700100446,2021년 8월 7일 19시,토요일,경상북도 구미시 공단동,중상사고,0,1,0,0,차대차 - 추돌,기타,건조,맑음,교차로 - 교차로부근,승용,남,60세,상해없음,승용,여,34세,중상
2021080700100473,2021년 8월 7일 20시,토요일,경상북도 안동시 정하동,경상사고,0,0,2,0,차대차 - 기타,기타,건조,맑음,교차로 - 교차로안,승용,남,60세,경상,승용,여,44세,경상
2021080700100474,2021년 8월 7일 20시,토요일,경상북도 의성군 의성읍,경상사고,0,0,1,0,차대차 - 측면충돌,안전운전불이행,건조,맑음,교차로 - 교차로안,화물,여,63세,경상,승용,남,62세,상해없음
2021080700100511,2021년 8월 7일 21시,토요일,경상북도 영주시 가흥동,중상사고,0,1,0,0,차대차 - 기타,안전운전불이행,건조,맑음,교차로 - 교차로안,승용,남,61세,상해없음,이륜,남,41세,중상
2021080700100538,2021년 8월 7일 22시,토요일,경상북도 포항시 북구 죽도동,중상사고,0,1,0,0,차대차 - 기타,안전운전불이행,젖음/습기,비,교차로 - 교차로안,자전거,남,40세,중상,승용,남,52세,상해없음
2021080700100539,2021년 8월 7일 22시,토요일,경상북도 김천시 농소면,경상사고,0,0,2,0,차대차 - 추돌,안전운전불이행,건조,맑음,단일로 - 기타,승용,남,27세,상해없음,승용,남,35세,경상
2021080700100540,2021년 8월 7일 22시,토요일,경상북도 구미시 사곡동,경상사고,0,0,1,0,차대차 - 측면충돌,안전운전불이행,젖음/습기,비,단일로 - 기타,이륜,남,37세,상해없음,이륜,남,48세,경상
2021080700100541,2021년 8월 7일 22시,토요일,경상북도 구미시 인의동,중상사고,0,1,3,0,차대차 - 추돌,안전운전불이행,젖음/습기,비,교차로 - 교차로부근,승용,남,49세,상해없음,이륜,남,22세,중상
2021080700100556,2021년 8월 7일 23시,토요일,경상북도 포항시 북구 두호동,경상사고,0,0,1,0,차대차 - 측면충돌,안전운전불이행,젖음/습기,비,교차로 - 교차로안,승용,남,38세,경상,승용,남,27세,상해없음
2021080800100014,2021년 8월 8일 00시,일요일,경상북도 포항시 북구 용흥동,중상사고,0,1,0,0,차대차 - 추돌,안전운전불이행,젖음/습기,흐림,교차로 - 교차로부근,승용,남,66세,상해없음,이륜,남,40세,중상
2021080800100023,2021년 8월 8일 01시,일요일,경상북도 포항시 남구 대잠동,경상사고,0,0,1,0,차량단독 - 공작물충돌,안전운전불이행,젖음/습기,흐림,단일로 - 기타,승용,남,38세,경상,,,,
2021080800100052,2021년 8월 8일 07시,일요일,경상북도 구미시 임수동,중상사고,0,1,1,0,차대차 - 기타,기타,건조,맑음,단일로 - 기타,승용,남,28세,상해없음,승용,남,40세,중상
2021080800100066,2021년 8월 8일 08시,일요일,경상북도 안동시 옥야동,경상사고,0,0,3,0,차대차 - 측면충돌,신호위반,건조,맑음,교차로 - 교차로부근,승용,남,63세,경상,승용,남,61세,경상
2021080800100106,2021년 8월 8일 11시,일요일,경상북도 포항시 북구 흥해읍,경상사고,0,0,1,0,차대차 - 측면충돌,교차로운행방법위반,건조,맑음,교차로 - 교차로안,승용,여,59세,상해없음,승용,남,46세,경상
2021080800100107,2021년 8월 8일 11시,일요일,경상북도 성주군 성주읍,중상사고,0,1,0,0,차대차 - 측면충돌,신호위반,건조,흐림,교차로 - 교차로안,승용,여,50세,중상,승용,남,19세,기타불명
2021080800100108,2021년 8월 8일 11시,일요일,경상북도 포항시 남구 오천읍,중상사고,0,1,1,0,차대차 - 측면충돌,안전거리미확보,건조,맑음,단일로 - 기타,승용,여,39세,경상,승용,여,72세,중상
2021080800100157,2021년 8월 8일 13시,일요일,경상북도 영주시 가흥동,경상사고,0,0,1,0,차대차 - 측면충돌,직진우회전진행방해,젖음/습기,비,교차로 - 교차로안,화물,남,63세,상해없음,이륜,남,46세,경상
2021080800100209,2021년 8월 8일 15시,일요일,경상북도 고령군 다산면,중상사고,0,1,0,0,차량단독 - 공작물충돌,안전운전불이행,건조,맑음,교차로 - 교차로부근,이륜,남,61세,중상,,,,
2021080800100210,2021년 8월 8일 15시,일요일,경상북도 구미시 공단동,경상사고,0,0,4,1,차대차 - 추돌,안전운전불이행,건조,맑음,단일로 - 기타,화물,남,57세,부상신고,승용,남,62세,경상
2021080800100238,2021년 8월 8일 16시,일요일,경상북도 포항시 북구 장성동,경상사고,0,0,1,0,차대차 - 기타,안전운전불이행,건조,맑음,교차로 - 교차로부근,이륜,남,19세,경상,승용,남,50세,상해없음
2021080800100239,2021년 8월 8일 16시,일요일,경상북도 경산시 옥산동,경상사고,0,0,1,0,차대차 - 추돌,안전운전불이행,젖음/습기,비,교차로 - 교차로부근,승용,여,58세,상해없음,승용,남,26세,경상
2021080800100240,2021년 8월 8일 16시,일요일,경상북도 경산시 정평동,중상사고,0,1,1,0,차대차 - 측면충돌,안전운전불이행,젖음/습기,비,교차로 - 교차로안,화물,남,70세,중상,이륜,남,31세,경상
2021080800100271,2021년 8월 8일 17시,일요일,경상북도 영천시 대전동,경상사고,0,0,6,0,차대차 - 측면충돌,중앙선침범,젖음/습기,비,단일로 - 기타,승용,여,33세,경상,승용,남,28세,경상
2021080800100272,2021년 8월 8일 17시,일요일,경상북도 문경시 농암면,중상사고,0,1,1,0,차대사람 - 횡단중,안전운전불이행,건조,맑음,기타 - 기타,승용,여,50세,경상,보행자,여,89세,중상
2021080800100303,2021년 8월 8일 18시,일요일,경상북도 포항시 북구 용흥동,중상사고,0,1,0,0,차대차 - 측면충돌,안전운전불이행,젖음/습기,비,교차로 - 교차로부근,승용,남,21세,상해없음,이륜,남,33세,중상
2021080800100304,2021년 8월 8일 18시,일요일,경상북도 영덕군 영덕읍,중상사고,0,1,0,0,차대차 - 측면충돌,교차로운행방법위반,건조,맑음,교차로 - 교차로안,이륜,남,50세,중상,승용,남,35세,상해없음
2021080800100305,2021년 8월 8일 18시,일요일,경상북도 포항시 남구 인덕동,중상사고,0,2,7,0,차대차 - 측면충돌,직진우회전진행방해,젖음/습기,비,교차로 - 교차로안,승용,남,42세,경상,승용,여,52세,경상
2021080800100306,2021년 8월 8일 18시,일요일,경상북도 포항시 남구 상도동,경상사고,0,0,2,0,차대차 - 측면충돌,교차로운행방법위반,젖음/습기,비,교차로 - 교차로안,승용,남,23세,경상,승용,남,46세,경상
2021080800100307,2021년 8월 8일 18시,일요일,경상북도 포항시 남구 지곡동,경상사고,0,0,4,0,차대차 - 기타,안전거리미확보,젖음/습기,비,단일로 - 기타,승용,남,32세,상해없음,승용,여,44세,경상
2021080800100339,2021년 8월 8일 19시,일요일,경상북도 영천시 오미동,경상사고,0,0,1,0,차대사람 - 길가장자리구역통행중,안전운전불이행,건조,맑음,단일로 - 기타,화물,남,42세,상해없음,보행자,여,82세,경상
2021080800100340,2021년 8월 8일 19시,일요일,경상북도 경산시 하양읍,경상사고,0,0,1,0,차대차 - 기타,안전운전불이행,젖음/습기,비,교차로 - 교차로안,기타불명,기타불명,미분류,기타불명,승용,여,45세,경상
2021080800100367,2021년 8월 8일 20시,일요일,경상북도 영천시 북안면,사망사고,1,0,0,0,차대차 - 측면충돌,안전운전불이행,젖음/습기,비,단일로 - 기타,승용,남,49세,상해없음,승용,여,46세,상해없음
2021080800100368,2021년 8월 8일 20시,일요일,경상북도 경산시 사동,경상사고,0,0,2,0,차대차 - 측면충돌,안전운전불이행,건조,맑음,교차로 - 교차로안,승용,여,46세,상해없음,승용,남,18세,경상
2021080800100369,2021년 8월 8일 20시,일요일,경상북도 경산시 옥산동,경상사고,0,0,1,0,차대차 - 기타,안전운전불이행,젖음/습기,비,단일로 - 기타,기타불명,기타불명,미분류,기타불명,이륜,남,55세,경상
2021080800100396,2021년 8월 8일 21시,일요일,경상북도 포항시 남구 오천읍,경상사고,0,0,1,3,차대차 - 측면충돌,안전운전불이행,젖음/습기,비,교차로 - 교차로안,승용,남,18세,부상신고,이륜,남,45세,경상
2021080900100008,2021년 8월 9일 00시,월요일,경상북도 상주시 서문동,중상사고,0,1,0,0,차대차 - 기타,기타,건조,맑음,교차로 - 교차로안,승용,남,18세,상해없음,이륜,남,23세,중상
2021080900100061,2021년 8월 9일 07시,월요일,경상북도 의성군 단북면,중상사고,0,1,0,0,차대차 - 측면충돌,직진우회전진행방해,건조,맑음,교차로 - 교차로안,화물,남,70세,상해없음,이륜,여,63세,중상
2021080900100062,2021년 8월 9일 07시,월요일,경상북도 구미시 금전동,경상사고,0,0,1,0,차대차 - 추돌,안전운전불이행,건조,맑음,교차로 - 교차로부근,승용,남,71세,상해없음,승용,남,45세,경상
2021080900100100,2021년 8월 9일 08시,월요일,경상북도 의성군 봉양면,중상사고,0,1,0,0,차대차 - 추돌,안전운전불이행,건조,맑음,단일로 - 교량,화물,남,44세,상해없음,화물,남,54세,상해없음
2021080900100101,2021년 8월 9일 08시,월요일,경상북도 문경시 산북면,사망사고,1,1,0,0,차량단독 - 공작물충돌,안전운전불이행,건조,맑음,단일로 - 기타,승용,남,63세,사망,,,,
2021080900100135,2021년 8월 9일 09시,월요일,경상북도 김천시 감문면,중상사고,0,1,0,0,차대차 - 정면충돌,교차로운행방법위반,건조,맑음,교차로 - 교차로안,승용,여,26세,상해없음,이륜,남,90세,중상
2021080900100136,2021년 8월 9일 09시,월요일,경상북도 영주시 가흥동,중상사고,0,1,0,0,차대차 - 측면충돌,안전운전불이행,건조,맑음,교차로 - 교차로안,건설기계,남,42세,상해없음,이륜,남,44세,중상
2021080900100137,2021년 8월 9일 09시,월요일,경상북도 영주시 영주동,경상사고,0,0,2,0,차대차 - 추돌,안전운전불이행,건조,맑음,단일로 - 기타,승용,여,36세,상해없음,승용,남,41세,경상
2021080900100138,2021년 8월 9일 09시,월요일,경상북도 경산시 하양읍,경상사고,0,0,1,0,차대차 - 측면충돌,안전운전불이행,건조,맑음,단일로 - 기타,승용,남,56세,상해없음,특수,남,67세,경상
2021080900100139,2021년 8월 9일 09시,월요일,경상북도 경산시 조영동,경상사고,0,0,1,0,차대차 - 측면충돌,교차로운행방법위반,건조,맑음,단일로 - 지하차도(도로)내,승용,남,72세,상해없음,승용,여,33세,경상
2021080900100140,2021년 8월 9일 09시,월요일,경상북도 예천군 용궁면,중상사고,0,1,0,0,차대차 - 측면충돌,교차로운행방법위반,건조,맑음,교차로 - 교차로안,화물,남,69세,상해없음,이륜,남,75세,중상
2021080900100168,2021년 8월 9일 10시,월요일,경상북도 영덕군 영덕읍,경상사고,0,0,1,0,차대사람 - 차도통행중,안전운전불이행,건조,맑음,단일로 - 기타,승용,여,29세,상해없음,보행자,남,68세,경상
2021080900100169,2021년 8월 9일 10시,월요일,경상북도 청도군 청도읍,중상사고,0,1,1,0,차대차 - 추돌,안전거리미확보,건조,맑음,단일로 - 기타,화물,남,54세,상해없음,승용,남,56세,중상
2021080900100246,2021년 8월 9일 12시,월요일,경상북도 영천시 망정동,경상사고,0,0,1,0,차대차 - 측면충돌,안전운전불이행,건조,맑음,단일로 - 기타,자전거,남,20세,경상,승용,여,50세,상해없음
2021080900100247,2021년 8월 9일 12시,월요일,경상북도 경산시 하양읍,경상사고,0,0,1,0,차대차 - 측면충돌,불법유턴,건조,맑음,교차로 - 교차로안,화물,여,66세,상해없음,승용,여,43세,경상