사고번호,사고일시,요일,시군구,사고내용,사망자수,중상자수,경상자수,부상신고자수,사고유형,법규위반,노면상태,기상상태,도로형태,가해운전자 차종,가해운전자 성별,가해운전자 연령,가해운전자 상해정도,피해운전자 차종,피해운전자 성별,피해운전자 연령,피해운전자 상해정도
2021082700100542,2021년 8월 27일 21시,금요일,경상북도 경산시 계양동,경상사고,0,0,1,0,차대차 - 측면충돌,신호위반,젖음/습기,흐림,교차로 - 교차로안,승용,남,22세,상해없음,승용,남,41세,경상
2021082700100571,2021년 8월 27일 22시,금요일,경상북도 경주시 용강동,경상사고,0,0,1,0,차대차 - 측면충돌,안전운전불이행,젖음/습기,비,교차로 - 교차로부근,승용,남,58세,상해없음,승용,남,40세,경상
2021082700100572,2021년 8월 27일 22시,금요일,경상북도 영천시 야사동,경상사고,0,0,1,0,차대차 - 추돌,안전운전불이행,젖음/습기,비,단일로 - 기타,화물,남,42세,상해없음,승용,여,46세,경상
2021082700100573,2021년 8월 27일 22시,금요일,경상북도 영천시 문내동,경상사고,0,0,1,0,차대차 - 정면충돌,안전운전불이행,젖음/습기,비,교차로 - 교차로안,승용,남,60세,상해없음,승용,남,68세,경상
2021082700100574,2021년 8월 27일 22시,금요일,경상북도 구미시 송정동,경상사고,0,0,1,0,차대차 - 측면충돌,직진우회전진행방해,건조,흐림,교차로 - 교차로안,이륜,남,61세,경상,승용,남,59세,상해없음
2021082800100043,2021년 8월 28일 05시,토요일,경상북도 영주시 이산면,경상사고,0,0,1,0,차대차 - 추돌,기타,건조,맑음,단일로 - 기타,승용,남,49세,상해없음,화물,남,52세,경상
2021082800100060,2021년 8월 28일 07시,토요일,경상북도 청송군 파천면,사망사고,1,0,1,0,차량단독 - 공작물충돌,안전운전불이행,건조,맑음,단일로 - 지하차도(도로)내,승용,남,29세,사망,,,,
2021082800100073,2021년 8월 28일 08시,토요일,경상북도 상주시 모동면,경상사고,0,0,1,0,차대차 - 측면충돌,교차로운행방법위반,건조,맑음,교차로 - 교차로안,승용,남,65세,상해없음,승용,남,32세,경상
2021082800100074,2021년 8월 28일 08시,토요일,경상북도 영주시 풍기읍,경상사고,0,0,1,0,차대차 - 측면충돌,안전운전불이행,건조,맑음,교차로 - 교차로안,승용,남,24세,기타불명,승용,여,52세,경상
2021082800100113,2021년 8월 28일 10시,토요일,경상북도 포항시 북구 흥해읍,중상사고,0,1,0,0,차대사람 - 차도통행중,안전운전불이행,건조,맑음,단일로 - 기타,승용,여,52세,상해없음,보행자,여,65세,중상
2021082800100114,2021년 8월 28일 10시,토요일,경상북도 포항시 북구 용흥동,중상사고,0,1,0,0,차대차 - 측면충돌,안전운전불이행,건조,맑음,단일로 - 기타,승용,여,51세,상해없음,이륜,남,22세,중상
2021082800100115,2021년 8월 28일 10시,토요일,경상북도 포항시 북구 장성동,경상사고,0,0,1,0,차대차 - 기타,기타,건조,맑음,교차로 - 교차로안,자전거,남,8세,경상,승용,남,41세,상해없음
2021082800100116,2021년 8월 28일 10시,토요일,경상북도 영주시 가흥동,경상사고,0,0,1,0,차대차 - 측면충돌,직진우회전진행방해,건조,흐림,교차로 - 교차로안,승용,여,39세,상해없음,이륜,남,73세,경상
2021082800100147,2021년 8월 28일 11시,토요일,경상북도 영천시 야사동,경상사고,0,0,1,0,차대차 - 측면충돌,안전운전불이행,건조,맑음,교차로 - 교차로안,승용,남,41세,상해없음,이륜,남,39세,경상
2021082800100148,2021년 8월 28일 11시,토요일,경상북도 포항시 남구 상도동,부상신고사고,0,0,0,1,차대차 - 측면충돌,신호위반,건조,맑음,교차로 - 교차로안,이륜,남,38세,상해없음,자전거,여,51세,부상신고
2021082800100185,2021년 8월 28일 12시,토요일,경상북도 문경시 모전동,경상사고,0,0,2,0,차대차 - 측면충돌,안전운전불이행,건조,맑음,교차로 - 교차로안,승용,남,39세,경상,화물,남,56세,경상
2021082800100186,2021년 8월 28일 12시,토요일,경상북도 경산시 하양읍,경상사고,0,0,1,0,차대차 - 측면충돌,안전운전불이행,건조,맑음,교차로 - 교차로안,승용,남,48세,상해없음,자전거,남,21세,경상
2021082800100219,2021년 8월 28일 13시,토요일,경상북도 칠곡군 북삼읍,경상사고,0,0,1,0,차대차 - 추돌,안전운전불이행,건조,흐림,기타 - 기타,화물,남,58세,상해없음,승용,여,56세,경상
2021082800100251,2021년 8월 28일 14시,토요일,경상북도 포항시 북구 죽도동,중상사고,0,1,0,0,차대차 - 기타,안전거리미확보,건조,맑음,단일로 - 기타,승용,남,35세,상해없음,이륜,남,28세,중상
2021082800100252,2021년 8월 28일 14시,토요일,경상북도 포항시 북구 기계면,경상사고,0,0,1,0,차대차 - 측면충돌,직진우회전진행방해,건조,맑음,교차로 - 교차로안,승용,여,52세,상해없음,화물,남,64세,경상
2021082800100253,2021년 8월 28일 14시,토요일,경상북도 안동시 옥동,중상사고,0,1,0,0,차대사람 - 횡단중,보행자보호의무위반,건조,맑음,기타 - 기타,승용,남,71세,상해없음,보행자,남,85세,중상
2021082800100254,2021년 8월 28일 14시,토요일,경상북도 칠곡군 왜관읍,경상사고,0,0,1,0,차대차 - 측면충돌,교차로운행방법위반,건조,맑음,교차로 - 교차로안,화물,남,40세,상해없음,이륜,남,24세,경상
2021082800100255,2021년 8월 28일 14시,토요일,경상북도 청도군 각북면,경상사고,0,0,2,0,차대차 - 추돌,안전운전불이행,건조,맑음,주차장 - 주차장,승용,여,48세,상해없음,승합,남,52세,경상
2021082800100256,2021년 8월 28일 14시,토요일,경상북도 포항시 남구 이동,경상사고,0,0,1,0,차대사람 - 길가장자리구역통행중,안전운전불이행,건조,맑음,단일로 - 기타,승용,여,26세,상해없음,보행자,여,58세,경상
2021082800100257,2021년 8월 28일 14시,토요일,경상북도 포항시 남구 오천읍,경상사고,0,0,1,0,차대차 - 측면충돌,안전운전불이행,건조,맑음,교차로 - 교차로안,승용,여,53세,상해없음,승용,남,63세,경상
2021082800100292,2021년 8월 28일 15시,토요일,경상북도 경산시 조영동,중상사고,0,2,2,0,차대차 - 추돌,안전운전불이행,건조,맑음,교차로 - 교차로부근,승용,여,28세,상해없음,승용,남,38세,중상
2021082800100293,2021년 8월 28일 15시,토요일,경상북도 영덕군 강구면,경상사고,0,0,1,0,차대사람 - 차도통행중,안전운전불이행,건조,맑음,단일로 - 기타,화물,남,65세,상해없음,보행자,여,44세,경상
2021082800100294,2021년 8월 28일 15시,토요일,경상북도 영덕군 남정면,경상사고,0,0,6,0,차대차 - 정면충돌,교차로운행방법위반,건조,맑음,교차로 - 교차로안,승용,남,35세,상해없음,승용,남,34세,경상
2021082800100339,2021년 8월 28일 16시,토요일,경상북도 경주시 진현동,경상사고,0,0,2,0,차대차 - 기타,직진우회전진행방해,건조,맑음,교차로 - 교차로안,승용,남,60세,경상,승용,여,68세,경상
2021082800100340,2021년 8월 28일 16시,토요일,경상북도 칠곡군 약목면,경상사고,0,0,1,0,차대사람 - 보도통행중,보행자보호의무위반,건조,맑음,단일로 - 기타,승용,여,64세,상해없음,보행자,남,8세,경상
2021082800100371,2021년 8월 28일 17시,토요일,경상북도 영천시 망정동,경상사고,0,0,2,0,차대차 - 측면충돌,안전운전불이행,건조,맑음,교차로 - 교차로부근,승용,남,74세,상해없음,승용,남,26세,경상
2021082800100372,2021년 8월 28일 17시,토요일,경상북도 경산시 백천동,경상사고,0,0,4,0,차대차 - 측면충돌,안전운전불이행,건조,맑음,단일로 - 기타,승용,여,52세,상해없음,승용,여,33세,경상
2021082800100436,2021년 8월 28일 19시,토요일,경상북도 영천시 언하동,경상사고,0,0,1,0,차대차 - 측면충돌,직진우회전진행방해,건조,맑음,교차로 - 교차로안,승합,남,66세,상해없음,승용,남,61세,경상
2021082800100437,2021년 8월 28일 19시,토요일,경상북도 포항시 남구 연일읍,경상사고,0,0,1,0,차대차 - 추돌,안전운전불이행,건조,맑음,교차로 - 교차로안,이륜,남,47세,상해없음,승용,남,70세,경상
2021082800100456,2021년 8월 28일 20시,토요일,경상북도 경주시 외동읍,사망사고,1,0,1,0,차대차 - 추돌,안전운전불이행,건조,맑음,단일로 - 기타,승용,남,41세,사망,화물,남,60세,상해없음
2021082800100469,2021년 8월 28일 20시,토요일,경상북도 포항시 남구 연일읍,경상사고,0,0,2,0,차대차 - 측면충돌,안전운전불이행,건조,맑음,단일로 - 지하차도(도로)내,승용,남,39세,상해없음,승용,여,54세,경상
2021082800100497,2021년 8월 28일 21시,토요일,경상북도 안동시 옥동,경상사고,0,0,2,0,차대차 - 측면충돌,안전거리미확보,건조,맑음,단일로 - 기타,승용,여,46세,경상,승용,여,42세,경상
2021082800100498,2021년 8월 28일 21시,토요일,경상북도 영덕군 강구면,경상사고,0,0,1,0,차대사람 - 차도통행중,안전운전불이행,건조,맑음,단일로 - 기타,화물,남,73세,상해없음,보행자,남,27세,경상
2021082800100499,2021년 8월 28일 21시,토요일,경상북도 구미시 임수동,경상사고,0,0,1,0,차대차 - 측면충돌,신호위반,건조,맑음,교차로 - 교차로안,승용,남,51세,상해없음,승용,남,35세,경상
2021082800100500,2021년 8월 28일 21시,토요일,경상북도 포항시 남구 대도동,경상사고,0,0,2,0,차대차 - 측면충돌,신호위반,건조,맑음,교차로 - 교차로안,승용,남,41세,기타불명,승용,남,24세,경상
2021082800100523,2021년 8월 28일 22시,토요일,경상북도 경주시 북군동,경상사고,0,0,2,0,차대차 - 기타,안전운전불이행,건조,맑음,단일로 - 기타,승용,여,45세,상해없음,승용,남,54세,상해없음
2021082800100524,2021년 8월 28일 22시,토요일,경상북도 구미시 공단동,경상사고,0,0,1,0,차대차 - 추돌,안전운전불이행,건조,맑음,단일로 - 교량,승용,남,50세,상해없음,승용,여,50세,경상
2021082800100540,2021년 8월 28일 23시,토요일,경상북도 구미시 임은동,경상사고,0,0,1,0,차대차 - 기타,안전운전불이행,건조,맑음,단일로 - 기타,이륜,남,50세,상해없음,이륜,남,24세,경상
2021082900100035,2021년 8월 29일 08시,일요일,경상북도 상주시 사벌국면,경상사고,0,0,2,0,차대차 - 측면충돌,안전운전불이행,젖음/습기,비,단일로 - 기타,승용,남,43세,상해없음,화물,남,56세,경상
2021082900100055,2021년 8월 29일 10시,일요일,경상북도 구미시 광평동,경상사고,0,0,1,0,차대차 - 기타,신호위반,젖음/습기,비,교차로 - 교차로안,이륜,남,29세,경상,승용,남,66세,상해없음
2021082900100074,2021년 8월 29일 11시,일요일,경상북도 구미시 광평동,경상사고,0,0,1,0,차대차 - 기타,안전운전불이행,젖음/습기,비,단일로 - 기타,승용,남,30세,상해없음,승용,남,32세,상해없음
2021082900100102,2021년 8월 29일 12시,일요일,경상북도 경주시 안강읍,중상사고,0,1,0,0,차대차 - 측면충돌,안전운전불이행,건조,맑음,교차로 - 교차로안,승용,남,63세,상해없음,승용,남,29세,중상
2021082900100103,2021년 8월 29일 12시,일요일,경상북도 청도군 청도읍,경상사고,0,0,2,0,차대차 - 측면충돌,교차로운행방법위반,건조,맑음,교차로 - 교차로부근,승용,남,25세,상해없음,승용,남,40세,경상
2021082900100167,2021년 8월 29일 14시,일요일,경상북도 봉화군 상운면,경상사고,0,0,2,0,차대차 - 기타,중앙선침범,건조,맑음,단일로 - 기타,승용,남,59세,상해없음,승용,남,54세,경상
2021082900100201,2021년 8월 29일 15시,일요일,경상북도 경주시 동천동,경상사고,0,0,1,0,차대차 - 측면충돌,안전운전불이행,건조,맑음,교차로 - 교차로부근,승용,남,25세,상해없음,승용,남,34세,경상
2021082900100202,2021년 8월 29일 15시,일요일,경상북도 영주시 가흥동,중상사고,0,1,0,0,차대차 - 측면충돌,신호위반,건조,맑음,교차로 - 교차로안,화물,남,66세,상해없음,승용,남,25세,중상
2021082900100234,2021년 8월 29일 16시,일요일,경상북도 경주시 내남면,경상사고,0,0,1,0,차대차 - 기타,기타,건조,맑음,단일로 - 기타,화물,남,72세,상해없음,승용,여,35세,경상
2021082900100235,2021년 8월 29일 16시,일요일,경상북도 의성군 춘산면,중상사고,0,1,0,0,차대사람 - 기타,안전운전불이행,건조,맑음,단일로 - 기타,승용,여,45세,상해없음,보행자,남,9세,중상
2021082900100236,2021년 8월 29일 16시,일요일,경상북도 예천군 감천면,중상사고,0,1,0,0,차대차 - 측면충돌,교차로운행방법위반,건조,맑음,교차로 - 교차로안,화물,남,73세,상해없음,이륜,남,19세,중상
2021082900100266,2021년 8월 29일 17시,일요일,경상북도 안동시 정하동,중상사고,0,2,2,0,차대차 - 기타,안전운전불이행,건조,맑음,단일로 - 기타,승용,여,37세,경상,승용,남,54세,경상
2021082900100267,2021년 8월 29일 17시,일요일,경상북도 상주시 청리면,중상사고,0,1,0,0,차대차 - 측면충돌,안전운전불이행,건조,맑음,단일로 - 기타,승합,남,59세,상해없음,사륜오토바이(ATV),여,71세,중상
2021082900100268,2021년 8월 29일 17시,일요일,경상북도 의성군 의성읍,경상사고,0,0,4,0,차대차 - 정면충돌,중앙선침범,건조,맑음,단일로 - 기타,화물,남,53세,상해없음,화물,남,52세,경상
2021082900100329,2021년 8월 29일 19시,일요일,경상북도 경산시 갑제동,경상사고,0,0,1,0,차대차 - 측면충돌,차로위반,건조,맑음,단일로 - 기타,승합,남,65세,상해없음,승용,남,21세,경상
2021082900100364,2021년 8월 29일 20시,일요일,경상북도 칠곡군 지천면,부상신고사고,0,0,0,1,차량단독 - 도로외이탈 - 기타,안전운전불이행,건조,흐림,단일로 - 기타,승용,남,58세,부상신고,,,,
2021082900100365,2021년 8월 29일 20시,일요일,경상북도 영덕군 남정면,중상사고,0,1,0,0,차대차 - 추돌,안전운전불이행,건조,맑음,교차로 - 교차로부근,화물,남,63세,상해없음,승용,여,27세,중상
2021082900100396,2021년 8월 29일 21시,일요일,경상북도 경주시 성건동,중상사고,0,1,0,0,차대차 - 측면충돌,안전운전불이행,건조,맑음,교차로 - 교차로안,승용,남,21세,상해없음,이륜,남,17세,중상
2021082900100423,2021년 8월 29일 23시,일요일,경상북도 구미시 송정동,중상사고,0,1,1,0,차대차 - 정면충돌,신호위반,건조,흐림,교차로 - 교차로안,승용,여,29세,상해없음,승용,남,58세,중상
2021083000100021,2021년 8월 30일 05시,월요일,경상북도 칠곡군 왜관읍,사망사고,1,0,0,0,차대사람 - 차도통행중,기타,건조,흐림,기타 - 기타,승용,남,43세,상해없음,보행자,남,66세,사망
2021083000100046,2021년 8월 30일 07시,월요일,경상북도 경주시 동천동,사망사고,1,0,0,0,차대사람 - 횡단중,보행자보호의무위반,건조,맑음,교차로 - 교차로안,건설기계,남,63세,상해없음,보행자,여,11세,사망
2021083000100047,2021년 8월 30일 07시,월요일,경상북도 영천시 자양면,경상사고,0,0,5,0,차대차 - 측면충돌,중앙선침범,건조,맑음,단일로 - 기타,승용,남,72세,경상,화물,남,60세,경상
2021083000100048,2021년 8월 30일 07시,월요일,경상북도 경산시 계양동,경상사고,0,0,1,0,차대차 - 기타,안전운전불이행,건조,맑음,교차로 - 교차로부근,승용,여,63세,상해없음,승용,여,49세,경상
2021083000100049,2021년 8월 30일 07시,월요일,경상북도 예천군 용문면,경상사고,0,0,1,0,차대차 - 측면충돌,직진우회전진행방해,건조,맑음,교차로 - 교차로안,승용,남,67세,상해없음,농기계,남,80세,경상
2021083000100095,2021년 8월 30일 09시,월요일,경상북도 영주시 하망동,중상사고,0,1,0,0,차대차 - 측면충돌,안전운전불이행,건조,맑음,단일로 - 기타,승용,남,62세,상해없음,이륜,남,70세,중상
2021083000100131,2021년 8월 30일 10시,월요일,경상북도 경주시 외동읍,경상사고,0,0,2,0,차대차 - 추돌,안전거리미확보,건조,맑음,단일로 - 기타,화물,남,54세,기타불명,화물,남,61세,경상
2021083000100132,2021년 8월 30일 10시,월요일,경상북도 포항시 북구 죽도동,경상사고,0,0,1,0,차대사람 - 차도통행중,안전운전불이행,건조,맑음,단일로 - 기타,승용,남,64세,상해없음,보행자,남,68세,경상
2021083000100133,2021년 8월 30일 10시,월요일,경상북도 포항시 북구 죽도동,중상사고,0,1,0,0,차대차 - 측면충돌,안전운전불이행,건조,맑음,단일로 - 기타,자전거,남,71세,중상,승용,남,64세,상해없음
2021083000100173,2021년 8월 30일 11시,월요일,경상북도 성주군 대가면,중상사고,0,1,1,0,차대차 - 측면충돌,신호위반,건조,맑음,교차로 - 교차로안,승용,남,72세,경상,화물,남,67세,중상
2021083000100174,2021년 8월 30일 11시,월요일,경상북도 구미시 고아읍,중상사고,0,1,0,0,차대차 - 측면충돌,안전운전불이행,건조,맑음,단일로 - 기타,건설기계,남,23세,상해없음,자전거,남,71세,중상
2021083000100213,2021년 8월 30일 12시,월요일,경상북도 김천시 신음동,경상사고,0,0,1,0,차대차 - 추돌,안전운전불이행,건조,맑음,단일로 - 기타,승용,여,34세,상해없음,화물,남,67세,경상
2021083000100214,2021년 8월 30일 12시,월요일,경상북도 영천시 야사동,중상사고,0,1,2,0,차대차 - 정면충돌,신호위반,건조,맑음,교차로 - 교차로안,승용,여,48세,상해없음,승용,남,43세,경상
2021083000100235,2021년 8월 30일 13시,월요일,경상북도 안동시 남선면,중상사고,0,1,0,0,차대사람 - 기타,교차로운행방법위반,건조,맑음,교차로 - 교차로부근,승용,여,53세,상해없음,보행자,남,27세,중상
2021083000100236,2021년 8월 30일 13시,월요일,경상북도 김천시 구성면,경상사고,0,0,1,0,차대차 - 측면충돌,교차로운행방법위반,젖음/습기,흐림,교차로 - 교차로안,승용,여,58세,상해없음,승용,남,75세,경상
2021083000100262,2021년 8월 30일 14시,월요일,경상북도 경주시 황용동,중상사고,0,1,0,0,차량단독 - 공작물충돌,안전운전불이행,건조,맑음,단일로 - 기타,승용,남,67세,중상,,,,
2021083000100263,2021년 8월 30일 14시,월요일,경상북도 예천군 용궁면,경상사고,0,0,2,0,차대차 - 측면충돌,안전운전불이행,건조,맑음,교차로 - 교차로부근,승용,남,71세,상해없음,화물,남,56세,경상
2021083000100298,2021년 8월 30일 15시,월요일,경상북도 경주시 건천읍,중상사고,0,1,0,0,차대차 - 기타,안전운전불이행,건조,맑음,교차로 - 교차로안,화물,남,63세,상해없음,화물,남,49세,중상
2021083000100299,2021년 8월 30일 15시,월요일,경상북도 포항시 북구 대흥동,경상사고,0,0,1,0,차대차 - 측면충돌,중앙선침범,건조,맑음,단일로 - 기타,화물,남,48세,상해없음,이륜,남,50세,경상
2021083000100300,2021년 8월 30일 15시,월요일,경상북도 안동시 송현동,경상사고,0,0,3,0,차대차 - 측면충돌,신호위반,건조,맑음,교차로 - 교차로안,승용,여,42세,경상,승용,여,19세,경상
2021083000100301,2021년 8월 30일 15시,월요일,경상북도 경산시 사동,경상사고,0,0,2,0,차대사람 - 보도통행중,기타,건조,맑음,단일로 - 기타,이륜,남,12세,상해없음,보행자,여,14세,경상
2021083000100302,2021년 8월 30일 15시,월요일,경상북도 구미시 선산읍,중상사고,0,1,1,1,차대차 - 측면충돌,교차로운행방법위반,건조,맑음,교차로 - 교차로안,승용,남,22세,부상신고,승용,남,23세,경상
2021083000100303,2021년 8월 30일 15시,월요일,경상북도 상주시 사벌국면,중상사고,0,1,0,0,차대차 - 측면충돌,안전운전불이행,건조,맑음,단일로 - 기타,승용,여,34세,상해없음,승용,남,25세,중상
2021083000100377,2021년 8월 30일 17시,월요일,경상북도 경주시 건천읍,경상사고,0,0,2,0,차대차 - 정면충돌,직진우회전진행방해,건조,맑음,교차로 - 교차로안,승합,남,63세,경상,승용,남,33세,경상
2021083000100378,2021년 8월 30일 17시,월요일,경상북도 안동시 금곡동,경상사고,0,0,1,0,차대차 - 기타,안전운전불이행,건조,맑음,단일로 - 기타,개인형이동수단(PM),남,14세,경상,승용,남,45세,상해없음
2021083000100379,2021년 8월 30일 17시,월요일,경상북도 칠곡군 북삼읍,경상사고,0,0,2,0,차대차 - 추돌,안전운전불이행,건조,맑음,교차로 - 교차로안,승용,남,57세,상해없음,승용,여,54세,경상
2021083000100380,2021년 8월 30일 17시,월요일,경상북도 포항시 남구 상도동,중상사고,0,1,0,0,차대차 - 측면충돌,신호위반,건조,맑음,교차로 - 교차로부근,이륜,남,15세,중상,화물,여,26세,상해없음
2021083000100411,2021년 8월 30일 18시,월요일,경상북도 경주시 용강동,경상사고,0,0,1,0,차대사람 - 기타,안전운전불이행,건조,맑음,단일로 - 기타,승용,남,77세,상해없음,보행자,남,28세,경상
2021083000100412,2021년 8월 30일 18시,월요일,경상북도 포항시 북구 두호동,경상사고,0,0,1,0,차대사람 - 기타,안전운전불이행,건조,맑음,단일로 - 기타,자전거,여,59세,기타불명,보행자,여,59세,경상
2021083000100413,2021년 8월 30일 18시,월요일,경상북도 포항시 북구 환호동,경상사고,0,0,2,0,차대차 - 기타,안전운전불이행,건조,맑음,단일로 - 기타,승용,남,73세,상해없음,승용,남,23세,경상
2021083000100414,2021년 8월 30일 18시,월요일,경상북도 김천시 용두동,경상사고,0,0,1,0,차대차 - 추돌,안전운전불이행,건조,맑음,교차로 - 교차로부근,승용,여,58세,상해없음,승용,남,41세,경상
2021083000100464,2021년 8월 30일 19시,월요일,경상북도 경주시 황남동,경상사고,0,0,2,0,차대차 - 후진중충돌,안전운전불이행,건조,맑음,단일로 - 기타,승용,남,25세,상해없음,승용,여,29세,경상
2021083000100494,2021년 8월 30일 20시,월요일,경상북도 경주시 황성동,중상사고,0,1,0,0,차대차 - 정면충돌,안전운전불이행,건조,맑음,교차로 - 교차로안,승용,남,40세,상해없음,이륜,남,42세,중상
2021083000100562,2021년 8월 30일 23시,월요일,경상북도 칠곡군 석적읍,경상사고,0,0,1,0,차대차 - 측면충돌,신호위반,건조,흐림,교차로 - 교차로안,승용,남,50세,상해없음,승용,남,38세,경상
2021083100100017,2021년 8월 31일 02시,화요일,경상북도 포항시 북구 두호동,경상사고,0,0,5,0,차대차 - 측면충돌,안전운전불이행,건조,맑음,단일로 - 기타,승용,남,24세,상해없음,승용,남,18세,경상
2021083100100032,2021년 8월 31일 05시,화요일,경상북도 구미시 봉곡동,경상사고,0,0,1,0,차대사람 - 기타,안전운전불이행,건조,맑음,단일로 - 기타,화물,남,61세,상해없음,보행자,남,31세,경상
2021083100100077,2021년 8월 31일 08시,화요일,경상북도 경주시 성건동,중상사고,0,1,1,0,차대차 - 측면충돌,안전운전불이행,건조,맑음,교차로 - 교차로부근,승용,남,26세,상해없음,승용,여,51세,중상
2021083100100078,2021년 8월 31일 08시,화요일,경상북도 안동시 태화동,경상사고,0,0,1,0,차대차 - 측면충돌,신호위반,건조,맑음,교차로 - 교차로부근,승용,여,48세,상해없음,승용,여,45세,경상
2021083100100079,2021년 8월 31일 08시,화요일,경상북도 김천시 신음동,경상사고,0,0,1,0,차대차 - 측면충돌,신호위반,기타,흐림,교차로 - 교차로부근,화물,남,68세,상해없음,승용,여,41세,경상
2021083100100122,2021년 8월 31일 09시,화요일,경상북도 경주시 성동동,중상사고,0,1,0,0,차대차 - 측면충돌,안전운전불이행,건조,맑음,단일로 - 지하차도(도로)내,이륜,여,67세,중상,승용,남,59세,상해없음
2021083100100154,2021년 8월 31일 10시,화요일,경상북도 영주시 하망동,중상사고,0,1,0,0,차대차 - 측면충돌,안전운전불이행,건조,맑음,단일로 - 기타,승용,여,57세,상해없음,자전거,남,56세,중상
2021083100100155,2021년 8월 31일 10시,화요일,경상북도 구미시 공단동,경상사고,0,0,1,0,차대차 - 측면충돌,신호위반,젖음/습기,비,교차로 - 교차로안,승용,여,37세,상해없음,승용,남,28세,경상
2021083100100156,2021년 8월 31일 10시,화요일,경상북도 구미시 임은동,중상사고,0,1,0,0,차대차 - 추돌,안전운전불이행,건조,맑음,단일로 - 기타,승용,여,47세,상해없음,승용,남,41세,중상
2021083100100259,2021년 8월 31일 13시,화요일,경상북도 포항시 북구 죽도동,경상사고,0,0,1,0,차대차 - 기타,안전운전불이행,건조,맑음,단일로 - 기타,승용,남,42세,상해없음,이륜,남,43세,경상
2021083100100260,2021년 8월 31일 13시,화요일,경상북도 성주군 수륜면,중상사고,0,1,0,0,차대차 - 기타,안전운전불이행,건조,맑음,단일로 - 기타,화물,남,66세,상해없음,화물,남,53세,중상
2021083100100296,2021년 8월 31일 14시,화요일,경상북도 포항시 북구 죽도동,경상사고,0,0,1,0,차대차 - 추돌,안전운전불이행,건조,맑음,단일로 - 기타,이륜,남,77세,상해없음,승용,여,48세,경상
2021083100100297,2021년 8월 31일 14시,화요일,경상북도 의성군 의성읍,경상사고,0,0,1,0,차량단독 - 공작물충돌,안전운전불이행,건조,맑음,단일로 - 기타,승용,남,34세,경상,,,,
2021083100100298,2021년 8월 31일 14시,화요일,경상북도 영천시 완산동,경상사고,0,0,1,0,차대차 - 후진중충돌,안전운전불이행,건조,맑음,교차로 - 교차로안,승용,남,25세,상해없음,승용,남,41세,경상
2021083100100348,2021년 8월 31일 15시,화요일,경상북도 영천시 완산동,경상사고,0,0,1,0,차대차 - 측면충돌,신호위반,건조,맑음,교차로 - 교차로안,이륜,남,35세,경상,승용,남,70세,상해없음
2021083100100393,2021년 8월 31일 16시,화요일,경상북도 문경시 모전동,경상사고,0,0,1,0,차대사람 - 기타,안전운전불이행,건조,맑음,단일로 - 기타,화물,남,60세,상해없음,보행자,여,14세,경상
2021083100100394,2021년 8월 31일 16시,화요일,경상북도 포항시 남구 효자동,경상사고,0,0,1,0,차대차 - 측면충돌,신호위반,건조,맑음,교차로 - 교차로안,이륜,남,17세,상해없음,이륜,남,48세,경상
2021083100100419,2021년 8월 31일 17시,화요일,경상북도 경주시 안강읍,중상사고,0,1,0,0,차대차 - 측면충돌,안전운전불이행,젖음/습기,비,교차로 - 교차로안,승용,남,50세,상해없음,자전거,여,82세,중상
2021083100100420,2021년 8월 31일 17시,화요일,경상북도 포항시 남구 송내동,중상사고,0,1,1,0,차대차 - 측면충돌,안전거리미확보,젖음/습기,비,단일로 - 기타,승용,남,42세,경상,이륜,남,40세,중상
2021083100100473,2021년 8월 31일 18시,화요일,경상북도 예천군 예천읍,중상사고,0,2,0,0,차대차 - 추돌,안전운전불이행,젖음/습기,비,단일로 - 기타,화물,남,25세,상해없음,승용,남,30세,중상
2021083100100516,2021년 8월 31일 19시,화요일,경상북도 경산시 중산동,경상사고,0,0,1,0,차대차 - 측면충돌,안전거리미확보,건조,맑음,단일로 - 기타,승용,남,32세,상해없음,승용,여,45세,경상
2021083100100517,2021년 8월 31일 19시,화요일,경상북도 영덕군 영덕읍,경상사고,0,0,1,0,차량단독 - 공작물충돌,안전운전불이행,젖음/습기,비,교차로 - 교차로부근,화물,남,64세,경상,,,,
2021083100100518,2021년 8월 31일 19시,화요일,경상북도 구미시 도량동,경상사고,0,0,1,0,차대차 - 측면충돌,교차로운행방법위반,젖음/습기,비,교차로 - 교차로안,승용,여,49세,상해없음,승용,남,34세,경상
2021083100100575,2021년 8월 31일 20시,화요일,경상북도 포항시 북구 대신동,경상사고,0,0,1,0,차대차 - 기타,안전운전불이행,젖음/습기,비,교차로 - 교차로안,승용,여,23세,상해없음,이륜,남,25세,경상
2021083100100576,2021년 8월 31일 20시,화요일,경상북도 김천시 율곡동,경상사고,0,0,2,0,차대차 - 측면충돌,교차로운행방법위반,젖음/습기,맑음,교차로 - 교차로안,승용,여,48세,경상,승용,남,61세,경상
2021083100100621,2021년 8월 31일 21시,화요일,경상북도 구미시 공단동,경상사고,0,0,1,0,차대차 - 추돌,안전운전불이행,건조,맑음,교차로 - 교차로부근,승용,여,65세,상해없음,승용,남,59세,경상
2021083100100651,2021년 8월 31일 22시,화요일,경상북도 경주시 진현동,경상사고,0,0,1,0,차대차 - 추돌,안전운전불이행,건조,맑음,단일로 - 기타,승용,여,20세,상해없음,승용,남,27세,경상