사고번호,사고일시,요일,시군구,사고내용,사망자수,중상자수,경상자수,부상신고자수,사고유형,법규위반,노면상태,기상상태,도로형태,가해운전자 차종,가해운전자 성별,가해운전자 연령,가해운전자 상해정도,피해운전자 차종,피해운전자 성별,피해운전자 연령,피해운전자 상해정도
2021091500100166,2021년 9월 15일 09시,수요일,경상북도 경주시 황성동,경상사고,0,0,2,0,차대차 - 추돌,기타,건조,맑음,단일로 - 기타,승용,남,48세,경상,승용,여,38세,상해없음
2021091500100207,2021년 9월 15일 10시,수요일,경상북도 경주시 건천읍,경상사고,0,0,1,0,차대차 - 측면충돌,안전운전불이행,건조,맑음,단일로 - 지하차도(도로)내,화물,남,34세,상해없음,승용,남,73세,경상
2021091500100208,2021년 9월 15일 10시,수요일,경상북도 경주시 사정동,부상신고사고,0,0,0,1,차대차 - 측면충돌,안전운전불이행,건조,맑음,교차로 - 교차로부근,승용,남,30세,상해없음,자전거,여,78세,부상신고
2021091500100209,2021년 9월 15일 10시,수요일,경상북도 경산시 계양동,경상사고,0,0,1,0,차대차 - 추돌,안전운전불이행,기타,맑음,교차로 - 교차로부근,승용,여,55세,상해없음,승용,남,78세,기타불명
2021091500100210,2021년 9월 15일 10시,수요일,경상북도 구미시 원평동,경상사고,0,0,1,0,차대사람 - 길가장자리구역통행중,안전운전불이행,건조,맑음,단일로 - 기타,승용,남,72세,상해없음,보행자,남,16세,경상
2021091500100211,2021년 9월 15일 10시,수요일,경상북도 포항시 남구 동촌동,경상사고,0,0,3,0,차대차 - 측면충돌,차로위반,건조,맑음,단일로 - 기타,승용,여,59세,경상,건설기계,남,46세,상해없음
2021091500100251,2021년 9월 15일 11시,수요일,경상북도 포항시 북구 환호동,경상사고,0,0,2,0,차대차 - 기타,안전운전불이행,건조,맑음,교차로 - 교차로안,승용,여,53세,상해없음,승용,남,25세,경상
2021091500100252,2021년 9월 15일 11시,수요일,경상북도 칠곡군 북삼읍,경상사고,0,0,1,0,차대차 - 후진중충돌,안전운전불이행,건조,맑음,교차로 - 교차로부근,화물,남,27세,상해없음,화물,남,33세,경상
2021091500100253,2021년 9월 15일 11시,수요일,경상북도 구미시 구포동,경상사고,0,0,1,0,차대차 - 측면충돌,차로위반,건조,맑음,단일로 - 기타,승용,남,81세,상해없음,승용,남,26세,경상
2021091500100285,2021년 9월 15일 12시,수요일,경상북도 의성군 봉양면,경상사고,0,0,2,0,차대차 - 기타,안전운전불이행,건조,맑음,단일로 - 기타,승용,남,68세,상해없음,승용,남,40세,경상
2021091500100323,2021년 9월 15일 13시,수요일,경상북도 상주시 공성면,중상사고,0,1,0,0,차대차 - 측면충돌,안전운전불이행,건조,맑음,단일로 - 기타,화물,남,36세,상해없음,이륜,여,66세,중상
2021091500100324,2021년 9월 15일 13시,수요일,경상북도 구미시 구포동,경상사고,0,0,1,0,차대차 - 측면충돌,안전운전불이행,건조,맑음,교차로 - 교차로안,승용,여,64세,상해없음,승용,여,32세,경상
2021091500100367,2021년 9월 15일 14시,수요일,경상북도 안동시 옥동,중상사고,0,1,0,0,차대차 - 기타,안전운전불이행,건조,맑음,단일로 - 기타,화물,남,55세,상해없음,이륜,남,39세,중상
2021091500100368,2021년 9월 15일 14시,수요일,경상북도 포항시 남구 해도동,중상사고,0,1,0,0,차대사람 - 차도통행중,안전운전불이행,건조,맑음,교차로 - 교차로부근,화물,남,60세,상해없음,보행자,여,88세,중상
2021091500100413,2021년 9월 15일 15시,수요일,경상북도 김천시 감천면,중상사고,0,1,1,0,차대차 - 측면충돌,안전운전불이행,건조,맑음,단일로 - 기타,화물,남,79세,경상,승용,남,42세,중상
2021091500100414,2021년 9월 15일 15시,수요일,경상북도 김천시 개령면,중상사고,0,1,0,0,차량단독 - 공작물충돌,안전운전불이행,건조,맑음,단일로 - 기타,승용,남,67세,중상,,,,
2021091500100415,2021년 9월 15일 15시,수요일,경상북도 군위군 군위읍,경상사고,0,0,1,0,차대차 - 정면충돌,안전운전불이행,건조,맑음,교차로 - 교차로안,자전거,남,8세,경상,승용,여,55세,상해없음
2021091500100467,2021년 9월 15일 16시,수요일,경상북도 칠곡군 왜관읍,경상사고,0,0,1,0,차대사람 - 보도통행중,보행자보호의무위반,건조,맑음,교차로 - 교차로횡단보도내,이륜,남,15세,상해없음,보행자,여,61세,경상
2021091500100468,2021년 9월 15일 16시,수요일,경상북도 칠곡군 북삼읍,경상사고,0,0,1,0,차대차 - 측면충돌,안전운전불이행,건조,맑음,교차로 - 교차로안,승용,남,35세,상해없음,화물,남,30세,경상
2021091500100469,2021년 9월 15일 16시,수요일,경상북도 영천시 금호읍,경상사고,0,0,1,0,차대차 - 측면충돌,안전운전불이행,건조,맑음,교차로 - 교차로안,화물,남,38세,상해없음,이륜,남,59세,경상
2021091500100470,2021년 9월 15일 16시,수요일,경상북도 경산시 하양읍,중상사고,0,1,3,0,차대차 - 추돌,안전운전불이행,건조,맑음,단일로 - 기타,승용,남,46세,상해없음,승용,남,60세,중상
2021091500100471,2021년 9월 15일 16시,수요일,경상북도 예천군 예천읍,중상사고,0,1,0,0,차대차 - 정면충돌,안전운전불이행,건조,맑음,단일로 - 기타,화물,남,32세,상해없음,승용,여,43세,중상
2021091500100472,2021년 9월 15일 16시,수요일,경상북도 포항시 남구 해도동,경상사고,0,0,1,1,차대차 - 측면충돌,안전운전불이행,건조,흐림,교차로 - 교차로안,승용,여,60세,상해없음,승용,여,64세,경상
2021091500100527,2021년 9월 15일 17시,수요일,경상북도 안동시 남선면,경상사고,0,0,2,0,차량단독 - 기타,안전운전불이행,건조,맑음,단일로 - 기타,승용,남,52세,경상,,,,
2021091500100528,2021년 9월 15일 17시,수요일,경상북도 칠곡군 북삼읍,경상사고,0,0,1,1,차대차 - 측면충돌,직진우회전진행방해,건조,맑음,교차로 - 교차로안,농기계,남,78세,부상신고,승용,여,42세,경상
2021091500100529,2021년 9월 15일 17시,수요일,경상북도 칠곡군 지천면,경상사고,0,0,1,0,차대차 - 기타,안전운전불이행,건조,흐림,교차로 - 교차로안,승용,여,32세,상해없음,승용,남,45세,경상
2021091500100530,2021년 9월 15일 17시,수요일,경상북도 고령군 다산면,경상사고,0,0,1,0,차대차 - 측면충돌,중앙선침범,건조,맑음,단일로 - 기타,자전거,남,11세,상해없음,승용,남,50세,상해없음
2021091500100586,2021년 9월 15일 18시,수요일,경상북도 경주시 용강동,경상사고,0,0,1,0,차대차 - 측면충돌,안전운전불이행,건조,맑음,교차로 - 교차로횡단보도내,승용,여,26세,상해없음,자전거,남,8세,경상
2021091500100587,2021년 9월 15일 18시,수요일,경상북도 안동시 대석동,경상사고,0,0,3,0,차대사람 - 보도통행중,보행자보호의무위반,건조,맑음,단일로 - 기타,승용,여,32세,상해없음,보행자,여,45세,경상
2021091500100588,2021년 9월 15일 18시,수요일,경상북도 영천시 야사동,경상사고,0,0,1,0,차대사람 - 기타,안전운전불이행,건조,맑음,교차로 - 교차로안,승용,여,65세,상해없음,보행자,남,35세,경상
2021091500100589,2021년 9월 15일 18시,수요일,경상북도 문경시 신기동,경상사고,0,0,1,0,차대사람 - 차도통행중,안전운전불이행,건조,맑음,단일로 - 기타,화물,여,57세,상해없음,보행자,남,4세,경상
2021091500100590,2021년 9월 15일 18시,수요일,경상북도 청도군 운문면,경상사고,0,0,2,0,차대차 - 추돌,안전거리미확보,건조,맑음,단일로 - 기타,화물,남,62세,상해없음,화물,여,73세,상해없음
2021091500100637,2021년 9월 15일 19시,수요일,경상북도 영주시 휴천동,경상사고,0,0,2,0,차대차 - 후진중충돌,안전운전불이행,건조,맑음,단일로 - 기타,승용,여,49세,상해없음,승용,남,50세,경상
2021091500100638,2021년 9월 15일 19시,수요일,경상북도 구미시 선산읍,중상사고,0,1,0,0,차대차 - 기타,안전운전불이행,건조,맑음,교차로 - 교차로안,승용,여,44세,상해없음,승용,남,28세,중상
2021091500100677,2021년 9월 15일 20시,수요일,경상북도 청도군 이서면,중상사고,0,1,0,0,차대차 - 측면충돌,신호위반,건조,맑음,교차로 - 교차로안,화물,남,68세,상해없음,승용,여,48세,중상
2021091500100706,2021년 9월 15일 21시,수요일,경상북도 구미시 옥계동,중상사고,0,1,0,0,차대차 - 기타,불법유턴,건조,맑음,단일로 - 기타,승용,남,26세,상해없음,이륜,남,19세,중상
2021091500100707,2021년 9월 15일 21시,수요일,경상북도 구미시 봉곡동,중상사고,0,1,0,1,차대차 - 정면충돌,안전운전불이행,건조,맑음,단일로 - 기타,승용,여,62세,부상신고,이륜,남,30세,중상
2021091500100708,2021년 9월 15일 21시,수요일,경상북도 구미시 광평동,경상사고,0,0,1,0,차대차 - 추돌,안전운전불이행,건조,맑음,단일로 - 기타,승용,남,62세,상해없음,이륜,남,50세,경상
2021091500100709,2021년 9월 15일 21시,수요일,경상북도 구미시 원평동,중상사고,0,1,0,0,차대차 - 기타,안전운전불이행,건조,맑음,단일로 - 기타,승용,남,67세,상해없음,이륜,여,71세,중상
2021091500100736,2021년 9월 15일 22시,수요일,경상북도 포항시 남구 효자동,경상사고,0,0,1,0,차대차 - 정면충돌,중앙선침범,건조,맑음,단일로 - 기타,승용,여,37세,상해없음,승용,남,37세,경상
2021091500100757,2021년 9월 15일 23시,수요일,경상북도 포항시 북구 창포동,경상사고,0,0,2,0,차대차 - 측면충돌,안전운전불이행,건조,맑음,교차로 - 교차로안,승용,남,55세,기타불명,승용,남,46세,경상
2021091600100034,2021년 9월 16일 06시,목요일,경상북도 안동시 당북동,경상사고,0,0,2,0,차대차 - 측면충돌,신호위반,건조,맑음,교차로 - 교차로안,승용,남,62세,상해없음,승용,여,53세,경상
2021091600100055,2021년 9월 16일 07시,목요일,경상북도 영주시 부석면,경상사고,0,0,1,0,차대사람 - 차도통행중,안전운전불이행,건조,맑음,단일로 - 기타,화물,남,59세,상해없음,보행자,남,61세,경상
2021091600100056,2021년 9월 16일 07시,목요일,경상북도 칠곡군 석적읍,부상신고사고,0,0,0,1,차대차 - 기타,안전운전불이행,건조,맑음,교차로 - 교차로안,승용,남,34세,부상신고,승용,남,27세,상해없음
2021091600100105,2021년 9월 16일 08시,목요일,경상북도 의성군 금성면,경상사고,0,0,1,0,차대차 - 측면충돌,안전운전불이행,건조,맑음,교차로 - 교차로안,이륜,남,73세,경상,승용,남,67세,상해없음
2021091600100106,2021년 9월 16일 08시,목요일,경상북도 영주시 영주동,중상사고,0,1,0,0,차대사람 - 횡단중,보행자보호의무위반,건조,맑음,교차로 - 교차로횡단보도내,화물,여,68세,상해없음,보행자,여,81세,중상
2021091600100146,2021년 9월 16일 09시,목요일,경상북도 경주시 성건동,경상사고,0,0,1,0,차대차 - 측면충돌,안전운전불이행,건조,맑음,단일로 - 기타,승용,여,60세,상해없음,승용,남,51세,경상
2021091600100147,2021년 9월 16일 09시,목요일,경상북도 경주시 황성동,경상사고,0,0,2,0,차대차 - 측면충돌,안전운전불이행,건조,맑음,교차로 - 교차로부근,승용,남,54세,상해없음,승합,여,56세,경상
2021091600100177,2021년 9월 16일 10시,목요일,경상북도 경주시 성동동,중상사고,0,1,0,0,차대차 - 측면충돌,안전운전불이행,건조,맑음,교차로 - 교차로부근,승용,여,28세,상해없음,원동기,남,69세,중상
2021091600100179,2021년 9월 16일 10시,목요일,경상북도 구미시 상모동,경상사고,0,0,1,0,차대차 - 측면충돌,교차로운행방법위반,건조,맑음,교차로 - 교차로안,승용,남,77세,상해없음,승용,남,63세,경상
2021091600100208,2021년 9월 16일 11시,목요일,경상북도 포항시 남구 상도동,경상사고,0,0,2,0,차대차 - 측면충돌,직진우회전진행방해,건조,맑음,교차로 - 교차로안,승용,여,42세,경상,승용,여,65세,경상
2021091600100251,2021년 9월 16일 12시,목요일,경상북도 칠곡군 왜관읍,중상사고,0,1,0,0,차대차 - 기타,안전운전불이행,건조,맑음,교차로 - 교차로부근,승용,남,53세,상해없음,승용,남,75세,상해없음
2021091600100252,2021년 9월 16일 12시,목요일,경상북도 영천시 교촌동,경상사고,0,0,1,0,차대차 - 측면충돌,안전운전불이행,건조,맑음,단일로 - 기타,승용,남,77세,상해없음,승용,남,65세,경상
2021091600100288,2021년 9월 16일 13시,목요일,경상북도 포항시 북구 환호동,부상신고사고,0,0,0,1,차대차 - 측면충돌,차로위반,건조,맑음,단일로 - 기타,승용,남,62세,상해없음,이륜,남,25세,부상신고
2021091600100289,2021년 9월 16일 13시,목요일,경상북도 경산시 진량읍,중상사고,0,1,0,0,차대차 - 측면충돌,중앙선침범,건조,맑음,교차로 - 교차로부근,개인형이동수단(PM),남,23세,상해없음,이륜,남,31세,중상
2021091600100343,2021년 9월 16일 14시,목요일,경상북도 포항시 북구 흥해읍,경상사고,0,0,2,0,차대차 - 추돌,안전거리미확보,건조,맑음,단일로 - 기타,건설기계,남,61세,상해없음,승용,남,66세,경상
2021091600100344,2021년 9월 16일 14시,목요일,경상북도 상주시 남성동,중상사고,0,1,0,0,차대사람 - 차도통행중,안전운전불이행,건조,맑음,단일로 - 기타,승용,남,56세,상해없음,보행자,여,53세,중상
2021091600100432,2021년 9월 16일 16시,목요일,경상북도 경주시 안강읍,경상사고,0,0,1,0,차대사람 - 기타,안전운전불이행,건조,맑음,주차장 - 주차장,승용,남,63세,상해없음,보행자,남,62세,경상
2021091600100433,2021년 9월 16일 16시,목요일,경상북도 예천군 예천읍,중상사고,0,2,0,0,차대차 - 측면충돌,신호위반,건조,맑음,교차로 - 교차로안,화물,남,81세,상해없음,화물,남,71세,중상
2021091600100434,2021년 9월 16일 16시,목요일,경상북도 구미시 옥계동,경상사고,0,0,1,0,차대사람 - 기타,안전운전불이행,건조,맑음,교차로 - 교차로안,승용,남,58세,상해없음,보행자,남,15세,경상
2021091600100477,2021년 9월 16일 17시,목요일,경상북도 김천시 성내동,경상사고,0,0,2,0,차대차 - 측면충돌,불법유턴,건조,맑음,교차로 - 교차로부근,승용,여,50세,상해없음,화물,남,76세,경상
2021091600100520,2021년 9월 16일 18시,목요일,경상북도 포항시 북구 용흥동,경상사고,0,0,1,0,차대차 - 측면충돌,중앙선침범,건조,맑음,단일로 - 기타,승합,남,66세,상해없음,특수,남,36세,경상
2021091600100521,2021년 9월 16일 18시,목요일,경상북도 상주시 서문동,경상사고,0,0,2,0,차대차 - 추돌,안전운전불이행,건조,맑음,단일로 - 기타,승용,여,66세,상해없음,승용,남,46세,경상
2021091600100570,2021년 9월 16일 19시,목요일,경상북도 김천시 성내동,경상사고,0,0,1,0,차대차 - 측면충돌,직진우회전진행방해,건조,맑음,교차로 - 교차로부근,승용,남,72세,상해없음,자전거,남,69세,경상
2021091600100616,2021년 9월 16일 20시,목요일,경상북도 칠곡군 왜관읍,중상사고,0,1,0,0,차대차 - 측면충돌,신호위반,건조,맑음,교차로 - 교차로안,승용,여,60세,상해없음,이륜,남,24세,중상
2021091600100617,2021년 9월 16일 20시,목요일,경상북도 포항시 남구 오천읍,경상사고,0,0,1,0,차대차 - 추돌,안전거리미확보,건조,맑음,교차로 - 교차로안,승용,남,48세,상해없음,승합,여,52세,상해없음
2021091600100651,2021년 9월 16일 21시,목요일,경상북도 경주시 황성동,중상사고,0,1,0,0,차대차 - 측면충돌,안전거리미확보,건조,맑음,단일로 - 기타,승용,남,57세,상해없음,이륜,남,34세,중상
2021091600100652,2021년 9월 16일 21시,목요일,경상북도 포항시 남구 오천읍,경상사고,0,0,1,0,차대사람 - 길가장자리구역통행중,안전운전불이행,건조,맑음,단일로 - 지하차도(도로)내,승용,남,63세,상해없음,보행자,여,46세,경상
2021091600100675,2021년 9월 16일 22시,목요일,경상북도 경주시 안강읍,경상사고,0,0,2,0,차대차 - 추돌,안전거리미확보,건조,맑음,교차로 - 교차로부근,화물,남,46세,상해없음,승용,여,40세,경상
2021091600100676,2021년 9월 16일 22시,목요일,경상북도 칠곡군 북삼읍,중상사고,0,1,0,0,차량단독 - 공작물충돌,안전운전불이행,젖음/습기,비,단일로 - 기타,승용,남,32세,중상,,,,
2021091600100677,2021년 9월 16일 22시,목요일,경상북도 구미시 형곡동,중상사고,0,1,0,0,차대차 - 기타,신호위반,건조,맑음,단일로 - 기타,자전거,남,74세,중상,승용,남,58세,상해없음
2021091700100068,2021년 9월 17일 07시,금요일,경상북도 칠곡군 지천면,사망사고,1,0,0,0,차대차 - 기타,안전운전불이행,젖음/습기,비,단일로 - 기타,승용,남,48세,사망,화물,남,59세,기타불명
2021091700100098,2021년 9월 17일 08시,금요일,경상북도 안동시 정하동,경상사고,0,0,1,0,차대차 - 측면충돌,직진우회전진행방해,젖음/습기,비,교차로 - 교차로안,화물,남,55세,상해없음,승용,남,51세,경상
2021091700100099,2021년 9월 17일 08시,금요일,경상북도 안동시 옥동,경상사고,0,0,2,0,차대차 - 추돌,안전운전불이행,젖음/습기,비,교차로 - 교차로부근,승용,남,76세,경상,승용,남,47세,경상
2021091700100100,2021년 9월 17일 08시,금요일,경상북도 의성군 다인면,중상사고,0,1,0,0,차대차 - 추돌,안전운전불이행,젖음/습기,비,교차로 - 교차로안,화물,남,47세,상해없음,승용,여,58세,중상
2021091700100101,2021년 9월 17일 08시,금요일,경상북도 영천시 야사동,경상사고,0,0,4,0,차대차 - 측면충돌,안전운전불이행,젖음/습기,비,단일로 - 기타,승용,여,51세,경상,승합,남,57세,경상
2021091700100102,2021년 9월 17일 08시,금요일,경상북도 경산시 사정동,경상사고,0,0,1,0,차대사람 - 횡단중,보행자보호의무위반,건조,맑음,단일로 - 기타,승합,여,47세,상해없음,보행자,남,16세,경상
2021091700100103,2021년 9월 17일 08시,금요일,경상북도 고령군 대가야읍,경상사고,0,0,1,0,차대차 - 추돌,안전운전불이행,젖음/습기,비,단일로 - 기타,승용,여,27세,상해없음,승용,여,40세,경상
2021091700100146,2021년 9월 17일 09시,금요일,경상북도 안동시 수상동,중상사고,0,2,1,0,차대차 - 기타,안전운전불이행,젖음/습기,비,단일로 - 기타,승용,남,62세,중상,승용,여,64세,경상
2021091700100186,2021년 9월 17일 10시,금요일,경상북도 의성군 의성읍,경상사고,0,0,1,0,차대차 - 정면충돌,안전운전불이행,젖음/습기,비,기타 - 기타,승용,남,66세,상해없음,승용,남,83세,경상
2021091700100187,2021년 9월 17일 10시,금요일,경상북도 칠곡군 북삼읍,중상사고,0,1,1,0,차대차 - 측면충돌,신호위반,건조,맑음,교차로 - 교차로안,승용,남,64세,상해없음,승용,남,30세,경상
2021091700100188,2021년 9월 17일 10시,금요일,경상북도 영덕군 창수면,중상사고,0,1,0,0,차대차 - 측면충돌,직진우회전진행방해,건조,맑음,교차로 - 교차로안,화물,남,51세,상해없음,이륜,남,82세,중상
2021091700100230,2021년 9월 17일 11시,금요일,경상북도 포항시 북구 장성동,경상사고,0,0,1,0,차대차 - 측면충돌,신호위반,젖음/습기,비,교차로 - 교차로안,승용,여,33세,상해없음,승용,남,39세,경상
2021091700100231,2021년 9월 17일 11시,금요일,경상북도 칠곡군 동명면,부상신고사고,0,0,0,1,차대차 - 추돌,안전운전불이행,젖음/습기,흐림,단일로 - 기타,승용,여,70세,부상신고,화물,남,60세,상해없음
2021091700100232,2021년 9월 17일 11시,금요일,경상북도 구미시 오태동,중상사고,0,2,3,0,차대차 - 정면충돌,안전거리미확보,젖음/습기,흐림,교차로 - 교차로부근,승용,여,41세,상해없음,화물,남,25세,경상
2021091700100282,2021년 9월 17일 12시,금요일,경상북도 경주시 외동읍,경상사고,0,0,3,0,차대차 - 측면충돌,중앙선침범,젖음/습기,비,교차로 - 교차로안,승용,여,64세,경상,화물,남,48세,경상
2021091700100283,2021년 9월 17일 12시,금요일,경상북도 경주시 용강동,경상사고,0,0,1,0,차대차 - 측면충돌,중앙선침범,젖음/습기,비,단일로 - 기타,승용,남,64세,상해없음,승용,남,32세,경상
2021091700100284,2021년 9월 17일 12시,금요일,경상북도 포항시 북구 죽도동,경상사고,0,0,2,0,차대차 - 측면충돌,안전운전불이행,건조,맑음,단일로 - 기타,화물,남,74세,상해없음,승용,여,29세,경상
2021091700100285,2021년 9월 17일 12시,금요일,경상북도 포항시 북구 두호동,경상사고,0,0,1,0,차대차 - 측면충돌,안전거리미확보,젖음/습기,비,단일로 - 기타,승용,여,65세,상해없음,승용,여,58세,경상
2021091700100286,2021년 9월 17일 12시,금요일,경상북도 영주시 영주동,경상사고,0,0,1,0,차대사람 - 차도통행중,안전운전불이행,건조,맑음,교차로 - 교차로안,승용,남,59세,상해없음,보행자,여,50세,경상
2021091700100287,2021년 9월 17일 12시,금요일,경상북도 영주시 휴천동,경상사고,0,0,1,0,차대차 - 측면충돌,안전운전불이행,젖음/습기,비,교차로 - 교차로안,승용,여,48세,상해없음,이륜,남,23세,경상
2021091700100288,2021년 9월 17일 12시,금요일,경상북도 영천시 완산동,경상사고,0,0,2,0,차대차 - 측면충돌,신호위반,건조,맑음,교차로 - 교차로안,화물,남,79세,상해없음,승용,여,44세,경상
2021091700100289,2021년 9월 17일 12시,금요일,경상북도 구미시 신평동,경상사고,0,0,1,0,차대차 - 기타,교차로운행방법위반,건조,맑음,교차로 - 교차로안,승용,남,61세,기타불명,승용,남,35세,경상
2021091700100337,2021년 9월 17일 13시,금요일,경상북도 예천군 유천면,경상사고,0,0,1,0,차량단독 - 공작물충돌,안전운전불이행,젖음/습기,비,단일로 - 기타,승용,남,59세,경상,,,,
2021091700100338,2021년 9월 17일 13시,금요일,경상북도 포항시 남구 연일읍,중상사고,0,2,1,0,차대차 - 측면충돌,차로위반,건조,맑음,단일로 - 기타,승용,남,66세,상해없음,화물,남,79세,중상
2021091700100386,2021년 9월 17일 14시,금요일,경상북도 영주시 하망동,경상사고,0,0,1,0,차대차 - 측면충돌,안전운전불이행,젖음/습기,비,교차로 - 교차로안,승용,여,52세,상해없음,자전거,남,67세,경상
2021091700100387,2021년 9월 17일 14시,금요일,경상북도 영양군 영양읍,경상사고,0,0,1,0,차대사람 - 차도통행중,안전운전불이행,젖음/습기,비,기타 - 기타,승용,남,30세,상해없음,보행자,여,77세,경상
2021091700100388,2021년 9월 17일 14시,금요일,경상북도 포항시 남구 이동,경상사고,0,0,1,0,차대사람 - 횡단중,신호위반,젖음/습기,비,교차로 - 교차로횡단보도내,화물,남,50세,상해없음,보행자,여,11세,경상
2021091700100389,2021년 9월 17일 14시,금요일,경상북도 영천시 화산면,중상사고,0,1,0,0,차대차 - 정면충돌,차로위반,건조,맑음,단일로 - 기타,승용,남,61세,상해없음,승용,남,66세,중상
2021091700100444,2021년 9월 17일 15시,금요일,경상북도 영덕군 축산면,경상사고,0,0,1,0,차대차 - 측면충돌,안전운전불이행,건조,맑음,교차로 - 교차로안,화물,남,62세,상해없음,승용,남,76세,경상
2021091700100499,2021년 9월 17일 16시,금요일,경상북도 포항시 남구 오천읍,경상사고,0,0,2,0,차대차 - 기타,안전거리미확보,건조,맑음,단일로 - 기타,승용,남,50세,상해없음,승용,남,61세,상해없음
2021091700100562,2021년 9월 17일 17시,금요일,경상북도 경주시 현곡면,경상사고,0,0,1,0,차대차 - 측면충돌,중앙선침범,건조,맑음,단일로 - 기타,승용,남,58세,상해없음,승용,여,54세,경상
2021091700100563,2021년 9월 17일 17시,금요일,경상북도 안동시 당북동,경상사고,0,0,1,0,차대차 - 측면충돌,신호위반,건조,맑음,교차로 - 교차로안,승합,여,50세,상해없음,승용,여,28세,경상
2021091700100564,2021년 9월 17일 17시,금요일,경상북도 상주시 남성동,경상사고,0,0,1,0,차대차 - 측면충돌,안전운전불이행,건조,맑음,교차로 - 교차로안,승용,여,50세,상해없음,자전거,남,74세,경상
2021091700100622,2021년 9월 17일 18시,금요일,경상북도 포항시 남구 상도동,경상사고,0,0,2,0,차대차 - 추돌,안전운전불이행,건조,맑음,교차로 - 교차로부근,승용,남,70세,상해없음,승용,여,26세,경상
2021091700100675,2021년 9월 17일 19시,금요일,경상북도 상주시 남성동,중상사고,0,1,0,0,차대사람 - 기타,안전운전불이행,젖음/습기,비,단일로 - 기타,승용,여,66세,상해없음,보행자,여,95세,중상
2021091700100676,2021년 9월 17일 19시,금요일,경상북도 영천시 오미동,경상사고,0,0,1,0,차대차 - 측면충돌,신호위반,건조,흐림,교차로 - 교차로안,승용,여,46세,상해없음,화물,여,57세,경상
2021091700100677,2021년 9월 17일 19시,금요일,경상북도 포항시 남구 대도동,경상사고,0,0,1,0,차대차 - 추돌,안전운전불이행,건조,맑음,교차로 - 교차로부근,화물,남,42세,상해없음,승용,여,45세,경상
2021091700100724,2021년 9월 17일 20시,금요일,경상북도 경주시 황성동,중상사고,0,2,0,0,차대차 - 추돌,안전운전불이행,젖음/습기,비,단일로 - 기타,승합,남,61세,상해없음,승용,남,38세,중상
2021091700100725,2021년 9월 17일 20시,금요일,경상북도 경산시 계양동,경상사고,0,0,1,0,차대사람 - 기타,기타,건조,맑음,단일로 - 기타,개인형이동수단(PM),남,20세,상해없음,보행자,남,50세,경상
2021091700100754,2021년 9월 17일 21시,금요일,경상북도 포항시 북구 우현동,경상사고,0,0,1,0,차대차 - 측면충돌,신호위반,건조,맑음,교차로 - 교차로안,승용,남,36세,상해없음,승용,여,47세,경상
2021091700100755,2021년 9월 17일 21시,금요일,경상북도 영주시 상망동,중상사고,0,1,0,0,차대차 - 추돌,안전운전불이행,건조,맑음,단일로 - 기타,화물,남,49세,상해없음,화물,남,53세,중상
2021091700100756,2021년 9월 17일 21시,금요일,경상북도 문경시 모전동,중상사고,0,1,3,0,차대차 - 추돌,안전운전불이행,젖음/습기,흐림,단일로 - 기타,승용,남,38세,경상,승용,여,50세,중상
2021091700100790,2021년 9월 17일 22시,금요일,경상북도 김천시 덕곡동,경상사고,0,0,1,0,차대차 - 추돌,안전운전불이행,건조,맑음,교차로 - 교차로안,승용,남,58세,상해없음,승용,여,31세,경상
2021091700100791,2021년 9월 17일 22시,금요일,경상북도 구미시 공단동,경상사고,0,0,2,0,차대차 - 추돌,안전운전불이행,건조,맑음,교차로 - 교차로안,승용,여,46세,상해없음,승용,남,31세,경상
2021091700100808,2021년 9월 17일 23시,금요일,경상북도 구미시 도량동,중상사고,0,1,0,0,차대차 - 측면충돌,안전운전불이행,건조,맑음,교차로 - 교차로부근,승용,남,42세,상해없음,승용,여,50세,중상
2021091800100007,2021년 9월 18일 00시,토요일,경상북도 포항시 남구 해도동,경상사고,0,0,1,0,차대차 - 정면충돌,교차로운행방법위반,건조,맑음,교차로 - 교차로안,승용,남,35세,상해없음,승용,남,55세,경상
2021091800100014,2021년 9월 18일 01시,토요일,경상북도 경주시 외동읍,사망사고,1,0,0,0,차량단독 - 공작물충돌,안전운전불이행,건조,흐림,교차로 - 교차로안,화물,남,25세,사망,,,,
2021091800100051,2021년 9월 18일 07시,토요일,경상북도 경주시 천북면,중상사고,0,1,0,0,차량단독 - 기타,안전운전불이행,건조,맑음,단일로 - 기타,자전거,남,60세,중상,,,,
2021091800100052,2021년 9월 18일 07시,토요일,경상북도 포항시 남구 연일읍,중상사고,0,2,0,0,차량단독 - 도로외이탈 - 추락,안전운전불이행,건조,맑음,단일로 - 기타,승용,남,17세,중상,,,,
2021091800100072,2021년 9월 18일 08시,토요일,경상북도 경산시 중방동,경상사고,0,0,1,0,차대차 - 정면충돌,안전운전불이행,건조,맑음,교차로 - 교차로안,승용,여,73세,상해없음,이륜,남,81세,경상
2021091800100104,2021년 9월 18일 09시,토요일,경상북도 포항시 남구 인덕동,경상사고,0,0,3,0,차대차 - 측면충돌,교차로운행방법위반,건조,맑음,교차로 - 교차로안,화물,남,79세,상해없음,승용,남,69세,경상