사고번호,사고일시,요일,시군구,사고내용,사망자수,중상자수,경상자수,부상신고자수,사고유형,법규위반,노면상태,기상상태,도로형태,가해운전자 차종,가해운전자 성별,가해운전자 연령,가해운전자 상해정도,피해운전자 차종,피해운전자 성별,피해운전자 연령,피해운전자 상해정도
2021091800100105,2021년 9월 18일 09시,토요일,경상북도 포항시 남구 이동,경상사고,0,0,2,0,차대차 - 측면충돌,신호위반,건조,맑음,단일로 - 기타,승용,남,57세,경상,승용,여,52세,경상
2021091800100156,2021년 9월 18일 10시,토요일,경상북도 포항시 북구 기계면,중상사고,0,1,1,0,차대차 - 측면충돌,교차로운행방법위반,건조,맑음,교차로 - 교차로안,승용,여,57세,상해없음,화물,남,73세,경상
2021091800100157,2021년 9월 18일 10시,토요일,경상북도 상주시 남장동,경상사고,0,0,2,0,차대차 - 추돌,안전운전불이행,건조,맑음,단일로 - 기타,승용,남,61세,상해없음,화물,남,65세,경상
2021091800100158,2021년 9월 18일 10시,토요일,경상북도 경산시 하양읍,경상사고,0,0,1,0,차대차 - 후진중충돌,안전운전불이행,건조,맑음,단일로 - 기타,승용,남,23세,상해없음,승합,남,55세,경상
2021091800100159,2021년 9월 18일 10시,토요일,경상북도 구미시 장천면,부상신고사고,0,0,0,1,차량단독 - 공작물충돌,안전운전불이행,건조,맑음,교차로 - 교차로부근,건설기계,남,57세,부상신고,,,,
2021091800100160,2021년 9월 18일 10시,토요일,경상북도 포항시 남구 대잠동,경상사고,0,0,4,0,차대차 - 측면충돌,차로위반,건조,맑음,교차로 - 교차로부근,승용,여,51세,상해없음,승용,남,37세,경상
2021091800100161,2021년 9월 18일 10시,토요일,경상북도 칠곡군 가산면,부상신고사고,0,0,0,2,차대차 - 추돌,안전거리미확보,건조,맑음,단일로 - 터널,승용,남,59세,상해없음,승용,남,46세,부상신고
2021091800100162,2021년 9월 18일 10시,토요일,경상북도 상주시 이안면,중상사고,0,1,4,0,차대차 - 추돌,안전운전불이행,건조,맑음,단일로 - 기타,승용,남,47세,상해없음,승용,남,68세,경상
2021091800100216,2021년 9월 18일 11시,토요일,경상북도 경주시 외동읍,중상사고,0,1,0,0,차대차 - 추돌,안전운전불이행,건조,맑음,단일로 - 기타,승용,남,32세,상해없음,원동기,남,77세,중상
2021091800100217,2021년 9월 18일 11시,토요일,경상북도 상주시 낙양동,중상사고,0,1,0,0,차대차 - 기타,안전운전불이행,건조,맑음,단일로 - 기타,자전거,여,70세,중상,승용,여,58세,상해없음
2021091800100218,2021년 9월 18일 11시,토요일,경상북도 영주시 가흥동,사망사고,1,0,0,0,차대차 - 측면충돌,신호위반,건조,맑음,교차로 - 교차로안,승용,여,61세,상해없음,이륜,남,82세,사망
2021091800100261,2021년 9월 18일 12시,토요일,경상북도 예천군 호명면,중상사고,0,1,4,0,차대사람 - 기타,안전운전불이행,건조,맑음,교차로 - 교차로부근,승용,여,66세,상해없음,보행자,여,61세,경상
2021091800100353,2021년 9월 18일 14시,토요일,경상북도 포항시 남구 구룡포읍,중상사고,0,1,0,0,차대차 - 정면충돌,중앙선침범,건조,맑음,교차로 - 교차로안,이륜,남,78세,중상,승용,남,31세,상해없음
2021091800100389,2021년 9월 18일 15시,토요일,경상북도 안동시 풍산읍,경상사고,0,0,2,0,차대차 - 기타,안전운전불이행,건조,맑음,단일로 - 기타,승용,남,61세,상해없음,승용,여,33세,경상
2021091800100431,2021년 9월 18일 16시,토요일,경상북도 경주시 보문동,경상사고,0,0,13,2,차대차 - 추돌,안전운전불이행,건조,맑음,단일로 - 기타,승용,남,66세,기타불명,승용,여,41세,경상
2021091800100432,2021년 9월 18일 16시,토요일,경상북도 영양군 입암면,경상사고,0,0,2,0,차대차 - 추돌,신호위반,건조,맑음,교차로 - 교차로안,승용,여,52세,상해없음,승용,남,80세,경상
2021091800100488,2021년 9월 18일 17시,토요일,경상북도 포항시 북구 동빈2가,경상사고,0,0,3,0,차대차 - 측면충돌,신호위반,건조,맑음,교차로 - 교차로안,승용,남,72세,상해없음,승용,남,30세,경상
2021091800100489,2021년 9월 18일 17시,토요일,경상북도 안동시 화성동,경상사고,0,0,2,0,차대차 - 기타,안전운전불이행,건조,맑음,교차로 - 교차로안,승용,여,61세,경상,승용,남,52세,경상
2021091800100490,2021년 9월 18일 17시,토요일,경상북도 칠곡군 북삼읍,중상사고,0,1,0,0,차대사람 - 횡단중,보행자보호의무위반,건조,맑음,교차로 - 교차로횡단보도내,승용,여,44세,상해없음,보행자,여,71세,중상
2021091800100491,2021년 9월 18일 17시,토요일,경상북도 포항시 남구 해도동,경상사고,0,0,1,0,차대차 - 측면충돌,차로위반,건조,맑음,단일로 - 기타,승용,남,31세,상해없음,승용,여,49세,경상
2021091800100530,2021년 9월 18일 18시,토요일,경상북도 김천시 교동,중상사고,0,1,0,0,차대차 - 측면충돌,교차로운행방법위반,건조,맑음,단일로 - 교량,이륜,남,40세,상해없음,개인형이동수단(PM),여,20세,중상
2021091800100531,2021년 9월 18일 18시,토요일,경상북도 영덕군 강구면,경상사고,0,0,1,0,차대차 - 측면충돌,중앙선침범,건조,맑음,교차로 - 교차로부근,승용,남,27세,상해없음,승용,남,63세,경상
2021091800100532,2021년 9월 18일 18시,토요일,경상북도 성주군 선남면,경상사고,0,0,2,0,차대차 - 추돌,안전운전불이행,건조,맑음,단일로 - 기타,화물,남,52세,경상,승용,남,52세,경상
2021091800100533,2021년 9월 18일 18시,토요일,경상북도 구미시 구포동,경상사고,0,0,3,0,차대차 - 측면충돌,안전거리미확보,건조,맑음,단일로 - 기타,승용,남,46세,상해없음,승용,남,46세,경상
2021091800100607,2021년 9월 18일 20시,토요일,경상북도 포항시 북구 두호동,경상사고,0,0,1,0,차대사람 - 기타,안전운전불이행,건조,맑음,주차장 - 주차장,승용,남,26세,상해없음,보행자,여,72세,경상
2021091800100608,2021년 9월 18일 20시,토요일,경상북도 구미시 형곡동,경상사고,0,0,2,0,차대차 - 측면충돌,안전운전불이행,건조,맑음,단일로 - 기타,승용,남,38세,상해없음,승용,남,64세,경상
2021091800100639,2021년 9월 18일 21시,토요일,경상북도 영덕군 병곡면,중상사고,0,2,1,0,차대차 - 추돌,안전운전불이행,건조,맑음,교차로 - 교차로부근,승용,여,57세,경상,승합,남,61세,중상
2021091800100671,2021년 9월 18일 22시,토요일,경상북도 포항시 북구 양덕동,중상사고,0,1,0,0,차대차 - 측면충돌,안전운전불이행,건조,맑음,단일로 - 기타,기타불명,기타불명,미분류,기타불명,승용,여,27세,중상
2021091900100016,2021년 9월 19일 02시,일요일,경상북도 안동시 옥동,경상사고,0,0,1,0,차대사람 - 보도통행중,안전운전불이행,건조,맑음,단일로 - 기타,승용,남,26세,상해없음,보행자,남,38세,경상
2021091900100031,2021년 9월 19일 05시,일요일,경상북도 구미시 인의동,중상사고,0,1,0,0,차량단독 - 공작물충돌,안전운전불이행,건조,맑음,단일로 - 기타,승용,남,27세,중상,,,,
2021091900100044,2021년 9월 19일 07시,일요일,경상북도 김천시 대항면,중상사고,0,2,1,0,차량단독 - 도로외이탈 - 추락,안전운전불이행,젖음/습기,흐림,단일로 - 기타,승용,남,52세,중상,,,,
2021091900100055,2021년 9월 19일 08시,일요일,경상북도 포항시 북구 양덕동,경상사고,0,0,1,0,차대차 - 기타,신호위반,건조,맑음,교차로 - 교차로안,승용,남,49세,상해없음,승용,남,52세,상해없음
2021091900100056,2021년 9월 19일 08시,일요일,경상북도 영천시 금호읍,부상신고사고,0,0,0,1,차대차 - 측면충돌,안전운전불이행,건조,맑음,교차로 - 교차로안,화물,남,38세,상해없음,농기계,남,43세,부상신고
2021091900100072,2021년 9월 19일 09시,일요일,경상북도 칠곡군 가산면,경상사고,0,0,2,0,차대차 - 기타,안전운전불이행,건조,맑음,단일로 - 기타,승용,남,28세,상해없음,승용,남,52세,경상
2021091900100097,2021년 9월 19일 10시,일요일,경상북도 경주시 외동읍,중상사고,0,1,0,0,차대사람 - 기타,안전운전불이행,건조,맑음,단일로 - 기타,화물,여,60세,상해없음,보행자,남,67세,중상
2021091900100098,2021년 9월 19일 10시,일요일,경상북도 김천시 성내동,경상사고,0,0,3,0,차대차 - 측면충돌,중앙선침범,건조,맑음,단일로 - 기타,화물,남,52세,상해없음,승용,남,47세,경상
2021091900100125,2021년 9월 19일 11시,일요일,경상북도 상주시 화서면,경상사고,0,0,1,0,차대차 - 측면충돌,교차로운행방법위반,건조,맑음,교차로 - 교차로안,이륜,남,17세,경상,승용,남,57세,상해없음
2021091900100126,2021년 9월 19일 11시,일요일,경상북도 예천군 풍양면,경상사고,0,0,2,0,차대차 - 측면충돌,안전운전불이행,건조,맑음,주차장 - 주차장,화물,남,65세,상해없음,승용,여,46세,경상
2021091900100127,2021년 9월 19일 11시,일요일,경상북도 울진군 울진읍,경상사고,0,0,1,0,차대사람 - 횡단중,안전운전불이행,건조,맑음,단일로 - 기타,승용,여,70세,상해없음,보행자,여,76세,경상
2021091900100175,2021년 9월 19일 13시,일요일,경상북도 경주시 율동,경상사고,0,0,1,1,차대차 - 추돌,안전운전불이행,건조,맑음,단일로 - 기타,승용,남,50세,상해없음,승용,남,32세,경상
2021091900100176,2021년 9월 19일 13시,일요일,경상북도 안동시 안막동,경상사고,0,0,2,0,차대차 - 기타,중앙선침범,건조,맑음,교차로 - 교차로부근,승용,남,36세,상해없음,승용,남,28세,경상
2021091900100177,2021년 9월 19일 13시,일요일,경상북도 고령군 개진면,경상사고,0,0,2,0,차대차 - 정면충돌,안전운전불이행,건조,맑음,단일로 - 기타,승용,남,74세,경상,승용,여,66세,경상
2021091900100214,2021년 9월 19일 14시,일요일,경상북도 구미시 해평면,중상사고,0,1,0,0,차대차 - 측면충돌,안전운전불이행,건조,맑음,교차로 - 교차로안,승용,남,52세,상해없음,자전거,남,42세,중상
2021091900100246,2021년 9월 19일 15시,일요일,경상북도 의성군 안계면,중상사고,0,1,0,0,차대사람 - 길가장자리구역통행중,안전운전불이행,건조,맑음,단일로 - 기타,승용,여,61세,상해없음,보행자,여,60세,중상
2021091900100276,2021년 9월 19일 16시,일요일,경상북도 칠곡군 북삼읍,경상사고,0,0,4,0,차대차 - 추돌,안전거리미확보,건조,맑음,단일로 - 기타,화물,남,51세,상해없음,승용,남,63세,경상
2021091900100277,2021년 9월 19일 16시,일요일,경상북도 영천시 야사동,경상사고,0,0,2,0,차대차 - 측면충돌,안전운전불이행,건조,맑음,단일로 - 기타,승용,여,58세,경상,승용,남,25세,경상
2021091900100318,2021년 9월 19일 17시,일요일,경상북도 김천시 신음동,중상사고,0,1,0,0,차대차 - 측면충돌,신호위반,건조,맑음,교차로 - 교차로횡단보도내,개인형이동수단(PM),여,11세,중상,승용,남,59세,상해없음
2021091900100319,2021년 9월 19일 17시,일요일,경상북도 군위군 우보면,사망사고,1,0,0,0,차대차 - 기타,안전운전불이행,건조,맑음,단일로 - 기타,기타불명,기타불명,미분류,기타불명,개인형이동수단(PM),남,58세,사망
2021091900100320,2021년 9월 19일 17시,일요일,경상북도 구미시 옥성면,경상사고,0,0,2,0,차대차 - 기타,중앙선침범,건조,맑음,단일로 - 기타,승용,여,61세,상해없음,승용,남,74세,경상
2021091900100321,2021년 9월 19일 17시,일요일,경상북도 구미시 공단동,경상사고,0,0,1,0,차대차 - 측면충돌,신호위반,건조,맑음,교차로 - 교차로안,승용,남,34세,상해없음,승용,남,23세,경상
2021091900100355,2021년 9월 19일 18시,일요일,경상북도 포항시 남구 해도동,경상사고,0,0,3,0,차대차 - 추돌,안전운전불이행,건조,맑음,교차로 - 교차로부근,승용,남,56세,상해없음,승용,남,27세,경상
2021091900100385,2021년 9월 19일 19시,일요일,경상북도 경주시 양남면,경상사고,0,0,1,0,차대차 - 측면충돌,교차로운행방법위반,건조,맑음,교차로 - 교차로안,화물,남,67세,상해없음,승용,여,57세,경상
2021091900100386,2021년 9월 19일 19시,일요일,경상북도 상주시 공성면,중상사고,0,1,0,0,차대차 - 추돌,안전운전불이행,건조,맑음,단일로 - 기타,화물,남,74세,상해없음,농기계,남,59세,중상
2021091900100387,2021년 9월 19일 19시,일요일,경상북도 군위군 효령면,중상사고,0,2,1,0,차대차 - 정면충돌,신호위반,건조,맑음,교차로 - 교차로안,이륜,남,27세,경상,승용,남,25세,중상
2021091900100408,2021년 9월 19일 20시,일요일,경상북도 영덕군 축산면,중상사고,0,1,0,0,차대차 - 정면충돌,중앙선침범,건조,맑음,단일로 - 기타,승용,남,26세,상해없음,화물,남,63세,중상
2021091900100409,2021년 9월 19일 20시,일요일,경상북도 포항시 남구 대도동,경상사고,0,0,1,0,차대차 - 측면충돌,교차로운행방법위반,건조,맑음,교차로 - 교차로안,승용,남,31세,상해없음,승용,여,41세,경상
2021092000100003,2021년 9월 20일 00시,월요일,경상북도 영천시 망정동,경상사고,0,0,1,0,차량단독 - 공작물충돌,안전운전불이행,건조,맑음,교차로 - 교차로안,승용,여,28세,경상,,,,
2021092000100016,2021년 9월 20일 01시,월요일,경상북도 포항시 북구 두호동,중상사고,0,1,0,0,차대사람 - 기타,중앙선침범,건조,맑음,단일로 - 기타,이륜,남,53세,상해없음,보행자,남,22세,중상
2021092000100046,2021년 9월 20일 07시,월요일,경상북도 경주시 문무대왕면,경상사고,0,0,1,0,차대차 - 추돌,안전운전불이행,건조,맑음,교차로 - 교차로부근,승용,여,43세,상해없음,승용,남,66세,경상
2021092000100066,2021년 9월 20일 09시,월요일,경상북도 경산시 중방동,경상사고,0,0,1,0,차대차 - 정면충돌,신호위반,건조,맑음,교차로 - 교차로안,화물,남,33세,상해없음,승용,남,59세,경상
2021092000100067,2021년 9월 20일 09시,월요일,경상북도 안동시 길안면,중상사고,0,1,0,0,차대차 - 측면충돌,차로위반,건조,맑음,단일로 - 터널,승용,남,71세,상해없음,승용,남,41세,중상
2021092000100068,2021년 9월 20일 09시,월요일,경상북도 경산시 옥곡동,중상사고,0,1,0,0,차대차 - 측면충돌,안전운전불이행,건조,맑음,단일로 - 기타,승용,남,51세,상해없음,승용,남,49세,중상
2021092000100091,2021년 9월 20일 10시,월요일,경상북도 포항시 남구 인덕동,경상사고,0,0,2,0,차대차 - 측면충돌,교차로운행방법위반,건조,맑음,교차로 - 교차로안,승용,남,57세,상해없음,승용,여,25세,경상
2021092000100120,2021년 9월 20일 11시,월요일,경상북도 영주시 가흥동,경상사고,0,0,1,0,차대차 - 추돌,안전운전불이행,건조,맑음,교차로 - 교차로안,승용,여,65세,상해없음,승용,여,21세,경상
2021092000100121,2021년 9월 20일 11시,월요일,경상북도 포항시 남구 오천읍,경상사고,0,0,1,0,차대사람 - 차도통행중,안전운전불이행,건조,맑음,단일로 - 기타,승용,여,63세,상해없음,보행자,남,54세,경상
2021092000100122,2021년 9월 20일 11시,월요일,경상북도 포항시 남구 오천읍,경상사고,0,0,1,0,차대차 - 추돌,안전운전불이행,건조,맑음,단일로 - 기타,승용,여,45세,상해없음,승용,남,49세,경상
2021092000100157,2021년 9월 20일 12시,월요일,경상북도 김천시 대항면,경상사고,0,0,1,0,차대차 - 측면충돌,교차로운행방법위반,건조,맑음,교차로 - 교차로안,승용,남,78세,상해없음,승용,남,45세,경상
2021092000100158,2021년 9월 20일 12시,월요일,경상북도 칠곡군 왜관읍,경상사고,0,0,1,0,차대차 - 측면충돌,중앙선침범,건조,맑음,교차로 - 교차로부근,승용,여,36세,상해없음,이륜,남,82세,경상
2021092000100190,2021년 9월 20일 13시,월요일,경상북도 포항시 북구 송라면,경상사고,0,0,1,0,차대사람 - 횡단중,보행자보호의무위반,건조,맑음,교차로 - 교차로안,승용,여,38세,상해없음,보행자,남,60세,경상
2021092000100191,2021년 9월 20일 13시,월요일,경상북도 경산시 백천동,경상사고,0,0,1,0,차대사람 - 기타,안전운전불이행,건조,맑음,기타 - 기타,승용,남,62세,상해없음,보행자,남,34세,경상
2021092000100192,2021년 9월 20일 13시,월요일,경상북도 경산시 진량읍,중상사고,0,1,0,0,차대사람 - 길가장자리구역통행중,안전운전불이행,건조,맑음,주차장 - 주차장,승용,남,46세,상해없음,보행자,남,70세,중상
2021092000100231,2021년 9월 20일 14시,월요일,경상북도 포항시 북구 기계면,경상사고,0,0,2,0,차대차 - 측면충돌,직진우회전진행방해,건조,맑음,교차로 - 교차로안,승용,여,54세,경상,승용,남,43세,경상
2021092000100232,2021년 9월 20일 14시,월요일,경상북도 영천시 신녕면,경상사고,0,0,1,0,차대사람 - 횡단중,보행자보호의무위반,건조,맑음,단일로 - 기타,화물,남,56세,상해없음,보행자,남,5세,경상
2021092000100257,2021년 9월 20일 15시,월요일,경상북도 포항시 북구 흥해읍,경상사고,0,0,1,0,차대차 - 추돌,기타,건조,맑음,단일로 - 기타,특수,남,47세,상해없음,화물,남,65세,경상
2021092000100258,2021년 9월 20일 15시,월요일,경상북도 포항시 남구 상도동,경상사고,0,0,2,0,차대차 - 측면충돌,교차로운행방법위반,건조,맑음,교차로 - 교차로횡단보도내,승용,남,28세,상해없음,승용,남,25세,경상
2021092000100292,2021년 9월 20일 16시,월요일,경상북도 경산시 사정동,경상사고,0,0,1,0,차대차 - 측면충돌,신호위반,건조,맑음,교차로 - 교차로부근,승용,남,49세,기타불명,승용,남,32세,경상
2021092000100293,2021년 9월 20일 16시,월요일,경상북도 포항시 남구 상도동,경상사고,0,0,1,0,차대사람 - 차도통행중,안전운전불이행,건조,맑음,단일로 - 지하차도(도로)내,승용,남,28세,상해없음,보행자,여,65세,경상
2021092000100294,2021년 9월 20일 16시,월요일,경상북도 포항시 남구 오천읍,경상사고,0,0,1,0,차대차 - 측면충돌,안전운전불이행,건조,흐림,단일로 - 기타,승용,여,69세,경상,승용,남,62세,상해없음
2021092000100322,2021년 9월 20일 17시,월요일,경상북도 의성군 금성면,경상사고,0,0,2,0,차대차 - 추돌,안전운전불이행,건조,맑음,교차로 - 교차로부근,승용,남,63세,경상,화물,남,57세,경상
2021092000100323,2021년 9월 20일 17시,월요일,경상북도 경산시 중방동,경상사고,0,0,1,0,차대사람 - 길가장자리구역통행중,안전운전불이행,건조,맑음,단일로 - 기타,승용,남,73세,상해없음,보행자,남,7세,경상
2021092000100350,2021년 9월 20일 18시,월요일,경상북도 영천시 오미동,경상사고,0,0,2,0,차대차 - 추돌,안전운전불이행,건조,맑음,단일로 - 기타,승용,남,23세,상해없음,승용,남,55세,경상
2021092000100351,2021년 9월 20일 18시,월요일,경상북도 성주군 초전면,중상사고,0,1,1,0,차대차 - 측면충돌,신호위반,건조,맑음,교차로 - 교차로안,승용,남,49세,상해없음,화물,여,49세,중상
2021092000100352,2021년 9월 20일 18시,월요일,경상북도 울진군 죽변면,경상사고,0,0,4,0,차대차 - 추돌,안전운전불이행,건조,맑음,단일로 - 기타,승용,남,57세,상해없음,승용,남,55세,경상
2021092000100379,2021년 9월 20일 19시,월요일,경상북도 김천시 평화동,중상사고,0,1,0,0,차대차 - 측면충돌,안전운전불이행,건조,흐림,교차로 - 교차로횡단보도내,승용,남,69세,상해없음,개인형이동수단(PM),여,14세,중상
2021092000100397,2021년 9월 20일 20시,월요일,경상북도 안동시 송현동,경상사고,0,0,3,0,차대차 - 기타,교차로운행방법위반,기타,기타,기타 - 기타,승용,남,40세,경상,승용,남,59세,경상
2021092000100398,2021년 9월 20일 20시,월요일,경상북도 경산시 삼북동,중상사고,0,1,1,0,차대차 - 측면충돌,안전운전불이행,건조,맑음,교차로 - 교차로안,자전거,남,79세,경상,이륜,남,28세,중상
2021092000100421,2021년 9월 20일 21시,월요일,경상북도 경주시 외동읍,경상사고,0,0,1,0,차대사람 - 횡단중,신호위반,건조,맑음,교차로 - 교차로안,승용,남,59세,상해없음,보행자,남,21세,경상
2021092000100422,2021년 9월 20일 21시,월요일,경상북도 김천시 평화동,중상사고,0,1,0,0,차대차 - 측면충돌,교차로운행방법위반,건조,맑음,교차로 - 교차로안,승용,남,50세,상해없음,이륜,남,24세,중상
2021092000100423,2021년 9월 20일 21시,월요일,경상북도 김천시 아포읍,경상사고,0,0,2,0,차대차 - 추돌,안전운전불이행,건조,맑음,교차로 - 교차로부근,승용,남,26세,상해없음,승용,여,33세,경상
2021092000100424,2021년 9월 20일 21시,월요일,경상북도 경산시 대동,경상사고,0,0,1,0,차대차 - 기타,안전거리미확보,건조,맑음,단일로 - 기타,승용,남,27세,상해없음,승용,남,59세,상해없음
2021092000100457,2021년 9월 20일 23시,월요일,경상북도 상주시 무양동,경상사고,0,0,1,0,차대차 - 기타,안전운전불이행,건조,맑음,교차로 - 교차로부근,승용,남,21세,상해없음,이륜,남,35세,경상
2021092000100458,2021년 9월 20일 23시,월요일,경상북도 문경시 불정동,경상사고,0,0,2,0,차대차 - 측면충돌,안전운전불이행,건조,맑음,단일로 - 기타,승용,남,38세,상해없음,승용,남,40세,경상
2021092100100004,2021년 9월 21일 00시,화요일,경상북도 구미시 황상동,경상사고,0,0,2,0,차대차 - 기타,안전운전불이행,건조,맑음,단일로 - 기타,승용,남,59세,상해없음,승용,남,25세,경상
2021092100100022,2021년 9월 21일 04시,화요일,경상북도 구미시 사곡동,중상사고,0,1,1,0,차대차 - 정면충돌,안전운전불이행,건조,맑음,단일로 - 기타,이륜,남,15세,중상,승용,남,41세,경상
2021092100100025,2021년 9월 21일 05시,화요일,경상북도 안동시 옥야동,사망사고,1,0,0,0,차대차 - 측면충돌,신호위반,건조,맑음,교차로 - 교차로안,이륜,남,69세,사망,승용,남,62세,상해없음
2021092100100034,2021년 9월 21일 08시,화요일,경상북도 포항시 북구 득량동,경상사고,0,0,2,0,차대차 - 측면충돌,안전운전불이행,건조,맑음,교차로 - 교차로안,승용,남,68세,상해없음,승용,남,35세,경상
2021092100100045,2021년 9월 21일 09시,화요일,경상북도 영천시 자양면,경상사고,0,0,1,0,차대차 - 측면충돌,중앙선침범,건조,맑음,단일로 - 기타,승용,남,49세,상해없음,이륜,남,39세,경상
2021092100100046,2021년 9월 21일 09시,화요일,경상북도 구미시 옥계동,경상사고,0,0,3,0,차대차 - 측면충돌,중앙선침범,젖음/습기,비,단일로 - 기타,승용,남,52세,상해없음,승용,남,34세,경상
2021092100100055,2021년 9월 21일 10시,화요일,경상북도 구미시 도량동,경상사고,0,0,4,0,차대차 - 측면충돌,신호위반,젖음/습기,비,단일로 - 기타,승용,남,34세,경상,승용,여,59세,경상
2021092100100074,2021년 9월 21일 11시,화요일,경상북도 포항시 북구 여천동,경상사고,0,0,1,0,차대차 - 기타,신호위반,건조,맑음,교차로 - 교차로안,화물,남,33세,경상,승용,남,67세,상해없음
2021092100100075,2021년 9월 21일 11시,화요일,경상북도 구미시 원평동,경상사고,0,0,1,0,차대차 - 기타,교차로운행방법위반,젖음/습기,비,교차로 - 교차로안,이륜,남,46세,경상,승용,남,54세,상해없음
2021092100100097,2021년 9월 21일 12시,화요일,경상북도 고령군 쌍림면,경상사고,0,0,2,0,차대차 - 정면충돌,안전운전불이행,젖음/습기,흐림,단일로 - 기타,승용,여,54세,상해없음,화물,여,59세,경상
2021092100100152,2021년 9월 21일 14시,화요일,경상북도 경주시 황오동,사망사고,1,0,0,0,차대사람 - 기타,안전운전불이행,젖음/습기,흐림,단일로 - 기타,승용,남,63세,상해없음,보행자,남,62세,사망
2021092100100180,2021년 9월 21일 15시,화요일,경상북도 경주시 강동면,부상신고사고,0,0,0,1,차대차 - 측면충돌,신호위반,건조,맑음,교차로 - 교차로안,승용,남,44세,부상신고,승합,남,64세,상해없음
2021092100100210,2021년 9월 21일 16시,화요일,경상북도 경주시 외동읍,경상사고,0,0,1,0,차량단독 - 기타,안전운전불이행,건조,맑음,단일로 - 기타,개인형이동수단(PM),남,74세,경상,,,,
2021092100100211,2021년 9월 21일 16시,화요일,경상북도 문경시 문경읍,경상사고,0,0,1,0,차대차 - 후진중충돌,안전운전불이행,건조,맑음,단일로 - 기타,승용,남,57세,상해없음,승용,여,27세,경상
2021092100100241,2021년 9월 21일 17시,화요일,경상북도 영덕군 강구면,중상사고,0,3,1,0,차대차 - 추돌,안전운전불이행,건조,맑음,교차로 - 교차로부근,승용,여,39세,상해없음,승용,남,26세,경상
2021092100100268,2021년 9월 21일 18시,화요일,경상북도 안동시 상아동,부상신고사고,0,0,0,1,차대차 - 기타,안전운전불이행,건조,맑음,교차로 - 교차로부근,승용,남,30세,기타불명,이륜,남,39세,부상신고
2021092100100269,2021년 9월 21일 18시,화요일,경상북도 김천시 교동,경상사고,0,0,1,0,차대차 - 측면충돌,안전운전불이행,건조,맑음,기타 - 기타,승용,남,21세,상해없음,승용,남,28세,경상
2021092100100287,2021년 9월 21일 19시,화요일,경상북도 고령군 쌍림면,경상사고,0,0,2,0,차대차 - 측면충돌,안전운전불이행,건조,맑음,교차로 - 교차로안,승용,남,63세,상해없음,승용,남,32세,경상
2021092100100307,2021년 9월 21일 20시,화요일,경상북도 칠곡군 약목면,중상사고,0,1,0,0,차대차 - 기타,직진우회전진행방해,건조,맑음,교차로 - 교차로안,승용,여,50세,상해없음,승용,남,27세,중상
2021092100100329,2021년 9월 21일 21시,화요일,경상북도 경주시 문무대왕면,경상사고,0,0,2,0,차대차 - 측면충돌,중앙선침범,건조,맑음,교차로 - 교차로안,승용,여,30세,상해없음,승용,남,43세,경상
2021092100100330,2021년 9월 21일 21시,화요일,경상북도 포항시 북구 두호동,중상사고,0,1,0,0,차대사람 - 횡단중,안전운전불이행,건조,맑음,교차로 - 교차로부근,승용,남,63세,상해없음,보행자,여,40세,중상
2021092100100331,2021년 9월 21일 21시,화요일,경상북도 구미시 고아읍,경상사고,0,0,1,0,차대차 - 기타,안전운전불이행,건조,맑음,교차로 - 교차로안,승용,남,38세,상해없음,이륜,남,19세,경상
2021092100100366,2021년 9월 21일 23시,화요일,경상북도 안동시 평화동,경상사고,0,0,1,0,차량단독 - 기타,안전운전불이행,건조,맑음,교차로 - 교차로안,이륜,남,58세,경상,,,,
2021092100100367,2021년 9월 21일 23시,화요일,경상북도 의성군 비안면,경상사고,0,0,1,0,차대차 - 측면충돌,안전운전불이행,젖음/습기,안개,단일로 - 기타,승용,여,57세,상해없음,승용,남,41세,경상
2021092200100027,2021년 9월 22일 02시,수요일,경상북도 구미시 인의동,경상사고,0,0,1,0,차대사람 - 차도통행중,안전운전불이행,건조,맑음,단일로 - 기타,승용,남,51세,상해없음,보행자,여,66세,경상
2021092200100043,2021년 9월 22일 06시,수요일,경상북도 경산시 사동,경상사고,0,0,1,0,차대차 - 측면충돌,안전운전불이행,건조,맑음,주차장 - 주차장,화물,남,77세,상해없음,승용,남,53세,경상
2021092200100049,2021년 9월 22일 07시,수요일,경상북도 영천시 망정동,경상사고,0,0,1,1,차대차 - 추돌,안전운전불이행,건조,맑음,교차로 - 교차로부근,승용,남,28세,상해없음,승용,남,64세,경상
2021092200100057,2021년 9월 22일 08시,수요일,경상북도 포항시 남구 이동,부상신고사고,0,0,0,1,차대차 - 측면충돌,차로위반,건조,맑음,교차로 - 교차로횡단보도내,승용,남,77세,부상신고,승용,여,22세,상해없음
2021092200100078,2021년 9월 22일 10시,수요일,경상북도 포항시 북구 흥해읍,경상사고,0,0,1,0,차대차 - 측면충돌,안전운전불이행,건조,맑음,교차로 - 교차로안,이륜,남,80세,경상,승용,여,40세,상해없음
2021092200100094,2021년 9월 22일 11시,수요일,경상북도 구미시 고아읍,경상사고,0,0,2,0,차대차 - 기타,차로위반,건조,맑음,단일로 - 기타,승용,여,56세,상해없음,승용,남,49세,경상
2021092200100120,2021년 9월 22일 12시,수요일,경상북도 고령군 대가야읍,경상사고,0,0,1,0,차대차 - 측면충돌,안전운전불이행,건조,맑음,교차로 - 교차로안,승용,남,69세,상해없음,개인형이동수단(PM),여,25세,경상