사고번호,사고일시,요일,시군구,사고내용,사망자수,중상자수,경상자수,부상신고자수,사고유형,법규위반,노면상태,기상상태,도로형태,가해운전자 차종,가해운전자 성별,가해운전자 연령,가해운전자 상해정도,피해운전자 차종,피해운전자 성별,피해운전자 연령,피해운전자 상해정도
2021092600100042,2021년 9월 26일 07시,일요일,경상북도 김천시 대항면,중상사고,0,1,1,0,차대차 - 측면충돌,신호위반,건조,맑음,교차로 - 교차로안,승용,남,67세,경상,화물,남,66세,중상
2021092600100043,2021년 9월 26일 07시,일요일,경상북도 구미시 고아읍,경상사고,0,0,1,1,차대차 - 측면충돌,안전운전불이행,건조,맑음,단일로 - 기타,승용,남,27세,부상신고,승용,남,63세,경상
2021092600100081,2021년 9월 26일 10시,일요일,경상북도 포항시 남구 오천읍,경상사고,0,0,1,0,차대차 - 기타,중앙선침범,건조,맑음,기타 - 기타,자전거,남,63세,상해없음,승용,여,43세,상해없음
2021092600100102,2021년 9월 26일 11시,일요일,경상북도 포항시 남구 오천읍,중상사고,0,1,0,0,차대차 - 측면충돌,안전운전불이행,건조,맑음,단일로 - 기타,승용,남,27세,상해없음,이륜,남,37세,중상
2021092600100130,2021년 9월 26일 12시,일요일,경상북도 안동시 옥동,경상사고,0,0,1,0,차대차 - 측면충돌,안전운전불이행,건조,맑음,단일로 - 기타,승용,여,64세,상해없음,승용,여,49세,경상
2021092600100131,2021년 9월 26일 12시,일요일,경상북도 경산시 압량읍,경상사고,0,0,1,0,차대차 - 기타,안전거리미확보,건조,맑음,단일로 - 기타,화물,남,67세,상해없음,승용,여,52세,경상
2021092600100157,2021년 9월 26일 13시,일요일,경상북도 군위군 부계면,부상신고사고,0,0,0,2,차대차 - 후진중충돌,안전운전불이행,건조,맑음,주차장 - 주차장,승용,남,68세,상해없음,승용,남,40세,부상신고
2021092600100186,2021년 9월 26일 14시,일요일,경상북도 경산시 사동,중상사고,0,1,0,0,차대차 - 추돌,안전운전불이행,건조,맑음,단일로 - 기타,승용,남,58세,상해없음,자전거,남,42세,중상
2021092600100187,2021년 9월 26일 14시,일요일,경상북도 청도군 운문면,경상사고,0,0,1,0,차대차 - 측면충돌,안전거리미확보,건조,맑음,단일로 - 기타,이륜,남,36세,경상,승용,남,28세,상해없음
2021092600100188,2021년 9월 26일 14시,일요일,경상북도 청도군 청도읍,경상사고,0,0,1,0,차량단독 - 공작물충돌,안전운전불이행,건조,맑음,단일로 - 교량,이륜,남,52세,경상,,,,
2021092600100189,2021년 9월 26일 14시,일요일,경상북도 포항시 북구 기계면,중상사고,0,1,0,0,차량단독 - 공작물충돌,안전운전불이행,건조,맑음,단일로 - 기타,승용,남,22세,중상,,,,
2021092600100248,2021년 9월 26일 16시,일요일,경상북도 경주시 진현동,경상사고,0,0,2,0,차대차 - 후진중충돌,안전운전불이행,건조,맑음,교차로 - 교차로부근,승용,남,74세,상해없음,승용,남,42세,경상
2021092600100249,2021년 9월 26일 16시,일요일,경상북도 김천시 신음동,경상사고,0,0,1,0,차대사람 - 횡단중,보행자보호의무위반,건조,맑음,기타 - 기타,승용,남,79세,상해없음,보행자,남,1세,경상
2021092600100274,2021년 9월 26일 17시,일요일,경상북도 안동시 삼산동,경상사고,0,0,1,0,차대사람 - 기타,안전운전불이행,건조,맑음,교차로 - 교차로부근,승용,남,57세,상해없음,보행자,남,41세,경상
2021092600100275,2021년 9월 26일 17시,일요일,경상북도 군위군 부계면,중상사고,0,1,0,0,차대차 - 정면충돌,중앙선침범,건조,맑음,단일로 - 기타,승용,남,61세,상해없음,이륜,남,45세,중상
2021092600100276,2021년 9월 26일 17시,일요일,경상북도 포항시 남구 호미곶면,중상사고,0,1,1,0,차대차 - 측면충돌,기타,건조,맑음,교차로 - 교차로안,특수,남,39세,상해없음,승용,여,27세,중상
2021092600100373,2021년 9월 26일 21시,일요일,경상북도 상주시 낙동면,경상사고,0,0,1,0,차대차 - 추돌,안전운전불이행,건조,맑음,단일로 - 교량,기타불명,기타불명,미분류,기타불명,승용,여,37세,경상
2021092600100392,2021년 9월 26일 22시,일요일,경상북도 영주시 가흥동,중상사고,0,1,0,0,차대사람 - 기타,안전운전불이행,건조,맑음,기타 - 기타,승용,남,32세,상해없음,보행자,남,25세,중상
2021092700100066,2021년 9월 27일 07시,월요일,경상북도 포항시 북구 용흥동,경상사고,0,0,1,0,차대차 - 추돌,안전거리미확보,건조,맑음,단일로 - 고가도로위,승용,남,64세,상해없음,승용,남,67세,경상
2021092700100067,2021년 9월 27일 07시,월요일,경상북도 상주시 낙양동,경상사고,0,0,1,0,차대차 - 측면충돌,교차로운행방법위반,건조,맑음,교차로 - 교차로안,이륜,남,61세,경상,승용,남,31세,상해없음
2021092700100068,2021년 9월 27일 07시,월요일,경상북도 칠곡군 지천면,경상사고,0,0,3,0,차대차 - 추돌,안전거리미확보,건조,맑음,단일로 - 기타,승합,남,75세,상해없음,승용,여,37세,경상
2021092700100094,2021년 9월 27일 08시,월요일,경상북도 포항시 북구 용흥동,경상사고,0,0,1,0,차대사람 - 횡단중,보행자보호의무위반,건조,맑음,교차로 - 교차로안,승용,남,66세,상해없음,보행자,여,52세,경상
2021092700100095,2021년 9월 27일 08시,월요일,경상북도 성주군 성주읍,경상사고,0,0,1,0,차대차 - 기타,안전운전불이행,건조,맑음,단일로 - 기타,승용,여,21세,상해없음,자전거,남,19세,경상
2021092700100115,2021년 9월 27일 09시,월요일,경상북도 포항시 북구 죽도동,경상사고,0,0,1,0,차대차 - 측면충돌,직진우회전진행방해,건조,맑음,교차로 - 교차로안,승합,남,72세,상해없음,자전거,여,66세,경상
2021092700100116,2021년 9월 27일 09시,월요일,경상북도 구미시 도량동,중상사고,0,1,0,0,차대차 - 측면충돌,직진우회전진행방해,건조,맑음,교차로 - 교차로안,승용,남,35세,상해없음,화물,남,67세,중상
2021092700100149,2021년 9월 27일 10시,월요일,경상북도 안동시 법상동,경상사고,0,0,1,0,차대사람 - 횡단중,안전운전불이행,건조,맑음,단일로 - 기타,승용,여,60세,상해없음,보행자,남,59세,경상
2021092700100180,2021년 9월 27일 11시,월요일,경상북도 포항시 북구 죽도동,경상사고,0,0,1,0,차대차 - 추돌,안전거리미확보,건조,맑음,단일로 - 기타,승용,남,56세,상해없음,승용,남,43세,경상
2021092700100181,2021년 9월 27일 11시,월요일,경상북도 구미시 송정동,경상사고,0,0,1,0,차대차 - 측면충돌,안전운전불이행,건조,맑음,단일로 - 기타,이륜,남,17세,상해없음,이륜,남,41세,경상
2021092700100214,2021년 9월 27일 12시,월요일,경상북도 안동시 녹전면,경상사고,0,0,2,0,차대차 - 후진중충돌,안전운전불이행,건조,맑음,단일로 - 기타,화물,남,61세,경상,화물,남,73세,경상
2021092700100215,2021년 9월 27일 12시,월요일,경상북도 김천시 율곡동,경상사고,0,0,1,0,차대차 - 측면충돌,신호위반,건조,맑음,교차로 - 교차로안,화물,남,53세,상해없음,승용,여,39세,경상
2021092700100216,2021년 9월 27일 12시,월요일,경상북도 상주시 무양동,중상사고,0,1,1,0,차대차 - 기타,안전거리미확보,건조,맑음,기타 - 기타,화물,남,57세,경상,이륜,여,36세,중상
2021092700100217,2021년 9월 27일 12시,월요일,경상북도 영천시 봉동,경상사고,0,0,2,0,차대차 - 측면충돌,안전운전불이행,건조,맑음,단일로 - 기타,승용,여,56세,경상,이륜,남,82세,경상
2021092700100245,2021년 9월 27일 13시,월요일,경상북도 경산시 와촌면,중상사고,0,1,0,0,차대차 - 정면충돌,안전운전불이행,건조,맑음,교차로 - 교차로안,승용,남,80세,상해없음,이륜,남,56세,중상
2021092700100246,2021년 9월 27일 13시,월요일,경상북도 포항시 남구 오천읍,경상사고,0,0,1,0,차대차 - 후진중충돌,안전운전불이행,건조,맑음,교차로 - 교차로부근,승용,남,54세,상해없음,이륜,남,52세,경상
2021092700100277,2021년 9월 27일 14시,월요일,경상북도 경주시 배반동,중상사고,0,1,1,0,차대차 - 측면충돌,안전운전불이행,건조,맑음,교차로 - 교차로안,승용,남,59세,상해없음,승용,남,37세,경상
2021092700100278,2021년 9월 27일 14시,월요일,경상북도 김천시 지좌동,경상사고,0,0,1,0,차대차 - 정면충돌,중앙선침범,건조,맑음,기타 - 기타,승용,남,73세,상해없음,화물,남,65세,경상
2021092700100312,2021년 9월 27일 15시,월요일,경상북도 구미시 진평동,경상사고,0,0,1,0,차대차 - 측면충돌,안전운전불이행,건조,맑음,교차로 - 교차로안,승용,남,25세,상해없음,이륜,남,37세,경상
2021092700100313,2021년 9월 27일 15시,월요일,경상북도 포항시 남구 해도동,경상사고,0,0,1,0,차대차 - 측면충돌,안전운전불이행,건조,맑음,교차로 - 교차로안,승용,남,51세,상해없음,이륜,남,47세,경상
2021092700100351,2021년 9월 27일 16시,월요일,경상북도 경주시 서부동,경상사고,0,0,1,0,차대차 - 측면충돌,안전운전불이행,건조,맑음,교차로 - 교차로안,화물,남,58세,상해없음,승용,남,64세,경상
2021092700100384,2021년 9월 27일 17시,월요일,경상북도 영주시 가흥동,중상사고,0,1,0,0,차대차 - 측면충돌,안전운전불이행,건조,맑음,기타 - 기타,화물,남,63세,상해없음,자전거,남,71세,중상
2021092700100385,2021년 9월 27일 17시,월요일,경상북도 성주군 성주읍,경상사고,0,0,1,0,차대차 - 측면충돌,안전운전불이행,건조,맑음,교차로 - 교차로부근,승용,여,58세,상해없음,건설기계,남,50세,경상
2021092700100428,2021년 9월 27일 18시,월요일,경상북도 안동시 일직면,사망사고,1,0,0,0,차량단독 - 전도전복 - 전도,안전운전불이행,건조,맑음,교차로 - 교차로안,농기계,남,63세,사망,,,,
2021092700100429,2021년 9월 27일 18시,월요일,경상북도 영주시 가흥동,중상사고,0,1,0,1,차대사람 - 차도통행중,안전운전불이행,젖음/습기,비,교차로 - 교차로부근,이륜,남,18세,부상신고,보행자,여,88세,중상
2021092700100467,2021년 9월 27일 19시,월요일,경상북도 안동시 옥동,경상사고,0,0,1,0,차대사람 - 횡단중,보행자보호의무위반,건조,맑음,단일로 - 기타,이륜,남,25세,상해없음,보행자,여,43세,경상
2021092700100468,2021년 9월 27일 19시,월요일,경상북도 구미시 부곡동,경상사고,0,0,1,0,차대차 - 추돌,안전운전불이행,건조,맑음,단일로 - 기타,승용,여,50세,상해없음,승용,남,60세,경상
2021092700100469,2021년 9월 27일 19시,월요일,경상북도 포항시 남구 오천읍,중상사고,0,1,0,1,차대차 - 측면충돌,안전운전불이행,건조,맑음,교차로 - 교차로부근,승용,여,44세,부상신고,이륜,여,43세,중상
2021092700100522,2021년 9월 27일 21시,월요일,경상북도 영주시 가흥동,경상사고,0,0,1,0,차대차 - 측면충돌,안전운전불이행,건조,맑음,교차로 - 교차로안,승용,남,61세,상해없음,승용,남,64세,상해없음
2021092700100536,2021년 9월 27일 22시,월요일,경상북도 경주시 동천동,경상사고,0,0,1,0,차대차 - 측면충돌,안전운전불이행,건조,맑음,단일로 - 지하차도(도로)내,승용,여,40세,상해없음,승용,남,28세,경상
2021092700100537,2021년 9월 27일 22시,월요일,경상북도 김천시 감천면,경상사고,0,0,1,0,차량단독 - 전도전복 - 전도,안전운전불이행,건조,맑음,교차로 - 교차로안,화물,남,66세,경상,,,,
2021092700100538,2021년 9월 27일 22시,월요일,경상북도 포항시 남구 연일읍,경상사고,0,0,1,0,차대차 - 측면충돌,안전운전불이행,건조,맑음,교차로 - 교차로안,이륜,남,39세,경상,승용,남,52세,상해없음
2021092700100539,2021년 9월 27일 22시,월요일,경상북도 김천시 아포읍,사망사고,1,0,1,0,차대차 - 추돌,안전운전불이행,건조,맑음,단일로 - 기타,화물,남,42세,사망,화물,남,50세,경상
2021092700100540,2021년 9월 27일 22시,월요일,경상북도 고령군 성산면,사망사고,1,1,0,0,차대차 - 추돌,안전운전불이행,건조,흐림,단일로 - 기타,특수,남,58세,사망,화물,남,48세,중상
2021092700100554,2021년 9월 27일 23시,월요일,경상북도 고령군 성산면,중상사고,0,2,0,0,차대차 - 추돌,안전운전불이행,건조,맑음,단일로 - 기타,특수,남,59세,중상,특수,남,45세,중상
2021092800100015,2021년 9월 28일 02시,화요일,경상북도 군위군 군위읍,경상사고,0,0,1,0,차대차 - 측면충돌,안전운전불이행,건조,맑음,교차로 - 교차로안,이륜,남,62세,경상,화물,남,49세,상해없음
2021092800100051,2021년 9월 28일 07시,화요일,경상북도 안동시 태화동,경상사고,0,0,1,0,차대차 - 측면충돌,직진우회전진행방해,기타,기타,교차로 - 교차로안,승용,여,32세,상해없음,화물,남,39세,경상
2021092800100052,2021년 9월 28일 07시,화요일,경상북도 상주시 남성동,경상사고,0,0,1,0,차대차 - 측면충돌,안전운전불이행,건조,맑음,단일로 - 기타,승합,남,67세,상해없음,자전거,남,17세,경상
2021092800100084,2021년 9월 28일 08시,화요일,경상북도 안동시 도산면,경상사고,0,0,1,0,차대차 - 기타,안전운전불이행,건조,맑음,단일로 - 기타,건설기계,남,56세,상해없음,승용,여,38세,경상
2021092800100124,2021년 9월 28일 09시,화요일,경상북도 성주군 금수면,경상사고,0,0,2,0,차대차 - 후진중충돌,안전운전불이행,건조,맑음,단일로 - 기타,화물,남,61세,상해없음,화물,남,60세,경상
2021092800100206,2021년 9월 28일 12시,화요일,경상북도 상주시 함창읍,경상사고,0,0,1,0,차대차 - 측면충돌,안전운전불이행,건조,맑음,단일로 - 기타,화물,남,39세,상해없음,이륜,여,53세,경상
2021092800100207,2021년 9월 28일 12시,화요일,경상북도 청도군 화양읍,중상사고,0,1,0,0,차대차 - 측면충돌,중앙선침범,건조,맑음,단일로 - 기타,건설기계,남,51세,상해없음,화물,남,54세,중상
2021092800100208,2021년 9월 28일 12시,화요일,경상북도 구미시 도량동,중상사고,0,1,0,1,차대사람 - 횡단중,안전운전불이행,건조,맑음,단일로 - 기타,이륜,남,60세,부상신고,보행자,여,61세,중상
2021092800100209,2021년 9월 28일 12시,화요일,경상북도 구미시 형곡동,경상사고,0,0,1,0,차대차 - 기타,안전운전불이행,건조,맑음,교차로 - 교차로안,화물,남,54세,상해없음,승용,여,48세,경상
2021092800100234,2021년 9월 28일 13시,화요일,경상북도 영천시 완산동,경상사고,0,0,1,0,차대차 - 측면충돌,안전운전불이행,건조,맑음,교차로 - 교차로안,승용,남,67세,상해없음,승용,여,64세,경상
2021092800100273,2021년 9월 28일 14시,화요일,경상북도 청송군 부남면,중상사고,0,1,0,0,차대차 - 측면충돌,직진우회전진행방해,건조,맑음,교차로 - 교차로안,승용,여,49세,상해없음,이륜,남,65세,중상
2021092800100363,2021년 9월 28일 17시,화요일,경상북도 안동시 풍천면,경상사고,0,0,1,0,차대차 - 정면충돌,신호위반,건조,맑음,교차로 - 교차로안,승용,남,30세,상해없음,화물,남,50세,경상
2021092800100364,2021년 9월 28일 17시,화요일,경상북도 영주시 풍기읍,경상사고,0,0,1,0,차대차 - 추돌,안전운전불이행,건조,맑음,단일로 - 기타,승용,남,69세,상해없음,화물,남,66세,경상
2021092800100365,2021년 9월 28일 17시,화요일,경상북도 경산시 계양동,경상사고,0,0,1,0,차대차 - 측면충돌,안전운전불이행,건조,맑음,교차로 - 교차로안,화물,남,52세,상해없음,승용,여,51세,경상
2021092800100366,2021년 9월 28일 17시,화요일,경상북도 포항시 남구 장흥동,경상사고,0,0,1,0,차대차 - 추돌,안전운전불이행,건조,맑음,단일로 - 기타,승용,여,58세,상해없음,승용,남,64세,경상
2021092800100421,2021년 9월 28일 18시,화요일,경상북도 포항시 북구 우현동,경상사고,0,0,2,0,차대차 - 추돌,안전운전불이행,건조,맑음,교차로 - 교차로부근,승합,남,67세,상해없음,승용,남,35세,경상
2021092800100422,2021년 9월 28일 18시,화요일,경상북도 포항시 북구 장성동,경상사고,0,0,1,0,차대차 - 기타,안전운전불이행,건조,맑음,단일로 - 기타,승용,여,62세,상해없음,승용,여,48세,경상
2021092800100423,2021년 9월 28일 18시,화요일,경상북도 안동시 옥동,중상사고,0,1,0,0,차대사람 - 횡단중,보행자보호의무위반,젖음/습기,비,교차로 - 교차로횡단보도내,화물,남,28세,상해없음,보행자,여,28세,중상
2021092800100424,2021년 9월 28일 18시,화요일,경상북도 김천시 구성면,중상사고,0,2,0,0,차대차 - 추돌,안전운전불이행,건조,맑음,교차로 - 교차로부근,승용,남,38세,상해없음,승용,남,56세,중상
2021092800100425,2021년 9월 28일 18시,화요일,경상북도 영천시 금호읍,중상사고,0,1,0,0,차대사람 - 기타,안전운전불이행,건조,흐림,교차로 - 교차로부근,승용,여,57세,상해없음,보행자,여,75세,중상
2021092800100426,2021년 9월 28일 18시,화요일,경상북도 영천시 화산면,경상사고,0,0,1,0,차대사람 - 길가장자리구역통행중,안전운전불이행,건조,맑음,단일로 - 기타,승용,여,67세,상해없음,보행자,여,31세,경상
2021092800100427,2021년 9월 28일 18시,화요일,경상북도 구미시 선산읍,경상사고,0,0,1,0,차대차 - 기타,중앙선침범,건조,맑음,단일로 - 기타,승용,남,57세,상해없음,승용,남,32세,경상
2021092800100484,2021년 9월 28일 19시,화요일,경상북도 경산시 평산동,경상사고,0,0,1,0,차대차 - 측면충돌,신호위반,건조,맑음,교차로 - 교차로안,승용,여,40세,상해없음,이륜,남,23세,경상
2021092800100556,2021년 9월 28일 21시,화요일,경상북도 포항시 남구 대잠동,중상사고,0,2,0,0,차대사람 - 횡단중,안전운전불이행,건조,맑음,단일로 - 기타,이륜,남,33세,중상,보행자,남,13세,중상
2021092800100615,2021년 9월 28일 23시,화요일,경상북도 안동시 옥동,경상사고,0,0,1,0,차대사람 - 기타,안전운전불이행,건조,맑음,교차로 - 교차로부근,이륜,남,62세,상해없음,보행자,남,32세,경상
2021092900100013,2021년 9월 29일 01시,수요일,경상북도 경산시 압량읍,사망사고,1,0,0,0,차대차 - 측면충돌,안전운전불이행,젖음/습기,비,교차로 - 교차로안,승용,남,24세,상해없음,승용,남,26세,상해없음
2021092900100020,2021년 9월 29일 02시,수요일,경상북도 경산시 옥산동,중상사고,0,1,0,0,차량단독 - 전도전복 - 전도,안전운전불이행,젖음/습기,흐림,단일로 - 기타,이륜,남,39세,중상,,,,
2021092900100036,2021년 9월 29일 05시,수요일,경상북도 칠곡군 북삼읍,중상사고,0,1,0,0,차대사람 - 차도통행중,안전운전불이행,건조,맑음,단일로 - 기타,승용,남,28세,상해없음,보행자,남,59세,중상
2021092900100062,2021년 9월 29일 07시,수요일,경상북도 김천시 대광동,경상사고,0,0,1,0,차대차 - 측면충돌,직진우회전진행방해,건조,맑음,교차로 - 교차로안,승용,남,51세,상해없음,승용,여,62세,상해없음
2021092900100094,2021년 9월 29일 08시,수요일,경상북도 안동시 풍천면,경상사고,0,0,2,0,차대차 - 측면충돌,안전운전불이행,건조,맑음,단일로 - 기타,승용,남,62세,경상,승용,여,37세,경상
2021092900100095,2021년 9월 29일 08시,수요일,경상북도 고령군 대가야읍,중상사고,0,1,0,0,차대차 - 기타,안전운전불이행,건조,흐림,단일로 - 기타,승용,여,66세,상해없음,이륜,여,66세,중상
2021092900100129,2021년 9월 29일 09시,수요일,경상북도 포항시 북구 환호동,경상사고,0,0,1,0,차대차 - 기타,안전운전불이행,건조,맑음,단일로 - 기타,화물,남,51세,상해없음,승용,여,52세,경상
2021092900100155,2021년 9월 29일 10시,수요일,경상북도 의성군 비안면,중상사고,0,2,0,0,차대차 - 추돌,안전운전불이행,건조,맑음,단일로 - 기타,승합,남,65세,중상,승용,여,43세,중상
2021092900100156,2021년 9월 29일 10시,수요일,경상북도 문경시 점촌동,경상사고,0,0,2,0,차대차 - 측면충돌,기타,건조,맑음,교차로 - 교차로안,화물,남,66세,경상,승용,남,58세,경상
2021092900100157,2021년 9월 29일 10시,수요일,경상북도 칠곡군 지천면,경상사고,0,0,2,0,차대차 - 추돌,안전거리미확보,건조,맑음,단일로 - 기타,화물,남,58세,상해없음,화물,남,41세,경상
2021092900100192,2021년 9월 29일 11시,수요일,경상북도 상주시 무양동,경상사고,0,0,2,0,차대차 - 추돌,안전운전불이행,젖음/습기,비,교차로 - 교차로부근,승합,남,45세,상해없음,승용,남,69세,경상
2021092900100193,2021년 9월 29일 11시,수요일,경상북도 포항시 남구 상도동,중상사고,0,1,0,0,차대차 - 측면충돌,안전운전불이행,건조,맑음,단일로 - 기타,이륜,남,21세,중상,승용,여,45세,상해없음
2021092900100223,2021년 9월 29일 12시,수요일,경상북도 상주시 함창읍,경상사고,0,0,1,0,차대차 - 측면충돌,안전운전불이행,건조,맑음,단일로 - 기타,화물,남,55세,상해없음,승용,남,75세,상해없음
2021092900100224,2021년 9월 29일 12시,수요일,경상북도 울진군 울진읍,경상사고,0,0,2,0,차대차 - 측면충돌,기타,건조,흐림,기타 - 기타,승용,남,29세,상해없음,화물,남,40세,경상
2021092900100289,2021년 9월 29일 14시,수요일,경상북도 구미시 상모동,경상사고,0,0,1,0,차대차 - 측면충돌,안전운전불이행,건조,맑음,교차로 - 교차로부근,승용,여,55세,상해없음,화물,남,71세,경상
2021092900100400,2021년 9월 29일 17시,수요일,경상북도 포항시 북구 대흥동,중상사고,0,1,1,0,차대차 - 추돌,안전운전불이행,건조,맑음,단일로 - 기타,승용,남,47세,상해없음,승용,여,54세,기타불명
2021092900100401,2021년 9월 29일 17시,수요일,경상북도 안동시 길안면,경상사고,0,0,1,0,차대차 - 측면충돌,안전운전불이행,젖음/습기,비,단일로 - 기타,승합,남,69세,상해없음,승용,여,35세,경상
2021092900100402,2021년 9월 29일 17시,수요일,경상북도 포항시 남구 이동,경상사고,0,0,1,0,차대차 - 측면충돌,안전운전불이행,건조,맑음,단일로 - 기타,승용,여,48세,상해없음,승용,남,39세,경상
2021092900100451,2021년 9월 29일 18시,수요일,경상북도 경주시 황성동,경상사고,0,0,1,0,차대차 - 측면충돌,안전운전불이행,젖음/습기,비,교차로 - 교차로부근,승용,남,52세,상해없음,승용,여,48세,경상
2021092900100452,2021년 9월 29일 18시,수요일,경상북도 경주시 외동읍,중상사고,0,1,0,0,차대차 - 측면충돌,안전운전불이행,젖음/습기,맑음,교차로 - 교차로안,승용,남,59세,상해없음,이륜,남,49세,중상
2021092900100453,2021년 9월 29일 18시,수요일,경상북도 포항시 북구 흥해읍,경상사고,0,0,1,0,차대차 - 측면충돌,안전운전불이행,건조,맑음,단일로 - 기타,승용,여,55세,상해없음,자전거,남,62세,경상
2021092900100454,2021년 9월 29일 18시,수요일,경상북도 영주시 영주동,중상사고,0,2,0,0,차대사람 - 횡단중,보행자보호의무위반,젖음/습기,비,교차로 - 교차로횡단보도내,승용,여,55세,상해없음,보행자,여,19세,중상
2021092900100455,2021년 9월 29일 18시,수요일,경상북도 경산시 백천동,경상사고,0,0,1,0,차대차 - 측면충돌,안전거리미확보,건조,맑음,단일로 - 기타,승용,여,49세,기타불명,화물,남,48세,경상
2021092900100456,2021년 9월 29일 18시,수요일,경상북도 포항시 남구 연일읍,경상사고,0,0,1,0,차대사람 - 횡단중,보행자보호의무위반,젖음/습기,비,단일로 - 지하차도(도로)내,승용,남,33세,상해없음,보행자,남,59세,경상
2021092900100504,2021년 9월 29일 19시,수요일,경상북도 경주시 현곡면,경상사고,0,0,1,0,차대사람 - 횡단중,보행자보호의무위반,젖음/습기,비,교차로 - 교차로횡단보도내,화물,남,27세,상해없음,보행자,남,16세,경상
2021092900100505,2021년 9월 29일 19시,수요일,경상북도 포항시 북구 죽도동,경상사고,0,0,1,0,차대차 - 기타,안전거리미확보,젖음/습기,비,단일로 - 기타,승용,여,22세,상해없음,이륜,남,45세,경상
2021092900100506,2021년 9월 29일 19시,수요일,경상북도 구미시 인의동,중상사고,0,1,0,0,차대차 - 측면충돌,신호위반,젖음/습기,비,교차로 - 교차로부근,승합,남,51세,상해없음,승용,남,30세,중상
2021092900100540,2021년 9월 29일 20시,수요일,경상북도 의성군 단밀면,중상사고,0,1,0,0,차량단독 - 공작물충돌,안전운전불이행,젖음/습기,비,단일로 - 기타,이륜,남,73세,중상,,,,
2021092900100541,2021년 9월 29일 20시,수요일,경상북도 경산시 중방동,경상사고,0,0,1,0,차대차 - 후진중충돌,안전운전불이행,젖음/습기,흐림,단일로 - 기타,승용,남,65세,상해없음,이륜,남,47세,경상
2021092900100638,2021년 9월 29일 23시,수요일,경상북도 구미시 임수동,중상사고,0,1,0,0,차대차 - 추돌,안전운전불이행,젖음/습기,비,단일로 - 기타,승용,남,31세,상해없음,승용,남,21세,상해없음
2021093000100007,2021년 9월 30일 00시,목요일,경상북도 구미시 원평동,중상사고,0,1,0,0,차대차 - 기타,불법유턴,젖음/습기,비,단일로 - 기타,승용,남,67세,상해없음,이륜,남,39세,중상
2021093000100019,2021년 9월 30일 02시,목요일,경상북도 칠곡군 가산면,중상사고,0,2,0,0,차대차 - 정면충돌,중앙선침범,젖음/습기,비,단일로 - 기타,승용,여,47세,중상,화물,남,50세,중상
2021093000100111,2021년 9월 30일 08시,목요일,경상북도 영주시 영주동,경상사고,0,0,1,0,차대차 - 추돌,안전운전불이행,건조,맑음,단일로 - 기타,승용,남,54세,상해없음,승용,남,31세,경상
2021093000100112,2021년 9월 30일 08시,목요일,경상북도 청송군 현동면,경상사고,0,0,1,0,차대차 - 측면충돌,안전운전불이행,젖음/습기,맑음,단일로 - 지하차도(도로)내,승용,남,49세,상해없음,승용,여,53세,경상
2021093000100151,2021년 9월 30일 09시,목요일,경상북도 구미시 옥계동,경상사고,0,0,1,0,차대차 - 기타,차로위반,건조,맑음,교차로 - 교차로안,승용,여,36세,상해없음,이륜,남,76세,경상
2021093000100152,2021년 9월 30일 09시,목요일,경상북도 구미시 고아읍,중상사고,0,2,0,0,차량단독 - 공작물충돌,안전운전불이행,건조,맑음,단일로 - 기타,승용,남,74세,중상,,,,
2021093000100153,2021년 9월 30일 09시,목요일,경상북도 경산시 남천면,중상사고,0,1,0,0,차대차 - 추돌,안전거리미확보,건조,맑음,단일로 - 기타,승용,남,32세,상해없음,승용,여,57세,중상
2021093000100204,2021년 9월 30일 11시,목요일,경상북도 상주시 남적동,경상사고,0,0,1,0,차대차 - 기타,안전운전불이행,건조,맑음,교차로 - 교차로부근,승용,여,56세,상해없음,농기계,남,80세,경상
2021093000100205,2021년 9월 30일 11시,목요일,경상북도 영천시 화남면,경상사고,0,0,1,0,차대차 - 측면충돌,기타,건조,맑음,교차로 - 교차로안,승용,남,54세,상해없음,농기계,남,81세,경상
2021093000100206,2021년 9월 30일 11시,목요일,경상북도 포항시 남구 대도동,부상신고사고,0,0,0,1,차대사람 - 길가장자리구역통행중,안전운전불이행,건조,맑음,단일로 - 기타,승용,여,64세,상해없음,보행자,남,24세,부상신고
2021093000100247,2021년 9월 30일 12시,목요일,경상북도 구미시 도량동,중상사고,0,1,0,0,차대차 - 측면충돌,불법유턴,건조,맑음,단일로 - 기타,승용,여,50세,상해없음,이륜,남,59세,중상
2021093000100248,2021년 9월 30일 12시,목요일,경상북도 포항시 남구 연일읍,경상사고,0,0,2,1,차대차 - 측면충돌,안전운전불이행,건조,맑음,교차로 - 교차로안,승용,남,67세,부상신고,화물,남,38세,경상
2021093000100284,2021년 9월 30일 13시,목요일,경상북도 경산시 하양읍,경상사고,0,0,2,0,차대차 - 측면충돌,교차로운행방법위반,건조,맑음,교차로 - 교차로안,승용,남,27세,상해없음,승용,남,51세,경상
2021093000100322,2021년 9월 30일 14시,목요일,경상북도 경주시 용강동,경상사고,0,0,1,0,차대차 - 추돌,안전운전불이행,건조,맑음,단일로 - 기타,화물,남,62세,상해없음,화물,남,52세,상해없음