사고번호,사고일시,요일,시군구,사고내용,사망자수,중상자수,경상자수,부상신고자수,사고유형,법규위반,노면상태,기상상태,도로형태,가해운전자 차종,가해운전자 성별,가해운전자 연령,가해운전자 상해정도,피해운전자 차종,피해운전자 성별,피해운전자 연령,피해운전자 상해정도
2021093000100323,2021년 9월 30일 14시,목요일,경상북도 안동시 용상동,경상사고,0,0,1,0,차대차 - 측면충돌,안전운전불이행,건조,맑음,단일로 - 기타,승용,여,41세,경상,화물,남,52세,상해없음
2021093000100324,2021년 9월 30일 14시,목요일,경상북도 칠곡군 왜관읍,경상사고,0,0,1,0,차대차 - 추돌,안전운전불이행,건조,맑음,교차로 - 교차로안,승용,남,53세,상해없음,승용,여,53세,경상
2021093000100325,2021년 9월 30일 14시,목요일,경상북도 경산시 자인면,경상사고,0,0,1,0,차대차 - 추돌,안전운전불이행,건조,맑음,단일로 - 기타,건설기계,남,23세,상해없음,승용,여,49세,경상
2021093000100326,2021년 9월 30일 14시,목요일,경상북도 고령군 대가야읍,경상사고,0,0,1,0,차대차 - 측면충돌,기타,건조,맑음,교차로 - 교차로안,승용,남,53세,상해없음,자전거,남,62세,경상
2021093000100365,2021년 9월 30일 15시,목요일,경상북도 영천시 문외동,경상사고,0,0,1,0,차대차 - 측면충돌,안전운전불이행,건조,맑음,교차로 - 교차로안,화물,남,50세,상해없음,자전거,남,76세,경상
2021093000100366,2021년 9월 30일 15시,목요일,경상북도 성주군 용암면,경상사고,0,0,1,0,차대차 - 기타,안전운전불이행,건조,맑음,교차로 - 교차로안,화물,남,55세,상해없음,건설기계,남,63세,경상
2021093000100367,2021년 9월 30일 15시,목요일,경상북도 포항시 남구 장기면,중상사고,0,3,3,0,차대차 - 추돌,안전거리미확보,건조,맑음,교차로 - 교차로부근,건설기계,남,62세,상해없음,승용,남,50세,중상
2021093000100411,2021년 9월 30일 16시,목요일,경상북도 경주시 안강읍,경상사고,0,0,1,0,차대차 - 기타,중앙선침범,건조,맑음,단일로 - 기타,승용,남,41세,상해없음,승용,남,30세,경상
2021093000100467,2021년 9월 30일 17시,목요일,경상북도 포항시 북구 흥해읍,경상사고,0,0,1,0,차대차 - 측면충돌,안전운전불이행,건조,맑음,교차로 - 교차로안,화물,남,40세,상해없음,이륜,남,34세,경상
2021093000100468,2021년 9월 30일 17시,목요일,경상북도 칠곡군 왜관읍,중상사고,0,1,1,0,차대차 - 추돌,안전운전불이행,건조,맑음,단일로 - 기타,화물,남,65세,상해없음,승용,남,70세,경상
2021093000100469,2021년 9월 30일 17시,목요일,경상북도 포항시 남구 오천읍,경상사고,0,0,3,0,차대차 - 측면충돌,안전거리미확보,건조,맑음,교차로 - 교차로부근,화물,남,60세,상해없음,승용,여,40세,경상
2021093000100515,2021년 9월 30일 18시,목요일,경상북도 구미시 원평동,경상사고,0,0,1,0,차대차 - 기타,안전운전불이행,건조,맑음,교차로 - 교차로안,자전거,남,52세,경상,이륜,남,68세,상해없음
2021093000100516,2021년 9월 30일 18시,목요일,경상북도 구미시 송정동,경상사고,0,0,2,0,차대차 - 측면충돌,안전운전불이행,건조,맑음,교차로 - 교차로안,승용,여,54세,상해없음,승용,남,41세,경상
2021093000100517,2021년 9월 30일 18시,목요일,경상북도 구미시 송정동,중상사고,0,1,0,0,차대차 - 기타,안전운전불이행,건조,맑음,교차로 - 교차로부근,승용,남,72세,상해없음,승용,여,51세,중상
2021093000100518,2021년 9월 30일 18시,목요일,경상북도 포항시 남구 오천읍,경상사고,0,0,2,0,차대차 - 측면충돌,신호위반,건조,맑음,교차로 - 교차로부근,이륜,남,20세,경상,승용,남,29세,경상
2021093000100567,2021년 9월 30일 19시,목요일,경상북도 칠곡군 왜관읍,부상신고사고,0,0,0,1,차대차 - 기타,안전운전불이행,건조,맑음,교차로 - 교차로안,이륜,남,34세,부상신고,승용,여,26세,상해없음
2021093000100618,2021년 9월 30일 21시,목요일,경상북도 영천시 조교동,경상사고,0,0,2,0,차대차 - 측면충돌,신호위반,건조,맑음,교차로 - 교차로안,화물,남,66세,상해없음,승용,여,46세,경상
2021093000100642,2021년 9월 30일 22시,목요일,경상북도 경주시 안강읍,중상사고,0,1,0,0,차대차 - 기타,안전운전불이행,건조,맑음,단일로 - 기타,화물,남,60세,상해없음,이륜,남,49세,중상
2021100100100029,2021년 10월 1일 05시,금요일,경상북도 포항시 남구 동해면,중상사고,0,1,0,0,차대차 - 추돌,안전운전불이행,건조,맑음,단일로 - 기타,화물,남,40세,상해없음,승용,남,27세,중상
2021100100100131,2021년 10월 1일 09시,금요일,경상북도 예천군 예천읍,경상사고,0,0,2,0,차대차 - 측면충돌,직진우회전진행방해,건조,맑음,교차로 - 교차로안,승용,남,71세,상해없음,승용,남,55세,경상
2021100100100162,2021년 10월 1일 10시,금요일,경상북도 포항시 북구 흥해읍,경상사고,0,0,2,0,차대차 - 기타,안전운전불이행,건조,맑음,교차로 - 교차로안,승용,남,40세,상해없음,화물,남,68세,경상
2021100100100163,2021년 10월 1일 10시,금요일,경상북도 문경시 문경읍,경상사고,0,0,1,0,차대사람 - 보도통행중,안전운전불이행,건조,맑음,단일로 - 기타,승용,남,45세,상해없음,보행자,여,85세,경상
2021100100100204,2021년 10월 1일 11시,금요일,경상북도 포항시 북구 항구동,경상사고,0,0,1,0,차대차 - 측면충돌,안전운전불이행,건조,맑음,단일로 - 기타,자전거,남,81세,경상,승용,남,61세,상해없음
2021100100100205,2021년 10월 1일 11시,금요일,경상북도 포항시 북구 환호동,경상사고,0,0,1,0,차대차 - 후진중충돌,안전운전불이행,건조,맑음,기타 - 기타,승용,남,21세,상해없음,이륜,남,48세,경상
2021100100100206,2021년 10월 1일 11시,금요일,경상북도 안동시 남후면,중상사고,0,1,2,0,차대차 - 추돌,안전운전불이행,건조,맑음,단일로 - 기타,화물,남,60세,상해없음,승용,남,79세,경상
2021100100100207,2021년 10월 1일 11시,금요일,경상북도 영천시 금호읍,경상사고,0,0,2,0,차대차 - 추돌,안전운전불이행,건조,맑음,교차로 - 교차로부근,승용,남,60세,경상,승용,남,79세,경상
2021100100100208,2021년 10월 1일 11시,금요일,경상북도 포항시 남구 인덕동,중상사고,0,1,4,0,차대차 - 추돌,안전운전불이행,건조,맑음,단일로 - 기타,이륜,남,40세,중상,승용,남,54세,경상
2021100100100240,2021년 10월 1일 12시,금요일,경상북도 안동시 용상동,경상사고,0,0,1,0,차대차 - 기타,안전운전불이행,건조,맑음,주차장 - 주차장,승용,여,63세,상해없음,승용,여,37세,경상
2021100100100241,2021년 10월 1일 12시,금요일,경상북도 안동시 정하동,경상사고,0,0,1,0,차대차 - 기타,직진우회전진행방해,건조,맑음,교차로 - 교차로부근,승용,여,48세,기타불명,특수,남,52세,경상
2021100100100242,2021년 10월 1일 12시,금요일,경상북도 칠곡군 가산면,경상사고,0,0,2,0,차대차 - 측면충돌,안전거리미확보,건조,맑음,단일로 - 기타,화물,남,47세,경상,승용,남,38세,경상
2021100100100243,2021년 10월 1일 12시,금요일,경상북도 영양군 영양읍,경상사고,0,0,1,0,차대차 - 추돌,신호위반,건조,맑음,교차로 - 교차로안,승용,남,66세,상해없음,승용,남,35세,경상
2021100100100282,2021년 10월 1일 13시,금요일,경상북도 경산시 정평동,경상사고,0,0,2,0,차대차 - 후진중충돌,안전운전불이행,건조,맑음,단일로 - 기타,승용,여,43세,경상,승용,남,66세,경상
2021100100100283,2021년 10월 1일 13시,금요일,경상북도 영덕군 강구면,경상사고,0,0,1,0,차대차 - 측면충돌,신호위반,건조,맑음,교차로 - 교차로안,화물,남,43세,상해없음,승용,여,23세,경상
2021100100100284,2021년 10월 1일 13시,금요일,경상북도 구미시 원평동,경상사고,0,0,1,0,차대사람 - 횡단중,보행자보호의무위반,건조,맑음,교차로 - 교차로횡단보도내,승용,여,49세,상해없음,보행자,남,9세,경상
2021100100100285,2021년 10월 1일 13시,금요일,경상북도 포항시 남구 청림동,중상사고,0,1,0,0,차대차 - 추돌,안전운전불이행,건조,맑음,교차로 - 교차로부근,승용,남,85세,상해없음,이륜,남,56세,중상
2021100100100316,2021년 10월 1일 14시,금요일,경상북도 김천시 용두동,경상사고,0,0,1,0,차대사람 - 횡단중,보행자보호의무위반,건조,맑음,교차로 - 교차로횡단보도내,승용,남,58세,상해없음,보행자,남,87세,경상
2021100100100317,2021년 10월 1일 14시,금요일,경상북도 문경시 흥덕동,부상신고사고,0,0,0,1,차대차 - 정면충돌,안전운전불이행,건조,맑음,단일로 - 기타,자전거,남,67세,부상신고,자전거,남,26세,상해없음
2021100100100318,2021년 10월 1일 14시,금요일,경상북도 성주군 성주읍,경상사고,0,0,1,0,차대차 - 기타,직진우회전진행방해,건조,맑음,교차로 - 교차로안,승용,여,40세,기타불명,승용,남,83세,상해없음
2021100100100359,2021년 10월 1일 15시,금요일,경상북도 영덕군 남정면,중상사고,0,1,0,0,차대차 - 측면충돌,직진우회전진행방해,건조,맑음,교차로 - 교차로안,화물,남,50세,상해없음,자전거,남,65세,중상
2021100100100360,2021년 10월 1일 15시,금요일,경상북도 봉화군 봉화읍,중상사고,0,1,2,0,차대차 - 정면충돌,중앙선침범,건조,맑음,단일로 - 기타,승용,여,33세,경상,화물,남,53세,중상
2021100100100361,2021년 10월 1일 15시,금요일,경상북도 구미시 도량동,경상사고,0,0,1,0,차대차 - 기타,신호위반,건조,맑음,단일로 - 기타,승용,남,43세,상해없음,승용,여,65세,경상
2021100100100410,2021년 10월 1일 16시,금요일,경상북도 칠곡군 석적읍,중상사고,0,1,0,0,차대차 - 정면충돌,안전운전불이행,건조,맑음,교차로 - 교차로부근,승용,남,63세,상해없음,승용,남,33세,중상
2021100100100411,2021년 10월 1일 16시,금요일,경상북도 경산시 정평동,경상사고,0,0,1,0,차대사람 - 기타,안전운전불이행,건조,맑음,단일로 - 기타,승용,여,61세,상해없음,보행자,여,56세,경상
2021100100100412,2021년 10월 1일 16시,금요일,경상북도 포항시 남구 동해면,중상사고,0,1,0,0,차대사람 - 기타,안전운전불이행,건조,맑음,단일로 - 기타,기타불명,기타불명,미분류,기타불명,보행자,남,66세,중상
2021100100100463,2021년 10월 1일 17시,금요일,경상북도 경주시 외동읍,중상사고,0,1,0,1,차대차 - 측면충돌,안전운전불이행,건조,맑음,교차로 - 교차로부근,승용,여,29세,상해없음,이륜,남,35세,중상
2021100100100464,2021년 10월 1일 17시,금요일,경상북도 상주시 공검면,중상사고,0,1,0,0,차대사람 - 길가장자리구역통행중,안전운전불이행,건조,맑음,단일로 - 기타,화물,남,74세,상해없음,보행자,여,82세,중상
2021100100100465,2021년 10월 1일 17시,금요일,경상북도 영천시 문외동,경상사고,0,0,1,0,차대차 - 추돌,중앙선침범,건조,맑음,교차로 - 교차로부근,승용,여,68세,상해없음,승용,남,52세,상해없음
2021100100100466,2021년 10월 1일 17시,금요일,경상북도 영천시 금호읍,경상사고,0,0,1,0,차대차 - 측면충돌,안전운전불이행,건조,맑음,교차로 - 교차로부근,승용,남,61세,상해없음,화물,남,54세,경상
2021100100100509,2021년 10월 1일 18시,금요일,경상북도 포항시 북구 환호동,경상사고,0,0,1,0,차대차 - 측면충돌,안전운전불이행,건조,맑음,교차로 - 교차로안,승용,여,71세,기타불명,이륜,남,55세,경상
2021100100100511,2021년 10월 1일 18시,금요일,경상북도 김천시 지좌동,경상사고,0,0,2,0,차대차 - 측면충돌,교차로운행방법위반,건조,맑음,교차로 - 교차로안,화물,남,52세,상해없음,승용,여,48세,경상
2021100100100512,2021년 10월 1일 18시,금요일,경상북도 의성군 봉양면,사망사고,1,0,0,0,차대차 - 추돌,안전운전불이행,건조,맑음,단일로 - 기타,승용,남,68세,상해없음,농기계,남,64세,사망
2021100100100513,2021년 10월 1일 18시,금요일,경상북도 영천시 문외동,경상사고,0,0,1,0,차대차 - 측면충돌,안전운전불이행,건조,맑음,교차로 - 교차로안,승용,여,43세,상해없음,이륜,남,40세,경상
2021100100100514,2021년 10월 1일 18시,금요일,경상북도 예천군 호명면,중상사고,0,1,0,0,차대사람 - 차도통행중,안전운전불이행,건조,맑음,교차로 - 교차로안,승용,남,55세,상해없음,보행자,여,62세,중상
2021100100100515,2021년 10월 1일 18시,금요일,경상북도 울진군 울진읍,사망사고,1,0,0,0,차대사람 - 기타,안전운전불이행,건조,맑음,단일로 - 기타,승용,여,24세,상해없음,보행자,남,58세,사망
2021100100100516,2021년 10월 1일 18시,금요일,경상북도 구미시 옥계동,경상사고,0,0,1,0,차대차 - 기타,안전운전불이행,건조,맑음,교차로 - 교차로부근,승용,남,40세,상해없음,이륜,남,29세,경상
2021100100100605,2021년 10월 1일 20시,금요일,경상북도 칠곡군 북삼읍,중상사고,0,1,0,0,차대차 - 측면충돌,신호위반,건조,흐림,교차로 - 교차로안,승용,여,49세,상해없음,승용,남,57세,중상
2021100100100606,2021년 10월 1일 20시,금요일,경상북도 경산시 자인면,중상사고,0,1,0,0,차대차 - 측면충돌,안전운전불이행,건조,맑음,단일로 - 기타,승용,여,51세,상해없음,이륜,남,40세,중상
2021100100100619,2021년 10월 1일 21시,금요일,경상북도 안동시 옥동,중상사고,0,1,0,0,차대사람 - 횡단중,보행자보호의무위반,건조,맑음,교차로 - 교차로부근,승용,남,43세,상해없음,보행자,남,68세,중상
2021100100100620,2021년 10월 1일 21시,금요일,경상북도 영천시 야사동,부상신고사고,0,0,0,1,차대사람 - 횡단중,안전운전불이행,건조,맑음,단일로 - 기타,이륜,남,24세,상해없음,보행자,남,58세,부상신고
2021100100100671,2021년 10월 1일 22시,금요일,경상북도 포항시 북구 두호동,경상사고,0,0,2,0,차대차 - 기타,안전운전불이행,건조,맑음,교차로 - 교차로부근,승용,여,36세,상해없음,승용,남,29세,경상
2021100100100672,2021년 10월 1일 22시,금요일,경상북도 포항시 북구 장성동,경상사고,0,0,1,0,차대차 - 측면충돌,안전운전불이행,건조,맑음,교차로 - 교차로부근,자전거,남,26세,경상,승용,여,26세,상해없음
2021100100100673,2021년 10월 1일 22시,금요일,경상북도 상주시 청리면,경상사고,0,0,1,0,차량단독 - 공작물충돌,안전운전불이행,건조,맑음,단일로 - 기타,승용,여,39세,경상,,,,
2021100100100674,2021년 10월 1일 22시,금요일,경상북도 영덕군 영덕읍,경상사고,0,0,1,0,차대사람 - 횡단중,안전운전불이행,건조,맑음,교차로 - 교차로안,화물,남,46세,상해없음,보행자,남,48세,경상
2021100200100034,2021년 10월 2일 05시,토요일,경상북도 포항시 북구 장성동,중상사고,0,1,0,0,차대차 - 측면충돌,안전운전불이행,건조,맑음,교차로 - 교차로안,승용,남,48세,상해없음,이륜,남,39세,중상
2021100200100035,2021년 10월 2일 05시,토요일,경상북도 상주시 화산동,경상사고,0,0,2,1,차대차 - 기타,안전운전불이행,기타,맑음,기타 - 기타,화물,남,57세,상해없음,승용,남,56세,상해없음
2021100200100053,2021년 10월 2일 07시,토요일,경상북도 경주시 양남면,경상사고,0,0,1,0,차대차 - 측면충돌,신호위반,건조,맑음,교차로 - 교차로부근,승용,여,61세,상해없음,특수,남,57세,경상
2021100200100054,2021년 10월 2일 07시,토요일,경상북도 포항시 북구 죽도동,중상사고,0,1,0,0,차대차 - 기타,안전운전불이행,건조,맑음,교차로 - 교차로안,자전거,남,79세,중상,승용,남,58세,상해없음
2021100200100055,2021년 10월 2일 07시,토요일,경상북도 칠곡군 지천면,경상사고,0,0,1,0,차대차 - 측면충돌,안전운전불이행,건조,맑음,교차로 - 교차로안,승용,남,28세,상해없음,승합,남,46세,경상
2021100200100072,2021년 10월 2일 08시,토요일,경상북도 상주시 남성동,중상사고,0,1,0,0,차대사람 - 기타,안전운전불이행,건조,맑음,교차로 - 교차로부근,화물,남,67세,상해없음,보행자,여,68세,중상
2021100200100100,2021년 10월 2일 09시,토요일,경상북도 영덕군 영해면,부상신고사고,0,0,0,1,차대차 - 추돌,안전운전불이행,건조,맑음,단일로 - 기타,이륜,남,76세,부상신고,화물,여,75세,상해없음
2021100200100101,2021년 10월 2일 09시,토요일,경상북도 구미시 지산동,중상사고,0,1,0,0,차대차 - 측면충돌,안전운전불이행,건조,맑음,단일로 - 기타,원동기,남,85세,중상,승용,남,36세,상해없음
2021100200100127,2021년 10월 2일 10시,토요일,경상북도 포항시 북구 두호동,경상사고,0,0,3,0,차대사람 - 횡단중,안전운전불이행,건조,맑음,단일로 - 기타,이륜,남,21세,경상,보행자,여,29세,경상
2021100200100128,2021년 10월 2일 10시,토요일,경상북도 안동시 풍산읍,중상사고,0,1,0,0,차대차 - 후진중충돌,안전운전불이행,건조,맑음,단일로 - 기타,화물,남,55세,상해없음,화물,남,41세,중상
2021100200100129,2021년 10월 2일 10시,토요일,경상북도 안동시 당북동,경상사고,0,0,1,0,차대차 - 기타,안전운전불이행,건조,맑음,단일로 - 기타,승용,남,74세,상해없음,승합,남,30세,상해없음
2021100200100130,2021년 10월 2일 10시,토요일,경상북도 문경시 문경읍,중상사고,0,1,0,0,차대차 - 측면충돌,직진우회전진행방해,건조,맑음,교차로 - 교차로안,승합,남,45세,상해없음,개인형이동수단(PM),여,79세,중상
2021100200100131,2021년 10월 2일 10시,토요일,경상북도 구미시 인의동,경상사고,0,0,1,0,차대차 - 측면충돌,안전운전불이행,건조,맑음,교차로 - 교차로안,이륜,남,42세,경상,승용,남,40세,상해없음
2021100200100132,2021년 10월 2일 10시,토요일,경상북도 구미시 남통동,경상사고,0,0,1,0,차대사람 - 횡단중,보행자보호의무위반,건조,맑음,교차로 - 교차로안,화물,남,52세,상해없음,보행자,남,36세,경상
2021100200100133,2021년 10월 2일 10시,토요일,경상북도 포항시 남구 오천읍,경상사고,0,0,1,0,차대차 - 정면충돌,안전운전불이행,건조,맑음,단일로 - 기타,승용,남,53세,상해없음,승용,여,49세,경상
2021100200100178,2021년 10월 2일 11시,토요일,경상북도 경주시 충효동,경상사고,0,0,1,0,차대차 - 측면충돌,신호위반,건조,맑음,교차로 - 교차로안,승용,남,57세,상해없음,승용,여,49세,경상
2021100200100179,2021년 10월 2일 11시,토요일,경상북도 포항시 남구 해도동,경상사고,0,0,1,0,차대차 - 후진중충돌,안전운전불이행,건조,맑음,단일로 - 기타,화물,남,62세,상해없음,자전거,남,63세,경상
2021100200100227,2021년 10월 2일 12시,토요일,경상북도 경주시 탑동,경상사고,0,0,1,0,차대차 - 측면충돌,안전운전불이행,건조,맑음,단일로 - 지하차도(도로)내,승용,남,46세,상해없음,승합,남,64세,상해없음
2021100200100228,2021년 10월 2일 12시,토요일,경상북도 상주시 서성동,중상사고,0,1,0,0,차대차 - 측면충돌,교차로운행방법위반,건조,맑음,교차로 - 교차로안,승용,남,42세,상해없음,이륜,남,27세,중상
2021100200100229,2021년 10월 2일 12시,토요일,경상북도 구미시 인의동,경상사고,0,0,1,0,차대차 - 기타,신호위반,건조,맑음,교차로 - 교차로안,승용,여,36세,상해없음,이륜,남,31세,경상
2021100200100271,2021년 10월 2일 13시,토요일,경상북도 구미시 형곡동,경상사고,0,0,1,0,차대차 - 기타,신호위반,건조,맑음,교차로 - 교차로안,승용,여,60세,상해없음,승용,여,46세,경상
2021100200100302,2021년 10월 2일 14시,토요일,경상북도 안동시 와룡면,중상사고,0,1,0,0,차대사람 - 횡단중,안전운전불이행,건조,맑음,단일로 - 기타,승용,여,67세,상해없음,보행자,여,83세,중상
2021100200100303,2021년 10월 2일 14시,토요일,경상북도 포항시 남구 대잠동,중상사고,0,1,2,0,차대차 - 추돌,차로위반,건조,맑음,단일로 - 기타,이륜,남,21세,상해없음,승용,여,51세,상해없음
2021100200100337,2021년 10월 2일 15시,토요일,경상북도 경주시 노서동,중상사고,0,1,0,0,차대차 - 추돌,안전운전불이행,건조,맑음,교차로 - 교차로부근,승용,남,49세,상해없음,이륜,남,53세,중상
2021100200100338,2021년 10월 2일 15시,토요일,경상북도 경산시 진량읍,경상사고,0,0,1,0,차대사람 - 기타,안전운전불이행,건조,맑음,교차로 - 교차로부근,승용,남,60세,상해없음,보행자,남,3세,경상
2021100200100339,2021년 10월 2일 15시,토요일,경상북도 예천군 호명면,경상사고,0,0,1,0,차대차 - 추돌,안전운전불이행,건조,맑음,단일로 - 기타,화물,남,60세,상해없음,승용,여,26세,경상
2021100200100340,2021년 10월 2일 15시,토요일,경상북도 구미시 봉곡동,경상사고,0,0,1,0,차대사람 - 기타,안전운전불이행,건조,맑음,단일로 - 기타,승용,남,58세,상해없음,보행자,남,45세,경상
2021100200100341,2021년 10월 2일 15시,토요일,경상북도 포항시 남구 대도동,부상신고사고,0,0,0,1,차대차 - 측면충돌,직진우회전진행방해,건조,맑음,교차로 - 교차로안,승용,여,55세,상해없음,승용,여,61세,상해없음
2021100200100342,2021년 10월 2일 15시,토요일,경상북도 포항시 남구 오천읍,경상사고,0,0,1,0,차대차 - 추돌,안전운전불이행,건조,맑음,교차로 - 교차로부근,승용,남,72세,상해없음,승용,여,49세,경상
2021100200100389,2021년 10월 2일 16시,토요일,경상북도 경주시 황남동,중상사고,0,1,0,0,차대사람 - 횡단중,안전운전불이행,건조,맑음,단일로 - 기타,승용,남,28세,상해없음,보행자,여,9세,중상
2021100200100390,2021년 10월 2일 16시,토요일,경상북도 경주시 용강동,경상사고,0,0,1,0,차대차 - 추돌,안전운전불이행,건조,맑음,단일로 - 기타,승용,남,61세,상해없음,승용,여,53세,경상
2021100200100426,2021년 10월 2일 17시,토요일,경상북도 경주시 동천동,중상사고,0,1,0,0,차대차 - 추돌,안전운전불이행,건조,맑음,교차로 - 교차로부근,화물,남,50세,상해없음,승용,여,42세,중상
2021100200100427,2021년 10월 2일 17시,토요일,경상북도 영천시 완산동,경상사고,0,0,2,0,차대차 - 측면충돌,안전거리미확보,건조,맑음,단일로 - 기타,화물,남,84세,경상,승용,남,59세,상해없음
2021100200100428,2021년 10월 2일 17시,토요일,경상북도 영천시 조교동,경상사고,0,0,7,1,차대차 - 측면충돌,안전거리미확보,건조,맑음,기타 - 기타,승용,여,38세,경상,승용,남,55세,경상
2021100200100429,2021년 10월 2일 17시,토요일,경상북도 군위군 소보면,중상사고,0,1,3,0,차량단독 - 도로외이탈 - 추락,안전운전불이행,건조,맑음,교차로 - 교차로부근,승용,남,66세,경상,,,,
2021100200100430,2021년 10월 2일 17시,토요일,경상북도 포항시 남구 연일읍,중상사고,0,1,2,0,차대차 - 측면충돌,안전운전불이행,건조,맑음,단일로 - 지하차도(도로)내,이륜,남,31세,중상,화물,남,39세,경상
2021100200100466,2021년 10월 2일 18시,토요일,경상북도 경주시 감포읍,경상사고,0,0,1,0,차대차 - 추돌,안전운전불이행,건조,맑음,교차로 - 교차로부근,승용,남,25세,상해없음,이륜,남,28세,경상
2021100200100467,2021년 10월 2일 18시,토요일,경상북도 의성군 의성읍,중상사고,0,1,0,0,차대차 - 측면충돌,안전운전불이행,건조,맑음,교차로 - 교차로안,화물,남,47세,상해없음,자전거,여,71세,중상
2021100200100468,2021년 10월 2일 18시,토요일,경상북도 칠곡군 왜관읍,중상사고,0,1,0,0,차대사람 - 횡단중,안전운전불이행,건조,맑음,교차로 - 교차로안,승용,남,70세,상해없음,보행자,여,88세,중상
2021100200100469,2021년 10월 2일 18시,토요일,경상북도 영천시 망정동,경상사고,0,0,1,0,차량단독 - 기타,안전운전불이행,건조,맑음,교차로 - 교차로부근,이륜,남,52세,경상,,,,
2021100200100470,2021년 10월 2일 18시,토요일,경상북도 영천시 망정동,경상사고,0,0,2,0,차대차 - 측면충돌,안전운전불이행,건조,맑음,교차로 - 교차로안,승용,여,62세,경상,이륜,남,36세,경상
2021100200100471,2021년 10월 2일 18시,토요일,경상북도 포항시 남구 구룡포읍,경상사고,0,0,4,1,차대차 - 측면충돌,교차로운행방법위반,건조,맑음,교차로 - 교차로안,승용,남,69세,경상,승용,남,22세,부상신고
2021100200100523,2021년 10월 2일 19시,토요일,경상북도 김천시 평화동,경상사고,0,0,2,0,차대사람 - 횡단중,신호위반,건조,맑음,미분류 - 미분류,승용,남,69세,상해없음,보행자,여,27세,경상
2021100200100524,2021년 10월 2일 19시,토요일,경상북도 구미시 고아읍,경상사고,0,0,1,0,차대사람 - 보도통행중,안전운전불이행,건조,맑음,단일로 - 기타,이륜,남,58세,상해없음,보행자,여,64세,경상
2021100200100553,2021년 10월 2일 20시,토요일,경상북도 안동시 일직면,경상사고,0,0,1,0,차대차 - 측면충돌,안전운전불이행,건조,맑음,단일로 - 기타,승용,여,21세,상해없음,승용,남,41세,경상
2021100200100554,2021년 10월 2일 20시,토요일,경상북도 김천시 아포읍,중상사고,0,1,1,0,차대차 - 측면충돌,안전운전불이행,건조,맑음,단일로 - 기타,승용,남,78세,상해없음,승용,남,34세,경상
2021100200100555,2021년 10월 2일 20시,토요일,경상북도 구미시 사곡동,경상사고,0,0,1,0,차대차 - 기타,안전운전불이행,건조,맑음,단일로 - 기타,승용,남,61세,상해없음,승용,여,33세,경상
2021100200100578,2021년 10월 2일 21시,토요일,경상북도 경산시 와촌면,경상사고,0,0,2,0,차대차 - 추돌,안전운전불이행,건조,맑음,교차로 - 교차로부근,승용,여,62세,상해없음,승용,여,28세,경상
2021100200100602,2021년 10월 2일 22시,토요일,경상북도 경산시 중산동,경상사고,0,0,2,0,차대차 - 측면충돌,기타,건조,맑음,교차로 - 교차로부근,승용,여,61세,상해없음,승용,남,56세,경상
2021100300100008,2021년 10월 3일 00시,일요일,경상북도 영천시 오미동,중상사고,0,1,1,0,차량단독 - 기타,안전운전불이행,건조,맑음,교차로 - 교차로부근,승용,남,42세,경상,,,,
2021100300100043,2021년 10월 3일 06시,일요일,경상북도 영주시 안정면,중상사고,0,1,0,0,차대사람 - 차도통행중,안전운전불이행,건조,맑음,단일로 - 기타,화물,남,63세,기타불명,보행자,여,70세,중상
2021100300100051,2021년 10월 3일 07시,일요일,경상북도 칠곡군 북삼읍,사망사고,1,1,0,0,차대차 - 측면충돌,신호위반,건조,맑음,교차로 - 교차로안,이륜,남,88세,사망,승용,남,53세,중상
2021100300100060,2021년 10월 3일 08시,일요일,경상북도 영천시 망정동,중상사고,0,1,0,0,차대차 - 측면충돌,안전운전불이행,건조,맑음,교차로 - 교차로안,승용,남,51세,상해없음,이륜,여,55세,중상
2021100300100061,2021년 10월 3일 08시,일요일,경상북도 청도군 운문면,중상사고,0,1,0,0,차대차 - 정면충돌,중앙선침범,건조,맑음,단일로 - 기타,승용,남,36세,상해없음,자전거,남,38세,중상
2021100300100075,2021년 10월 3일 09시,일요일,경상북도 청도군 풍각면,경상사고,0,0,1,0,차대차 - 후진중충돌,안전운전불이행,건조,맑음,주차장 - 주차장,승용,남,64세,상해없음,승용,여,57세,경상
2021100300100076,2021년 10월 3일 09시,일요일,경상북도 구미시 공단동,경상사고,0,0,1,0,차대차 - 기타,안전운전불이행,건조,맑음,교차로 - 교차로안,승용,여,39세,상해없음,승용,남,51세,경상
2021100300100091,2021년 10월 3일 10시,일요일,경상북도 경주시 안강읍,중상사고,0,1,0,0,차대차 - 측면충돌,안전운전불이행,건조,맑음,교차로 - 교차로안,승용,남,42세,상해없음,자전거,여,63세,중상
2021100300100092,2021년 10월 3일 10시,일요일,경상북도 영덕군 영덕읍,경상사고,0,0,3,0,차대차 - 측면충돌,안전운전불이행,건조,맑음,단일로 - 기타,승용,남,28세,경상,승용,남,65세,경상
2021100300100129,2021년 10월 3일 11시,일요일,경상북도 포항시 북구 동빈1가,경상사고,0,0,1,0,차대차 - 측면충돌,안전운전불이행,건조,맑음,단일로 - 기타,승용,남,36세,상해없음,자전거,남,76세,경상
2021100300100130,2021년 10월 3일 11시,일요일,경상북도 포항시 남구 해도동,중상사고,0,1,2,0,차대차 - 측면충돌,신호위반,건조,맑음,교차로 - 교차로안,이륜,남,29세,중상,승용,남,62세,경상