사고번호,사고일시,요일,시군구,사고내용,사망자수,중상자수,경상자수,부상신고자수,사고유형,법규위반,노면상태,기상상태,도로형태,가해운전자 차종,가해운전자 성별,가해운전자 연령,가해운전자 상해정도,피해운전자 차종,피해운전자 성별,피해운전자 연령,피해운전자 상해정도
2021100300100131,2021년 10월 3일 11시,일요일,경상북도 경주시 율동,중상사고,0,3,1,0,차대차 - 추돌,안전운전불이행,건조,맑음,단일로 - 기타,승합,여,46세,상해없음,승합,남,46세,중상
2021100300100163,2021년 10월 3일 12시,일요일,경상북도 안동시 용상동,경상사고,0,0,2,0,차대차 - 정면충돌,직진우회전진행방해,건조,맑음,교차로 - 교차로안,승용,남,37세,경상,승용,남,23세,경상
2021100300100192,2021년 10월 3일 13시,일요일,경상북도 상주시 무양동,경상사고,0,0,1,0,차대차 - 후진중충돌,안전운전불이행,기타,맑음,주차장 - 주차장,승용,남,65세,기타불명,승용,남,38세,경상
2021100300100193,2021년 10월 3일 13시,일요일,경상북도 영주시 봉현면,경상사고,0,0,1,0,차대차 - 기타,교차로운행방법위반,건조,맑음,교차로 - 교차로안,승용,여,28세,기타불명,승용,남,26세,상해없음
2021100300100194,2021년 10월 3일 13시,일요일,경상북도 영주시 가흥동,경상사고,0,0,1,0,차대차 - 기타,안전운전불이행,건조,맑음,교차로 - 교차로안,이륜,남,24세,경상,기타불명,기타불명,미분류,기타불명
2021100300100235,2021년 10월 3일 14시,일요일,경상북도 포항시 북구 청하면,경상사고,0,0,1,0,차대차 - 측면충돌,직진우회전진행방해,건조,맑음,교차로 - 교차로안,승합,여,56세,상해없음,승용,남,44세,상해없음
2021100300100236,2021년 10월 3일 14시,일요일,경상북도 구미시 원평동,중상사고,0,1,0,0,차대차 - 측면충돌,신호위반,건조,맑음,교차로 - 교차로안,이륜,남,36세,중상,승용,남,21세,상해없음
2021100300100237,2021년 10월 3일 14시,일요일,경상북도 포항시 남구 청림동,경상사고,0,0,1,0,차대차 - 측면충돌,안전운전불이행,건조,맑음,교차로 - 교차로안,승용,여,45세,상해없음,승용,남,21세,경상
2021100300100268,2021년 10월 3일 15시,일요일,경상북도 안동시 옥동,경상사고,0,0,1,0,차대차 - 기타,안전운전불이행,건조,맑음,교차로 - 교차로안,승용,여,43세,상해없음,승용,남,47세,경상
2021100300100269,2021년 10월 3일 15시,일요일,경상북도 칠곡군 동명면,중상사고,0,2,0,0,차대차 - 측면충돌,안전거리미확보,건조,맑음,단일로 - 기타,승용,남,76세,상해없음,이륜,남,39세,중상
2021100300100270,2021년 10월 3일 15시,일요일,경상북도 영천시 화북면,경상사고,0,0,1,0,차대차 - 추돌,안전운전불이행,건조,맑음,기타 - 기타,승용,남,65세,상해없음,승용,남,39세,경상
2021100300100271,2021년 10월 3일 15시,일요일,경상북도 구미시 진평동,중상사고,0,1,0,0,차대차 - 측면충돌,안전운전불이행,건조,맑음,교차로 - 교차로안,이륜,남,42세,중상,승용,남,29세,상해없음
2021100300100272,2021년 10월 3일 15시,일요일,경상북도 포항시 남구 구룡포읍,경상사고,0,0,1,0,차대차 - 측면충돌,안전거리미확보,건조,맑음,단일로 - 기타,이륜,남,40세,경상,화물,여,66세,상해없음
2021100300100303,2021년 10월 3일 16시,일요일,경상북도 영덕군 강구면,경상사고,0,0,1,0,차대사람 - 길가장자리구역통행중,안전운전불이행,건조,맑음,단일로 - 기타,승용,남,62세,상해없음,보행자,여,41세,경상
2021100300100304,2021년 10월 3일 16시,일요일,경상북도 포항시 남구 오천읍,경상사고,0,0,2,0,차대차 - 측면충돌,안전운전불이행,건조,맑음,단일로 - 지하차도(도로)내,자전거,남,7세,경상,승용,남,40세,상해없음
2021100300100334,2021년 10월 3일 17시,일요일,경상북도 김천시 감문면,중상사고,0,1,0,0,차대사람 - 횡단중,안전운전불이행,건조,맑음,단일로 - 기타,화물,남,53세,상해없음,보행자,남,75세,중상
2021100300100335,2021년 10월 3일 17시,일요일,경상북도 경산시 하양읍,중상사고,0,1,0,0,차대사람 - 기타,안전운전불이행,건조,맑음,단일로 - 기타,자전거,남,40세,상해없음,보행자,여,75세,중상
2021100300100375,2021년 10월 3일 18시,일요일,경상북도 포항시 북구 양덕동,경상사고,0,0,1,0,차대차 - 측면충돌,안전운전불이행,건조,맑음,단일로 - 기타,이륜,남,36세,상해없음,자전거,남,14세,경상
2021100300100421,2021년 10월 3일 19시,일요일,경상북도 안동시 풍산읍,경상사고,0,0,2,0,차대차 - 측면충돌,안전운전불이행,건조,맑음,단일로 - 기타,승용,남,44세,상해없음,승용,남,39세,경상
2021100300100422,2021년 10월 3일 19시,일요일,경상북도 포항시 남구 연일읍,중상사고,0,1,0,0,차대사람 - 횡단중,보행자보호의무위반,건조,맑음,교차로 - 교차로횡단보도내,승용,여,42세,상해없음,보행자,여,63세,중상
2021100300100504,2021년 10월 3일 22시,일요일,경상북도 경산시 조영동,경상사고,0,0,1,0,차대사람 - 횡단중,안전운전불이행,건조,맑음,교차로 - 교차로안,승용,여,20세,상해없음,보행자,여,22세,경상
2021100400100010,2021년 10월 4일 00시,월요일,경상북도 포항시 북구 대신동,경상사고,0,0,1,0,차대차 - 추돌,안전운전불이행,건조,맑음,단일로 - 기타,승용,남,21세,상해없음,승용,남,23세,상해없음
2021100400100049,2021년 10월 4일 07시,월요일,경상북도 경주시 성건동,중상사고,0,1,0,0,차대사람 - 횡단중,안전운전불이행,건조,맑음,단일로 - 기타,승합,남,57세,상해없음,보행자,여,77세,중상
2021100400100050,2021년 10월 4일 07시,월요일,경상북도 칠곡군 지천면,경상사고,0,0,1,0,차대차 - 측면충돌,안전운전불이행,건조,맑음,단일로 - 기타,승용,남,49세,상해없음,승용,남,38세,경상
2021100400100077,2021년 10월 4일 09시,월요일,경상북도 포항시 남구 상도동,경상사고,0,0,3,0,차대차 - 측면충돌,신호위반,건조,맑음,교차로 - 교차로안,승용,여,36세,경상,승용,남,62세,경상
2021100400100122,2021년 10월 4일 11시,월요일,경상북도 포항시 북구 대흥동,경상사고,0,0,1,0,차대차 - 정면충돌,중앙선침범,건조,맑음,교차로 - 교차로부근,승용,남,82세,상해없음,승용,남,68세,경상
2021100400100123,2021년 10월 4일 11시,월요일,경상북도 영덕군 남정면,중상사고,0,2,1,0,차량단독 - 도로외이탈 - 추락,안전운전불이행,건조,맑음,기타 - 기타,승용,남,36세,중상,,,,
2021100400100147,2021년 10월 4일 12시,월요일,경상북도 안동시 운안동,경상사고,0,0,2,0,차대차 - 정면충돌,중앙선침범,건조,맑음,단일로 - 기타,승용,여,21세,상해없음,승용,남,35세,경상
2021100400100148,2021년 10월 4일 12시,월요일,경상북도 칠곡군 지천면,경상사고,0,0,1,0,차대차 - 측면충돌,안전운전불이행,건조,맑음,교차로 - 교차로안,승용,남,72세,상해없음,화물,남,37세,경상
2021100400100149,2021년 10월 4일 12시,월요일,경상북도 영천시 대창면,중상사고,0,1,0,0,차대사람 - 횡단중,보행자보호의무위반,건조,맑음,교차로 - 교차로횡단보도내,승용,남,70세,상해없음,보행자,남,83세,중상
2021100400100150,2021년 10월 4일 12시,월요일,경상북도 청도군 청도읍,경상사고,0,0,2,0,차대차 - 정면충돌,안전운전불이행,건조,맑음,단일로 - 기타,화물,여,66세,상해없음,승용,남,45세,경상
2021100400100151,2021년 10월 4일 12시,월요일,경상북도 구미시 인의동,경상사고,0,0,1,0,차대차 - 기타,안전운전불이행,건조,맑음,교차로 - 교차로안,승용,여,46세,상해없음,이륜,남,25세,경상
2021100400100152,2021년 10월 4일 12시,월요일,경상북도 포항시 남구 인덕동,경상사고,0,0,1,0,차대차 - 추돌,안전운전불이행,건조,맑음,교차로 - 교차로부근,승용,남,72세,상해없음,승용,여,51세,경상
2021100400100190,2021년 10월 4일 13시,월요일,경상북도 문경시 가은읍,중상사고,0,1,0,0,차대차 - 측면충돌,중앙선침범,건조,맑음,단일로 - 기타,승용,여,44세,상해없음,화물,남,61세,상해없음
2021100400100191,2021년 10월 4일 13시,월요일,경상북도 구미시 원평동,경상사고,0,0,1,0,차대사람 - 기타,안전운전불이행,건조,맑음,주차장 - 주차장,승합,남,44세,상해없음,보행자,남,67세,경상
2021100400100215,2021년 10월 4일 14시,월요일,경상북도 경주시 동천동,중상사고,0,1,1,0,차대차 - 측면충돌,직진우회전진행방해,건조,맑음,교차로 - 교차로안,승용,남,44세,중상,승용,여,27세,경상
2021100400100216,2021년 10월 4일 14시,월요일,경상북도 청송군 진보면,경상사고,0,0,1,0,차대사람 - 길가장자리구역통행중,직진우회전진행방해,건조,맑음,교차로 - 교차로안,승용,남,62세,상해없음,보행자,남,60세,경상
2021100400100240,2021년 10월 4일 15시,월요일,경상북도 구미시 도량동,중상사고,0,1,0,0,차대차 - 측면충돌,안전운전불이행,건조,맑음,단일로 - 기타,승용,남,57세,상해없음,이륜,남,37세,중상
2021100400100287,2021년 10월 4일 16시,월요일,경상북도 영천시 망정동,경상사고,0,0,1,0,차대사람 - 횡단중,보행자보호의무위반,건조,맑음,단일로 - 기타,개인형이동수단(PM),남,19세,상해없음,보행자,남,11세,경상
2021100400100288,2021년 10월 4일 16시,월요일,경상북도 예천군 예천읍,사망사고,1,0,0,0,차량단독 - 전도전복 - 전도,안전운전불이행,건조,맑음,단일로 - 기타,이륜,남,73세,사망,,,,
2021100400100289,2021년 10월 4일 16시,월요일,경상북도 포항시 남구 대잠동,경상사고,0,0,3,0,차대차 - 측면충돌,신호위반,건조,맑음,교차로 - 교차로안,승용,남,65세,상해없음,승용,남,33세,경상
2021100400100290,2021년 10월 4일 16시,월요일,경상북도 포항시 남구 해도동,경상사고,0,0,1,0,차대차 - 측면충돌,기타,건조,맑음,교차로 - 교차로안,승용,여,33세,상해없음,이륜,남,76세,경상
2021100400100321,2021년 10월 4일 17시,월요일,경상북도 경주시 보문동,경상사고,0,0,2,0,차대차 - 기타,신호위반,건조,맑음,교차로 - 교차로횡단보도내,승용,남,66세,상해없음,자전거,남,37세,경상
2021100400100360,2021년 10월 4일 18시,월요일,경상북도 의성군 의성읍,중상사고,0,1,0,0,차대차 - 측면충돌,안전운전불이행,건조,흐림,교차로 - 교차로안,승용,남,71세,상해없음,이륜,남,21세,중상
2021100400100361,2021년 10월 4일 18시,월요일,경상북도 포항시 남구 대잠동,경상사고,0,0,1,0,차대차 - 정면충돌,중앙선침범,건조,맑음,교차로 - 교차로부근,이륜,남,18세,상해없음,승용,남,31세,경상
2021100400100362,2021년 10월 4일 18시,월요일,경상북도 칠곡군 동명면,경상사고,0,0,4,0,차대차 - 추돌,안전운전불이행,건조,맑음,단일로 - 기타,승용,남,27세,상해없음,승용,남,49세,경상
2021100400100394,2021년 10월 4일 19시,월요일,경상북도 경산시 진량읍,경상사고,0,0,1,0,차대차 - 추돌,안전운전불이행,건조,맑음,단일로 - 기타,화물,남,58세,상해없음,승용,여,50세,경상
2021100400100434,2021년 10월 4일 20시,월요일,경상북도 봉화군 봉화읍,사망사고,1,0,0,0,차대사람 - 횡단중,교차로운행방법위반,건조,맑음,교차로 - 교차로안,승용,남,60세,상해없음,보행자,여,64세,사망
2021100400100435,2021년 10월 4일 20시,월요일,경상북도 구미시 진평동,경상사고,0,0,1,0,차량단독 - 전도전복 - 전도,안전운전불이행,건조,맑음,단일로 - 기타,개인형이동수단(PM),남,24세,경상,,,,
2021100400100481,2021년 10월 4일 22시,월요일,경상북도 경주시 용강동,경상사고,0,0,1,0,차대차 - 측면충돌,안전운전불이행,건조,맑음,단일로 - 기타,승용,여,46세,상해없음,승용,여,43세,경상
2021100400100482,2021년 10월 4일 22시,월요일,경상북도 경산시 옥산동,경상사고,0,0,1,0,차대사람 - 길가장자리구역통행중,안전운전불이행,건조,맑음,단일로 - 기타,승용,남,26세,상해없음,보행자,남,60세,경상
2021100400100483,2021년 10월 4일 22시,월요일,경상북도 영덕군 강구면,경상사고,0,0,2,0,차대차 - 정면충돌,중앙선침범,건조,맑음,단일로 - 기타,이륜,남,61세,경상,승용,남,45세,경상
2021100500100021,2021년 10월 5일 05시,화요일,경상북도 포항시 북구 우현동,경상사고,0,0,2,0,차대차 - 기타,신호위반,건조,맑음,교차로 - 교차로안,승용,남,56세,상해없음,승용,남,68세,경상
2021100500100047,2021년 10월 5일 07시,화요일,경상북도 경산시 진량읍,경상사고,0,0,1,0,차대차 - 측면충돌,안전운전불이행,건조,맑음,단일로 - 기타,승용,여,33세,상해없음,이륜,남,60세,경상
2021100500100048,2021년 10월 5일 07시,화요일,경상북도 포항시 남구 송내동,경상사고,0,0,1,0,차대차 - 추돌,안전거리미확보,건조,맑음,교차로 - 교차로부근,승용,남,27세,상해없음,승용,남,32세,경상
2021100500100086,2021년 10월 5일 08시,화요일,경상북도 영천시 금호읍,경상사고,0,0,3,0,차대차 - 측면충돌,안전운전불이행,건조,맑음,교차로 - 교차로안,승용,여,38세,경상,승용,남,58세,경상
2021100500100163,2021년 10월 5일 10시,화요일,경상북도 포항시 북구 덕수동,경상사고,0,0,2,0,차대차 - 추돌,안전운전불이행,건조,맑음,교차로 - 교차로부근,승용,남,73세,상해없음,승용,남,22세,경상
2021100500100164,2021년 10월 5일 10시,화요일,경상북도 칠곡군 동명면,경상사고,0,0,2,0,차대차 - 추돌,안전거리미확보,건조,맑음,단일로 - 기타,화물,남,65세,상해없음,승용,남,55세,경상
2021100500100192,2021년 10월 5일 11시,화요일,경상북도 경주시 천군동,중상사고,0,1,0,0,차대사람 - 기타,중앙선침범,건조,맑음,단일로 - 기타,승용,남,52세,상해없음,보행자,남,54세,중상
2021100500100193,2021년 10월 5일 11시,화요일,경상북도 안동시 와룡면,경상사고,0,0,3,0,차대차 - 측면충돌,중앙선침범,건조,맑음,단일로 - 기타,승용,남,69세,상해없음,화물,남,52세,경상
2021100500100233,2021년 10월 5일 12시,화요일,경상북도 포항시 남구 대잠동,경상사고,0,0,2,0,차대차 - 측면충돌,안전운전불이행,건조,맑음,단일로 - 기타,승용,남,28세,경상,승용,남,53세,경상
2021100500100234,2021년 10월 5일 12시,화요일,경상북도 포항시 남구 청림동,경상사고,0,0,4,0,차대차 - 측면충돌,교차로운행방법위반,건조,맑음,교차로 - 교차로안,승용,여,52세,경상,승용,여,54세,경상
2021100500100278,2021년 10월 5일 13시,화요일,경상북도 구미시 공단동,중상사고,0,1,0,0,차대차 - 측면충돌,신호위반,건조,맑음,교차로 - 교차로안,승용,남,53세,상해없음,원동기,남,29세,중상
2021100500100318,2021년 10월 5일 14시,화요일,경상북도 김천시 양천동,경상사고,0,0,1,0,차대차 - 측면충돌,안전운전불이행,건조,맑음,단일로 - 기타,건설기계,남,63세,상해없음,이륜,남,72세,경상
2021100500100319,2021년 10월 5일 14시,화요일,경상북도 상주시 사벌국면,사망사고,1,0,0,0,차대차 - 측면충돌,안전운전불이행,건조,맑음,교차로 - 교차로안,개인형이동수단(PM),여,38세,상해없음,자전거,여,80세,사망
2021100500100320,2021년 10월 5일 14시,화요일,경상북도 고령군 쌍림면,경상사고,0,0,1,0,차대차 - 측면충돌,안전운전불이행,건조,맑음,단일로 - 기타,승용,여,62세,상해없음,승합,남,54세,경상
2021100500100321,2021년 10월 5일 14시,화요일,경상북도 구미시 신평동,경상사고,0,0,1,0,차대사람 - 기타,안전운전불이행,건조,맑음,단일로 - 기타,화물,남,69세,상해없음,보행자,여,19세,경상
2021100500100397,2021년 10월 5일 16시,화요일,경상북도 경주시 강동면,경상사고,0,0,1,0,차대차 - 측면충돌,안전운전불이행,건조,맑음,단일로 - 기타,건설기계,남,66세,상해없음,승용,여,56세,경상
2021100500100398,2021년 10월 5일 16시,화요일,경상북도 김천시 어모면,경상사고,0,0,1,0,차대차 - 측면충돌,직진우회전진행방해,건조,맑음,교차로 - 교차로부근,승용,여,66세,상해없음,승용,여,29세,경상
2021100500100399,2021년 10월 5일 16시,화요일,경상북도 구미시 공단동,경상사고,0,0,4,0,차대차 - 기타,안전운전불이행,건조,맑음,단일로 - 기타,승용,여,51세,상해없음,승용,남,26세,경상
2021100500100453,2021년 10월 5일 17시,화요일,경상북도 안동시 정하동,경상사고,0,0,1,0,차대차 - 측면충돌,신호위반,건조,맑음,단일로 - 기타,자전거,남,48세,경상,승용,여,64세,상해없음
2021100500100502,2021년 10월 5일 18시,화요일,경상북도 포항시 북구 기북면,경상사고,0,0,1,0,차대차 - 기타,안전운전불이행,건조,맑음,단일로 - 기타,화물,남,60세,상해없음,농기계,남,80세,경상
2021100500100503,2021년 10월 5일 18시,화요일,경상북도 영천시 북안면,경상사고,0,0,2,0,차대차 - 추돌,안전운전불이행,젖음/습기,안개,단일로 - 기타,승용,남,66세,경상,농기계,남,74세,경상
2021100500100504,2021년 10월 5일 18시,화요일,경상북도 문경시 모전동,경상사고,0,0,1,0,차대사람 - 횡단중,보행자보호의무위반,건조,맑음,교차로 - 교차로안,승용,여,51세,상해없음,보행자,남,10세,경상
2021100500100505,2021년 10월 5일 18시,화요일,경상북도 경산시 옥산동,중상사고,0,1,0,0,차대사람 - 횡단중,기타,건조,맑음,교차로 - 교차로안,승용,남,23세,기타불명,보행자,여,85세,중상
2021100500100554,2021년 10월 5일 19시,화요일,경상북도 포항시 남구 오천읍,중상사고,0,1,0,0,차대차 - 측면충돌,직진우회전진행방해,건조,맑음,교차로 - 교차로안,승용,남,47세,상해없음,이륜,남,29세,중상
2021100500100632,2021년 10월 5일 22시,화요일,경상북도 경주시 석장동,경상사고,0,0,2,0,차대사람 - 횡단중,안전운전불이행,건조,맑음,교차로 - 교차로안,승용,남,21세,상해없음,보행자,남,20세,경상
2021100500100633,2021년 10월 5일 22시,화요일,경상북도 구미시 사곡동,중상사고,0,1,0,0,차대차 - 측면충돌,중앙선침범,건조,맑음,단일로 - 기타,승용,여,35세,상해없음,이륜,남,29세,중상
2021100600100006,2021년 10월 6일 01시,수요일,경상북도 포항시 남구 오천읍,중상사고,0,1,0,0,차량단독 - 주/정차차량 충돌,안전운전불이행,건조,맑음,단일로 - 기타,승용,남,33세,중상,,,,
2021100600100020,2021년 10월 6일 05시,수요일,경상북도 안동시 임하면,경상사고,0,0,1,0,차대차 - 추돌,안전운전불이행,건조,맑음,단일로 - 기타,화물,남,63세,상해없음,승용,남,80세,경상
2021100600100043,2021년 10월 6일 06시,수요일,경상북도 구미시 송정동,중상사고,0,1,0,0,차대차 - 측면충돌,안전운전불이행,건조,맑음,단일로 - 기타,화물,남,52세,상해없음,승용,남,51세,중상
2021100600100067,2021년 10월 6일 07시,수요일,경상북도 포항시 북구 두호동,경상사고,0,0,1,0,차대차 - 기타,안전거리미확보,건조,맑음,교차로 - 교차로부근,승용,여,62세,상해없음,승합,남,50세,경상
2021100600100068,2021년 10월 6일 07시,수요일,경상북도 영천시 망정동,경상사고,0,0,3,0,차대차 - 측면충돌,안전운전불이행,건조,맑음,교차로 - 교차로안,승용,여,39세,경상,승용,남,37세,경상
2021100600100097,2021년 10월 6일 08시,수요일,경상북도 구미시 송정동,경상사고,0,0,1,0,차대차 - 기타,안전운전불이행,건조,맑음,교차로 - 교차로안,승용,여,45세,상해없음,승용,여,60세,경상
2021100600100161,2021년 10월 6일 10시,수요일,경상북도 포항시 북구 두호동,경상사고,0,0,1,0,차대차 - 추돌,안전거리미확보,젖음/습기,비,단일로 - 기타,화물,남,37세,상해없음,승용,여,72세,경상
2021100600100162,2021년 10월 6일 10시,수요일,경상북도 포항시 북구 학산동,경상사고,0,0,1,0,차대차 - 추돌,안전거리미확보,젖음/습기,비,단일로 - 기타,승용,남,67세,상해없음,자전거,남,63세,경상
2021100600100198,2021년 10월 6일 11시,수요일,경상북도 문경시 마성면,경상사고,0,0,3,0,차대차 - 추돌,안전거리미확보,건조,맑음,단일로 - 기타,승용,남,67세,상해없음,승용,남,24세,경상
2021100600100232,2021년 10월 6일 12시,수요일,경상북도 안동시 옥야동,경상사고,0,0,1,0,차대차 - 측면충돌,안전운전불이행,건조,맑음,단일로 - 기타,승용,남,45세,상해없음,이륜,여,39세,경상
2021100600100233,2021년 10월 6일 12시,수요일,경상북도 김천시 모암동,경상사고,0,0,1,0,차대사람 - 길가장자리구역통행중,안전운전불이행,건조,맑음,단일로 - 기타,승용,여,37세,상해없음,보행자,남,63세,경상
2021100600100234,2021년 10월 6일 12시,수요일,경상북도 칠곡군 왜관읍,부상신고사고,0,0,0,1,차대사람 - 횡단중,신호위반,건조,맑음,단일로 - 기타,승용,여,57세,상해없음,보행자,남,13세,부상신고
2021100600100235,2021년 10월 6일 12시,수요일,경상북도 영천시 완산동,중상사고,0,1,0,0,차대사람 - 횡단중,보행자보호의무위반,건조,맑음,교차로 - 교차로횡단보도내,승용,남,76세,상해없음,보행자,여,65세,중상
2021100600100264,2021년 10월 6일 13시,수요일,경상북도 구미시 고아읍,경상사고,0,0,1,0,차대차 - 측면충돌,안전운전불이행,건조,맑음,단일로 - 기타,승용,남,46세,상해없음,승용,여,43세,경상
2021100600100265,2021년 10월 6일 13시,수요일,경상북도 포항시 남구 청림동,경상사고,0,0,4,0,차대차 - 추돌,안전운전불이행,젖음/습기,비,교차로 - 교차로부근,이륜,남,39세,경상,승용,여,32세,경상
2021100600100292,2021년 10월 6일 14시,수요일,경상북도 예천군 예천읍,경상사고,0,0,1,0,차대차 - 기타,안전운전불이행,건조,맑음,단일로 - 기타,화물,남,64세,상해없음,승용,남,38세,경상
2021100600100293,2021년 10월 6일 14시,수요일,경상북도 구미시 산동읍,중상사고,0,2,0,0,차대차 - 측면충돌,기타,건조,맑음,교차로 - 교차로안,화물,남,59세,중상,승용,여,59세,중상
2021100600100294,2021년 10월 6일 14시,수요일,경상북도 포항시 남구 대도동,경상사고,0,0,1,0,차대차 - 측면충돌,신호위반,건조,맑음,교차로 - 교차로안,화물,남,69세,상해없음,화물,남,59세,경상
2021100600100295,2021년 10월 6일 14시,수요일,경상북도 포항시 남구 연일읍,경상사고,0,0,1,0,차대차 - 측면충돌,안전운전불이행,건조,맑음,교차로 - 교차로부근,승용,남,31세,상해없음,이륜,남,39세,경상
2021100600100296,2021년 10월 6일 14시,수요일,경상북도 김천시 봉산면,경상사고,0,0,2,0,차대차 - 측면충돌,안전운전불이행,건조,맑음,단일로 - 기타,특수,남,36세,상해없음,승용,남,69세,경상
2021100600100332,2021년 10월 6일 15시,수요일,경상북도 김천시 아포읍,중상사고,0,1,0,0,차대사람 - 횡단중,안전운전불이행,건조,맑음,교차로 - 교차로횡단보도내,화물,남,53세,상해없음,보행자,남,61세,중상
2021100600100333,2021년 10월 6일 15시,수요일,경상북도 영천시 북안면,중상사고,0,1,1,0,차대차 - 측면충돌,안전운전불이행,건조,맑음,교차로 - 교차로안,승용,남,30세,중상,화물,남,47세,경상
2021100600100334,2021년 10월 6일 15시,수요일,경상북도 고령군 다산면,경상사고,0,0,2,0,차대차 - 추돌,안전운전불이행,건조,맑음,교차로 - 교차로부근,건설기계,남,64세,상해없음,승용,여,36세,경상
2021100600100377,2021년 10월 6일 16시,수요일,경상북도 포항시 북구 흥해읍,중상사고,0,1,0,0,차대차 - 측면충돌,안전운전불이행,젖음/습기,비,교차로 - 교차로안,승용,남,28세,기타불명,승용,남,38세,중상
2021100600100419,2021년 10월 6일 17시,수요일,경상북도 예천군 예천읍,중상사고,0,1,0,0,차량단독 - 기타,안전운전불이행,건조,맑음,단일로 - 기타,이륜,남,77세,중상,,,,
2021100600100466,2021년 10월 6일 18시,수요일,경상북도 칠곡군 왜관읍,중상사고,0,1,0,0,차대사람 - 횡단중,안전운전불이행,건조,맑음,단일로 - 지하차도(도로)내,승합,남,69세,상해없음,보행자,남,74세,중상
2021100600100467,2021년 10월 6일 18시,수요일,경상북도 문경시 점촌동,경상사고,0,0,1,0,차대차 - 측면충돌,중앙선침범,건조,맑음,단일로 - 기타,승용,여,44세,상해없음,승용,여,60세,경상
2021100600100508,2021년 10월 6일 19시,수요일,경상북도 경주시 황성동,경상사고,0,0,1,0,차대차 - 측면충돌,신호위반,건조,맑음,교차로 - 교차로안,승용,여,55세,상해없음,승용,남,33세,경상
2021100600100509,2021년 10월 6일 19시,수요일,경상북도 포항시 북구 죽도동,경상사고,0,0,1,0,차대사람 - 횡단중,보행자보호의무위반,건조,맑음,단일로 - 기타,승용,남,58세,상해없음,보행자,여,43세,경상
2021100600100560,2021년 10월 6일 21시,수요일,경상북도 구미시 고아읍,중상사고,0,1,0,0,차대차 - 기타,안전운전불이행,건조,맑음,교차로 - 교차로안,승용,남,66세,상해없음,승용,남,51세,중상
2021100600100585,2021년 10월 6일 22시,수요일,경상북도 포항시 남구 연일읍,경상사고,0,0,3,0,차대차 - 추돌,안전운전불이행,젖음/습기,비,교차로 - 교차로부근,승용,남,35세,상해없음,승용,남,60세,경상
2021100700100037,2021년 10월 7일 06시,목요일,경상북도 포항시 남구 송내동,경상사고,0,0,2,0,차대차 - 측면충돌,안전운전불이행,건조,맑음,단일로 - 기타,승용,남,35세,경상,승용,남,63세,경상
2021100700100060,2021년 10월 7일 07시,목요일,경상북도 안동시 녹전면,중상사고,0,1,0,0,차대사람 - 횡단중,안전운전불이행,건조,맑음,단일로 - 기타,화물,남,64세,상해없음,보행자,남,78세,중상
2021100700100061,2021년 10월 7일 07시,목요일,경상북도 경산시 조영동,중상사고,0,1,0,0,차대사람 - 횡단중,안전운전불이행,건조,맑음,교차로 - 교차로안,승용,남,30세,상해없음,보행자,여,65세,중상
2021100700100108,2021년 10월 7일 08시,목요일,경상북도 칠곡군 북삼읍,경상사고,0,0,2,1,차대차 - 측면충돌,직진우회전진행방해,건조,맑음,교차로 - 교차로안,승용,여,48세,부상신고,승용,여,42세,경상
2021100700100109,2021년 10월 7일 08시,목요일,경상북도 구미시 구포동,경상사고,0,0,2,0,차대차 - 추돌,안전운전불이행,건조,맑음,교차로 - 교차로안,승용,남,46세,상해없음,승용,남,40세,경상
2021100700100110,2021년 10월 7일 08시,목요일,경상북도 구미시 산동읍,중상사고,0,1,0,0,차대사람 - 기타,안전운전불이행,건조,맑음,기타 - 기타,승용,여,36세,상해없음,보행자,남,63세,중상
2021100700100129,2021년 10월 7일 09시,목요일,경상북도 영천시 완산동,경상사고,0,0,1,0,차대차 - 측면충돌,신호위반,건조,맑음,교차로 - 교차로안,승용,남,71세,기타불명,이륜,남,75세,경상
2021100700100130,2021년 10월 7일 09시,목요일,경상북도 영덕군 영덕읍,경상사고,0,0,5,0,차대차 - 측면충돌,교차로운행방법위반,건조,맑음,교차로 - 교차로안,승용,남,49세,경상,승용,여,36세,경상
2021100700100155,2021년 10월 7일 10시,목요일,경상북도 경주시 용강동,경상사고,0,0,1,0,차대차 - 측면충돌,안전운전불이행,건조,맑음,교차로 - 교차로안,승용,여,56세,상해없음,자전거,남,78세,경상
2021100700100156,2021년 10월 7일 10시,목요일,경상북도 경주시 동천동,중상사고,0,1,0,0,차대사람 - 기타,안전운전불이행,건조,맑음,단일로 - 기타,승용,남,49세,상해없음,보행자,여,78세,중상
2021100700100157,2021년 10월 7일 10시,목요일,경상북도 김천시 남산동,경상사고,0,0,2,0,차대차 - 추돌,안전운전불이행,건조,맑음,교차로 - 교차로안,승용,남,43세,상해없음,승용,남,38세,경상
2021100700100158,2021년 10월 7일 10시,목요일,경상북도 포항시 남구 오천읍,부상신고사고,0,0,0,1,차대차 - 기타,중앙선침범,건조,맑음,교차로 - 교차로안,자전거,남,64세,부상신고,승용,남,51세,상해없음