사고번호,사고일시,요일,시군구,사고내용,사망자수,중상자수,경상자수,부상신고자수,사고유형,법규위반,노면상태,기상상태,도로형태,가해운전자 차종,가해운전자 성별,가해운전자 연령,가해운전자 상해정도,피해운전자 차종,피해운전자 성별,피해운전자 연령,피해운전자 상해정도
2021100700100230,2021년 10월 7일 12시,목요일,경상북도 포항시 북구 흥해읍,경상사고,0,0,2,0,차대차 - 추돌,안전운전불이행,건조,맑음,교차로 - 교차로부근,승용,남,58세,기타불명,화물,남,52세,경상
2021100700100231,2021년 10월 7일 12시,목요일,경상북도 의성군 봉양면,경상사고,0,0,2,0,차대차 - 기타,신호위반,건조,맑음,교차로 - 교차로안,화물,남,38세,상해없음,승용,남,54세,경상
2021100700100232,2021년 10월 7일 12시,목요일,경상북도 영덕군 영해면,중상사고,0,1,1,0,차대차 - 후진중충돌,안전운전불이행,건조,맑음,단일로 - 기타,화물,남,55세,중상,승용,여,63세,경상
2021100700100233,2021년 10월 7일 12시,목요일,경상북도 경주시 건천읍,경상사고,0,0,3,0,차대차 - 기타,안전운전불이행,건조,맑음,단일로 - 기타,화물,남,51세,상해없음,승용,남,35세,경상
2021100700100263,2021년 10월 7일 13시,목요일,경상북도 경주시 안강읍,경상사고,0,0,3,0,차대차 - 측면충돌,중앙선침범,건조,맑음,단일로 - 기타,승용,남,51세,상해없음,승용,여,49세,경상
2021100700100302,2021년 10월 7일 14시,목요일,경상북도 안동시 정하동,경상사고,0,0,1,0,차대차 - 기타,안전운전불이행,건조,맑음,교차로 - 교차로부근,승용,남,54세,기타불명,승용,남,65세,상해없음
2021100700100331,2021년 10월 7일 15시,목요일,경상북도 상주시 화남면,중상사고,0,4,0,0,차대차 - 정면충돌,중앙선침범,젖음/습기,비,단일로 - 기타,승용,남,30세,중상,화물,남,54세,중상
2021100700100332,2021년 10월 7일 15시,목요일,경상북도 구미시 옥계동,중상사고,0,1,0,0,차대차 - 측면충돌,안전운전불이행,건조,맑음,교차로 - 교차로안,승용,여,40세,상해없음,이륜,남,41세,중상
2021100700100333,2021년 10월 7일 15시,목요일,경상북도 포항시 남구 효자동,경상사고,0,0,1,0,차대차 - 후진중충돌,안전운전불이행,건조,맑음,단일로 - 기타,승용,남,67세,상해없음,승용,남,49세,경상
2021100700100334,2021년 10월 7일 15시,목요일,경상북도 포항시 남구 연일읍,경상사고,0,0,2,0,차대차 - 추돌,안전운전불이행,건조,맑음,교차로 - 교차로부근,승용,여,64세,상해없음,승용,남,42세,경상
2021100700100369,2021년 10월 7일 16시,목요일,경상북도 영덕군 강구면,중상사고,0,1,0,0,차대차 - 측면충돌,안전운전불이행,건조,맑음,단일로 - 기타,화물,남,59세,상해없음,자전거,남,84세,중상
2021100700100370,2021년 10월 7일 16시,목요일,경상북도 구미시 선기동,경상사고,0,0,1,0,차대차 - 측면충돌,안전거리미확보,젖음/습기,비,단일로 - 기타,승용,여,38세,상해없음,승용,남,65세,상해없음
2021100700100395,2021년 10월 7일 17시,목요일,경상북도 포항시 북구 여천동,중상사고,0,1,0,0,차대사람 - 횡단중,신호위반,건조,맑음,교차로 - 교차로횡단보도내,화물,남,40세,상해없음,보행자,여,69세,중상
2021100700100396,2021년 10월 7일 17시,목요일,경상북도 칠곡군 북삼읍,경상사고,0,0,1,0,차대차 - 후진중충돌,안전운전불이행,건조,맑음,단일로 - 기타,승용,남,51세,상해없음,승용,남,49세,상해없음
2021100700100397,2021년 10월 7일 17시,목요일,경상북도 영양군 청기면,중상사고,0,1,0,0,차량단독 - 전도전복 - 전도,안전운전불이행,건조,맑음,단일로 - 기타,승합,남,27세,상해없음,,,,
2021100700100444,2021년 10월 7일 18시,목요일,경상북도 포항시 북구 장성동,경상사고,0,0,1,0,차대사람 - 횡단중,보행자보호의무위반,건조,맑음,교차로 - 교차로안,승용,남,64세,상해없음,보행자,여,15세,경상
2021100700100445,2021년 10월 7일 18시,목요일,경상북도 칠곡군 북삼읍,중상사고,0,1,0,0,차대사람 - 차도통행중,안전운전불이행,건조,맑음,교차로 - 교차로부근,승용,여,75세,상해없음,보행자,여,74세,중상
2021100700100446,2021년 10월 7일 18시,목요일,경상북도 경산시 사동,경상사고,0,0,3,0,차대차 - 정면충돌,안전운전불이행,건조,맑음,주차장 - 주차장,승용,여,57세,상해없음,승용,여,29세,경상
2021100700100447,2021년 10월 7일 18시,목요일,경상북도 포항시 남구 구룡포읍,중상사고,0,1,0,0,차대사람 - 차도통행중,안전운전불이행,건조,맑음,단일로 - 지하차도(도로)내,승용,남,84세,상해없음,보행자,여,85세,중상
2021100700100504,2021년 10월 7일 19시,목요일,경상북도 경주시 서면,중상사고,0,1,0,0,차대사람 - 보도통행중,보행자보호의무위반,건조,맑음,교차로 - 교차로횡단보도내,승용,여,65세,상해없음,보행자,여,62세,중상
2021100700100505,2021년 10월 7일 19시,목요일,경상북도 경주시 인왕동,중상사고,0,1,0,0,차대차 - 추돌,안전운전불이행,건조,맑음,단일로 - 기타,화물,남,69세,중상,농기계,남,54세,기타불명
2021100700100506,2021년 10월 7일 19시,목요일,경상북도 포항시 남구 상도동,경상사고,0,0,2,0,차대차 - 측면충돌,신호위반,건조,맑음,교차로 - 교차로안,이륜,남,45세,경상,이륜,남,45세,경상
2021100700100536,2021년 10월 7일 20시,목요일,경상북도 고령군 쌍림면,중상사고,0,1,0,0,차대차 - 기타,중앙선침범,건조,맑음,단일로 - 기타,승용,여,22세,상해없음,승용,남,56세,중상
2021100700100537,2021년 10월 7일 20시,목요일,경상북도 성주군 용암면,사망사고,1,0,1,0,차대차 - 추돌,안전운전불이행,건조,맑음,단일로 - 기타,화물,남,61세,사망,특수,남,61세,경상
2021100700100583,2021년 10월 7일 22시,목요일,경상북도 영천시 대창면,경상사고,0,0,1,0,차량단독 - 공작물충돌,안전운전불이행,건조,맑음,기타 - 기타,화물,남,29세,경상,,,,
2021100700100584,2021년 10월 7일 22시,목요일,경상북도 예천군 예천읍,중상사고,0,1,0,0,차대사람 - 기타,안전운전불이행,건조,맑음,주차장 - 주차장,승용,여,44세,상해없음,보행자,여,61세,중상
2021100800100013,2021년 10월 8일 01시,금요일,경상북도 칠곡군 왜관읍,부상신고사고,0,0,0,1,차량단독 - 전도전복 - 전도,안전운전불이행,건조,맑음,단일로 - 기타,이륜,남,16세,부상신고,,,,
2021100800100021,2021년 10월 8일 03시,금요일,경상북도 칠곡군 석적읍,중상사고,0,1,0,0,차량단독 - 전도전복 - 전도,안전운전불이행,건조,맑음,단일로 - 기타,개인형이동수단(PM),남,39세,중상,,,,
2021100800100029,2021년 10월 8일 05시,금요일,경상북도 영천시 북안면,사망사고,1,0,0,0,차량단독 - 전도전복 - 전도,안전운전불이행,건조,맑음,단일로 - 기타,농기계,남,86세,사망,,,,
2021100800100039,2021년 10월 8일 06시,금요일,경상북도 영덕군 강구면,경상사고,0,0,1,0,차대차 - 추돌,안전운전불이행,건조,맑음,단일로 - 기타,승합,남,66세,상해없음,화물,남,61세,경상
2021100800100059,2021년 10월 8일 07시,금요일,경상북도 칠곡군 동명면,부상신고사고,0,0,0,1,차량단독 - 도로외이탈 - 추락,안전운전불이행,건조,맑음,단일로 - 기타,농기계,남,64세,부상신고,,,,
2021100800100060,2021년 10월 8일 07시,금요일,경상북도 경산시 갑제동,경상사고,0,0,1,0,차대차 - 측면충돌,안전운전불이행,건조,흐림,단일로 - 기타,승용,여,25세,상해없음,승용,여,39세,경상
2021100800100061,2021년 10월 8일 07시,금요일,경상북도 청도군 매전면,중상사고,0,1,0,0,차대사람 - 기타,안전운전불이행,건조,맑음,단일로 - 기타,승용,여,69세,상해없음,보행자,여,55세,중상
2021100800100096,2021년 10월 8일 08시,금요일,경상북도 칠곡군 북삼읍,경상사고,0,0,1,0,차대차 - 후진중충돌,안전운전불이행,건조,맑음,단일로 - 기타,승용,여,57세,상해없음,승용,남,38세,경상
2021100800100097,2021년 10월 8일 08시,금요일,경상북도 경산시 자인면,중상사고,0,2,0,0,차대차 - 추돌,안전운전불이행,건조,맑음,단일로 - 기타,화물,남,55세,상해없음,이륜,남,79세,중상
2021100800100132,2021년 10월 8일 09시,금요일,경상북도 청송군 안덕면,경상사고,0,0,1,0,차대차 - 측면충돌,안전운전불이행,건조,맑음,단일로 - 지하차도(도로)내,화물,남,49세,상해없음,승용,남,29세,경상
2021100800100160,2021년 10월 8일 10시,금요일,경상북도 김천시 덕곡동,경상사고,0,0,3,0,차대차 - 기타,안전거리미확보,건조,맑음,교차로 - 교차로부근,승용,여,73세,상해없음,승합,남,52세,상해없음
2021100800100161,2021년 10월 8일 10시,금요일,경상북도 영천시 고경면,경상사고,0,0,1,0,차대차 - 측면충돌,신호위반,건조,맑음,교차로 - 교차로안,화물,남,75세,상해없음,화물,남,46세,경상
2021100800100162,2021년 10월 8일 10시,금요일,경상북도 경산시 중방동,중상사고,0,1,0,0,차대차 - 측면충돌,안전운전불이행,건조,맑음,단일로 - 기타,승용,남,53세,상해없음,자전거,남,76세,중상
2021100800100163,2021년 10월 8일 10시,금요일,경상북도 포항시 남구 대잠동,경상사고,0,0,1,0,차대사람 - 횡단중,안전운전불이행,건조,맑음,교차로 - 교차로안,승용,남,26세,상해없음,보행자,남,48세,경상
2021100800100190,2021년 10월 8일 11시,금요일,경상북도 경주시 외동읍,경상사고,0,0,1,0,차대차 - 측면충돌,안전운전불이행,건조,맑음,단일로 - 기타,승용,남,78세,상해없음,승용,여,29세,경상
2021100800100191,2021년 10월 8일 11시,금요일,경상북도 안동시 운흥동,중상사고,0,1,0,0,차대차 - 기타,신호위반,건조,맑음,교차로 - 교차로안,승용,여,47세,상해없음,승용,남,57세,중상
2021100800100192,2021년 10월 8일 11시,금요일,경상북도 영주시 가흥동,경상사고,0,0,1,0,차대차 - 추돌,차로위반,젖음/습기,비,교차로 - 교차로부근,승용,여,48세,상해없음,승용,여,62세,경상
2021100800100193,2021년 10월 8일 11시,금요일,경상북도 포항시 남구 대도동,경상사고,0,0,1,0,차대차 - 측면충돌,중앙선침범,건조,흐림,교차로 - 교차로부근,승합,남,64세,상해없음,승용,남,38세,경상
2021100800100229,2021년 10월 8일 12시,금요일,경상북도 구미시 선산읍,중상사고,0,1,0,0,차대사람 - 기타,안전운전불이행,건조,맑음,교차로 - 교차로부근,농기계,남,69세,상해없음,보행자,남,62세,중상
2021100800100264,2021년 10월 8일 13시,금요일,경상북도 경주시 동부동,경상사고,0,0,1,0,차대차 - 기타,직진우회전진행방해,젖음/습기,비,교차로 - 교차로부근,승용,남,34세,상해없음,이륜,남,30세,경상
2021100800100265,2021년 10월 8일 13시,금요일,경상북도 경주시 안강읍,부상신고사고,0,0,0,1,차대차 - 정면충돌,안전운전불이행,건조,맑음,교차로 - 교차로안,이륜,남,68세,부상신고,승용,남,50세,상해없음
2021100800100266,2021년 10월 8일 13시,금요일,경상북도 경주시 황오동,경상사고,0,0,1,0,차대차 - 추돌,안전운전불이행,젖음/습기,비,단일로 - 기타,승용,남,70세,상해없음,승용,여,42세,경상
2021100800100267,2021년 10월 8일 13시,금요일,경상북도 영양군 영양읍,경상사고,0,0,1,0,차대차 - 측면충돌,기타,건조,맑음,교차로 - 교차로안,승용,남,54세,상해없음,승용,남,60세,경상
2021100800100268,2021년 10월 8일 13시,금요일,경상북도 칠곡군 왜관읍,경상사고,0,0,1,0,차대차 - 측면충돌,안전운전불이행,건조,맑음,단일로 - 기타,화물,남,64세,상해없음,승용,남,72세,경상
2021100800100313,2021년 10월 8일 14시,금요일,경상북도 구미시 송정동,중상사고,0,1,1,0,차대차 - 측면충돌,신호위반,젖음/습기,비,교차로 - 교차로부근,이륜,남,41세,경상,승용,여,44세,중상
2021100800100314,2021년 10월 8일 14시,금요일,경상북도 포항시 남구 효자동,경상사고,0,0,1,0,차대사람 - 횡단중,보행자보호의무위반,건조,맑음,교차로 - 교차로횡단보도내,승용,여,39세,상해없음,보행자,여,11세,경상
2021100800100349,2021년 10월 8일 15시,금요일,경상북도 군위군 군위읍,중상사고,0,2,1,0,차대차 - 측면충돌,중앙선침범,젖음/습기,비,단일로 - 기타,건설기계,남,59세,상해없음,승용,남,42세,중상
2021100800100350,2021년 10월 8일 15시,금요일,경상북도 구미시 해평면,경상사고,0,0,1,0,차대차 - 측면충돌,안전운전불이행,건조,맑음,단일로 - 기타,승합,여,60세,상해없음,화물,남,60세,경상
2021100800100351,2021년 10월 8일 15시,금요일,경상북도 구미시 구평동,경상사고,0,0,3,0,차대차 - 추돌,안전운전불이행,젖음/습기,비,단일로 - 기타,승용,남,24세,상해없음,승용,여,62세,경상
2021100800100382,2021년 10월 8일 16시,금요일,경상북도 의성군 봉양면,경상사고,0,0,1,0,차대차 - 측면충돌,안전운전불이행,젖음/습기,흐림,교차로 - 교차로안,승용,여,64세,상해없음,화물,남,66세,경상
2021100800100383,2021년 10월 8일 16시,금요일,경상북도 영덕군 강구면,경상사고,0,0,1,0,차대사람 - 기타,안전운전불이행,젖음/습기,흐림,주차장 - 주차장,승용,남,68세,상해없음,보행자,여,39세,경상
2021100800100384,2021년 10월 8일 16시,금요일,경상북도 청도군 청도읍,중상사고,0,1,0,0,차대차 - 측면충돌,직진우회전진행방해,건조,맑음,교차로 - 교차로안,승용,남,63세,상해없음,승용,여,72세,중상
2021100800100427,2021년 10월 8일 17시,금요일,경상북도 경주시 성건동,경상사고,0,0,2,0,차대차 - 측면충돌,교차로운행방법위반,젖음/습기,비,교차로 - 교차로안,승용,남,70세,상해없음,승용,여,24세,경상
2021100800100428,2021년 10월 8일 17시,금요일,경상북도 칠곡군 약목면,경상사고,0,0,2,0,차대차 - 측면충돌,안전운전불이행,건조,맑음,교차로 - 교차로부근,승용,여,50세,기타불명,화물,남,52세,경상
2021100800100429,2021년 10월 8일 17시,금요일,경상북도 칠곡군 왜관읍,부상신고사고,0,0,0,1,차대차 - 측면충돌,안전운전불이행,건조,맑음,교차로 - 교차로부근,승용,여,33세,상해없음,승용,여,38세,부상신고
2021100800100430,2021년 10월 8일 17시,금요일,경상북도 경산시 대동,경상사고,0,0,1,0,차대차 - 측면충돌,안전운전불이행,건조,맑음,교차로 - 교차로안,승용,남,29세,상해없음,개인형이동수단(PM),남,19세,경상
2021100800100431,2021년 10월 8일 17시,금요일,경상북도 구미시 임수동,중상사고,0,1,0,0,차대차 - 기타,안전운전불이행,젖음/습기,비,교차로 - 교차로안,승용,여,40세,상해없음,승용,여,38세,중상
2021100800100432,2021년 10월 8일 17시,금요일,경상북도 포항시 남구 상도동,경상사고,0,0,1,0,차대사람 - 횡단중,안전운전불이행,건조,맑음,단일로 - 기타,기타불명,기타불명,미분류,기타불명,보행자,여,58세,경상
2021100800100433,2021년 10월 8일 17시,금요일,경상북도 포항시 남구 장기면,중상사고,0,1,0,0,차대차 - 측면충돌,중앙선침범,젖음/습기,비,교차로 - 교차로안,화물,남,58세,상해없음,승용,남,35세,중상
2021100800100498,2021년 10월 8일 18시,금요일,경상북도 경주시 서악동,중상사고,0,2,0,0,차대차 - 기타,중앙선침범,젖음/습기,비,단일로 - 기타,승용,여,74세,상해없음,승용,여,53세,중상
2021100800100499,2021년 10월 8일 18시,금요일,경상북도 경주시 현곡면,중상사고,0,2,0,0,차대차 - 추돌,안전운전불이행,젖음/습기,비,단일로 - 지하차도(도로)내,화물,남,65세,중상,승용,여,50세,중상
2021100800100500,2021년 10월 8일 18시,금요일,경상북도 포항시 북구 장성동,중상사고,0,1,0,0,차대사람 - 횡단중,기타,건조,맑음,단일로 - 기타,승용,여,42세,상해없음,보행자,남,56세,중상
2021100800100501,2021년 10월 8일 18시,금요일,경상북도 안동시 남문동,중상사고,0,1,0,0,차대사람 - 기타,안전운전불이행,건조,맑음,교차로 - 교차로부근,승용,여,51세,상해없음,보행자,여,55세,중상
2021100800100502,2021년 10월 8일 18시,금요일,경상북도 안동시 풍천면,경상사고,0,0,1,0,차대차 - 후진중충돌,안전운전불이행,건조,맑음,단일로 - 기타,화물,남,60세,상해없음,승합,남,29세,경상
2021100800100503,2021년 10월 8일 18시,금요일,경상북도 문경시 흥덕동,경상사고,0,0,1,0,차대사람 - 기타,안전운전불이행,건조,맑음,단일로 - 기타,승용,여,48세,상해없음,보행자,남,21세,경상
2021100800100504,2021년 10월 8일 18시,금요일,경상북도 경산시 옥곡동,경상사고,0,0,1,0,차대사람 - 횡단중,안전운전불이행,건조,맑음,단일로 - 지하차도(도로)내,자전거,남,12세,상해없음,보행자,남,53세,경상
2021100800100506,2021년 10월 8일 18시,금요일,경상북도 구미시 원평동,중상사고,0,1,0,0,차대사람 - 기타,안전운전불이행,건조,맑음,단일로 - 기타,승용,여,59세,상해없음,보행자,여,51세,중상
2021100800100507,2021년 10월 8일 18시,금요일,경상북도 구미시 봉곡동,중상사고,0,1,0,0,차대차 - 기타,직진우회전진행방해,건조,맑음,교차로 - 교차로안,승용,여,50세,상해없음,이륜,남,48세,중상
2021100800100508,2021년 10월 8일 18시,금요일,경상북도 구미시 도개면,중상사고,0,1,0,0,차량단독 - 전도전복 - 전도,안전운전불이행,젖음/습기,흐림,교차로 - 교차로안,이륜,남,29세,중상,,,,
2021100800100509,2021년 10월 8일 18시,금요일,경상북도 포항시 남구 해도동,중상사고,0,1,0,0,차대사람 - 차도통행중,안전운전불이행,건조,맑음,단일로 - 기타,화물,남,52세,상해없음,보행자,여,62세,중상
2021100800100572,2021년 10월 8일 19시,금요일,경상북도 포항시 북구 두호동,중상사고,0,1,0,0,차대사람 - 횡단중,보행자보호의무위반,건조,맑음,교차로 - 교차로안,승용,남,45세,상해없음,보행자,여,56세,중상
2021100800100573,2021년 10월 8일 19시,금요일,경상북도 칠곡군 북삼읍,경상사고,0,0,1,0,차대차 - 후진중충돌,안전운전불이행,건조,맑음,단일로 - 기타,승용,여,29세,상해없음,화물,여,51세,경상
2021100800100574,2021년 10월 8일 19시,금요일,경상북도 경산시 하양읍,중상사고,0,1,0,0,차대차 - 추돌,안전운전불이행,건조,흐림,단일로 - 기타,화물,남,66세,상해없음,승용,여,31세,중상
2021100800100617,2021년 10월 8일 20시,금요일,경상북도 경산시 압량읍,중상사고,0,1,0,0,차대차 - 기타,안전운전불이행,건조,맑음,교차로 - 교차로부근,승용,남,30세,상해없음,화물,남,38세,중상
2021100800100680,2021년 10월 8일 22시,금요일,경상북도 포항시 북구 죽도동,중상사고,0,2,0,0,차대사람 - 기타,안전운전불이행,젖음/습기,비,교차로 - 교차로안,승용,남,44세,상해없음,보행자,남,34세,중상
2021100800100681,2021년 10월 8일 22시,금요일,경상북도 포항시 남구 오천읍,경상사고,0,0,3,0,차대차 - 추돌,안전운전불이행,젖음/습기,비,교차로 - 교차로부근,승용,남,31세,상해없음,승용,여,22세,경상
2021100800100705,2021년 10월 8일 23시,금요일,경상북도 경주시 동천동,경상사고,0,0,1,0,차대차 - 측면충돌,안전운전불이행,젖음/습기,흐림,단일로 - 기타,승용,남,40세,상해없음,승용,남,56세,경상
2021100800100706,2021년 10월 8일 23시,금요일,경상북도 칠곡군 왜관읍,중상사고,0,1,0,0,차대사람 - 차도통행중,안전운전불이행,건조,흐림,단일로 - 기타,승용,남,50세,상해없음,보행자,남,17세,중상
2021100900100037,2021년 10월 9일 06시,토요일,경상북도 영덕군 남정면,부상신고사고,0,0,0,1,차량단독 - 기타,안전운전불이행,젖음/습기,맑음,단일로 - 기타,화물,남,61세,부상신고,,,,
2021100900100045,2021년 10월 9일 07시,토요일,경상북도 포항시 북구 청하면,경상사고,0,0,1,0,차대차 - 추돌,안전운전불이행,건조,맑음,교차로 - 교차로부근,화물,남,56세,상해없음,승용,남,63세,경상
2021100900100046,2021년 10월 9일 07시,토요일,경상북도 성주군 용암면,중상사고,0,1,0,0,차대차 - 정면충돌,안전운전불이행,건조,맑음,단일로 - 기타,화물,남,65세,상해없음,승용,여,61세,중상
2021100900100059,2021년 10월 9일 08시,토요일,경상북도 포항시 북구 흥해읍,경상사고,0,0,1,0,차대차 - 측면충돌,신호위반,건조,흐림,교차로 - 교차로안,승용,여,50세,상해없음,승용,여,37세,경상
2021100900100074,2021년 10월 9일 09시,토요일,경상북도 포항시 북구 흥해읍,경상사고,0,0,1,0,차대차 - 측면충돌,안전운전불이행,젖음/습기,비,교차로 - 교차로부근,승용,남,42세,상해없음,승용,남,63세,경상
2021100900100075,2021년 10월 9일 09시,토요일,경상북도 구미시 인의동,중상사고,0,1,0,0,차대사람 - 보도통행중,보행자보호의무위반,건조,흐림,교차로 - 교차로횡단보도내,승용,남,63세,상해없음,보행자,여,63세,중상
2021100900100095,2021년 10월 9일 10시,토요일,경상북도 경주시 안강읍,경상사고,0,0,1,0,차대사람 - 기타,안전운전불이행,젖음/습기,비,단일로 - 기타,이륜,기타불명,미분류,기타불명,보행자,남,71세,경상
2021100900100123,2021년 10월 9일 11시,토요일,경상북도 안동시 당북동,경상사고,0,0,1,0,차대차 - 기타,직진우회전진행방해,건조,맑음,교차로 - 교차로안,승용,남,67세,상해없음,이륜,남,22세,경상
2021100900100124,2021년 10월 9일 11시,토요일,경상북도 영주시 가흥동,경상사고,0,0,1,0,차대차 - 측면충돌,안전운전불이행,건조,맑음,교차로 - 교차로안,승용,남,59세,상해없음,승용,남,28세,경상
2021100900100125,2021년 10월 9일 11시,토요일,경상북도 영덕군 강구면,경상사고,0,0,1,0,차대차 - 측면충돌,안전운전불이행,건조,맑음,교차로 - 교차로부근,화물,남,51세,상해없음,화물,남,72세,경상
2021100900100126,2021년 10월 9일 11시,토요일,경상북도 예천군 풍양면,중상사고,0,1,0,0,차량단독 - 공작물충돌,안전운전불이행,건조,맑음,단일로 - 기타,이륜,남,56세,중상,,,,
2021100900100159,2021년 10월 9일 12시,토요일,경상북도 경주시 교동,중상사고,0,1,0,0,차대사람 - 기타,안전운전불이행,건조,맑음,단일로 - 기타,승용,여,34세,상해없음,보행자,여,65세,중상
2021100900100160,2021년 10월 9일 12시,토요일,경상북도 김천시 율곡동,경상사고,0,0,1,0,차대사람 - 길가장자리구역통행중,안전운전불이행,건조,맑음,단일로 - 기타,승용,여,39세,상해없음,보행자,남,25세,경상
2021100900100161,2021년 10월 9일 12시,토요일,경상북도 경산시 갑제동,중상사고,0,1,1,1,차대차 - 측면충돌,기타,건조,맑음,교차로 - 교차로안,이륜,남,41세,중상,승용,남,31세,경상
2021100900100162,2021년 10월 9일 12시,토요일,경상북도 고령군 쌍림면,경상사고,0,0,1,0,차대차 - 추돌,안전운전불이행,건조,맑음,교차로 - 교차로안,승용,남,73세,상해없음,사륜오토바이(ATV),여,77세,경상
2021100900100234,2021년 10월 9일 14시,토요일,경상북도 상주시 사벌국면,경상사고,0,0,1,0,차대차 - 측면충돌,안전운전불이행,건조,맑음,교차로 - 교차로안,화물,남,54세,상해없음,화물,여,61세,경상
2021100900100235,2021년 10월 9일 14시,토요일,경상북도 영천시 완산동,경상사고,0,0,1,0,차대차 - 추돌,안전운전불이행,건조,맑음,교차로 - 교차로부근,승용,남,80세,상해없음,승용,남,22세,경상
2021100900100265,2021년 10월 9일 15시,토요일,경상북도 안동시 일직면,경상사고,0,0,2,0,차대차 - 정면충돌,신호위반,건조,맑음,단일로 - 기타,승용,여,52세,경상,승용,남,61세,경상
2021100900100266,2021년 10월 9일 15시,토요일,경상북도 안동시 풍산읍,경상사고,0,0,2,0,차대차 - 기타,기타,건조,맑음,단일로 - 기타,승용,남,79세,상해없음,승합,남,53세,경상
2021100900100298,2021년 10월 9일 16시,토요일,경상북도 포항시 남구 연일읍,경상사고,0,0,1,0,차대차 - 측면충돌,직진우회전진행방해,젖음/습기,흐림,교차로 - 교차로안,화물,남,66세,상해없음,승용,여,34세,경상
2021100900100299,2021년 10월 9일 16시,토요일,경상북도 포항시 남구 상도동,부상신고사고,0,0,0,1,차대차 - 측면충돌,안전운전불이행,젖음/습기,비,교차로 - 교차로부근,승용,여,53세,상해없음,화물,남,60세,상해없음
2021100900100338,2021년 10월 9일 17시,토요일,경상북도 영천시 임고면,경상사고,0,0,1,0,차대차 - 측면충돌,안전운전불이행,건조,맑음,단일로 - 기타,화물,남,62세,상해없음,화물,남,67세,상해없음
2021100900100339,2021년 10월 9일 17시,토요일,경상북도 예천군 호명면,경상사고,0,0,2,0,차대차 - 추돌,안전운전불이행,건조,맑음,교차로 - 교차로부근,승용,남,47세,상해없음,승용,남,49세,경상
2021100900100340,2021년 10월 9일 17시,토요일,경상북도 고령군 대가야읍,경상사고,0,0,2,0,차대차 - 후진중충돌,안전운전불이행,건조,맑음,주차장 - 주차장,승용,여,65세,상해없음,승용,남,32세,경상
2021100900100393,2021년 10월 9일 18시,토요일,경상북도 안동시 옥동,경상사고,0,0,2,0,차대차 - 추돌,안전운전불이행,건조,맑음,교차로 - 교차로부근,승용,여,23세,상해없음,승용,남,39세,경상
2021100900100394,2021년 10월 9일 18시,토요일,경상북도 영주시 봉현면,중상사고,0,1,0,0,차대차 - 측면충돌,안전운전불이행,젖음/습기,흐림,교차로 - 교차로안,화물,남,71세,상해없음,자전거,남,48세,중상
2021100900100441,2021년 10월 9일 19시,토요일,경상북도 영주시 문수면,중상사고,0,1,0,0,차대차 - 측면충돌,안전운전불이행,건조,맑음,단일로 - 기타,승용,남,60세,상해없음,승용,남,72세,중상
2021100900100442,2021년 10월 9일 19시,토요일,경상북도 포항시 남구 대잠동,경상사고,0,0,3,0,차대차 - 추돌,안전운전불이행,젖음/습기,맑음,교차로 - 교차로부근,승용,남,64세,상해없음,승용,남,57세,경상
2021100900100486,2021년 10월 9일 20시,토요일,경상북도 포항시 북구 상원동,중상사고,0,1,5,0,차대차 - 측면충돌,신호위반,건조,맑음,교차로 - 교차로안,승용,남,32세,경상,승용,남,66세,경상
2021100900100487,2021년 10월 9일 20시,토요일,경상북도 김천시 신음동,경상사고,0,0,1,0,차대차 - 측면충돌,안전거리미확보,건조,맑음,단일로 - 기타,승합,남,55세,상해없음,승용,남,46세,경상
2021100900100508,2021년 10월 9일 21시,토요일,경상북도 포항시 북구 우현동,경상사고,0,0,2,0,차대차 - 추돌,안전거리미확보,건조,맑음,교차로 - 교차로부근,승용,남,60세,상해없음,승용,남,46세,경상
2021100900100509,2021년 10월 9일 21시,토요일,경상북도 칠곡군 동명면,중상사고,0,1,0,0,차량단독 - 공작물충돌,안전운전불이행,건조,맑음,단일로 - 기타,승용,남,38세,중상,,,,
2021100900100547,2021년 10월 9일 22시,토요일,경상북도 경산시 하양읍,경상사고,0,0,1,0,차대차 - 추돌,안전운전불이행,건조,흐림,교차로 - 교차로부근,승용,남,54세,상해없음,승용,여,58세,경상
2021100900100548,2021년 10월 9일 22시,토요일,경상북도 청송군 안덕면,경상사고,0,0,1,0,차대사람 - 차도통행중,안전운전불이행,건조,맑음,주차장 - 주차장,승용,여,47세,상해없음,보행자,남,59세,경상
2021100900100575,2021년 10월 9일 23시,토요일,경상북도 포항시 남구 오천읍,중상사고,0,1,0,0,차대사람 - 횡단중,보행자보호의무위반,건조,맑음,교차로 - 교차로횡단보도내,승용,여,56세,상해없음,보행자,남,50세,중상
2021100900100576,2021년 10월 9일 23시,토요일,경상북도 포항시 남구 상도동,경상사고,0,0,1,0,차대차 - 기타,안전운전불이행,건조,맑음,교차로 - 교차로안,이륜,남,42세,경상,화물,남,32세,상해없음
2021101000100021,2021년 10월 10일 01시,일요일,경상북도 영천시 화북면,경상사고,0,0,3,0,차대차 - 정면충돌,중앙선침범,건조,맑음,단일로 - 기타,승용,남,54세,상해없음,승용,남,51세,경상
2021101000100050,2021년 10월 10일 07시,일요일,경상북도 의성군 의성읍,경상사고,0,0,2,0,차대차 - 측면충돌,안전운전불이행,건조,맑음,단일로 - 기타,승용,남,58세,상해없음,승용,남,50세,경상