사고번호,사고일시,요일,시군구,사고내용,사망자수,중상자수,경상자수,부상신고자수,사고유형,법규위반,노면상태,기상상태,도로형태,가해운전자 차종,가해운전자 성별,가해운전자 연령,가해운전자 상해정도,피해운전자 차종,피해운전자 성별,피해운전자 연령,피해운전자 상해정도
2021101300100165,2021년 10월 13일 10시,수요일,경상북도 경주시 외동읍,경상사고,0,0,1,0,차대차 - 측면충돌,중앙선침범,젖음/습기,비,단일로 - 지하차도(도로)내,승용,여,43세,상해없음,승용,남,56세,경상
2021101300100166,2021년 10월 13일 10시,수요일,경상북도 포항시 북구 송라면,사망사고,1,0,0,0,차량단독 - 공작물충돌,안전운전불이행,건조,맑음,단일로 - 기타,이륜,남,68세,사망,,,,
2021101300100167,2021년 10월 13일 10시,수요일,경상북도 포항시 남구 상도동,경상사고,0,0,1,0,차대차 - 측면충돌,불법유턴,건조,맑음,교차로 - 교차로부근,승용,남,52세,상해없음,승용,여,32세,경상
2021101300100193,2021년 10월 13일 11시,수요일,경상북도 포항시 남구 이동,경상사고,0,0,1,0,차대차 - 기타,안전운전불이행,건조,맑음,교차로 - 교차로안,승용,여,65세,상해없음,이륜,남,29세,경상
2021101300100194,2021년 10월 13일 11시,수요일,경상북도 의성군 점곡면,경상사고,0,0,1,0,차량단독 - 전도전복 - 전도,안전운전불이행,건조,맑음,기타 - 기타,이륜,남,24세,경상,,,,
2021101300100218,2021년 10월 13일 12시,수요일,경상북도 구미시 공단동,경상사고,0,0,1,0,차대사람 - 횡단중,보행자보호의무위반,건조,맑음,교차로 - 교차로횡단보도내,승용,남,37세,상해없음,보행자,남,61세,경상
2021101300100258,2021년 10월 13일 13시,수요일,경상북도 포항시 북구 흥해읍,중상사고,0,1,0,0,차대차 - 측면충돌,교차로운행방법위반,건조,맑음,교차로 - 교차로안,승용,여,55세,상해없음,이륜,남,38세,중상
2021101300100259,2021년 10월 13일 13시,수요일,경상북도 구미시 도량동,중상사고,0,1,0,0,차대차 - 측면충돌,신호위반,건조,맑음,교차로 - 교차로안,특수,남,19세,상해없음,이륜,남,18세,중상
2021101300100290,2021년 10월 13일 14시,수요일,경상북도 안동시 태화동,경상사고,0,0,3,0,차대차 - 기타,직진우회전진행방해,건조,맑음,교차로 - 교차로안,화물,남,66세,경상,승용,남,70세,경상
2021101300100291,2021년 10월 13일 14시,수요일,경상북도 문경시 모전동,중상사고,0,1,0,0,차대사람 - 횡단중,안전운전불이행,건조,맑음,단일로 - 기타,화물,남,70세,상해없음,보행자,여,73세,중상
2021101300100337,2021년 10월 13일 15시,수요일,경상북도 안동시 용상동,경상사고,0,0,1,0,차대차 - 기타,안전운전불이행,건조,맑음,교차로 - 교차로부근,자전거,여,70세,경상,승용,여,42세,상해없음
2021101300100338,2021년 10월 13일 15시,수요일,경상북도 의성군 의성읍,중상사고,0,1,0,0,차대차 - 측면충돌,신호위반,건조,맑음,교차로 - 교차로안,승용,여,46세,상해없음,자전거,남,13세,중상
2021101300100339,2021년 10월 13일 15시,수요일,경상북도 고령군 성산면,경상사고,0,0,1,0,차대차 - 측면충돌,안전운전불이행,건조,맑음,교차로 - 교차로부근,승용,남,36세,상해없음,승용,남,61세,경상
2021101300100340,2021년 10월 13일 15시,수요일,경상북도 구미시 임은동,경상사고,0,0,1,0,차대차 - 기타,안전거리미확보,건조,맑음,교차로 - 교차로안,특수,남,45세,기타불명,승용,여,56세,경상
2021101300100419,2021년 10월 13일 17시,수요일,경상북도 문경시 문경읍,경상사고,0,0,2,0,차대차 - 측면충돌,직진우회전진행방해,건조,맑음,교차로 - 교차로안,승용,남,31세,상해없음,승합,여,47세,경상
2021101300100420,2021년 10월 13일 17시,수요일,경상북도 문경시 점촌동,경상사고,0,0,1,0,차대차 - 측면충돌,직진우회전진행방해,건조,맑음,교차로 - 교차로안,원동기,남,17세,상해없음,승용,남,27세,경상
2021101300100470,2021년 10월 13일 18시,수요일,경상북도 포항시 북구 흥해읍,경상사고,0,0,2,0,차대차 - 기타,안전운전불이행,건조,맑음,단일로 - 기타,이륜,남,16세,상해없음,승용,여,42세,경상
2021101300100471,2021년 10월 13일 18시,수요일,경상북도 김천시 어모면,사망사고,1,0,1,0,차대차 - 정면충돌,중앙선침범,건조,맑음,단일로 - 기타,이륜,남,69세,사망,승용,여,48세,경상
2021101300100472,2021년 10월 13일 18시,수요일,경상북도 의성군 의성읍,경상사고,0,0,1,0,차대차 - 측면충돌,안전운전불이행,건조,맑음,교차로 - 교차로안,자전거,여,65세,경상,승용,여,50세,상해없음
2021101300100473,2021년 10월 13일 18시,수요일,경상북도 영천시 야사동,중상사고,0,1,0,0,차대차 - 측면충돌,교차로운행방법위반,건조,맑음,교차로 - 교차로안,화물,남,51세,상해없음,원동기,남,45세,중상
2021101300100474,2021년 10월 13일 18시,수요일,경상북도 영천시 청통면,경상사고,0,0,1,0,차대차 - 추돌,안전운전불이행,건조,맑음,단일로 - 기타,승용,남,52세,상해없음,농기계,남,58세,경상
2021101300100475,2021년 10월 13일 18시,수요일,경상북도 경산시 사동,중상사고,0,1,0,0,차대차 - 측면충돌,안전운전불이행,건조,맑음,교차로 - 교차로부근,승용,여,43세,기타불명,개인형이동수단(PM),남,24세,중상
2021101300100476,2021년 10월 13일 18시,수요일,경상북도 구미시 송정동,경상사고,0,0,1,0,차대차 - 측면충돌,중앙선침범,건조,맑음,단일로 - 기타,승용,여,39세,상해없음,이륜,남,23세,경상
2021101300100477,2021년 10월 13일 18시,수요일,경상북도 구미시 원평동,중상사고,0,1,0,0,차대사람 - 보도통행중,중앙선침범,건조,맑음,단일로 - 기타,이륜,남,40세,상해없음,보행자,남,58세,중상
2021101300100478,2021년 10월 13일 18시,수요일,경상북도 포항시 남구 대잠동,경상사고,0,0,2,0,차대차 - 측면충돌,교차로운행방법위반,건조,맑음,교차로 - 교차로부근,승용,여,60세,상해없음,승용,남,38세,경상
2021101300100521,2021년 10월 13일 19시,수요일,경상북도 경산시 하양읍,경상사고,0,0,1,0,차대차 - 측면충돌,안전운전불이행,건조,맑음,교차로 - 교차로안,승용,남,27세,상해없음,승용,남,45세,경상
2021101300100522,2021년 10월 13일 19시,수요일,경상북도 구미시 원평동,경상사고,0,0,2,0,차대차 - 기타,안전운전불이행,건조,맑음,교차로 - 교차로부근,화물,남,56세,상해없음,승용,남,33세,경상
2021101300100552,2021년 10월 13일 20시,수요일,경상북도 영천시 금호읍,경상사고,0,0,1,0,차대차 - 기타,안전운전불이행,건조,맑음,단일로 - 기타,화물,남,60세,상해없음,화물,남,57세,경상
2021101300100583,2021년 10월 13일 21시,수요일,경상북도 김천시 부곡동,경상사고,0,0,2,0,차대차 - 정면충돌,신호위반,건조,맑음,교차로 - 교차로안,승용,여,53세,상해없음,화물,남,46세,경상
2021101300100584,2021년 10월 13일 21시,수요일,경상북도 영천시 야사동,중상사고,0,1,0,0,차대차 - 측면충돌,안전운전불이행,건조,맑음,교차로 - 교차로부근,승용,남,44세,상해없음,이륜,남,55세,중상
2021101400100017,2021년 10월 14일 01시,목요일,경상북도 경산시 중산동,중상사고,0,1,1,0,차대차 - 기타,중앙선침범,건조,맑음,단일로 - 기타,이륜,남,43세,중상,승용,남,24세,경상
2021101400100074,2021년 10월 14일 07시,목요일,경상북도 포항시 남구 오천읍,경상사고,0,0,2,0,차대차 - 측면충돌,직진우회전진행방해,건조,맑음,교차로 - 교차로안,승용,여,59세,경상,승용,여,64세,경상
2021101400100118,2021년 10월 14일 08시,목요일,경상북도 김천시 모암동,경상사고,0,0,1,0,차량단독 - 전도전복 - 전도,안전운전불이행,건조,맑음,단일로 - 기타,이륜,남,46세,경상,,,,
2021101400100119,2021년 10월 14일 08시,목요일,경상북도 칠곡군 동명면,경상사고,0,0,2,0,차대차 - 측면충돌,안전운전불이행,건조,맑음,단일로 - 기타,화물,남,56세,상해없음,승용,남,69세,경상
2021101400100161,2021년 10월 14일 09시,목요일,경상북도 구미시 옥계동,사망사고,1,0,0,0,차대사람 - 횡단중,보행자보호의무위반,건조,맑음,교차로 - 교차로횡단보도내,승용,여,32세,상해없음,보행자,여,70세,사망
2021101400100162,2021년 10월 14일 09시,목요일,경상북도 포항시 남구 장흥동,경상사고,0,0,2,0,차대차 - 측면충돌,안전운전불이행,건조,맑음,교차로 - 교차로부근,특수,남,44세,경상,건설기계,남,57세,경상
2021101400100192,2021년 10월 14일 10시,목요일,경상북도 포항시 남구 이동,경상사고,0,0,1,0,차대차 - 측면충돌,안전운전불이행,건조,맑음,단일로 - 기타,화물,남,56세,상해없음,승용,남,41세,경상
2021101400100229,2021년 10월 14일 11시,목요일,경상북도 김천시 신음동,중상사고,0,1,0,0,차대차 - 측면충돌,안전운전불이행,건조,맑음,단일로 - 기타,승용,남,38세,상해없음,승합,남,56세,상해없음
2021101400100230,2021년 10월 14일 11시,목요일,경상북도 구미시 임수동,중상사고,0,1,0,0,차대차 - 추돌,안전거리미확보,건조,맑음,단일로 - 기타,화물,남,59세,상해없음,승용,여,39세,중상
2021101400100261,2021년 10월 14일 12시,목요일,경상북도 경주시 천군동,중상사고,0,1,1,0,차대차 - 측면충돌,중앙선침범,건조,맑음,단일로 - 기타,승용,남,26세,상해없음,화물,남,41세,경상
2021101400100262,2021년 10월 14일 12시,목요일,경상북도 포항시 북구 용흥동,중상사고,0,1,0,0,차대차 - 기타,직진우회전진행방해,건조,맑음,교차로 - 교차로안,승용,남,57세,상해없음,이륜,남,53세,중상
2021101400100263,2021년 10월 14일 12시,목요일,경상북도 포항시 북구 동빈2가,경상사고,0,0,1,0,차대차 - 후진중충돌,안전운전불이행,건조,맑음,단일로 - 기타,승용,남,54세,상해없음,승용,여,70세,경상
2021101400100264,2021년 10월 14일 12시,목요일,경상북도 상주시 중동면,중상사고,0,1,0,0,차대차 - 측면충돌,교차로운행방법위반,건조,맑음,교차로 - 교차로안,자전거,남,67세,중상,승용,여,28세,상해없음
2021101400100265,2021년 10월 14일 12시,목요일,경상북도 영천시 오수동,경상사고,0,0,1,0,차대차 - 후진중충돌,안전운전불이행,건조,맑음,단일로 - 기타,승용,남,67세,상해없음,승용,여,37세,경상
2021101400100266,2021년 10월 14일 12시,목요일,경상북도 영천시 금호읍,경상사고,0,0,2,2,차대차 - 측면충돌,안전거리미확보,건조,맑음,교차로 - 교차로안,승용,여,52세,경상,원동기,남,36세,경상
2021101400100267,2021년 10월 14일 12시,목요일,경상북도 영덕군 영해면,중상사고,0,1,0,0,차대사람 - 차도통행중,안전운전불이행,건조,맑음,단일로 - 기타,자전거,남,20세,상해없음,보행자,여,81세,중상
2021101400100298,2021년 10월 14일 13시,목요일,경상북도 경주시 내남면,중상사고,0,1,1,0,차대차 - 측면충돌,안전운전불이행,건조,맑음,단일로 - 지하차도(도로)내,승용,남,69세,중상,화물,남,62세,경상
2021101400100299,2021년 10월 14일 13시,목요일,경상북도 칠곡군 동명면,경상사고,0,0,2,0,차대차 - 측면충돌,안전거리미확보,건조,맑음,단일로 - 기타,건설기계,남,61세,상해없음,화물,남,76세,경상
2021101400100300,2021년 10월 14일 13시,목요일,경상북도 구미시 황상동,경상사고,0,0,1,0,차대차 - 기타,안전운전불이행,건조,맑음,교차로 - 교차로안,승용,남,67세,상해없음,승용,남,40세,상해없음
2021101400100336,2021년 10월 14일 14시,목요일,경상북도 경주시 성건동,경상사고,0,0,2,0,차대차 - 측면충돌,안전운전불이행,건조,맑음,단일로 - 기타,이륜,남,42세,경상,사륜오토바이(ATV),남,41세,경상
2021101400100337,2021년 10월 14일 14시,목요일,경상북도 안동시 운흥동,경상사고,0,0,1,0,차대차 - 측면충돌,중앙선침범,건조,맑음,단일로 - 기타,화물,남,39세,상해없음,승용,남,35세,경상
2021101400100338,2021년 10월 14일 14시,목요일,경상북도 김천시 아포읍,경상사고,0,0,1,0,차대차 - 정면충돌,중앙선침범,건조,맑음,기타 - 기타,승용,여,54세,상해없음,화물,남,41세,경상
2021101400100339,2021년 10월 14일 14시,목요일,경상북도 경산시 진량읍,중상사고,0,1,0,0,차대차 - 측면충돌,직진우회전진행방해,건조,맑음,단일로 - 지하차도(도로)내,승용,여,74세,상해없음,승용,여,52세,중상
2021101400100340,2021년 10월 14일 14시,목요일,경상북도 포항시 남구 대도동,중상사고,0,1,0,0,차대사람 - 기타,안전운전불이행,건조,맑음,단일로 - 기타,승용,남,53세,상해없음,보행자,남,55세,중상
2021101400100378,2021년 10월 14일 15시,목요일,경상북도 포항시 북구 우현동,경상사고,0,0,1,0,차대사람 - 차도통행중,안전운전불이행,건조,맑음,단일로 - 기타,승용,여,37세,상해없음,보행자,남,41세,경상
2021101400100379,2021년 10월 14일 15시,목요일,경상북도 상주시 남성동,경상사고,0,0,1,0,차대차 - 측면충돌,안전운전불이행,건조,맑음,교차로 - 교차로부근,화물,남,69세,기타불명,자전거,여,68세,경상
2021101400100380,2021년 10월 14일 15시,목요일,경상북도 구미시 구평동,경상사고,0,0,1,0,차대차 - 기타,안전운전불이행,건조,맑음,교차로 - 교차로안,승합,남,67세,상해없음,자전거,남,7세,경상
2021101400100406,2021년 10월 14일 16시,목요일,경상북도 경주시 성동동,중상사고,0,1,0,0,차량단독 - 공작물충돌,안전운전불이행,건조,맑음,단일로 - 기타,사륜오토바이(ATV),남,66세,중상,,,,
2021101400100407,2021년 10월 14일 16시,목요일,경상북도 청도군 금천면,경상사고,0,0,3,0,차대차 - 측면충돌,직진우회전진행방해,건조,맑음,교차로 - 교차로안,승용,여,67세,상해없음,승용,여,69세,경상
2021101400100408,2021년 10월 14일 16시,목요일,경상북도 구미시 선산읍,경상사고,0,0,1,0,차대차 - 측면충돌,신호위반,건조,맑음,교차로 - 교차로안,승용,남,77세,상해없음,이륜,남,85세,경상
2021101400100451,2021년 10월 14일 17시,목요일,경상북도 구미시 상모동,부상신고사고,0,0,0,1,차대사람 - 횡단중,신호위반,건조,맑음,단일로 - 기타,이륜,남,46세,상해없음,보행자,여,10세,부상신고
2021101400100452,2021년 10월 14일 17시,목요일,경상북도 구미시 옥계동,경상사고,0,0,1,0,차대차 - 측면충돌,교차로운행방법위반,건조,맑음,교차로 - 교차로안,승용,남,54세,상해없음,승용,남,32세,경상
2021101400100453,2021년 10월 14일 17시,목요일,경상북도 구미시 형곡동,경상사고,0,0,1,0,차대차 - 측면충돌,직진우회전진행방해,건조,맑음,교차로 - 교차로안,승용,남,34세,상해없음,승용,여,64세,경상
2021101400100508,2021년 10월 14일 18시,목요일,경상북도 의성군 단촌면,중상사고,0,1,1,0,차대차 - 측면충돌,신호위반,건조,맑음,단일로 - 기타,화물,남,74세,상해없음,승용,남,58세,경상
2021101400100509,2021년 10월 14일 18시,목요일,경상북도 칠곡군 기산면,중상사고,0,1,1,0,차대차 - 측면충돌,안전운전불이행,건조,맑음,단일로 - 기타,화물,남,80세,상해없음,화물,남,62세,경상
2021101400100510,2021년 10월 14일 18시,목요일,경상북도 칠곡군 석적읍,경상사고,0,0,1,0,차대차 - 측면충돌,안전운전불이행,건조,맑음,교차로 - 교차로안,승용,여,54세,상해없음,승용,남,53세,경상
2021101400100511,2021년 10월 14일 18시,목요일,경상북도 영덕군 영덕읍,사망사고,1,0,0,0,차대사람 - 기타,안전운전불이행,건조,맑음,단일로 - 기타,승용,남,29세,상해없음,보행자,여,53세,사망
2021101400100551,2021년 10월 14일 19시,목요일,경상북도 김천시 부곡동,중상사고,0,2,0,0,차대사람 - 보도통행중,안전운전불이행,건조,맑음,단일로 - 기타,개인형이동수단(PM),남,15세,상해없음,보행자,여,23세,중상
2021101400100552,2021년 10월 14일 19시,목요일,경상북도 구미시 공단동,부상신고사고,0,0,0,1,차대차 - 정면충돌,신호위반,건조,맑음,교차로 - 교차로안,원동기,남,54세,부상신고,승용,남,31세,상해없음
2021101400100589,2021년 10월 14일 20시,목요일,경상북도 경주시 사정동,중상사고,0,1,0,0,차대차 - 측면충돌,안전운전불이행,건조,맑음,단일로 - 지하차도(도로)내,이륜,남,26세,상해없음,원동기,여,15세,중상
2021101400100633,2021년 10월 14일 22시,목요일,경상북도 구미시 공단동,경상사고,0,0,1,1,차대차 - 추돌,안전운전불이행,건조,맑음,단일로 - 기타,승용,남,47세,상해없음,승용,남,56세,경상
2021101400100634,2021년 10월 14일 22시,목요일,경상북도 구미시 산동읍,중상사고,0,1,1,0,차대차 - 측면충돌,직진우회전진행방해,건조,흐림,교차로 - 교차로안,승용,남,66세,경상,이륜,남,35세,중상
2021101400100648,2021년 10월 14일 23시,목요일,경상북도 칠곡군 지천면,경상사고,0,0,1,0,차대차 - 측면충돌,안전운전불이행,건조,맑음,단일로 - 기타,기타불명,남,19세,상해없음,승용,남,28세,경상
2021101500100005,2021년 10월 15일 00시,금요일,경상북도 구미시 원평동,사망사고,1,0,0,0,차대차 - 추돌,기타,건조,맑음,단일로 - 기타,승용,남,21세,상해없음,자전거,남,29세,사망
2021101500100006,2021년 10월 15일 00시,금요일,경상북도 포항시 남구 지곡동,경상사고,0,0,1,0,차대차 - 측면충돌,안전운전불이행,젖음/습기,비,교차로 - 교차로부근,승용,남,63세,상해없음,승용,여,30세,경상
2021101500100022,2021년 10월 15일 05시,금요일,경상북도 상주시 계산동,경상사고,0,0,1,0,차대사람 - 기타,안전운전불이행,건조,흐림,단일로 - 기타,승용,남,19세,상해없음,보행자,남,75세,경상
2021101500100034,2021년 10월 15일 06시,금요일,경상북도 김천시 남면,중상사고,0,1,0,0,차량단독 - 기타,안전운전불이행,건조,맑음,단일로 - 기타,화물,남,40세,중상,,,,
2021101500100051,2021년 10월 15일 07시,금요일,경상북도 경주시 용강동,경상사고,0,0,1,0,차대차 - 측면충돌,안전운전불이행,건조,맑음,교차로 - 교차로횡단보도내,승용,남,49세,상해없음,자전거,남,59세,경상
2021101500100092,2021년 10월 15일 08시,금요일,경상북도 의성군 금성면,경상사고,0,0,3,0,차대차 - 측면충돌,안전운전불이행,건조,맑음,교차로 - 교차로안,승용,여,63세,경상,승용,남,69세,상해없음
2021101500100093,2021년 10월 15일 08시,금요일,경상북도 포항시 남구 효자동,경상사고,0,0,3,0,차대차 - 추돌,안전운전불이행,건조,맑음,단일로 - 지하차도(도로)내,승용,남,26세,상해없음,승용,여,42세,경상
2021101500100133,2021년 10월 15일 09시,금요일,경상북도 구미시 산동읍,경상사고,0,0,2,0,차대차 - 측면충돌,교차로운행방법위반,건조,맑음,교차로 - 교차로안,승용,여,53세,경상,승용,남,25세,경상
2021101500100172,2021년 10월 15일 10시,금요일,경상북도 경주시 용강동,경상사고,0,0,2,0,차대차 - 측면충돌,신호위반,건조,맑음,교차로 - 교차로안,승용,여,56세,상해없음,승용,여,40세,경상
2021101500100173,2021년 10월 15일 10시,금요일,경상북도 경주시 성동동,경상사고,0,0,1,0,차대차 - 기타,안전운전불이행,건조,맑음,교차로 - 교차로부근,승용,남,48세,상해없음,승합,남,64세,상해없음
2021101500100174,2021년 10월 15일 10시,금요일,경상북도 상주시 냉림동,경상사고,0,0,1,0,차대사람 - 횡단중,보행자보호의무위반,건조,맑음,교차로 - 교차로횡단보도내,승용,남,78세,기타불명,보행자,남,60세,경상
2021101500100175,2021년 10월 15일 10시,금요일,경상북도 문경시 마성면,경상사고,0,0,2,0,차대차 - 측면충돌,안전운전불이행,건조,맑음,교차로 - 교차로안,승용,남,61세,경상,승용,남,67세,경상
2021101500100217,2021년 10월 15일 11시,금요일,경상북도 칠곡군 왜관읍,경상사고,0,0,1,0,차대차 - 기타,안전운전불이행,건조,맑음,단일로 - 기타,승용,남,38세,상해없음,승용,여,63세,경상
2021101500100218,2021년 10월 15일 11시,금요일,경상북도 상주시 양촌동,경상사고,0,0,1,0,차대차 - 측면충돌,안전거리미확보,건조,맑음,단일로 - 기타,화물,남,57세,상해없음,화물,남,53세,경상
2021101500100255,2021년 10월 15일 12시,금요일,경상북도 경주시 구정동,중상사고,0,1,0,0,차대사람 - 보도통행중,기타,건조,맑음,기타 - 기타,자전거,여,67세,상해없음,보행자,여,84세,중상
2021101500100315,2021년 10월 15일 14시,금요일,경상북도 경주시 건천읍,중상사고,0,1,0,0,차대차 - 추돌,안전운전불이행,건조,맑음,단일로 - 기타,승용,여,60세,상해없음,농기계,남,76세,중상
2021101500100316,2021년 10월 15일 14시,금요일,경상북도 상주시 남성동,경상사고,0,0,1,0,차대차 - 측면충돌,교차로운행방법위반,건조,맑음,교차로 - 교차로안,승용,여,42세,상해없음,자전거,여,68세,경상
2021101500100345,2021년 10월 15일 15시,금요일,경상북도 김천시 부곡동,경상사고,0,0,1,0,차대차 - 기타,안전운전불이행,건조,맑음,교차로 - 교차로부근,승용,남,61세,상해없음,승용,여,45세,경상
2021101500100382,2021년 10월 15일 16시,금요일,경상북도 경주시 성건동,경상사고,0,0,1,0,차대차 - 측면충돌,안전운전불이행,건조,맑음,교차로 - 교차로안,승합,남,56세,상해없음,승용,여,38세,경상
2021101500100383,2021년 10월 15일 16시,금요일,경상북도 구미시 양호동,중상사고,0,2,1,0,차대차 - 측면충돌,안전거리미확보,젖음/습기,비,단일로 - 기타,화물,남,58세,상해없음,승용,여,31세,경상
2021101500100384,2021년 10월 15일 16시,금요일,경상북도 구미시 임은동,경상사고,0,0,1,0,차대차 - 정면충돌,교차로운행방법위반,젖음/습기,비,교차로 - 교차로안,승용,남,65세,상해없음,이륜,남,57세,경상
2021101500100385,2021년 10월 15일 16시,금요일,경상북도 문경시 문경읍,경상사고,0,0,5,0,차대차 - 추돌,안전거리미확보,건조,맑음,단일로 - 기타,승용,남,31세,상해없음,화물,남,46세,경상
2021101500100418,2021년 10월 15일 17시,금요일,경상북도 칠곡군 왜관읍,경상사고,0,0,1,1,차대차 - 정면충돌,신호위반,젖음/습기,비,교차로 - 교차로안,승용,남,68세,부상신고,특수,남,27세,경상
2021101500100419,2021년 10월 15일 17시,금요일,경상북도 문경시 점촌동,경상사고,0,0,2,0,차대차 - 추돌,안전운전불이행,건조,맑음,교차로 - 교차로안,승용,여,51세,상해없음,승용,남,31세,경상
2021101500100420,2021년 10월 15일 17시,금요일,경상북도 구미시 지산동,경상사고,0,0,1,0,차대차 - 추돌,안전운전불이행,젖음/습기,비,교차로 - 교차로부근,화물,남,68세,상해없음,승용,남,51세,경상
2021101500100421,2021년 10월 15일 17시,금요일,경상북도 구미시 봉곡동,경상사고,0,0,2,0,차대차 - 측면충돌,안전거리미확보,젖음/습기,비,단일로 - 기타,승용,남,20세,상해없음,승용,남,31세,경상
2021101500100478,2021년 10월 15일 18시,금요일,경상북도 포항시 북구 죽도동,중상사고,0,1,0,0,차대차 - 측면충돌,안전운전불이행,젖음/습기,비,교차로 - 교차로안,자전거,남,70세,중상,승용,남,80세,상해없음
2021101500100479,2021년 10월 15일 18시,금요일,경상북도 영주시 휴천동,경상사고,0,0,1,0,차대차 - 측면충돌,안전운전불이행,젖음/습기,흐림,단일로 - 기타,승용,여,53세,상해없음,승용,여,50세,경상
2021101500100480,2021년 10월 15일 18시,금요일,경상북도 영천시 망정동,경상사고,0,0,1,0,차대사람 - 횡단중,보행자보호의무위반,건조,맑음,교차로 - 교차로횡단보도내,승용,여,63세,상해없음,보행자,남,28세,경상
2021101500100481,2021년 10월 15일 18시,금요일,경상북도 구미시 봉곡동,중상사고,0,1,0,0,차대차 - 정면충돌,중앙선침범,젖음/습기,비,단일로 - 기타,승용,남,22세,상해없음,승용,여,24세,중상
2021101500100482,2021년 10월 15일 18시,금요일,경상북도 구미시 임수동,중상사고,0,1,0,0,차대차 - 추돌,안전운전불이행,젖음/습기,비,단일로 - 교량,승용,남,56세,상해없음,승용,남,36세,중상
2021101500100483,2021년 10월 15일 18시,금요일,경상북도 포항시 남구 해도동,경상사고,0,0,1,0,차대차 - 측면충돌,신호위반,기타,비,교차로 - 교차로안,승용,남,73세,상해없음,승용,남,73세,경상
2021101500100534,2021년 10월 15일 19시,금요일,경상북도 김천시 신음동,중상사고,0,1,0,0,차대사람 - 횡단중,안전운전불이행,젖음/습기,비,교차로 - 교차로부근,승용,남,62세,상해없음,보행자,여,44세,중상
2021101500100535,2021년 10월 15일 19시,금요일,경상북도 구미시 거의동,경상사고,0,0,1,0,차대차 - 기타,안전운전불이행,건조,맑음,기타 - 기타,승용,여,54세,상해없음,승용,여,47세,경상
2021101500100536,2021년 10월 15일 19시,금요일,경상북도 포항시 남구 오천읍,중상사고,0,1,0,0,차대차 - 측면충돌,안전운전불이행,건조,맑음,교차로 - 교차로안,승용,남,49세,상해없음,이륜,남,39세,중상
2021101500100578,2021년 10월 15일 20시,금요일,경상북도 경산시 정평동,중상사고,0,1,0,0,차대차 - 측면충돌,교차로운행방법위반,건조,맑음,교차로 - 교차로안,화물,남,45세,상해없음,이륜,남,23세,중상
2021101500100579,2021년 10월 15일 20시,금요일,경상북도 경산시 정평동,경상사고,0,0,1,0,차대차 - 측면충돌,안전운전불이행,젖음/습기,비,교차로 - 교차로부근,승용,남,55세,상해없음,승용,남,55세,경상
2021101500100611,2021년 10월 15일 21시,금요일,경상북도 칠곡군 약목면,경상사고,0,0,1,0,차대사람 - 차도통행중,안전운전불이행,젖음/습기,비,교차로 - 교차로안,화물,남,49세,상해없음,보행자,남,43세,경상
2021101500100642,2021년 10월 15일 22시,금요일,경상북도 포항시 북구 두호동,경상사고,0,0,1,0,차대사람 - 차도통행중,안전운전불이행,젖음/습기,비,단일로 - 기타,이륜,남,48세,기타불명,보행자,남,61세,경상
2021101500100643,2021년 10월 15일 22시,금요일,경상북도 김천시 율곡동,경상사고,0,0,1,0,차대차 - 측면충돌,차로위반,젖음/습기,비,교차로 - 교차로안,승용,여,31세,상해없음,승용,남,33세,경상
2021101500100644,2021년 10월 15일 22시,금요일,경상북도 칠곡군 석적읍,경상사고,0,0,1,0,차대차 - 측면충돌,안전운전불이행,젖음/습기,비,교차로 - 교차로안,승용,남,48세,상해없음,승용,여,34세,경상
2021101500100645,2021년 10월 15일 22시,금요일,경상북도 경산시 압량읍,경상사고,0,0,1,0,차대차 - 측면충돌,신호위반,젖음/습기,비,교차로 - 교차로안,승용,남,40세,상해없음,승용,남,25세,경상
2021101500100676,2021년 10월 15일 23시,금요일,경상북도 경산시 진량읍,경상사고,0,0,1,0,차대사람 - 기타,안전운전불이행,건조,맑음,단일로 - 기타,승용,남,51세,상해없음,보행자,남,68세,경상
2021101600100015,2021년 10월 16일 00시,토요일,경상북도 청도군 각남면,경상사고,0,0,1,0,차대차 - 기타,안전운전불이행,젖음/습기,비,단일로 - 기타,승용,남,32세,경상,승용,남,23세,상해없음
2021101600100016,2021년 10월 16일 00시,토요일,경상북도 구미시 원평동,경상사고,0,0,1,0,차대차 - 추돌,안전운전불이행,젖음/습기,비,교차로 - 교차로부근,승용,남,59세,상해없음,승용,남,24세,경상
2021101600100017,2021년 10월 16일 00시,토요일,경상북도 구미시 형곡동,경상사고,0,0,1,0,차대차 - 정면충돌,신호위반,젖음/습기,비,교차로 - 교차로안,승용,남,31세,상해없음,이륜,남,17세,경상
2021101600100054,2021년 10월 16일 05시,토요일,경상북도 경주시 외동읍,중상사고,0,1,0,0,차량단독 - 공작물충돌,안전운전불이행,젖음/습기,비,교차로 - 교차로안,승용,남,74세,중상,,,,