사고번호,사고일시,요일,시군구,사고내용,사망자수,중상자수,경상자수,부상신고자수,사고유형,법규위반,노면상태,기상상태,도로형태,가해운전자 차종,가해운전자 성별,가해운전자 연령,가해운전자 상해정도,피해운전자 차종,피해운전자 성별,피해운전자 연령,피해운전자 상해정도
2021101600100090,2021년 10월 16일 08시,토요일,경상북도 영천시 야사동,경상사고,0,0,2,0,차대차 - 측면충돌,안전운전불이행,건조,맑음,교차로 - 교차로안,승용,여,45세,경상,승용,남,38세,경상
2021101600100118,2021년 10월 16일 09시,토요일,경상북도 경주시 동천동,중상사고,0,1,0,0,차대사람 - 횡단중,안전운전불이행,젖음/습기,비,교차로 - 교차로안,이륜,남,49세,상해없음,보행자,여,79세,중상
2021101600100119,2021년 10월 16일 09시,토요일,경상북도 영천시 완산동,경상사고,0,0,2,0,차대차 - 측면충돌,신호위반,건조,맑음,교차로 - 교차로안,승용,남,52세,경상,승용,여,40세,경상
2021101600100145,2021년 10월 16일 10시,토요일,경상북도 포항시 남구 오천읍,경상사고,0,0,1,0,차대차 - 측면충돌,신호위반,젖음/습기,비,교차로 - 교차로안,특수,남,53세,상해없음,승합,남,42세,경상
2021101600100167,2021년 10월 16일 11시,토요일,경상북도 경주시 성건동,경상사고,0,0,1,0,차대차 - 측면충돌,중앙선침범,젖음/습기,흐림,교차로 - 교차로부근,승용,남,72세,상해없음,승용,남,27세,경상
2021101600100202,2021년 10월 16일 12시,토요일,경상북도 경주시 감포읍,경상사고,0,0,4,0,차대차 - 측면충돌,중앙선침범,젖음/습기,비,단일로 - 기타,화물,남,69세,상해없음,승용,남,41세,경상
2021101600100203,2021년 10월 16일 12시,토요일,경상북도 포항시 북구 양덕동,경상사고,0,0,1,0,차대차 - 측면충돌,안전운전불이행,건조,맑음,단일로 - 기타,화물,남,45세,기타불명,승용,여,36세,경상
2021101600100204,2021년 10월 16일 12시,토요일,경상북도 안동시 운흥동,경상사고,0,0,1,0,차대차 - 측면충돌,안전운전불이행,건조,맑음,교차로 - 교차로부근,승용,남,57세,상해없음,승용,남,46세,경상
2021101600100205,2021년 10월 16일 12시,토요일,경상북도 영주시 영주동,중상사고,0,1,0,0,차대차 - 측면충돌,교차로운행방법위반,건조,맑음,교차로 - 교차로안,이륜,남,40세,상해없음,자전거,여,67세,중상
2021101600100206,2021년 10월 16일 12시,토요일,경상북도 영천시 북안면,중상사고,0,1,0,0,차대차 - 추돌,안전운전불이행,건조,흐림,단일로 - 기타,승용,남,58세,상해없음,농기계,남,69세,중상
2021101600100207,2021년 10월 16일 12시,토요일,경상북도 구미시 옥계동,중상사고,0,1,2,0,차대사람 - 횡단중,보행자보호의무위반,건조,맑음,교차로 - 교차로횡단보도내,승용,남,29세,상해없음,보행자,여,16세,중상
2021101600100238,2021년 10월 16일 13시,토요일,경상북도 포항시 북구 대흥동,경상사고,0,0,1,0,차대차 - 기타,안전운전불이행,건조,맑음,교차로 - 교차로안,승용,여,65세,상해없음,승용,여,51세,경상
2021101600100239,2021년 10월 16일 13시,토요일,경상북도 구미시 도개면,사망사고,1,0,0,0,차대차 - 추돌,안전운전불이행,건조,흐림,단일로 - 기타,승용,남,58세,상해없음,농기계,남,76세,사망
2021101600100284,2021년 10월 16일 14시,토요일,경상북도 포항시 북구 흥해읍,경상사고,0,0,1,0,차대차 - 측면충돌,안전운전불이행,건조,맑음,교차로 - 교차로안,승용,남,60세,상해없음,승용,여,30세,경상
2021101600100285,2021년 10월 16일 14시,토요일,경상북도 안동시 북후면,중상사고,0,1,0,0,차대차 - 측면충돌,안전운전불이행,건조,맑음,교차로 - 교차로안,이륜,남,71세,중상,승용,남,76세,상해없음
2021101600100286,2021년 10월 16일 14시,토요일,경상북도 경산시 중방동,중상사고,0,1,0,0,차대사람 - 기타,안전운전불이행,건조,맑음,교차로 - 교차로부근,화물,남,59세,상해없음,보행자,여,58세,중상
2021101600100310,2021년 10월 16일 15시,토요일,경상북도 경주시 건천읍,중상사고,0,1,1,1,차대차 - 정면충돌,직진우회전진행방해,건조,맑음,교차로 - 교차로안,승용,여,42세,부상신고,승용,남,46세,중상
2021101600100311,2021년 10월 16일 15시,토요일,경상북도 경산시 백천동,경상사고,0,0,1,0,차대차 - 측면충돌,안전운전불이행,건조,맑음,교차로 - 교차로안,승용,남,66세,상해없음,자전거,여,71세,경상
2021101600100340,2021년 10월 16일 16시,토요일,경상북도 안동시 운흥동,경상사고,0,0,3,0,차대차 - 측면충돌,신호위반,건조,맑음,교차로 - 교차로안,승용,여,67세,경상,승용,남,76세,경상
2021101600100362,2021년 10월 16일 17시,토요일,경상북도 경산시 하양읍,경상사고,0,0,1,0,차대차 - 기타,안전운전불이행,건조,흐림,단일로 - 기타,승용,여,51세,상해없음,승용,남,49세,상해없음
2021101600100363,2021년 10월 16일 17시,토요일,경상북도 청송군 파천면,경상사고,0,0,2,0,차대차 - 측면충돌,중앙선침범,건조,맑음,단일로 - 지하차도(도로)내,승용,남,64세,상해없음,승용,남,66세,경상
2021101600100364,2021년 10월 16일 17시,토요일,경상북도 포항시 남구 오천읍,경상사고,0,0,2,0,차대차 - 측면충돌,안전거리미확보,건조,맑음,교차로 - 교차로부근,자전거,남,74세,경상,이륜,남,45세,경상
2021101600100404,2021년 10월 16일 18시,토요일,경상북도 구미시 도개면,중상사고,0,1,0,0,차량단독 - 전도전복 - 전도,안전운전불이행,건조,맑음,단일로 - 기타,원동기,여,66세,중상,,,,
2021101600100405,2021년 10월 16일 18시,토요일,경상북도 구미시 진평동,중상사고,0,1,0,0,차대차 - 측면충돌,안전운전불이행,건조,맑음,교차로 - 교차로안,승용,남,38세,상해없음,이륜,남,37세,중상
2021101600100458,2021년 10월 16일 20시,토요일,경상북도 구미시 광평동,중상사고,0,1,0,0,차대사람 - 기타,안전운전불이행,건조,맑음,단일로 - 기타,승용,남,68세,기타불명,보행자,여,55세,중상
2021101600100480,2021년 10월 16일 21시,토요일,경상북도 경주시 동천동,경상사고,0,0,1,0,차대사람 - 차도통행중,안전운전불이행,건조,맑음,교차로 - 교차로안,승용,남,28세,상해없음,보행자,남,44세,경상
2021101600100514,2021년 10월 16일 22시,토요일,경상북도 영주시 봉현면,중상사고,0,1,0,1,차대차 - 측면충돌,안전운전불이행,건조,맑음,교차로 - 교차로안,승용,남,48세,부상신고,승용,여,50세,중상
2021101600100515,2021년 10월 16일 22시,토요일,경상북도 구미시 신평동,경상사고,0,0,1,0,차대차 - 기타,안전운전불이행,건조,맑음,단일로 - 기타,승용,남,37세,상해없음,승용,남,33세,경상
2021101600100516,2021년 10월 16일 22시,토요일,경상북도 구미시 황상동,경상사고,0,0,1,0,차대차 - 측면충돌,안전운전불이행,건조,맑음,단일로 - 기타,승용,여,36세,기타불명,승용,여,27세,경상
2021101600100542,2021년 10월 16일 23시,토요일,경상북도 구미시 진평동,경상사고,0,0,4,0,차대차 - 측면충돌,안전운전불이행,건조,맑음,교차로 - 교차로부근,승용,남,37세,상해없음,승용,남,37세,경상
2021101700100011,2021년 10월 17일 00시,일요일,경상북도 구미시 봉곡동,사망사고,1,0,0,0,차량단독 - 공작물충돌,안전운전불이행,건조,맑음,단일로 - 기타,원동기,남,22세,사망,,,,
2021101700100020,2021년 10월 17일 01시,일요일,경상북도 경주시 성동동,경상사고,0,0,2,0,차대차 - 측면충돌,안전운전불이행,젖음/습기,흐림,단일로 - 기타,승용,남,40세,상해없음,승용,남,52세,경상
2021101700100024,2021년 10월 17일 02시,일요일,경상북도 구미시 공단동,중상사고,0,1,1,0,차대차 - 추돌,안전운전불이행,건조,맑음,단일로 - 교량,승용,남,33세,중상,화물,남,57세,경상
2021101700100029,2021년 10월 17일 04시,일요일,경상북도 구미시 임수동,경상사고,0,0,3,0,차대차 - 추돌,안전운전불이행,건조,맑음,단일로 - 기타,승용,남,50세,상해없음,승합,남,57세,경상
2021101700100033,2021년 10월 17일 05시,일요일,경상북도 김천시 봉산면,사망사고,1,0,0,0,차대차 - 추돌,안전운전불이행,건조,맑음,단일로 - 기타,화물,남,38세,상해없음,승용,남,46세,상해없음
2021101700100086,2021년 10월 17일 10시,일요일,경상북도 문경시 문경읍,중상사고,0,1,0,0,차대차 - 측면충돌,안전운전불이행,건조,맑음,기타 - 기타,화물,남,36세,상해없음,자전거,남,45세,중상
2021101700100113,2021년 10월 17일 11시,일요일,경상북도 경주시 양남면,중상사고,0,1,5,0,차대차 - 측면충돌,안전운전불이행,건조,맑음,교차로 - 교차로부근,이륜,남,29세,경상,승용,여,51세,중상
2021101700100137,2021년 10월 17일 12시,일요일,경상북도 영천시 완산동,중상사고,0,1,0,0,차대사람 - 기타,안전운전불이행,건조,맑음,기타 - 기타,승용,여,72세,상해없음,보행자,여,66세,중상
2021101700100138,2021년 10월 17일 12시,일요일,경상북도 문경시 모전동,경상사고,0,0,1,0,차대차 - 측면충돌,안전운전불이행,건조,맑음,교차로 - 교차로안,화물,여,49세,상해없음,이륜,남,38세,경상
2021101700100162,2021년 10월 17일 13시,일요일,경상북도 안동시 태화동,경상사고,0,0,1,0,차대차 - 기타,안전거리미확보,건조,맑음,단일로 - 기타,화물,남,62세,상해없음,이륜,남,46세,경상
2021101700100192,2021년 10월 17일 14시,일요일,경상북도 칠곡군 왜관읍,경상사고,0,0,2,0,차대차 - 추돌,안전운전불이행,건조,맑음,단일로 - 기타,승용,남,30세,상해없음,승용,여,48세,경상
2021101700100193,2021년 10월 17일 14시,일요일,경상북도 구미시 송정동,경상사고,0,0,1,0,차대차 - 기타,안전운전불이행,건조,맑음,단일로 - 기타,이륜,남,44세,경상,승용,여,43세,상해없음
2021101700100194,2021년 10월 17일 14시,일요일,경상북도 안동시 풍산읍,경상사고,0,0,1,0,차대사람 - 기타,안전운전불이행,건조,맑음,주차장 - 주차장,승용,남,46세,상해없음,보행자,여,35세,경상
2021101700100219,2021년 10월 17일 15시,일요일,경상북도 포항시 북구 죽도동,경상사고,0,0,3,0,차대차 - 추돌,안전운전불이행,건조,맑음,교차로 - 교차로부근,승용,남,21세,상해없음,승용,남,32세,경상
2021101700100220,2021년 10월 17일 15시,일요일,경상북도 경산시 와촌면,중상사고,0,1,0,0,차대차 - 측면충돌,안전거리미확보,건조,맑음,교차로 - 교차로안,화물,남,74세,상해없음,승용,여,56세,중상
2021101700100251,2021년 10월 17일 16시,일요일,경상북도 안동시 태화동,경상사고,0,0,1,0,차대차 - 기타,기타,건조,맑음,단일로 - 기타,승용,남,63세,상해없음,승용,남,43세,경상
2021101700100286,2021년 10월 17일 17시,일요일,경상북도 영천시 금노동,경상사고,0,0,1,0,차량단독 - 공작물충돌,안전운전불이행,건조,맑음,교차로 - 교차로안,이륜,남,35세,경상,,,,
2021101700100329,2021년 10월 17일 18시,일요일,경상북도 경주시 안강읍,경상사고,0,0,1,0,차대차 - 추돌,신호위반,건조,맑음,교차로 - 교차로안,승용,남,63세,상해없음,화물,남,53세,경상
2021101700100330,2021년 10월 17일 18시,일요일,경상북도 포항시 북구 득량동,경상사고,0,0,1,0,차대차 - 측면충돌,안전운전불이행,건조,맑음,단일로 - 기타,자전거,남,67세,경상,승용,여,31세,상해없음
2021101700100331,2021년 10월 17일 18시,일요일,경상북도 안동시 송현동,경상사고,0,0,5,0,차대차 - 기타,신호위반,건조,맑음,교차로 - 교차로안,승합,남,71세,경상,화물,남,75세,경상
2021101700100360,2021년 10월 17일 19시,일요일,경상북도 영천시 망정동,부상신고사고,0,0,0,1,차량단독 - 기타,안전운전불이행,기타,기타,교차로 - 교차로안,화물,남,51세,부상신고,,,,
2021101700100361,2021년 10월 17일 19시,일요일,경상북도 예천군 예천읍,경상사고,0,0,1,0,차대차 - 추돌,안전운전불이행,건조,맑음,단일로 - 기타,승용,남,23세,경상,건설기계,남,52세,기타불명
2021101700100362,2021년 10월 17일 19시,일요일,경상북도 청송군 부남면,중상사고,0,1,0,0,차대사람 - 기타,중앙선침범,건조,맑음,단일로 - 지하차도(도로)내,승용,남,68세,상해없음,보행자,남,17세,중상
2021101700100363,2021년 10월 17일 19시,일요일,경상북도 포항시 남구 연일읍,중상사고,0,1,0,0,차대차 - 기타,안전운전불이행,건조,맑음,교차로 - 교차로안,승용,남,62세,상해없음,이륜,남,30세,중상
2021101700100396,2021년 10월 17일 20시,일요일,경상북도 포항시 북구 양덕동,경상사고,0,0,1,0,차대차 - 측면충돌,신호위반,건조,맑음,교차로 - 교차로안,이륜,남,57세,상해없음,이륜,남,39세,경상
2021101700100423,2021년 10월 17일 21시,일요일,경상북도 경주시 안강읍,중상사고,0,1,5,0,차대차 - 측면충돌,안전운전불이행,건조,맑음,교차로 - 교차로안,승용,여,66세,경상,승용,남,53세,경상
2021101700100424,2021년 10월 17일 21시,일요일,경상북도 경산시 정평동,경상사고,0,0,2,0,차대차 - 측면충돌,교차로운행방법위반,건조,맑음,교차로 - 교차로안,이륜,남,17세,경상,승용,남,24세,경상
2021101800100039,2021년 10월 18일 06시,월요일,경상북도 구미시 시미동,경상사고,0,0,1,0,차대차 - 측면충돌,불법유턴,건조,맑음,교차로 - 교차로안,승용,여,39세,상해없음,승용,남,33세,경상
2021101800100068,2021년 10월 18일 07시,월요일,경상북도 김천시 덕곡동,중상사고,0,1,0,0,차대차 - 정면충돌,신호위반,건조,맑음,교차로 - 교차로안,화물,남,47세,상해없음,승용,남,41세,중상
2021101800100069,2021년 10월 18일 07시,월요일,경상북도 구미시 황상동,경상사고,0,0,1,0,차대차 - 추돌,안전운전불이행,건조,맑음,단일로 - 기타,승용,남,48세,상해없음,승용,여,41세,경상
2021101800100070,2021년 10월 18일 07시,월요일,경상북도 포항시 남구 오천읍,경상사고,0,0,1,0,차대차 - 측면충돌,신호위반,건조,맑음,교차로 - 교차로부근,화물,남,61세,상해없음,승용,남,55세,경상
2021101800100123,2021년 10월 18일 08시,월요일,경상북도 영천시 완산동,경상사고,0,0,3,0,차대차 - 정면충돌,안전운전불이행,건조,맑음,교차로 - 교차로안,승용,여,48세,경상,승용,여,37세,경상
2021101800100124,2021년 10월 18일 08시,월요일,경상북도 구미시 원평동,경상사고,0,0,1,1,차대차 - 측면충돌,직진우회전진행방해,건조,맑음,교차로 - 교차로안,승용,남,48세,상해없음,승용,남,64세,경상
2021101800100168,2021년 10월 18일 09시,월요일,경상북도 경산시 진량읍,경상사고,0,0,2,0,차대차 - 측면충돌,안전운전불이행,건조,맑음,단일로 - 기타,화물,남,45세,상해없음,승용,남,22세,경상
2021101800100169,2021년 10월 18일 09시,월요일,경상북도 구미시 지산동,중상사고,0,1,0,0,차대차 - 기타,교차로운행방법위반,건조,맑음,교차로 - 교차로부근,화물,남,79세,상해없음,이륜,남,79세,중상
2021101800100203,2021년 10월 18일 10시,월요일,경상북도 포항시 북구 죽도동,중상사고,0,1,0,0,차대차 - 측면충돌,안전운전불이행,건조,맑음,단일로 - 기타,승용,남,75세,상해없음,자전거,남,84세,중상
2021101800100204,2021년 10월 18일 10시,월요일,경상북도 의성군 안평면,경상사고,0,0,2,0,차대사람 - 기타,안전운전불이행,건조,맑음,단일로 - 기타,이륜,남,81세,경상,보행자,여,79세,경상
2021101800100205,2021년 10월 18일 10시,월요일,경상북도 영천시 성내동,경상사고,0,0,2,0,차대차 - 측면충돌,안전운전불이행,건조,맑음,교차로 - 교차로부근,화물,남,58세,경상,화물,남,49세,경상
2021101800100236,2021년 10월 18일 11시,월요일,경상북도 포항시 북구 흥해읍,경상사고,0,0,1,0,차대차 - 기타,차로위반,건조,맑음,단일로 - 기타,승용,여,64세,상해없음,화물,남,73세,경상
2021101800100237,2021년 10월 18일 11시,월요일,경상북도 영주시 이산면,중상사고,0,1,0,0,차대차 - 측면충돌,교차로운행방법위반,건조,맑음,교차로 - 교차로안,화물,남,45세,상해없음,승용,남,67세,중상
2021101800100238,2021년 10월 18일 11시,월요일,경상북도 경산시 자인면,경상사고,0,0,1,0,차대사람 - 기타,안전운전불이행,건조,맑음,단일로 - 기타,화물,남,67세,상해없음,보행자,남,69세,경상
2021101800100307,2021년 10월 18일 13시,월요일,경상북도 상주시 낙동면,중상사고,0,3,1,0,차대차 - 추돌,안전거리미확보,건조,맑음,단일로 - 기타,화물,남,68세,상해없음,화물,남,44세,중상
2021101800100308,2021년 10월 18일 13시,월요일,경상북도 상주시 이안면,중상사고,0,1,0,0,차대차 - 측면충돌,안전운전불이행,건조,맑음,단일로 - 기타,화물,남,72세,상해없음,이륜,남,74세,중상
2021101800100309,2021년 10월 18일 13시,월요일,경상북도 영덕군 강구면,경상사고,0,0,1,0,차대사람 - 차도통행중,안전운전불이행,건조,맑음,기타 - 기타,승용,여,68세,상해없음,보행자,여,52세,경상
2021101800100348,2021년 10월 18일 14시,월요일,경상북도 경주시 용강동,중상사고,0,1,0,0,차대차 - 측면충돌,신호위반,건조,맑음,교차로 - 교차로안,승용,남,40세,상해없음,이륜,남,28세,중상
2021101800100386,2021년 10월 18일 15시,월요일,경상북도 고령군 대가야읍,경상사고,0,0,1,0,차대차 - 측면충돌,안전운전불이행,건조,맑음,교차로 - 교차로안,이륜,남,85세,경상,승용,여,36세,상해없음
2021101800100387,2021년 10월 18일 15시,월요일,경상북도 구미시 임수동,중상사고,0,2,0,0,차대차 - 기타,차로위반,건조,맑음,단일로 - 기타,화물,남,71세,상해없음,승용,남,62세,중상
2021101800100388,2021년 10월 18일 15시,월요일,경상북도 구미시 사곡동,경상사고,0,0,1,0,차대차 - 측면충돌,안전운전불이행,건조,맑음,단일로 - 기타,승용,남,42세,상해없음,이륜,남,41세,경상
2021101800100417,2021년 10월 18일 16시,월요일,경상북도 성주군 성주읍,경상사고,0,0,3,0,차대차 - 기타,안전운전불이행,건조,맑음,교차로 - 교차로안,승용,여,56세,경상,승용,여,51세,경상
2021101800100418,2021년 10월 18일 16시,월요일,경상북도 구미시 진평동,경상사고,0,0,2,0,차대차 - 정면충돌,신호위반,건조,맑음,교차로 - 교차로안,승용,여,43세,상해없음,승용,남,32세,경상
2021101800100462,2021년 10월 18일 17시,월요일,경상북도 안동시 서후면,경상사고,0,0,1,0,차량단독 - 기타,안전운전불이행,건조,맑음,단일로 - 기타,이륜,남,61세,경상,,,,
2021101800100463,2021년 10월 18일 17시,월요일,경상북도 포항시 남구 오천읍,경상사고,0,0,1,0,차대사람 - 횡단중,보행자보호의무위반,건조,맑음,교차로 - 교차로안,화물,남,67세,상해없음,보행자,여,33세,경상
2021101800100528,2021년 10월 18일 18시,월요일,경상북도 포항시 북구 용흥동,중상사고,0,1,0,0,차대차 - 측면충돌,기타,건조,맑음,단일로 - 기타,이륜,남,27세,중상,승용,여,50세,상해없음
2021101800100529,2021년 10월 18일 18시,월요일,경상북도 안동시 남후면,경상사고,0,0,3,0,차대차 - 추돌,안전운전불이행,건조,맑음,단일로 - 기타,승용,남,35세,경상,승용,남,54세,경상
2021101800100530,2021년 10월 18일 18시,월요일,경상북도 의성군 단밀면,경상사고,0,0,1,0,차대차 - 측면충돌,중앙선침범,건조,흐림,단일로 - 기타,화물,남,50세,상해없음,승용,여,65세,경상
2021101800100531,2021년 10월 18일 18시,월요일,경상북도 예천군 지보면,중상사고,0,1,0,0,차대차 - 추돌,안전운전불이행,건조,맑음,단일로 - 기타,화물,남,68세,상해없음,농기계,남,39세,상해없음
2021101800100532,2021년 10월 18일 18시,월요일,경상북도 포항시 남구 대도동,경상사고,0,0,1,0,차대차 - 측면충돌,차로위반,건조,맑음,교차로 - 교차로부근,승용,여,51세,상해없음,승용,남,74세,경상
2021101800100533,2021년 10월 18일 18시,월요일,경상북도 포항시 남구 대잠동,경상사고,0,0,3,0,차대차 - 추돌,안전운전불이행,건조,맑음,교차로 - 교차로부근,화물,남,32세,상해없음,승용,남,62세,상해없음
2021101800100578,2021년 10월 18일 19시,월요일,경상북도 김천시 신음동,부상신고사고,0,0,0,1,차대차 - 측면충돌,안전운전불이행,건조,맑음,단일로 - 기타,자전거,남,13세,부상신고,승용,남,46세,상해없음
2021101800100579,2021년 10월 18일 19시,월요일,경상북도 김천시 부곡동,경상사고,0,0,1,0,차대사람 - 횡단중,신호위반,건조,맑음,교차로 - 교차로안,승용,남,21세,상해없음,보행자,남,32세,경상
2021101800100580,2021년 10월 18일 19시,월요일,경상북도 포항시 남구 괴동동,경상사고,0,0,1,0,차대차 - 추돌,안전운전불이행,건조,맑음,교차로 - 교차로안,승용,남,29세,경상,화물,남,62세,상해없음
2021101800100646,2021년 10월 18일 21시,월요일,경상북도 칠곡군 석적읍,경상사고,0,0,2,0,차대차 - 추돌,안전운전불이행,건조,맑음,교차로 - 교차로부근,승용,남,48세,상해없음,승용,남,45세,경상
2021101800100647,2021년 10월 18일 21시,월요일,경상북도 울진군 근남면,경상사고,0,0,1,0,차량단독 - 공작물충돌,안전운전불이행,건조,맑음,기타 - 기타,화물,남,38세,경상,,,,
2021101800100676,2021년 10월 18일 22시,월요일,경상북도 경주시 황성동,경상사고,0,0,1,0,차대차 - 측면충돌,직진우회전진행방해,건조,맑음,교차로 - 교차로안,승용,여,50세,상해없음,승용,남,20세,경상
2021101800100677,2021년 10월 18일 22시,월요일,경상북도 포항시 북구 흥해읍,경상사고,0,0,1,0,차대차 - 측면충돌,차로위반,건조,맑음,단일로 - 기타,승용,여,50세,상해없음,건설기계,남,60세,경상
2021101800100697,2021년 10월 18일 23시,월요일,경상북도 구미시 지산동,중상사고,0,2,0,0,차대차 - 추돌,안전운전불이행,건조,맑음,단일로 - 기타,승용,남,31세,상해없음,승용,남,47세,중상
2021101900100006,2021년 10월 19일 00시,화요일,경상북도 청도군 청도읍,중상사고,0,1,0,1,차대차 - 추돌,안전운전불이행,건조,맑음,단일로 - 기타,화물,남,45세,상해없음,화물,남,50세,중상
2021101900100057,2021년 10월 19일 07시,화요일,경상북도 포항시 북구 죽도동,경상사고,0,0,1,0,차대차 - 측면충돌,안전운전불이행,건조,맑음,교차로 - 교차로안,승용,남,23세,상해없음,이륜,여,53세,경상
2021101900100079,2021년 10월 19일 08시,화요일,경상북도 경주시 산내면,중상사고,0,1,0,0,차대사람 - 기타,안전운전불이행,건조,맑음,단일로 - 기타,화물,남,62세,상해없음,보행자,남,72세,중상
2021101900100080,2021년 10월 19일 08시,화요일,경상북도 포항시 북구 죽도동,경상사고,0,0,1,0,차대차 - 측면충돌,중앙선침범,건조,맑음,단일로 - 기타,자전거,여,67세,경상,화물,남,44세,상해없음
2021101900100081,2021년 10월 19일 08시,화요일,경상북도 포항시 남구 연일읍,경상사고,0,0,1,0,차대사람 - 길가장자리구역통행중,안전운전불이행,건조,맑음,단일로 - 지하차도(도로)내,이륜,남,66세,상해없음,보행자,여,75세,경상
2021101900100111,2021년 10월 19일 09시,화요일,경상북도 고령군 대가야읍,경상사고,0,0,1,0,차대차 - 측면충돌,중앙선침범,건조,맑음,단일로 - 기타,승용,남,53세,상해없음,승용,여,52세,경상
2021101900100140,2021년 10월 19일 10시,화요일,경상북도 상주시 외서면,경상사고,0,0,2,0,차대차 - 추돌,안전운전불이행,건조,맑음,단일로 - 기타,승용,여,56세,경상,승용,남,61세,경상
2021101900100141,2021년 10월 19일 10시,화요일,경상북도 영천시 고경면,경상사고,0,0,3,0,차대차 - 추돌,안전운전불이행,건조,맑음,교차로 - 교차로부근,화물,남,66세,상해없음,승용,여,36세,경상
2021101900100142,2021년 10월 19일 10시,화요일,경상북도 경산시 중방동,경상사고,0,0,3,0,차대차 - 측면충돌,신호위반,건조,맑음,교차로 - 교차로안,화물,남,61세,상해없음,승용,여,42세,경상
2021101900100143,2021년 10월 19일 10시,화요일,경상북도 구미시 도량동,경상사고,0,0,3,0,차대차 - 측면충돌,신호위반,건조,맑음,교차로 - 교차로안,승용,여,41세,상해없음,승용,남,24세,상해없음
2021101900100160,2021년 10월 19일 11시,화요일,경상북도 경주시 황성동,경상사고,0,0,1,0,차대차 - 추돌,안전거리미확보,건조,맑음,단일로 - 기타,승용,남,41세,상해없음,승용,남,75세,상해없음
2021101900100161,2021년 10월 19일 11시,화요일,경상북도 안동시 수상동,경상사고,0,0,1,0,차대차 - 추돌,안전거리미확보,건조,맑음,단일로 - 기타,승용,남,60세,상해없음,승용,여,30세,경상
2021101900100226,2021년 10월 19일 13시,화요일,경상북도 경주시 천군동,경상사고,0,0,3,0,차대차 - 측면충돌,안전운전불이행,건조,맑음,교차로 - 교차로안,화물,남,66세,상해없음,승용,남,22세,경상
2021101900100282,2021년 10월 19일 15시,화요일,경상북도 김천시 신음동,경상사고,0,0,1,0,차대사람 - 길가장자리구역통행중,안전운전불이행,건조,맑음,단일로 - 기타,승용,여,58세,상해없음,보행자,남,14세,경상
2021101900100283,2021년 10월 19일 15시,화요일,경상북도 영천시 문외동,경상사고,0,0,3,0,차대차 - 추돌,안전운전불이행,건조,맑음,단일로 - 기타,승용,남,38세,상해없음,승용,여,63세,경상
2021101900100284,2021년 10월 19일 15시,화요일,경상북도 경산시 서상동,중상사고,0,1,0,0,차대차 - 측면충돌,교차로운행방법위반,건조,맑음,교차로 - 교차로안,승용,남,52세,상해없음,개인형이동수단(PM),남,73세,중상
2021101900100332,2021년 10월 19일 16시,화요일,경상북도 김천시 아포읍,경상사고,0,0,1,0,차대차 - 추돌,안전운전불이행,건조,맑음,교차로 - 교차로부근,승용,여,49세,상해없음,승용,여,51세,경상
2021101900100333,2021년 10월 19일 16시,화요일,경상북도 경산시 옥산동,경상사고,0,0,1,0,차대차 - 측면충돌,신호위반,건조,맑음,단일로 - 기타,승용,여,60세,상해없음,자전거,여,10세,경상
2021101900100334,2021년 10월 19일 16시,화요일,경상북도 예천군 용궁면,경상사고,0,0,1,0,차대차 - 측면충돌,안전운전불이행,건조,맑음,주차장 - 주차장,승용,남,65세,상해없음,원동기,여,63세,경상
2021101900100419,2021년 10월 19일 18시,화요일,경상북도 상주시 모동면,경상사고,0,0,2,0,차대차 - 측면충돌,안전운전불이행,건조,맑음,단일로 - 기타,승용,남,51세,경상,승용,남,30세,경상
2021101900100420,2021년 10월 19일 18시,화요일,경상북도 의성군 의성읍,경상사고,0,0,1,0,차대사람 - 횡단중,안전운전불이행,건조,맑음,단일로 - 기타,승용,남,65세,상해없음,보행자,여,4세,경상
2021101900100421,2021년 10월 19일 18시,화요일,경상북도 영주시 영주동,중상사고,0,1,0,0,차대차 - 측면충돌,중앙선침범,젖음/습기,흐림,단일로 - 기타,승용,여,37세,상해없음,자전거,남,79세,중상
2021101900100422,2021년 10월 19일 18시,화요일,경상북도 영주시 이산면,경상사고,0,0,1,1,차대차 - 측면충돌,안전운전불이행,건조,맑음,단일로 - 기타,화물,남,56세,부상신고,승용,여,25세,경상
2021101900100423,2021년 10월 19일 18시,화요일,경상북도 문경시 윤직동,경상사고,0,0,1,0,차대차 - 추돌,안전운전불이행,건조,맑음,기타 - 기타,승용,남,53세,상해없음,승용,남,24세,경상
2021101900100424,2021년 10월 19일 18시,화요일,경상북도 경산시 진량읍,경상사고,0,0,1,0,차대사람 - 기타,안전운전불이행,건조,맑음,교차로 - 교차로횡단보도내,승합,남,78세,상해없음,보행자,여,19세,경상
2021101900100425,2021년 10월 19일 18시,화요일,경상북도 경산시 하양읍,중상사고,0,1,0,0,차대사람 - 횡단중,신호위반,젖음/습기,비,교차로 - 교차로횡단보도내,승용,남,42세,상해없음,보행자,여,77세,중상