사고번호,사고일시,요일,시군구,사고내용,사망자수,중상자수,경상자수,부상신고자수,사고유형,법규위반,노면상태,기상상태,도로형태,가해운전자 차종,가해운전자 성별,가해운전자 연령,가해운전자 상해정도,피해운전자 차종,피해운전자 성별,피해운전자 연령,피해운전자 상해정도
2021101900100426,2021년 10월 19일 18시,화요일,경상북도 경산시 하양읍,중상사고,0,1,0,0,차대사람 - 기타,교차로운행방법위반,건조,맑음,교차로 - 교차로안,승용,남,33세,상해없음,보행자,여,78세,중상
2021101900100427,2021년 10월 19일 18시,화요일,경상북도 영덕군 영덕읍,중상사고,0,1,0,0,차대차 - 측면충돌,직진우회전진행방해,건조,맑음,교차로 - 교차로안,승용,여,41세,상해없음,승용,남,74세,중상
2021101900100428,2021년 10월 19일 18시,화요일,경상북도 예천군 호명면,중상사고,0,1,0,0,차대차 - 추돌,안전운전불이행,건조,맑음,단일로 - 기타,이륜,남,65세,상해없음,승용,남,58세,상해없음
2021101900100429,2021년 10월 19일 18시,화요일,경상북도 청도군 각북면,경상사고,0,0,1,0,차대사람 - 기타,안전운전불이행,건조,흐림,단일로 - 기타,화물,남,43세,상해없음,보행자,남,64세,경상
2021101900100430,2021년 10월 19일 18시,화요일,경상북도 포항시 남구 동촌동,중상사고,0,1,0,0,차대차 - 측면충돌,기타,건조,맑음,교차로 - 교차로횡단보도내,승용,남,66세,상해없음,자전거,남,62세,중상
2021101900100514,2021년 10월 19일 20시,화요일,경상북도 포항시 북구 장성동,경상사고,0,0,1,0,차대차 - 후진중충돌,안전운전불이행,건조,맑음,교차로 - 교차로부근,승용,남,64세,상해없음,승용,남,23세,경상
2021101900100539,2021년 10월 19일 21시,화요일,경상북도 영천시 완산동,중상사고,0,1,0,1,차대차 - 측면충돌,교차로운행방법위반,건조,맑음,교차로 - 교차로안,승용,남,55세,상해없음,이륜,남,50세,중상
2021102000100019,2021년 10월 20일 05시,수요일,경상북도 상주시 남적동,경상사고,0,0,1,0,차대사람 - 길가장자리구역통행중,안전운전불이행,건조,맑음,단일로 - 교량,화물,남,59세,상해없음,보행자,여,73세,경상
2021102000100020,2021년 10월 20일 05시,수요일,경상북도 경산시 옥산동,경상사고,0,0,1,0,차대차 - 측면충돌,안전거리미확보,건조,맑음,교차로 - 교차로부근,승용,남,64세,상해없음,화물,남,59세,경상
2021102000100031,2021년 10월 20일 06시,수요일,경상북도 영주시 가흥동,중상사고,0,1,0,0,차대사람 - 기타,보행자보호의무위반,건조,맑음,단일로 - 기타,승용,남,46세,상해없음,보행자,여,78세,중상
2021102000100032,2021년 10월 20일 06시,수요일,경상북도 고령군 성산면,사망사고,1,0,0,0,차대사람 - 횡단중,안전운전불이행,건조,맑음,교차로 - 교차로안,승용,남,70세,상해없음,보행자,남,82세,사망
2021102000100044,2021년 10월 20일 07시,수요일,경상북도 포항시 남구 대송면,경상사고,0,0,1,0,차대차 - 측면충돌,교차로운행방법위반,건조,맑음,교차로 - 교차로안,승용,남,56세,상해없음,화물,남,54세,경상
2021102000100075,2021년 10월 20일 08시,수요일,경상북도 안동시 옥야동,경상사고,0,0,1,0,차대차 - 기타,안전거리미확보,건조,맑음,교차로 - 교차로부근,승용,남,77세,상해없음,승용,여,41세,상해없음
2021102000100076,2021년 10월 20일 08시,수요일,경상북도 경산시 진량읍,중상사고,0,1,0,0,차대사람 - 기타,안전운전불이행,건조,맑음,단일로 - 기타,승용,여,66세,상해없음,보행자,남,60세,중상
2021102000100108,2021년 10월 20일 09시,수요일,경상북도 포항시 북구 항구동,경상사고,0,0,1,0,차대차 - 측면충돌,신호위반,건조,맑음,교차로 - 교차로안,이륜,남,66세,경상,승용,여,39세,상해없음
2021102000100109,2021년 10월 20일 09시,수요일,경상북도 포항시 북구 용흥동,경상사고,0,0,3,0,차대차 - 측면충돌,직진우회전진행방해,건조,맑음,교차로 - 교차로안,승용,여,37세,기타불명,승합,남,63세,경상
2021102000100110,2021년 10월 20일 09시,수요일,경상북도 포항시 북구 흥해읍,경상사고,0,0,3,0,차대차 - 기타,안전운전불이행,건조,맑음,단일로 - 기타,화물,남,60세,상해없음,승용,남,30세,경상
2021102000100111,2021년 10월 20일 09시,수요일,경상북도 상주시 성동동,중상사고,0,1,0,0,차대차 - 측면충돌,안전운전불이행,건조,맑음,교차로 - 교차로안,승용,여,47세,상해없음,자전거,여,73세,중상
2021102000100112,2021년 10월 20일 09시,수요일,경상북도 구미시 선산읍,중상사고,0,1,0,0,차대사람 - 횡단중,안전운전불이행,건조,맑음,교차로 - 교차로안,승합,남,76세,상해없음,보행자,남,75세,중상
2021102000100145,2021년 10월 20일 10시,수요일,경상북도 경산시 계양동,경상사고,0,0,1,0,차대차 - 측면충돌,안전운전불이행,건조,맑음,교차로 - 교차로부근,화물,남,76세,상해없음,승용,남,69세,경상
2021102000100146,2021년 10월 20일 10시,수요일,경상북도 구미시 송정동,경상사고,0,0,1,0,차대차 - 측면충돌,직진우회전진행방해,건조,맑음,교차로 - 교차로안,승용,남,64세,기타불명,승용,여,48세,경상
2021102000100217,2021년 10월 20일 12시,수요일,경상북도 김천시 아포읍,중상사고,0,2,1,0,차대차 - 측면충돌,차로위반,건조,맑음,단일로 - 기타,승용,여,71세,경상,승용,남,27세,중상
2021102000100218,2021년 10월 20일 12시,수요일,경상북도 구미시 인의동,경상사고,0,0,1,0,차대차 - 기타,안전운전불이행,건조,맑음,단일로 - 기타,이륜,남,46세,상해없음,이륜,남,25세,경상
2021102000100255,2021년 10월 20일 13시,수요일,경상북도 경주시 충효동,중상사고,0,1,0,0,차대차 - 측면충돌,안전운전불이행,건조,맑음,교차로 - 교차로안,승용,남,32세,상해없음,승용,남,58세,중상
2021102000100256,2021년 10월 20일 13시,수요일,경상북도 경산시 옥산동,경상사고,0,0,3,0,차대차 - 측면충돌,안전운전불이행,건조,맑음,단일로 - 기타,승용,남,43세,경상,승용,여,48세,경상
2021102000100257,2021년 10월 20일 13시,수요일,경상북도 포항시 남구 연일읍,부상신고사고,0,0,0,1,차대차 - 측면충돌,직진우회전진행방해,건조,맑음,교차로 - 교차로안,화물,남,73세,상해없음,자전거,남,86세,부상신고
2021102000100258,2021년 10월 20일 13시,수요일,경상북도 포항시 남구 청림동,경상사고,0,0,1,0,차대차 - 후진중충돌,안전운전불이행,건조,맑음,교차로 - 교차로안,화물,남,59세,상해없음,화물,남,39세,경상
2021102000100290,2021년 10월 20일 14시,수요일,경상북도 상주시 남성동,경상사고,0,0,1,0,차대사람 - 차도통행중,안전운전불이행,건조,맑음,단일로 - 기타,화물,남,57세,상해없음,보행자,여,68세,경상
2021102000100291,2021년 10월 20일 14시,수요일,경상북도 성주군 성주읍,중상사고,0,1,0,0,차대차 - 기타,중앙선침범,건조,맑음,단일로 - 기타,승용,여,51세,중상,화물,남,59세,상해없음
2021102000100292,2021년 10월 20일 14시,수요일,경상북도 포항시 남구 오천읍,경상사고,0,0,1,0,차대차 - 기타,안전운전불이행,건조,맑음,교차로 - 교차로안,승용,남,68세,상해없음,이륜,남,36세,경상
2021102000100293,2021년 10월 20일 14시,수요일,경상북도 포항시 남구 연일읍,중상사고,0,1,1,0,차대차 - 측면충돌,안전운전불이행,건조,맑음,단일로 - 기타,이륜,남,48세,중상,승용,여,53세,경상
2021102000100328,2021년 10월 20일 15시,수요일,경상북도 경주시 안강읍,경상사고,0,0,1,0,차대차 - 측면충돌,안전운전불이행,건조,맑음,교차로 - 교차로안,승용,남,69세,상해없음,승용,여,57세,경상
2021102000100329,2021년 10월 20일 15시,수요일,경상북도 안동시 풍산읍,경상사고,0,0,2,0,차대차 - 정면충돌,중앙선침범,건조,맑음,단일로 - 기타,화물,남,37세,경상,승용,여,42세,경상
2021102000100330,2021년 10월 20일 15시,수요일,경상북도 안동시 태화동,중상사고,0,1,1,0,차대차 - 측면충돌,안전운전불이행,건조,맑음,교차로 - 교차로안,승용,여,38세,상해없음,승용,남,58세,중상
2021102000100331,2021년 10월 20일 15시,수요일,경상북도 포항시 남구 송내동,경상사고,0,0,1,0,차대차 - 측면충돌,교차로운행방법위반,건조,맑음,교차로 - 교차로안,승합,남,31세,상해없음,화물,남,47세,경상
2021102000100379,2021년 10월 20일 16시,수요일,경상북도 상주시 외남면,중상사고,0,1,0,0,차대차 - 추돌,안전운전불이행,건조,맑음,단일로 - 기타,화물,남,23세,상해없음,농기계,남,62세,중상
2021102000100380,2021년 10월 20일 16시,수요일,경상북도 구미시 인의동,중상사고,0,1,0,0,차대차 - 기타,안전운전불이행,건조,맑음,단일로 - 기타,승용,여,40세,상해없음,이륜,남,25세,중상
2021102000100381,2021년 10월 20일 16시,수요일,경상북도 구미시 사곡동,중상사고,0,2,2,0,차대차 - 측면충돌,중앙선침범,건조,맑음,교차로 - 교차로안,승용,여,54세,상해없음,이륜,남,31세,중상
2021102000100417,2021년 10월 20일 17시,수요일,경상북도 경주시 성건동,경상사고,0,0,1,0,차대사람 - 기타,안전운전불이행,건조,맑음,교차로 - 교차로부근,화물,남,69세,상해없음,보행자,남,52세,경상
2021102000100418,2021년 10월 20일 17시,수요일,경상북도 구미시 진평동,경상사고,0,0,1,0,차대차 - 측면충돌,신호위반,건조,맑음,교차로 - 교차로안,승용,남,44세,상해없음,이륜,남,30세,경상
2021102000100419,2021년 10월 20일 17시,수요일,경상북도 포항시 남구 인덕동,경상사고,0,0,1,0,차대사람 - 횡단중,보행자보호의무위반,건조,맑음,단일로 - 지하차도(도로)내,이륜,남,69세,상해없음,보행자,여,38세,경상
2021102000100420,2021년 10월 20일 17시,수요일,경상북도 포항시 남구 효자동,경상사고,0,0,1,0,차대차 - 후진중충돌,안전운전불이행,건조,맑음,교차로 - 교차로부근,승용,여,48세,상해없음,이륜,남,31세,경상
2021102000100480,2021년 10월 20일 18시,수요일,경상북도 김천시 부곡동,경상사고,0,0,1,0,차대차 - 기타,안전운전불이행,건조,맑음,교차로 - 교차로안,승용,여,40세,상해없음,자전거,남,9세,경상
2021102000100481,2021년 10월 20일 18시,수요일,경상북도 김천시 대항면,경상사고,0,0,2,0,차대차 - 추돌,안전운전불이행,건조,맑음,교차로 - 교차로부근,승용,남,44세,경상,화물,남,50세,경상
2021102000100482,2021년 10월 20일 18시,수요일,경상북도 김천시 율곡동,중상사고,0,1,0,0,차대차 - 기타,안전운전불이행,건조,맑음,교차로 - 교차로부근,승용,남,59세,상해없음,이륜,남,42세,중상
2021102000100483,2021년 10월 20일 18시,수요일,경상북도 청도군 화양읍,경상사고,0,0,1,0,차대사람 - 횡단중,안전운전불이행,건조,맑음,교차로 - 교차로안,승용,여,45세,상해없음,보행자,남,84세,경상
2021102000100484,2021년 10월 20일 18시,수요일,경상북도 청송군 안덕면,경상사고,0,0,1,0,차대사람 - 차도통행중,안전운전불이행,건조,맑음,단일로 - 지하차도(도로)내,승용,남,53세,상해없음,보행자,남,81세,경상
2021102000100542,2021년 10월 20일 19시,수요일,경상북도 포항시 북구 흥해읍,경상사고,0,0,2,0,차대차 - 추돌,안전운전불이행,건조,맑음,교차로 - 교차로부근,승용,남,27세,상해없음,승용,남,55세,경상
2021102000100543,2021년 10월 20일 19시,수요일,경상북도 상주시 낙동면,중상사고,0,1,0,0,차대차 - 추돌,안전운전불이행,건조,맑음,단일로 - 기타,화물,남,79세,중상,화물,남,58세,상해없음
2021102000100574,2021년 10월 20일 20시,수요일,경상북도 경주시 충효동,중상사고,0,1,0,0,차량단독 - 공작물충돌,안전운전불이행,건조,맑음,단일로 - 지하차도(도로)내,이륜,남,15세,중상,,,,
2021102000100575,2021년 10월 20일 20시,수요일,경상북도 영천시 도동,경상사고,0,0,1,0,차대차 - 측면충돌,차로위반,건조,맑음,단일로 - 기타,승용,남,46세,상해없음,승용,남,36세,경상
2021102000100596,2021년 10월 20일 21시,수요일,경상북도 구미시 신평동,경상사고,0,0,1,0,차대사람 - 보도통행중,안전운전불이행,건조,맑음,기타 - 기타,기타불명,기타불명,미분류,기타불명,보행자,남,45세,경상
2021102000100624,2021년 10월 20일 22시,수요일,경상북도 포항시 북구 장성동,경상사고,0,0,2,0,차대차 - 측면충돌,안전운전불이행,건조,맑음,교차로 - 교차로안,화물,남,74세,상해없음,승용,남,28세,경상
2021102000100625,2021년 10월 20일 22시,수요일,경상북도 예천군 호명면,중상사고,0,1,1,0,차대사람 - 횡단중,신호위반,건조,맑음,교차로 - 교차로횡단보도내,승용,남,43세,상해없음,보행자,남,34세,중상
2021102000100644,2021년 10월 20일 23시,수요일,경상북도 영주시 가흥동,중상사고,0,1,0,0,차대차 - 정면충돌,중앙선침범,건조,맑음,단일로 - 기타,이륜,남,25세,상해없음,이륜,남,54세,중상
2021102100100006,2021년 10월 21일 00시,목요일,경상북도 칠곡군 북삼읍,경상사고,0,0,2,1,차대차 - 측면충돌,안전운전불이행,건조,맑음,교차로 - 교차로안,승용,여,60세,부상신고,승용,남,47세,경상
2021102100100016,2021년 10월 21일 01시,목요일,경상북도 경산시 중방동,경상사고,0,0,1,0,차대차 - 추돌,안전운전불이행,건조,맑음,단일로 - 기타,승용,여,53세,상해없음,승용,남,26세,경상
2021102100100060,2021년 10월 21일 07시,목요일,경상북도 구미시 선산읍,중상사고,0,1,1,0,차대사람 - 차도통행중,안전운전불이행,건조,맑음,단일로 - 기타,자전거,여,72세,경상,보행자,여,78세,중상
2021102100100094,2021년 10월 21일 08시,목요일,경상북도 경주시 외동읍,중상사고,0,1,0,0,차대차 - 측면충돌,직진우회전진행방해,건조,맑음,교차로 - 교차로안,승용,남,40세,상해없음,이륜,남,85세,중상
2021102100100095,2021년 10월 21일 08시,목요일,경상북도 포항시 남구 인덕동,경상사고,0,0,3,0,차대차 - 측면충돌,안전운전불이행,건조,맑음,교차로 - 교차로안,승용,여,54세,경상,승용,남,51세,경상
2021102100100120,2021년 10월 21일 09시,목요일,경상북도 문경시 산양면,중상사고,0,1,0,0,차대차 - 추돌,안전운전불이행,건조,맑음,단일로 - 기타,승용,남,50세,상해없음,농기계,남,63세,중상
2021102100100144,2021년 10월 21일 10시,목요일,경상북도 안동시 풍천면,경상사고,0,0,1,0,차대차 - 측면충돌,안전운전불이행,건조,맑음,기타 - 기타,화물,남,69세,상해없음,승용,남,19세,경상
2021102100100145,2021년 10월 21일 10시,목요일,경상북도 경산시 자인면,경상사고,0,0,1,0,차대차 - 추돌,안전거리미확보,건조,맑음,교차로 - 교차로부근,승용,남,48세,상해없음,승용,여,55세,경상
2021102100100175,2021년 10월 21일 11시,목요일,경상북도 경주시 산내면,경상사고,0,0,1,0,차대차 - 측면충돌,안전운전불이행,젖음/습기,비,교차로 - 교차로안,농기계,남,81세,경상,승용,여,59세,상해없음
2021102100100176,2021년 10월 21일 11시,목요일,경상북도 경주시 동천동,경상사고,0,0,1,0,차대차 - 측면충돌,안전운전불이행,건조,맑음,교차로 - 교차로부근,승용,여,68세,상해없음,승용,여,54세,경상
2021102100100177,2021년 10월 21일 11시,목요일,경상북도 포항시 남구 구룡포읍,중상사고,0,1,0,0,차대차 - 측면충돌,안전운전불이행,젖음/습기,비,단일로 - 기타,사륜오토바이(ATV),남,66세,중상,화물,남,75세,상해없음
2021102100100214,2021년 10월 21일 12시,목요일,경상북도 포항시 남구 괴동동,경상사고,0,0,2,0,차대차 - 측면충돌,안전운전불이행,건조,맑음,교차로 - 교차로안,승용,남,33세,경상,화물,남,59세,경상
2021102100100242,2021년 10월 21일 13시,목요일,경상북도 포항시 북구 흥해읍,경상사고,0,0,2,0,차대차 - 측면충돌,안전운전불이행,젖음/습기,비,교차로 - 교차로안,승용,여,46세,경상,승용,남,35세,경상
2021102100100243,2021년 10월 21일 13시,목요일,경상북도 상주시 화서면,중상사고,0,2,0,0,차대차 - 정면충돌,중앙선침범,건조,맑음,단일로 - 기타,승용,여,44세,상해없음,승용,남,63세,중상
2021102100100244,2021년 10월 21일 13시,목요일,경상북도 상주시 공검면,중상사고,0,1,0,0,차대사람 - 기타,안전운전불이행,건조,맑음,단일로 - 기타,승합,남,67세,상해없음,보행자,여,71세,중상
2021102100100245,2021년 10월 21일 13시,목요일,경상북도 영천시 화산면,경상사고,0,0,1,0,차대사람 - 기타,안전운전불이행,건조,맑음,교차로 - 교차로안,화물,남,37세,상해없음,보행자,여,77세,경상
2021102100100246,2021년 10월 21일 13시,목요일,경상북도 영천시 야사동,경상사고,0,0,1,0,차대차 - 측면충돌,안전운전불이행,건조,맑음,교차로 - 교차로안,승용,여,58세,상해없음,이륜,남,35세,경상
2021102100100291,2021년 10월 21일 14시,목요일,경상북도 경산시 진량읍,경상사고,0,0,3,0,차대차 - 측면충돌,안전운전불이행,건조,맑음,단일로 - 기타,화물,남,66세,상해없음,승용,남,27세,경상
2021102100100292,2021년 10월 21일 14시,목요일,경상북도 구미시 임수동,경상사고,0,0,1,0,차대차 - 기타,안전운전불이행,건조,맑음,교차로 - 교차로안,기타불명,기타불명,미분류,기타불명,승용,남,28세,경상
2021102100100293,2021년 10월 21일 14시,목요일,경상북도 고령군 성산면,경상사고,0,0,1,0,차대차 - 기타,안전운전불이행,건조,맑음,단일로 - 기타,특수,남,54세,경상,화물,남,53세,상해없음
2021102100100347,2021년 10월 21일 16시,목요일,경상북도 구미시 시미동,경상사고,0,0,1,0,차대차 - 측면충돌,안전운전불이행,건조,맑음,교차로 - 교차로안,승용,남,25세,상해없음,이륜,남,51세,경상
2021102100100348,2021년 10월 21일 16시,목요일,경상북도 포항시 남구 연일읍,경상사고,0,0,1,0,차대차 - 측면충돌,안전운전불이행,건조,맑음,단일로 - 기타,승용,남,31세,상해없음,승용,여,54세,경상
2021102100100388,2021년 10월 21일 17시,목요일,경상북도 봉화군 상운면,경상사고,0,0,1,0,차대사람 - 기타,안전운전불이행,건조,맑음,단일로 - 기타,승용,남,32세,상해없음,보행자,여,62세,경상
2021102100100389,2021년 10월 21일 17시,목요일,경상북도 봉화군 춘양면,중상사고,0,1,1,0,차대차 - 정면충돌,중앙선침범,건조,맑음,단일로 - 기타,화물,남,66세,경상,화물,남,57세,중상
2021102100100453,2021년 10월 21일 18시,목요일,경상북도 영주시 영주동,경상사고,0,0,1,0,차대차 - 측면충돌,안전운전불이행,건조,맑음,단일로 - 기타,승용,남,34세,상해없음,이륜,남,23세,경상
2021102100100454,2021년 10월 21일 18시,목요일,경상북도 문경시 모전동,경상사고,0,0,2,0,차대차 - 측면충돌,안전운전불이행,건조,맑음,단일로 - 기타,승용,남,64세,상해없음,승용,남,20세,경상
2021102100100455,2021년 10월 21일 18시,목요일,경상북도 포항시 남구 오천읍,경상사고,0,0,3,0,차대차 - 측면충돌,안전운전불이행,젖음/습기,흐림,단일로 - 지하차도(도로)내,승용,여,38세,경상,승용,여,34세,경상
2021102100100456,2021년 10월 21일 18시,목요일,경상북도 포항시 남구 오천읍,경상사고,0,0,1,0,차대차 - 측면충돌,안전운전불이행,젖음/습기,비,교차로 - 교차로안,이륜,남,41세,경상,건설기계,남,48세,상해없음
2021102100100510,2021년 10월 21일 19시,목요일,경상북도 청도군 청도읍,중상사고,0,1,0,0,차대차 - 추돌,안전운전불이행,건조,맑음,단일로 - 기타,승용,남,35세,상해없음,승용,남,48세,중상
2021102100100511,2021년 10월 21일 19시,목요일,경상북도 포항시 남구 오천읍,경상사고,0,0,1,0,차대사람 - 기타,안전운전불이행,건조,맑음,단일로 - 기타,승용,남,55세,상해없음,보행자,남,66세,경상
2021102100100512,2021년 10월 21일 19시,목요일,경상북도 포항시 남구 해도동,경상사고,0,0,1,0,차대사람 - 기타,안전운전불이행,건조,맑음,단일로 - 기타,승용,남,56세,상해없음,보행자,남,36세,경상
2021102100100568,2021년 10월 21일 21시,목요일,경상북도 포항시 북구 용흥동,경상사고,0,0,1,0,차대차 - 추돌,안전운전불이행,건조,맑음,단일로 - 기타,승용,남,32세,상해없음,승용,남,29세,경상
2021102100100569,2021년 10월 21일 21시,목요일,경상북도 의성군 의성읍,경상사고,0,0,1,0,차대사람 - 길가장자리구역통행중,안전운전불이행,건조,흐림,단일로 - 기타,승용,여,58세,상해없음,보행자,여,39세,경상
2021102100100604,2021년 10월 21일 22시,목요일,경상북도 경산시 하양읍,경상사고,0,0,1,0,차대차 - 측면충돌,안전운전불이행,건조,맑음,단일로 - 기타,승용,남,41세,상해없음,승용,여,49세,경상
2021102100100605,2021년 10월 21일 22시,목요일,경상북도 영덕군 남정면,중상사고,0,1,1,0,차대차 - 정면충돌,중앙선침범,건조,맑음,단일로 - 기타,승용,여,52세,중상,승용,남,71세,경상
2021102100100630,2021년 10월 21일 23시,목요일,경상북도 구미시 고아읍,경상사고,0,0,1,0,차대차 - 추돌,안전운전불이행,건조,맑음,단일로 - 기타,승용,남,27세,상해없음,승용,남,30세,경상
2021102200100006,2021년 10월 22일 00시,금요일,경상북도 구미시 상모동,경상사고,0,0,3,0,차대차 - 측면충돌,기타,건조,맑음,교차로 - 교차로안,승용,남,46세,상해없음,승용,남,20세,경상
2021102200100014,2021년 10월 22일 01시,금요일,경상북도 경주시 천북면,경상사고,0,0,1,1,차량단독 - 공작물충돌,안전운전불이행,건조,맑음,단일로 - 기타,승용,남,84세,부상신고,,,,
2021102200100042,2021년 10월 22일 06시,금요일,경상북도 포항시 북구 장성동,경상사고,0,0,1,0,차대차 - 기타,안전거리미확보,건조,맑음,교차로 - 교차로안,승용,남,66세,상해없음,승용,남,68세,경상
2021102200100043,2021년 10월 22일 06시,금요일,경상북도 울진군 평해읍,경상사고,0,0,2,0,차대차 - 측면충돌,직진우회전진행방해,건조,맑음,교차로 - 교차로안,승용,남,75세,경상,화물,남,52세,경상
2021102200100044,2021년 10월 22일 06시,금요일,경상북도 구미시 원평동,경상사고,0,0,1,0,차대차 - 측면충돌,신호위반,건조,흐림,교차로 - 교차로안,승용,남,52세,상해없음,승용,남,28세,경상
2021102200100060,2021년 10월 22일 07시,금요일,경상북도 영주시 상줄동,경상사고,0,0,1,0,차대차 - 추돌,안전운전불이행,건조,맑음,기타 - 기타,승용,여,50세,경상,화물,남,43세,상해없음
2021102200100061,2021년 10월 22일 07시,금요일,경상북도 봉화군 춘양면,경상사고,0,0,1,0,차대차 - 측면충돌,안전운전불이행,건조,맑음,단일로 - 기타,화물,남,57세,상해없음,화물,여,68세,경상
2021102200100104,2021년 10월 22일 08시,금요일,경상북도 경주시 용강동,중상사고,0,1,0,0,차대사람 - 차도통행중,안전운전불이행,건조,맑음,단일로 - 기타,승용,여,40세,상해없음,보행자,남,84세,중상
2021102200100105,2021년 10월 22일 08시,금요일,경상북도 칠곡군 왜관읍,경상사고,0,0,1,0,차대차 - 측면충돌,안전운전불이행,건조,맑음,교차로 - 교차로부근,개인형이동수단(PM),남,21세,경상,승용,여,39세,상해없음
2021102200100106,2021년 10월 22일 08시,금요일,경상북도 구미시 산동읍,경상사고,0,0,1,0,차대차 - 기타,불법유턴,건조,맑음,기타 - 기타,화물,남,61세,상해없음,승용,남,19세,경상
2021102200100107,2021년 10월 22일 08시,금요일,경상북도 포항시 남구 해도동,중상사고,0,1,0,0,차대차 - 측면충돌,신호위반,건조,맑음,교차로 - 교차로안,이륜,남,59세,중상,승합,남,53세,상해없음
2021102200100138,2021년 10월 22일 09시,금요일,경상북도 포항시 북구 우현동,경상사고,0,0,2,0,차대차 - 기타,차로위반,건조,맑음,단일로 - 기타,승용,여,37세,상해없음,승합,남,52세,상해없음
2021102200100139,2021년 10월 22일 09시,금요일,경상북도 칠곡군 북삼읍,경상사고,0,0,1,0,차대차 - 정면충돌,안전운전불이행,건조,맑음,단일로 - 기타,농기계,남,67세,경상,화물,남,53세,상해없음
2021102200100140,2021년 10월 22일 09시,금요일,경상북도 영천시 금호읍,중상사고,0,1,1,0,차대차 - 추돌,안전거리미확보,건조,맑음,단일로 - 기타,화물,남,39세,상해없음,승용,남,74세,경상
2021102200100141,2021년 10월 22일 09시,금요일,경상북도 구미시 송정동,중상사고,0,1,0,0,차대차 - 기타,불법유턴,건조,맑음,단일로 - 기타,승용,남,66세,상해없음,이륜,남,53세,중상
2021102200100183,2021년 10월 22일 10시,금요일,경상북도 영천시 망정동,경상사고,0,0,1,0,차대차 - 측면충돌,안전운전불이행,건조,맑음,교차로 - 교차로안,개인형이동수단(PM),남,19세,경상,승용,여,63세,상해없음
2021102200100184,2021년 10월 22일 10시,금요일,경상북도 영천시 문외동,경상사고,0,0,3,4,차대차 - 측면충돌,안전운전불이행,건조,맑음,교차로 - 교차로안,승용,남,21세,부상신고,승용,남,23세,경상
2021102200100185,2021년 10월 22일 10시,금요일,경상북도 포항시 남구 대잠동,경상사고,0,0,1,0,차대차 - 측면충돌,안전운전불이행,건조,맑음,교차로 - 교차로안,화물,남,58세,상해없음,화물,여,69세,경상
2021102200100186,2021년 10월 22일 10시,금요일,경상북도 포항시 남구 동해면,경상사고,0,0,2,0,차대차 - 측면충돌,안전운전불이행,건조,맑음,단일로 - 기타,승용,여,63세,경상,건설기계,남,61세,경상
2021102200100220,2021년 10월 22일 11시,금요일,경상북도 경주시 문무대왕면,경상사고,0,0,2,0,차대차 - 측면충돌,신호위반,건조,맑음,교차로 - 교차로안,승용,여,50세,상해없음,승합,남,55세,경상
2021102200100221,2021년 10월 22일 11시,금요일,경상북도 영천시 금호읍,경상사고,0,0,1,0,차대차 - 추돌,안전운전불이행,건조,맑음,교차로 - 교차로부근,화물,남,41세,상해없음,승용,남,54세,경상
2021102200100222,2021년 10월 22일 11시,금요일,경상북도 고령군 대가야읍,경상사고,0,0,1,0,차대사람 - 기타,안전운전불이행,건조,맑음,단일로 - 기타,승용,남,82세,상해없음,보행자,여,83세,경상
2021102200100260,2021년 10월 22일 12시,금요일,경상북도 경주시 노동동,중상사고,0,1,0,0,차대차 - 측면충돌,안전운전불이행,건조,맑음,교차로 - 교차로안,승용,남,63세,상해없음,이륜,남,19세,중상
2021102200100261,2021년 10월 22일 12시,금요일,경상북도 포항시 북구 죽도동,경상사고,0,0,3,0,차대차 - 측면충돌,안전운전불이행,건조,맑음,단일로 - 기타,화물,여,63세,상해없음,승용,여,58세,경상
2021102200100262,2021년 10월 22일 12시,금요일,경상북도 구미시 상모동,중상사고,0,1,0,0,차대차 - 측면충돌,안전운전불이행,건조,맑음,단일로 - 기타,승용,남,32세,상해없음,승용,남,22세,중상
2021102200100263,2021년 10월 22일 12시,금요일,경상북도 포항시 남구 상도동,경상사고,0,0,1,0,차대사람 - 기타,기타,건조,맑음,기타 - 기타,승용,남,68세,상해없음,보행자,여,36세,경상
2021102200100292,2021년 10월 22일 13시,금요일,경상북도 의성군 봉양면,중상사고,0,1,0,0,차대차 - 측면충돌,안전거리미확보,건조,맑음,단일로 - 기타,건설기계,남,49세,상해없음,승용,여,68세,중상
2021102200100293,2021년 10월 22일 13시,금요일,경상북도 봉화군 봉화읍,경상사고,0,0,1,0,차대차 - 추돌,안전운전불이행,건조,맑음,단일로 - 기타,승용,남,78세,상해없음,승용,남,59세,경상
2021102200100337,2021년 10월 22일 14시,금요일,경상북도 경주시 충효동,경상사고,0,0,1,0,차대차 - 후진중충돌,안전운전불이행,건조,맑음,단일로 - 기타,승용,여,54세,상해없음,승용,여,41세,상해없음
2021102200100338,2021년 10월 22일 14시,금요일,경상북도 포항시 북구 용흥동,경상사고,0,0,2,0,차대차 - 기타,안전운전불이행,건조,맑음,교차로 - 교차로부근,승용,여,67세,상해없음,승용,여,26세,경상