사고번호,사고일시,요일,시군구,사고내용,사망자수,중상자수,경상자수,부상신고자수,사고유형,법규위반,노면상태,기상상태,도로형태,가해운전자 차종,가해운전자 성별,가해운전자 연령,가해운전자 상해정도,피해운전자 차종,피해운전자 성별,피해운전자 연령,피해운전자 상해정도
2021102200100339,2021년 10월 22일 14시,금요일,경상북도 예천군 호명면,중상사고,0,1,1,0,차대차 - 추돌,안전운전불이행,건조,맑음,단일로 - 기타,이륜,남,17세,상해없음,승용,여,36세,경상
2021102200100377,2021년 10월 22일 15시,금요일,경상북도 성주군 성주읍,경상사고,0,0,1,0,차대차 - 기타,안전운전불이행,건조,맑음,단일로 - 기타,건설기계,남,51세,상해없음,승용,남,72세,경상
2021102200100378,2021년 10월 22일 15시,금요일,경상북도 구미시 황상동,중상사고,0,1,0,1,차대차 - 측면충돌,안전운전불이행,건조,맑음,교차로 - 교차로안,승용,여,63세,상해없음,승용,여,63세,부상신고
2021102200100379,2021년 10월 22일 15시,금요일,경상북도 구미시 사곡동,경상사고,0,0,1,0,차대사람 - 횡단중,안전운전불이행,건조,맑음,교차로 - 교차로안,승용,남,23세,상해없음,보행자,여,29세,경상
2021102200100429,2021년 10월 22일 16시,금요일,경상북도 상주시 외서면,경상사고,0,0,1,0,차대차 - 추돌,안전거리미확보,건조,맑음,단일로 - 기타,화물,남,52세,기타불명,승용,남,61세,경상
2021102200100478,2021년 10월 22일 17시,금요일,경상북도 경주시 노서동,중상사고,0,1,0,0,차대차 - 추돌,안전운전불이행,젖음/습기,흐림,교차로 - 교차로부근,화물,남,79세,상해없음,승용,여,64세,중상
2021102200100479,2021년 10월 22일 17시,금요일,경상북도 안동시 노하동,경상사고,0,0,2,0,차대차 - 정면충돌,안전운전불이행,건조,맑음,교차로 - 교차로안,건설기계,남,63세,경상,승용,남,54세,경상
2021102200100480,2021년 10월 22일 17시,금요일,경상북도 영천시 고경면,경상사고,0,0,1,0,차대차 - 추돌,안전거리미확보,젖음/습기,흐림,단일로 - 기타,화물,남,51세,상해없음,화물,남,53세,상해없음
2021102200100481,2021년 10월 22일 17시,금요일,경상북도 포항시 남구 상도동,중상사고,0,1,0,0,차대차 - 측면충돌,안전거리미확보,건조,맑음,단일로 - 기타,승용,남,21세,상해없음,이륜,남,42세,중상
2021102200100547,2021년 10월 22일 18시,금요일,경상북도 경주시 문무대왕면,중상사고,0,1,0,0,차량단독 - 기타,기타,건조,맑음,단일로 - 기타,이륜,남,78세,중상,,,,
2021102200100548,2021년 10월 22일 18시,금요일,경상북도 안동시 서후면,중상사고,0,1,0,0,차대차 - 추돌,안전운전불이행,건조,맑음,단일로 - 기타,화물,남,52세,상해없음,농기계,남,71세,중상
2021102200100549,2021년 10월 22일 18시,금요일,경상북도 영천시 도동,경상사고,0,0,2,0,차대차 - 추돌,안전운전불이행,젖음/습기,비,교차로 - 교차로부근,화물,남,56세,상해없음,승용,남,57세,경상
2021102200100550,2021년 10월 22일 18시,금요일,경상북도 구미시 거의동,경상사고,0,0,2,0,차대차 - 추돌,안전운전불이행,건조,맑음,단일로 - 기타,승용,여,61세,상해없음,승용,남,34세,경상
2021102200100551,2021년 10월 22일 18시,금요일,경상북도 포항시 남구 인덕동,경상사고,0,0,1,0,차대차 - 측면충돌,교차로운행방법위반,건조,맑음,교차로 - 교차로안,승용,남,29세,상해없음,승용,남,42세,경상
2021102200100609,2021년 10월 22일 19시,금요일,경상북도 경주시 황남동,경상사고,0,0,1,0,차대사람 - 횡단중,안전운전불이행,건조,맑음,교차로 - 교차로안,승용,남,28세,상해없음,보행자,남,2세,경상
2021102200100610,2021년 10월 22일 19시,금요일,경상북도 경주시 안강읍,중상사고,0,1,0,0,차량단독 - 기타,안전운전불이행,건조,맑음,단일로 - 기타,화물,남,66세,중상,,,,
2021102200100611,2021년 10월 22일 19시,금요일,경상북도 칠곡군 왜관읍,경상사고,0,0,1,0,차대차 - 측면충돌,안전운전불이행,건조,맑음,기타 - 기타,승용,남,57세,상해없음,화물,여,62세,경상
2021102200100612,2021년 10월 22일 19시,금요일,경상북도 영천시 야사동,경상사고,0,0,1,0,차대차 - 측면충돌,안전운전불이행,건조,맑음,교차로 - 교차로부근,승용,남,21세,상해없음,승용,여,58세,경상
2021102200100613,2021년 10월 22일 19시,금요일,경상북도 구미시 임수동,경상사고,0,0,2,0,차대차 - 추돌,안전운전불이행,건조,맑음,단일로 - 터널,승용,남,45세,상해없음,승용,여,36세,경상
2021102200100644,2021년 10월 22일 20시,금요일,경상북도 경주시 강동면,중상사고,0,1,0,0,차대차 - 기타,중앙선침범,건조,맑음,교차로 - 교차로안,승용,여,50세,상해없음,이륜,남,52세,중상
2021102200100672,2021년 10월 22일 21시,금요일,경상북도 영주시 부석면,중상사고,0,1,0,0,차대사람 - 기타,안전운전불이행,건조,맑음,기타 - 기타,기타불명,기타불명,미분류,기타불명,보행자,남,55세,중상
2021102200100673,2021년 10월 22일 21시,금요일,경상북도 영천시 봉동,경상사고,0,0,1,0,차대차 - 정면충돌,기타,건조,맑음,교차로 - 교차로안,승용,여,52세,기타불명,화물,남,58세,경상
2021102200100674,2021년 10월 22일 21시,금요일,경상북도 포항시 남구 일월동,중상사고,0,1,0,0,차대차 - 추돌,안전운전불이행,건조,맑음,단일로 - 기타,승용,남,63세,기타불명,승용,남,40세,중상
2021102200100709,2021년 10월 22일 22시,금요일,경상북도 의성군 다인면,경상사고,0,0,2,0,차대차 - 측면충돌,중앙선침범,건조,맑음,교차로 - 교차로부근,화물,남,60세,경상,승용,남,28세,경상
2021102200100710,2021년 10월 22일 22시,금요일,경상북도 문경시 산양면,경상사고,0,0,2,0,차대차 - 측면충돌,안전운전불이행,건조,맑음,교차로 - 교차로안,승용,여,46세,경상,승용,남,24세,경상
2021102200100711,2021년 10월 22일 22시,금요일,경상북도 경산시 중방동,경상사고,0,0,2,0,차대차 - 측면충돌,안전운전불이행,건조,맑음,교차로 - 교차로부근,승용,남,56세,상해없음,승용,남,29세,경상
2021102200100743,2021년 10월 22일 23시,금요일,경상북도 경산시 압량읍,경상사고,0,0,5,0,차대차 - 추돌,안전운전불이행,건조,맑음,단일로 - 기타,화물,남,27세,상해없음,승용,남,27세,경상
2021102300100038,2021년 10월 23일 05시,토요일,경상북도 영천시 금노동,중상사고,0,1,0,0,차대사람 - 횡단중,안전운전불이행,건조,맑음,단일로 - 기타,승용,남,60세,상해없음,보행자,여,72세,중상
2021102300100069,2021년 10월 23일 08시,토요일,경상북도 포항시 북구 흥해읍,경상사고,0,0,1,0,차대차 - 측면충돌,안전운전불이행,건조,맑음,단일로 - 기타,건설기계,남,40세,상해없음,승용,여,63세,경상
2021102300100070,2021년 10월 23일 08시,토요일,경상북도 안동시 풍산읍,경상사고,0,0,1,0,차대차 - 측면충돌,안전운전불이행,건조,맑음,단일로 - 기타,승용,여,67세,상해없음,승용,남,36세,경상
2021102300100091,2021년 10월 23일 09시,토요일,경상북도 포항시 북구 신광면,경상사고,0,0,1,0,차대차 - 측면충돌,안전운전불이행,건조,맑음,교차로 - 교차로안,승용,남,61세,상해없음,화물,남,72세,경상
2021102300100092,2021년 10월 23일 09시,토요일,경상북도 울진군 후포면,경상사고,0,0,1,0,차대차 - 측면충돌,직진우회전진행방해,건조,맑음,교차로 - 교차로안,승용,남,66세,상해없음,화물,여,65세,경상
2021102300100093,2021년 10월 23일 09시,토요일,경상북도 구미시 인의동,경상사고,0,0,1,0,차대차 - 기타,직진우회전진행방해,건조,맑음,교차로 - 교차로안,승용,남,26세,기타불명,이륜,남,52세,경상
2021102300100127,2021년 10월 23일 10시,토요일,경상북도 경주시 용강동,경상사고,0,0,1,1,차대차 - 측면충돌,안전운전불이행,건조,맑음,단일로 - 지하차도(도로)내,승용,남,54세,상해없음,승용,여,37세,경상
2021102300100128,2021년 10월 23일 10시,토요일,경상북도 고령군 우곡면,경상사고,0,0,1,0,차대차 - 측면충돌,기타,건조,맑음,교차로 - 교차로안,화물,남,58세,상해없음,승합,여,43세,경상
2021102300100217,2021년 10월 23일 12시,토요일,경상북도 칠곡군 동명면,중상사고,0,5,0,0,차량단독 - 공작물충돌,안전운전불이행,건조,맑음,단일로 - 기타,승합,여,56세,중상,,,,
2021102300100218,2021년 10월 23일 12시,토요일,경상북도 칠곡군 석적읍,중상사고,0,1,1,0,차대차 - 측면충돌,직진우회전진행방해,건조,맑음,교차로 - 교차로안,승용,여,44세,중상,승용,남,40세,경상
2021102300100219,2021년 10월 23일 12시,토요일,경상북도 포항시 남구 오천읍,경상사고,0,0,1,0,차대차 - 측면충돌,안전운전불이행,건조,맑음,교차로 - 교차로안,승용,남,61세,상해없음,승용,남,54세,경상
2021102300100259,2021년 10월 23일 13시,토요일,경상북도 포항시 북구 흥해읍,경상사고,0,0,1,0,차대차 - 기타,안전거리미확보,건조,맑음,교차로 - 교차로부근,승합,남,51세,상해없음,승용,여,51세,상해없음
2021102300100260,2021년 10월 23일 13시,토요일,경상북도 칠곡군 석적읍,부상신고사고,0,0,0,1,차대차 - 측면충돌,안전운전불이행,건조,맑음,단일로 - 기타,자전거,남,61세,부상신고,자전거,남,14세,상해없음
2021102300100308,2021년 10월 23일 14시,토요일,경상북도 구미시 도량동,중상사고,0,1,0,0,차대차 - 기타,안전운전불이행,건조,맑음,교차로 - 교차로안,특수,남,49세,상해없음,승용,여,25세,중상
2021102300100352,2021년 10월 23일 15시,토요일,경상북도 성주군 가천면,경상사고,0,0,2,0,차대차 - 기타,안전운전불이행,건조,맑음,단일로 - 기타,건설기계,남,55세,상해없음,승용,여,40세,경상
2021102300100353,2021년 10월 23일 15시,토요일,경상북도 구미시 옥계동,경상사고,0,0,1,0,차대차 - 기타,직진우회전진행방해,건조,맑음,교차로 - 교차로안,승합,남,46세,상해없음,원동기,남,39세,경상
2021102300100405,2021년 10월 23일 16시,토요일,경상북도 구미시 산동읍,중상사고,0,1,0,0,차대차 - 측면충돌,안전운전불이행,건조,맑음,단일로 - 기타,이륜,남,41세,상해없음,자전거,남,67세,중상
2021102300100406,2021년 10월 23일 16시,토요일,경상북도 구미시 신평동,경상사고,0,0,2,2,차대차 - 측면충돌,안전운전불이행,건조,맑음,단일로 - 기타,승용,남,67세,상해없음,승용,남,32세,경상
2021102300100432,2021년 10월 23일 17시,토요일,경상북도 경산시 하양읍,경상사고,0,0,1,0,차대차 - 후진중충돌,안전운전불이행,건조,맑음,교차로 - 교차로부근,화물,남,62세,상해없음,승용,남,26세,경상
2021102300100433,2021년 10월 23일 17시,토요일,경상북도 포항시 남구 구룡포읍,부상신고사고,0,0,0,1,차량단독 - 기타,안전운전불이행,건조,맑음,교차로 - 교차로횡단보도내,자전거,남,51세,부상신고,,,,
2021102300100472,2021년 10월 23일 18시,토요일,경상북도 칠곡군 왜관읍,경상사고,0,0,3,0,차대차 - 추돌,안전운전불이행,건조,맑음,교차로 - 교차로부근,승용,남,59세,상해없음,특수,남,28세,상해없음
2021102300100473,2021년 10월 23일 18시,토요일,경상북도 칠곡군 가산면,경상사고,0,0,5,0,차대차 - 기타,안전거리미확보,건조,맑음,단일로 - 기타,승용,남,67세,상해없음,승용,남,47세,경상
2021102300100546,2021년 10월 23일 20시,토요일,경상북도 경주시 천군동,경상사고,0,0,1,0,차대사람 - 횡단중,안전운전불이행,건조,맑음,단일로 - 지하차도(도로)내,승용,남,52세,상해없음,보행자,남,54세,경상
2021102300100564,2021년 10월 23일 21시,토요일,경상북도 영주시 가흥동,경상사고,0,0,2,0,차대차 - 측면충돌,안전운전불이행,건조,맑음,단일로 - 기타,이륜,남,19세,경상,자전거,여,59세,경상
2021102300100597,2021년 10월 23일 22시,토요일,경상북도 경주시 용강동,경상사고,0,0,1,0,차대차 - 측면충돌,안전운전불이행,건조,맑음,교차로 - 교차로부근,승용,남,44세,상해없음,승용,여,25세,경상
2021102300100598,2021년 10월 23일 22시,토요일,경상북도 경산시 하양읍,경상사고,0,0,2,0,차대차 - 기타,안전운전불이행,건조,맑음,교차로 - 교차로안,승용,남,45세,상해없음,화물,남,71세,경상
2021102300100599,2021년 10월 23일 22시,토요일,경상북도 경산시 임당동,사망사고,1,0,0,0,차대차 - 정면충돌,안전운전불이행,건조,맑음,단일로 - 지하차도(도로)내,승합,남,46세,상해없음,승용,여,미분류,기타불명
2021102300100617,2021년 10월 23일 23시,토요일,경상북도 경주시 양남면,중상사고,0,1,0,0,차대차 - 측면충돌,중앙선침범,건조,맑음,단일로 - 기타,원동기,남,27세,중상,승용,남,44세,기타불명
2021102300100618,2021년 10월 23일 23시,토요일,경상북도 칠곡군 동명면,부상신고사고,0,0,0,1,차대차 - 정면충돌,중앙선침범,건조,맑음,단일로 - 기타,승용,남,42세,부상신고,승용,기타불명,미분류,기타불명
2021102300100619,2021년 10월 23일 23시,토요일,경상북도 구미시 황상동,경상사고,0,0,1,0,차대차 - 측면충돌,안전운전불이행,건조,맑음,교차로 - 교차로부근,승용,남,30세,상해없음,승용,남,30세,상해없음
2021102400100012,2021년 10월 24일 00시,일요일,경상북도 상주시 공성면,사망사고,1,0,0,0,차량단독 - 기타,안전운전불이행,기타,맑음,교차로 - 교차로부근,화물,남,58세,사망,,,,
2021102400100050,2021년 10월 24일 06시,일요일,경상북도 김천시 신음동,중상사고,0,1,0,0,차대차 - 측면충돌,안전운전불이행,건조,맑음,기타 - 기타,승용,남,42세,상해없음,화물,남,58세,중상
2021102400100059,2021년 10월 24일 07시,일요일,경상북도 포항시 남구 대잠동,중상사고,0,1,2,0,차대차 - 측면충돌,직진우회전진행방해,건조,맑음,교차로 - 교차로안,승용,남,59세,상해없음,화물,남,29세,경상
2021102400100085,2021년 10월 24일 09시,일요일,경상북도 경주시 진현동,경상사고,0,0,5,0,차대차 - 측면충돌,안전운전불이행,건조,맑음,교차로 - 교차로안,승용,여,45세,상해없음,승용,남,49세,경상
2021102400100086,2021년 10월 24일 09시,일요일,경상북도 경주시 건천읍,중상사고,0,1,0,0,차대차 - 측면충돌,안전운전불이행,건조,맑음,교차로 - 교차로안,화물,남,64세,상해없음,승용,여,63세,중상
2021102400100087,2021년 10월 24일 09시,일요일,경상북도 김천시 평화동,경상사고,0,0,1,0,차대차 - 측면충돌,교차로운행방법위반,건조,맑음,교차로 - 교차로안,승용,남,20세,상해없음,화물,남,66세,경상
2021102400100088,2021년 10월 24일 09시,일요일,경상북도 구미시 형곡동,경상사고,0,0,2,0,차대차 - 측면충돌,직진우회전진행방해,건조,맑음,교차로 - 교차로안,승용,여,41세,경상,승용,남,43세,상해없음
2021102400100106,2021년 10월 24일 10시,일요일,경상북도 안동시 와룡면,경상사고,0,0,1,0,차대차 - 추돌,안전운전불이행,건조,맑음,단일로 - 기타,개인형이동수단(PM),여,72세,경상,승용,남,25세,상해없음
2021102400100133,2021년 10월 24일 11시,일요일,경상북도 상주시 모서면,사망사고,1,0,0,0,차대사람 - 보도통행중,안전운전불이행,건조,맑음,단일로 - 기타,화물,남,59세,상해없음,보행자,여,81세,사망
2021102400100134,2021년 10월 24일 11시,일요일,경상북도 경산시 하양읍,경상사고,0,0,2,0,차대차 - 정면충돌,신호위반,건조,맑음,교차로 - 교차로안,승용,여,62세,상해없음,승용,남,32세,경상
2021102400100168,2021년 10월 24일 12시,일요일,경상북도 포항시 북구 흥해읍,경상사고,0,0,3,0,차대차 - 추돌,안전운전불이행,건조,맑음,단일로 - 기타,승용,남,59세,상해없음,승용,여,42세,경상
2021102400100169,2021년 10월 24일 12시,일요일,경상북도 칠곡군 지천면,중상사고,0,3,1,0,차대차 - 추돌,안전운전불이행,건조,맑음,교차로 - 교차로부근,화물,남,60세,경상,승용,여,67세,중상
2021102400100170,2021년 10월 24일 12시,일요일,경상북도 경산시 옥산동,중상사고,0,1,1,0,차대사람 - 횡단중,신호위반,건조,맑음,교차로 - 교차로안,자전거,남,13세,경상,보행자,여,87세,중상
2021102400100204,2021년 10월 24일 13시,일요일,경상북도 구미시 봉곡동,중상사고,0,1,0,0,차대차 - 추돌,안전운전불이행,건조,맑음,교차로 - 교차로부근,승용,남,58세,상해없음,승용,여,39세,중상
2021102400100240,2021년 10월 24일 14시,일요일,경상북도 영주시 상줄동,경상사고,0,0,1,0,차대차 - 측면충돌,안전운전불이행,건조,맑음,단일로 - 기타,건설기계,남,59세,상해없음,승용,남,44세,경상
2021102400100270,2021년 10월 24일 15시,일요일,경상북도 포항시 북구 양덕동,경상사고,0,0,2,0,차대차 - 추돌,안전거리미확보,건조,맑음,단일로 - 기타,승용,남,72세,상해없음,승용,여,55세,경상
2021102400100272,2021년 10월 24일 15시,일요일,경상북도 구미시 옥계동,경상사고,0,0,1,0,차대차 - 기타,신호위반,건조,맑음,교차로 - 교차로안,승용,여,51세,상해없음,이륜,남,55세,경상
2021102400100301,2021년 10월 24일 16시,일요일,경상북도 김천시 평화동,중상사고,0,1,0,0,차대차 - 측면충돌,교차로운행방법위반,건조,맑음,교차로 - 교차로안,승용,여,24세,상해없음,이륜,남,68세,중상
2021102400100302,2021년 10월 24일 16시,일요일,경상북도 영주시 상줄동,중상사고,0,1,1,0,차대차 - 추돌,안전운전불이행,건조,맑음,단일로 - 기타,승용,남,74세,상해없음,승용,남,70세,경상
2021102400100303,2021년 10월 24일 16시,일요일,경상북도 구미시 남통동,경상사고,0,0,1,2,차대차 - 기타,안전운전불이행,건조,맑음,교차로 - 교차로부근,승용,남,71세,상해없음,승용,여,28세,경상
2021102400100335,2021년 10월 24일 17시,일요일,경상북도 경주시 외동읍,경상사고,0,0,2,0,차대차 - 추돌,안전운전불이행,건조,맑음,교차로 - 교차로부근,승용,남,58세,상해없음,승용,남,45세,경상
2021102400100336,2021년 10월 24일 17시,일요일,경상북도 안동시 평화동,경상사고,0,0,1,0,차대차 - 측면충돌,안전운전불이행,건조,맑음,단일로 - 기타,자전거,남,14세,경상,이륜,남,19세,상해없음
2021102400100337,2021년 10월 24일 17시,일요일,경상북도 김천시 남산동,중상사고,0,1,0,0,차대사람 - 횡단중,보행자보호의무위반,건조,맑음,교차로 - 교차로안,승용,남,83세,상해없음,보행자,남,64세,중상
2021102400100338,2021년 10월 24일 17시,일요일,경상북도 구미시 임은동,경상사고,0,0,7,0,차대차 - 기타,직진우회전진행방해,건조,맑음,교차로 - 교차로안,이륜,남,29세,경상,승용,여,32세,경상
2021102400100339,2021년 10월 24일 17시,일요일,경상북도 포항시 남구 오천읍,부상신고사고,0,0,0,2,차대차 - 추돌,안전운전불이행,건조,맑음,교차로 - 교차로부근,승용,남,33세,상해없음,화물,남,64세,부상신고
2021102400100340,2021년 10월 24일 17시,일요일,경상북도 포항시 남구 오천읍,경상사고,0,0,1,0,차대차 - 측면충돌,안전거리미확보,건조,맑음,교차로 - 교차로부근,승용,남,40세,상해없음,승용,여,50세,경상
2021102400100377,2021년 10월 24일 18시,일요일,경상북도 경주시 배반동,경상사고,0,0,1,0,차대차 - 추돌,안전운전불이행,건조,맑음,단일로 - 기타,승용,남,62세,상해없음,자전거,여,24세,경상
2021102400100378,2021년 10월 24일 18시,일요일,경상북도 경주시 황성동,중상사고,0,1,0,0,차대차 - 측면충돌,안전운전불이행,건조,맑음,단일로 - 기타,승용,여,65세,상해없음,승용,여,23세,중상
2021102400100379,2021년 10월 24일 18시,일요일,경상북도 상주시 무양동,경상사고,0,0,1,0,차대차 - 측면충돌,안전운전불이행,건조,맑음,교차로 - 교차로부근,화물,남,61세,상해없음,승용,남,27세,경상
2021102400100380,2021년 10월 24일 18시,일요일,경상북도 영주시 봉현면,중상사고,0,1,0,0,차대사람 - 기타,신호위반,건조,맑음,교차로 - 교차로안,승용,여,52세,상해없음,보행자,여,68세,중상
2021102400100381,2021년 10월 24일 18시,일요일,경상북도 칠곡군 석적읍,중상사고,0,1,0,1,차대차 - 측면충돌,직진우회전진행방해,건조,맑음,교차로 - 교차로안,승용,남,39세,부상신고,승용,남,45세,중상
2021102400100382,2021년 10월 24일 18시,일요일,경상북도 칠곡군 북삼읍,경상사고,0,0,1,0,차대차 - 정면충돌,안전운전불이행,건조,맑음,교차로 - 교차로안,승용,여,52세,상해없음,승용,여,47세,경상
2021102400100383,2021년 10월 24일 18시,일요일,경상북도 영천시 조교동,경상사고,0,0,1,0,차대차 - 측면충돌,안전운전불이행,건조,맑음,교차로 - 교차로부근,승용,남,67세,상해없음,이륜,남,40세,경상
2021102400100384,2021년 10월 24일 18시,일요일,경상북도 성주군 성주읍,중상사고,0,1,0,0,차대사람 - 기타,안전운전불이행,건조,맑음,단일로 - 기타,승용,여,69세,상해없음,보행자,남,58세,중상
2021102400100385,2021년 10월 24일 18시,일요일,경상북도 구미시 비산동,경상사고,0,0,1,0,차대차 - 기타,기타,건조,맑음,단일로 - 기타,승용,남,33세,상해없음,승합,여,48세,경상
2021102400100421,2021년 10월 24일 19시,일요일,경상북도 구미시 공단동,경상사고,0,0,1,0,차대차 - 측면충돌,안전운전불이행,건조,맑음,교차로 - 교차로안,승용,남,62세,상해없음,승용,남,26세,경상
2021102400100444,2021년 10월 24일 20시,일요일,경상북도 포항시 북구 장성동,경상사고,0,0,1,0,차대차 - 측면충돌,안전운전불이행,건조,맑음,단일로 - 기타,승용,남,39세,상해없음,승용,남,43세,경상
2021102400100463,2021년 10월 24일 21시,일요일,경상북도 포항시 남구 해도동,경상사고,0,0,1,0,차대사람 - 길가장자리구역통행중,안전운전불이행,건조,맑음,단일로 - 지하차도(도로)내,기타불명,기타불명,미분류,기타불명,보행자,여,15세,경상
2021102400100486,2021년 10월 24일 22시,일요일,경상북도 포항시 남구 연일읍,사망사고,1,0,0,0,차대사람 - 횡단중,기타,건조,맑음,교차로 - 교차로안,승용,남,58세,상해없음,보행자,남,66세,사망
2021102400100487,2021년 10월 24일 22시,일요일,경상북도 포항시 남구 해도동,중상사고,0,1,0,0,차대사람 - 횡단중,보행자보호의무위반,건조,맑음,교차로 - 교차로횡단보도내,승용,남,53세,상해없음,보행자,여,78세,중상
2021102400100497,2021년 10월 24일 23시,일요일,경상북도 경주시 성건동,중상사고,0,2,0,0,차대차 - 측면충돌,안전운전불이행,건조,맑음,단일로 - 기타,승용,남,23세,상해없음,승용,남,19세,중상
2021102400100498,2021년 10월 24일 23시,일요일,경상북도 경산시 옥산동,중상사고,0,1,0,0,차대차 - 측면충돌,안전운전불이행,건조,맑음,단일로 - 기타,승용,여,49세,상해없음,이륜,남,21세,중상
2021102500100009,2021년 10월 25일 01시,월요일,경상북도 포항시 북구 장성동,중상사고,0,1,1,0,차대차 - 측면충돌,신호위반,건조,맑음,교차로 - 교차로안,승용,남,54세,상해없음,승용,남,58세,경상
2021102500100010,2021년 10월 25일 01시,월요일,경상북도 고령군 다산면,경상사고,0,0,1,0,차대차 - 측면충돌,안전운전불이행,건조,맑음,교차로 - 교차로부근,승용,여,56세,상해없음,승용,남,61세,경상
2021102500100050,2021년 10월 25일 07시,월요일,경상북도 포항시 북구 죽도동,경상사고,0,0,2,0,차대차 - 측면충돌,안전운전불이행,건조,맑음,교차로 - 교차로부근,승용,여,33세,상해없음,승용,남,46세,경상
2021102500100051,2021년 10월 25일 07시,월요일,경상북도 문경시 흥덕동,경상사고,0,0,2,0,차대차 - 추돌,안전운전불이행,건조,맑음,단일로 - 기타,화물,남,71세,상해없음,승용,남,65세,경상
2021102500100052,2021년 10월 25일 07시,월요일,경상북도 고령군 다산면,경상사고,0,0,1,0,차대차 - 측면충돌,안전운전불이행,건조,맑음,교차로 - 교차로부근,승용,남,23세,상해없음,화물,남,55세,경상
2021102500100053,2021년 10월 25일 07시,월요일,경상북도 구미시 고아읍,경상사고,0,0,1,0,차대차 - 측면충돌,안전거리미확보,건조,맑음,단일로 - 기타,승용,남,30세,상해없음,승용,남,25세,경상
2021102500100087,2021년 10월 25일 08시,월요일,경상북도 포항시 북구 우현동,경상사고,0,0,1,0,차대사람 - 기타,안전운전불이행,건조,맑음,단일로 - 기타,승용,남,66세,상해없음,보행자,남,46세,경상
2021102500100088,2021년 10월 25일 08시,월요일,경상북도 안동시 태화동,경상사고,0,0,1,0,차대차 - 기타,안전운전불이행,건조,맑음,단일로 - 기타,승용,여,48세,상해없음,자전거,남,66세,경상
2021102500100089,2021년 10월 25일 08시,월요일,경상북도 의성군 봉양면,경상사고,0,0,1,0,차대차 - 측면충돌,안전운전불이행,건조,맑음,교차로 - 교차로안,승용,여,47세,상해없음,승용,여,24세,경상
2021102500100090,2021년 10월 25일 08시,월요일,경상북도 포항시 남구 동촌동,중상사고,0,2,3,0,차대차 - 추돌,안전운전불이행,건조,맑음,교차로 - 교차로부근,승용,남,61세,경상,승용,남,39세,경상
2021102500100128,2021년 10월 25일 09시,월요일,경상북도 김천시 평화동,중상사고,0,1,0,0,차대사람 - 횡단중,보행자보호의무위반,건조,맑음,교차로 - 교차로횡단보도내,승용,남,69세,상해없음,보행자,남,75세,중상
2021102500100129,2021년 10월 25일 09시,월요일,경상북도 상주시 화동면,중상사고,0,1,0,0,차대차 - 측면충돌,안전운전불이행,건조,맑음,교차로 - 교차로안,화물,남,41세,상해없음,이륜,남,72세,중상
2021102500100130,2021년 10월 25일 09시,월요일,경상북도 상주시 복룡동,경상사고,0,0,1,0,차대차 - 기타,교차로운행방법위반,건조,맑음,교차로 - 교차로부근,화물,남,71세,상해없음,이륜,남,36세,경상
2021102500100131,2021년 10월 25일 09시,월요일,경상북도 칠곡군 왜관읍,중상사고,0,1,0,0,차대차 - 측면충돌,안전거리미확보,건조,맑음,단일로 - 기타,승용,여,24세,상해없음,승용,여,31세,중상
2021102500100132,2021년 10월 25일 09시,월요일,경상북도 고령군 성산면,경상사고,0,0,1,0,차대차 - 측면충돌,안전운전불이행,건조,맑음,단일로 - 기타,화물,남,59세,상해없음,승용,여,47세,경상
2021102500100172,2021년 10월 25일 10시,월요일,경상북도 칠곡군 동명면,경상사고,0,0,3,0,차대차 - 측면충돌,안전운전불이행,건조,맑음,단일로 - 기타,승용,남,61세,상해없음,승용,남,70세,경상
2021102500100173,2021년 10월 25일 10시,월요일,경상북도 구미시 선산읍,경상사고,0,0,1,0,차대차 - 측면충돌,교차로운행방법위반,건조,맑음,교차로 - 교차로안,승용,여,58세,상해없음,승용,남,42세,경상
2021102500100203,2021년 10월 25일 11시,월요일,경상북도 포항시 남구 구룡포읍,경상사고,0,0,1,0,차대차 - 측면충돌,교차로운행방법위반,건조,맑음,교차로 - 교차로안,승용,여,47세,상해없음,이륜,여,72세,경상
2021102500100231,2021년 10월 25일 12시,월요일,경상북도 의성군 비안면,경상사고,0,0,2,0,차대차 - 측면충돌,신호위반,건조,맑음,교차로 - 교차로안,승용,남,60세,상해없음,승용,남,50세,경상
2021102500100232,2021년 10월 25일 12시,월요일,경상북도 경산시 압량읍,경상사고,0,0,1,0,차대차 - 측면충돌,안전운전불이행,건조,맑음,교차로 - 교차로안,승용,남,28세,상해없음,승용,남,55세,경상
2021102500100233,2021년 10월 25일 12시,월요일,경상북도 포항시 남구 대도동,경상사고,0,0,1,0,차량단독 - 전도전복 - 전도,교차로운행방법위반,건조,맑음,교차로 - 교차로안,승용,남,63세,상해없음,,,,
2021102500100308,2021년 10월 25일 14시,월요일,경상북도 영천시 대창면,사망사고,1,0,0,0,차대차 - 정면충돌,중앙선침범,건조,맑음,단일로 - 기타,화물,남,63세,상해없음,사륜오토바이(ATV),남,67세,사망