사고번호,사고일시,요일,시군구,사고내용,사망자수,중상자수,경상자수,부상신고자수,사고유형,법규위반,노면상태,기상상태,도로형태,가해운전자 차종,가해운전자 성별,가해운전자 연령,가해운전자 상해정도,피해운전자 차종,피해운전자 성별,피해운전자 연령,피해운전자 상해정도
2021110100100522,2021년 11월 1일 19시,월요일,경상북도 포항시 북구 용흥동,경상사고,0,0,1,0,차대차 - 추돌,안전운전불이행,건조,맑음,단일로 - 기타,승용,여,24세,상해없음,승용,남,42세,경상
2021110100100523,2021년 11월 1일 19시,월요일,경상북도 영주시 안정면,중상사고,0,1,0,0,차대사람 - 기타,안전운전불이행,건조,맑음,기타 - 기타,화물,남,57세,상해없음,보행자,여,81세,중상
2021110100100524,2021년 11월 1일 19시,월요일,경상북도 경산시 진량읍,경상사고,0,0,1,0,차대사람 - 보도통행중,기타,건조,맑음,미분류 - 미분류,승용,여,52세,상해없음,보행자,남,48세,경상
2021110100100525,2021년 11월 1일 19시,월요일,경상북도 경산시 중방동,경상사고,0,0,1,0,차대차 - 측면충돌,안전운전불이행,건조,맑음,교차로 - 교차로안,승용,여,27세,상해없음,이륜,남,41세,경상
2021110200100008,2021년 11월 2일 00시,화요일,경상북도 경주시 석장동,부상신고사고,0,0,0,1,차량단독 - 전도전복 - 전도,안전운전불이행,건조,맑음,교차로 - 교차로안,이륜,남,24세,부상신고,,,,
2021110200100009,2021년 11월 2일 00시,화요일,경상북도 포항시 북구 항구동,중상사고,0,1,0,0,차대차 - 측면충돌,안전운전불이행,건조,맑음,단일로 - 기타,승용,남,24세,중상,화물,남,51세,기타불명
2021110200100023,2021년 11월 2일 01시,화요일,경상북도 경주시 외동읍,경상사고,0,0,1,1,차대차 - 기타,신호위반,건조,맑음,교차로 - 교차로안,승용,남,30세,상해없음,승용,남,60세,부상신고
2021110200100024,2021년 11월 2일 01시,화요일,경상북도 구미시 도개면,중상사고,0,1,0,0,차대차 - 추돌,안전운전불이행,건조,맑음,단일로 - 기타,화물,남,72세,중상,화물,남,58세,상해없음
2021110200100033,2021년 11월 2일 03시,화요일,경상북도 경주시 동천동,경상사고,0,0,1,0,차대사람 - 보도통행중,기타,건조,맑음,단일로 - 지하차도(도로)내,승용,남,53세,상해없음,보행자,여,62세,경상
2021110200100062,2021년 11월 2일 06시,화요일,경상북도 고령군 대가야읍,중상사고,0,1,0,0,차대사람 - 기타,안전운전불이행,건조,맑음,단일로 - 기타,승용,남,62세,상해없음,보행자,남,60세,중상
2021110200100063,2021년 11월 2일 06시,화요일,경상북도 포항시 남구 오천읍,경상사고,0,0,1,0,차대차 - 측면충돌,안전운전불이행,건조,맑음,교차로 - 교차로부근,화물,남,61세,상해없음,화물,남,42세,경상
2021110200100109,2021년 11월 2일 08시,화요일,경상북도 포항시 북구 흥해읍,경상사고,0,0,1,0,차대차 - 측면충돌,안전운전불이행,건조,맑음,교차로 - 교차로부근,건설기계,남,61세,상해없음,승용,남,58세,경상
2021110200100110,2021년 11월 2일 08시,화요일,경상북도 경산시 진량읍,중상사고,0,1,0,0,차대사람 - 차도통행중,안전운전불이행,건조,맑음,교차로 - 교차로안,승용,여,45세,상해없음,보행자,여,20세,중상
2021110200100111,2021년 11월 2일 08시,화요일,경상북도 영덕군 영덕읍,중상사고,0,1,1,0,차대차 - 측면충돌,직진우회전진행방해,건조,맑음,교차로 - 교차로안,승용,남,24세,경상,승용,여,41세,중상
2021110200100146,2021년 11월 2일 09시,화요일,경상북도 안동시 옥동,경상사고,0,0,1,0,차대차 - 기타,안전운전불이행,건조,맑음,단일로 - 기타,승용,여,34세,상해없음,승용,여,49세,경상
2021110200100147,2021년 11월 2일 09시,화요일,경상북도 상주시 외서면,중상사고,0,1,0,0,차대사람 - 기타,안전운전불이행,건조,맑음,단일로 - 기타,승합,남,43세,상해없음,보행자,여,68세,중상
2021110200100148,2021년 11월 2일 09시,화요일,경상북도 영주시 가흥동,경상사고,0,0,1,0,차대차 - 측면충돌,신호위반,건조,맑음,교차로 - 교차로안,화물,남,68세,상해없음,승용,남,59세,경상
2021110200100149,2021년 11월 2일 09시,화요일,경상북도 칠곡군 동명면,경상사고,0,0,1,0,차대차 - 추돌,안전운전불이행,건조,맑음,교차로 - 교차로부근,화물,남,39세,상해없음,승용,여,19세,경상
2021110200100150,2021년 11월 2일 09시,화요일,경상북도 예천군 예천읍,중상사고,0,1,0,0,차대사람 - 횡단중,보행자보호의무위반,건조,맑음,교차로 - 교차로횡단보도내,승용,여,67세,상해없음,보행자,여,78세,중상
2021110200100151,2021년 11월 2일 09시,화요일,경상북도 성주군 성주읍,사망사고,1,0,0,0,차대차 - 기타,안전운전불이행,건조,맑음,단일로 - 기타,화물,남,73세,사망,승용,여,48세,상해없음
2021110200100178,2021년 11월 2일 10시,화요일,경상북도 의성군 의성읍,경상사고,0,0,3,0,차대차 - 추돌,안전운전불이행,건조,맑음,교차로 - 교차로안,건설기계,남,45세,상해없음,승용,남,77세,경상
2021110200100207,2021년 11월 2일 11시,화요일,경상북도 포항시 북구 흥해읍,경상사고,0,0,1,0,차대차 - 추돌,안전거리미확보,건조,맑음,단일로 - 기타,승용,남,49세,상해없음,승용,남,21세,경상
2021110200100208,2021년 11월 2일 11시,화요일,경상북도 경산시 정평동,경상사고,0,0,1,0,차대차 - 측면충돌,신호위반,기타,맑음,단일로 - 기타,화물,여,62세,상해없음,이륜,남,36세,경상
2021110200100209,2021년 11월 2일 11시,화요일,경상북도 포항시 남구 상도동,경상사고,0,0,1,0,차대차 - 추돌,안전거리미확보,건조,맑음,교차로 - 교차로안,승용,남,66세,상해없음,승용,여,55세,경상
2021110200100237,2021년 11월 2일 12시,화요일,경상북도 봉화군 소천면,경상사고,0,0,3,0,차대차 - 추돌,안전운전불이행,건조,맑음,단일로 - 터널,승용,남,61세,상해없음,승용,남,32세,경상
2021110200100312,2021년 11월 2일 14시,화요일,경상북도 영양군 입암면,경상사고,0,0,1,0,차대차 - 측면충돌,중앙선침범,건조,맑음,교차로 - 교차로안,승용,남,23세,상해없음,농기계,남,76세,경상
2021110200100338,2021년 11월 2일 15시,화요일,경상북도 안동시 안막동,중상사고,0,1,0,0,차량단독 - 기타,기타,건조,맑음,단일로 - 기타,승합,남,62세,상해없음,,,,
2021110200100339,2021년 11월 2일 15시,화요일,경상북도 고령군 개진면,경상사고,0,0,1,0,차대차 - 측면충돌,신호위반,건조,맑음,단일로 - 터널,승용,여,51세,상해없음,승용,여,63세,경상
2021110200100340,2021년 11월 2일 15시,화요일,경상북도 안동시 일직면,중상사고,0,2,0,1,차대차 - 추돌,안전운전불이행,건조,맑음,단일로 - 기타,화물,남,45세,부상신고,화물,남,75세,중상
2021110200100374,2021년 11월 2일 16시,화요일,경상북도 포항시 북구 흥해읍,경상사고,0,0,1,0,차대사람 - 길가장자리구역통행중,안전운전불이행,건조,맑음,단일로 - 기타,승용,남,77세,상해없음,보행자,남,21세,경상
2021110200100375,2021년 11월 2일 16시,화요일,경상북도 영천시 임고면,경상사고,0,0,1,0,차량단독 - 도로외이탈 - 추락,안전운전불이행,건조,맑음,교차로 - 교차로안,승합,여,53세,상해없음,,,,
2021110200100412,2021년 11월 2일 17시,화요일,경상북도 포항시 북구 흥해읍,경상사고,0,0,1,0,차대차 - 측면충돌,신호위반,건조,맑음,교차로 - 교차로안,승용,여,53세,상해없음,자전거,남,64세,경상
2021110200100413,2021년 11월 2일 17시,화요일,경상북도 칠곡군 왜관읍,경상사고,0,0,1,0,차대차 - 측면충돌,직진우회전진행방해,건조,맑음,교차로 - 교차로안,승용,여,55세,상해없음,이륜,남,39세,경상
2021110200100414,2021년 11월 2일 17시,화요일,경상북도 경산시 진량읍,경상사고,0,0,1,0,차대사람 - 횡단중,신호위반,건조,맑음,단일로 - 기타,승용,여,59세,상해없음,보행자,남,59세,경상
2021110200100415,2021년 11월 2일 17시,화요일,경상북도 성주군 성주읍,중상사고,0,1,0,0,차대차 - 기타,신호위반,건조,맑음,교차로 - 교차로안,승용,남,29세,상해없음,이륜,남,56세,중상
2021110200100416,2021년 11월 2일 17시,화요일,경상북도 청송군 청송읍,사망사고,1,0,0,0,차대차 - 정면충돌,안전운전불이행,건조,맑음,교차로 - 교차로안,승합,남,56세,상해없음,이륜,남,46세,사망
2021110200100417,2021년 11월 2일 17시,화요일,경상북도 포항시 남구 송도동,경상사고,0,0,2,0,차대차 - 측면충돌,직진우회전진행방해,건조,맑음,교차로 - 교차로안,승용,여,57세,경상,승용,남,53세,경상
2021110200100467,2021년 11월 2일 18시,화요일,경상북도 안동시 옥동,중상사고,0,1,0,0,차대사람 - 횡단중,신호위반,건조,맑음,단일로 - 기타,승용,남,41세,상해없음,보행자,여,79세,중상
2021110200100468,2021년 11월 2일 18시,화요일,경상북도 안동시 옥동,경상사고,0,0,1,0,차대차 - 기타,교차로운행방법위반,건조,맑음,교차로 - 교차로안,승용,남,51세,상해없음,승용,남,46세,경상
2021110200100469,2021년 11월 2일 18시,화요일,경상북도 상주시 낙양동,경상사고,0,0,1,0,차대차 - 측면충돌,안전운전불이행,건조,맑음,단일로 - 기타,자전거,여,76세,경상,승용,남,41세,상해없음
2021110200100470,2021년 11월 2일 18시,화요일,경상북도 칠곡군 왜관읍,경상사고,0,0,1,0,차대사람 - 횡단중,신호위반,건조,맑음,교차로 - 교차로횡단보도내,승용,남,29세,상해없음,보행자,남,33세,경상
2021110200100471,2021년 11월 2일 18시,화요일,경상북도 영천시 청통면,경상사고,0,0,1,0,차대차 - 측면충돌,신호위반,건조,맑음,교차로 - 교차로안,승용,남,42세,상해없음,승용,여,60세,경상
2021110200100472,2021년 11월 2일 18시,화요일,경상북도 경산시 자인면,경상사고,0,0,3,0,차대차 - 기타,교차로운행방법위반,건조,맑음,교차로 - 교차로안,승용,여,55세,상해없음,승용,남,26세,경상
2021110200100473,2021년 11월 2일 18시,화요일,경상북도 영덕군 병곡면,경상사고,0,0,1,1,차대차 - 추돌,안전운전불이행,건조,맑음,교차로 - 교차로안,승용,여,27세,부상신고,승용,남,35세,경상
2021110200100543,2021년 11월 2일 20시,화요일,경상북도 영천시 야사동,경상사고,0,0,2,0,차대차 - 정면충돌,중앙선침범,건조,맑음,기타 - 기타,승용,여,52세,상해없음,승용,남,64세,경상
2021110200100544,2021년 11월 2일 20시,화요일,경상북도 경산시 중방동,중상사고,0,1,0,0,차대차 - 추돌,안전거리미확보,건조,맑음,교차로 - 교차로부근,이륜,남,28세,상해없음,승용,남,31세,중상
2021110200100566,2021년 11월 2일 21시,화요일,경상북도 칠곡군 약목면,경상사고,0,0,2,0,차대차 - 측면충돌,직진우회전진행방해,건조,맑음,교차로 - 교차로안,승용,여,29세,경상,승용,남,58세,경상
2021110200100567,2021년 11월 2일 21시,화요일,경상북도 포항시 남구 연일읍,경상사고,0,0,1,0,차대차 - 측면충돌,안전운전불이행,건조,맑음,교차로 - 교차로안,자전거,남,14세,경상,승용,여,47세,상해없음
2021110200100591,2021년 11월 2일 22시,화요일,경상북도 영주시 영주동,경상사고,0,0,1,0,차대차 - 측면충돌,안전운전불이행,건조,맑음,교차로 - 교차로안,승용,여,49세,상해없음,이륜,남,25세,경상
2021110300100005,2021년 11월 3일 00시,수요일,경상북도 구미시 지산동,경상사고,0,0,1,0,차대차 - 정면충돌,기타,건조,맑음,교차로 - 교차로안,승용,남,29세,상해없음,승용,남,60세,상해없음
2021110300100033,2021년 11월 3일 05시,수요일,경상북도 포항시 남구 연일읍,경상사고,0,0,10,0,차대차 - 정면충돌,중앙선침범,건조,맑음,단일로 - 기타,승용,남,28세,상해없음,승합,남,48세,경상
2021110300100044,2021년 11월 3일 06시,수요일,경상북도 경주시 건천읍,부상신고사고,0,0,0,1,차대차 - 추돌,안전운전불이행,건조,맑음,단일로 - 교량,승용,남,54세,부상신고,건설기계,남,48세,기타불명
2021110300100045,2021년 11월 3일 06시,수요일,경상북도 상주시 외남면,경상사고,0,0,3,0,차대차 - 정면충돌,교차로운행방법위반,건조,맑음,교차로 - 교차로안,화물,남,61세,경상,화물,남,54세,경상
2021110300100046,2021년 11월 3일 06시,수요일,경상북도 울진군 후포면,중상사고,0,1,0,0,차대차 - 추돌,안전운전불이행,젖음/습기,맑음,단일로 - 기타,승용,남,67세,상해없음,사륜오토바이(ATV),남,72세,중상
2021110300100047,2021년 11월 3일 06시,수요일,경상북도 구미시 진평동,경상사고,0,0,3,0,차대차 - 측면충돌,교차로운행방법위반,건조,맑음,교차로 - 교차로안,승용,남,38세,상해없음,승용,남,56세,경상
2021110300100068,2021년 11월 3일 07시,수요일,경상북도 상주시 외남면,경상사고,0,0,1,0,차량단독 - 공작물충돌,안전운전불이행,건조,맑음,단일로 - 기타,화물,남,23세,경상,,,,
2021110300100069,2021년 11월 3일 07시,수요일,경상북도 포항시 남구 괴동동,경상사고,0,0,2,0,차대차 - 측면충돌,안전운전불이행,건조,맑음,교차로 - 교차로안,승용,남,25세,경상,승용,남,44세,경상
2021110300100109,2021년 11월 3일 08시,수요일,경상북도 영천시 야사동,중상사고,0,1,0,0,차대사람 - 횡단중,안전운전불이행,건조,맑음,교차로 - 교차로안,승용,여,52세,상해없음,보행자,여,75세,중상
2021110300100110,2021년 11월 3일 08시,수요일,경상북도 문경시 흥덕동,경상사고,0,0,1,0,차대차 - 추돌,안전운전불이행,건조,맑음,교차로 - 교차로부근,화물,남,59세,상해없음,승용,여,55세,경상
2021110300100148,2021년 11월 3일 09시,수요일,경상북도 경산시 하양읍,경상사고,0,0,1,1,차대차 - 기타,안전운전불이행,건조,맑음,교차로 - 교차로안,승용,남,54세,상해없음,승용,남,30세,경상
2021110300100177,2021년 11월 3일 10시,수요일,경상북도 의성군 비안면,경상사고,0,0,1,0,차대차 - 측면충돌,안전운전불이행,건조,맑음,단일로 - 기타,화물,남,66세,경상,화물,여,53세,상해없음
2021110300100178,2021년 11월 3일 10시,수요일,경상북도 성주군 초전면,경상사고,0,0,1,0,차대차 - 측면충돌,안전운전불이행,건조,맑음,교차로 - 교차로안,화물,남,56세,상해없음,승용,남,70세,경상
2021110300100179,2021년 11월 3일 10시,수요일,경상북도 울진군 매화면,중상사고,0,1,0,0,차대차 - 측면충돌,중앙선침범,건조,맑음,단일로 - 기타,화물,남,56세,상해없음,이륜,여,69세,중상
2021110300100180,2021년 11월 3일 10시,수요일,경상북도 구미시 장천면,경상사고,0,0,1,0,차대차 - 기타,안전운전불이행,건조,맑음,교차로 - 교차로안,화물,남,58세,상해없음,승용,남,65세,경상
2021110300100219,2021년 11월 3일 11시,수요일,경상북도 포항시 북구 청하면,경상사고,0,0,2,0,차대차 - 측면충돌,안전거리미확보,건조,맑음,단일로 - 기타,승용,남,57세,상해없음,화물,여,51세,경상
2021110300100220,2021년 11월 3일 11시,수요일,경상북도 칠곡군 가산면,중상사고,0,1,0,0,차량단독 - 전도전복 - 전도,안전운전불이행,건조,맑음,단일로 - 기타,건설기계,남,39세,상해없음,,,,
2021110300100221,2021년 11월 3일 11시,수요일,경상북도 영천시 완산동,경상사고,0,0,1,0,차대차 - 측면충돌,안전운전불이행,건조,맑음,교차로 - 교차로안,승용,남,50세,경상,화물,남,59세,기타불명
2021110300100222,2021년 11월 3일 11시,수요일,경상북도 봉화군 봉화읍,중상사고,0,1,1,0,차대차 - 측면충돌,중앙선침범,건조,맑음,단일로 - 기타,화물,남,79세,경상,화물,남,59세,중상
2021110300100223,2021년 11월 3일 11시,수요일,경상북도 청도군 매전면,중상사고,0,1,0,0,차대사람 - 기타,안전운전불이행,건조,맑음,단일로 - 기타,승용,남,69세,상해없음,보행자,여,73세,중상
2021110300100224,2021년 11월 3일 11시,수요일,경상북도 성주군 수륜면,경상사고,0,0,1,0,차대사람 - 기타,안전운전불이행,건조,맑음,단일로 - 기타,승합,남,41세,상해없음,보행자,여,47세,경상
2021110300100258,2021년 11월 3일 12시,수요일,경상북도 김천시 농소면,경상사고,0,0,1,0,차대차 - 측면충돌,신호위반,건조,맑음,교차로 - 교차로안,승용,남,34세,상해없음,승용,여,51세,경상
2021110300100290,2021년 11월 3일 13시,수요일,경상북도 포항시 북구 용흥동,중상사고,0,1,1,0,차대차 - 추돌,안전운전불이행,건조,맑음,단일로 - 기타,승용,남,70세,중상,승용,남,57세,상해없음
2021110300100317,2021년 11월 3일 14시,수요일,경상북도 영주시 문수면,중상사고,0,1,0,0,차대차 - 측면충돌,교차로운행방법위반,건조,맑음,교차로 - 교차로안,특수,남,28세,상해없음,화물,남,75세,중상
2021110300100318,2021년 11월 3일 14시,수요일,경상북도 영천시 문외동,경상사고,0,0,2,0,차대차 - 추돌,안전운전불이행,건조,맑음,주차장 - 주차장,승용,여,44세,기타불명,승용,남,26세,경상
2021110300100319,2021년 11월 3일 14시,수요일,경상북도 구미시 지산동,경상사고,0,0,1,0,차대차 - 후진중충돌,안전운전불이행,건조,맑음,단일로 - 기타,승용,여,68세,상해없음,승용,남,44세,경상
2021110300100320,2021년 11월 3일 14시,수요일,경상북도 구미시 임수동,경상사고,0,0,1,0,차대차 - 측면충돌,안전거리미확보,건조,맑음,단일로 - 기타,승용,남,51세,상해없음,화물,남,54세,경상
2021110300100321,2021년 11월 3일 14시,수요일,경상북도 포항시 남구 상도동,부상신고사고,0,0,0,1,차량단독 - 기타,안전운전불이행,건조,맑음,단일로 - 기타,기타불명,기타불명,미분류,기타불명,,,,
2021110300100420,2021년 11월 3일 17시,수요일,경상북도 포항시 북구 대흥동,경상사고,0,0,1,0,차대차 - 기타,안전운전불이행,건조,맑음,교차로 - 교차로안,승용,남,56세,상해없음,승용,남,60세,경상
2021110300100421,2021년 11월 3일 17시,수요일,경상북도 김천시 어모면,사망사고,1,0,0,0,차량단독 - 공작물충돌,안전운전불이행,건조,맑음,단일로 - 기타,농기계,남,63세,사망,,,,
2021110300100422,2021년 11월 3일 17시,수요일,경상북도 상주시 남성동,경상사고,0,0,1,0,차대차 - 측면충돌,불법유턴,건조,맑음,교차로 - 교차로횡단보도내,자전거,여,18세,경상,승용,여,32세,상해없음
2021110300100480,2021년 11월 3일 18시,수요일,경상북도 경주시 충효동,중상사고,0,1,0,0,차대차 - 측면충돌,안전운전불이행,건조,맑음,교차로 - 교차로부근,승용,남,35세,상해없음,이륜,남,46세,중상
2021110300100481,2021년 11월 3일 18시,수요일,경상북도 경주시 구황동,경상사고,0,0,2,0,차량단독 - 기타,안전운전불이행,건조,맑음,단일로 - 기타,승용,남,64세,상해없음,,,,
2021110300100482,2021년 11월 3일 18시,수요일,경상북도 영주시 가흥동,경상사고,0,0,1,0,차대차 - 측면충돌,직진우회전진행방해,건조,맑음,교차로 - 교차로안,승용,여,35세,상해없음,이륜,남,37세,경상
2021110300100483,2021년 11월 3일 18시,수요일,경상북도 경산시 진량읍,경상사고,0,0,2,0,차대차 - 추돌,안전운전불이행,건조,맑음,단일로 - 기타,승용,남,21세,상해없음,승용,여,50세,경상
2021110300100484,2021년 11월 3일 18시,수요일,경상북도 포항시 남구 연일읍,중상사고,0,1,0,0,차대차 - 측면충돌,안전운전불이행,건조,맑음,교차로 - 교차로부근,승용,남,31세,상해없음,승용,남,54세,중상
2021110300100535,2021년 11월 3일 19시,수요일,경상북도 칠곡군 왜관읍,경상사고,0,0,2,0,차대차 - 추돌,안전운전불이행,건조,흐림,교차로 - 교차로부근,승용,남,60세,상해없음,승용,남,28세,경상
2021110300100536,2021년 11월 3일 19시,수요일,경상북도 예천군 풍양면,사망사고,1,0,0,0,차대사람 - 차도통행중,안전운전불이행,건조,맑음,단일로 - 기타,승합,남,36세,상해없음,보행자,남,63세,사망
2021110300100592,2021년 11월 3일 21시,수요일,경상북도 포항시 남구 해도동,경상사고,0,0,5,0,차대차 - 측면충돌,차로위반,건조,맑음,단일로 - 기타,승용,남,31세,상해없음,승용,남,31세,경상
2021110300100633,2021년 11월 3일 23시,수요일,경상북도 김천시 율곡동,경상사고,0,0,1,0,차대차 - 정면충돌,신호위반,건조,맑음,교차로 - 교차로안,승용,여,27세,상해없음,승용,남,25세,경상
2021110300100634,2021년 11월 3일 23시,수요일,경상북도 포항시 남구 상도동,경상사고,0,0,1,0,차대차 - 추돌,안전거리미확보,건조,맑음,교차로 - 교차로부근,승용,남,25세,상해없음,승용,남,30세,경상
2021110400100004,2021년 11월 4일 00시,목요일,경상북도 경산시 정평동,중상사고,0,1,0,0,차대차 - 추돌,안전운전불이행,건조,맑음,단일로 - 기타,승용,남,37세,상해없음,이륜,남,29세,중상
2021110400100019,2021년 11월 4일 01시,목요일,경상북도 구미시 공단동,경상사고,0,0,2,0,차대차 - 측면충돌,신호위반,건조,맑음,교차로 - 교차로안,승용,남,39세,상해없음,승용,남,21세,경상
2021110400100020,2021년 11월 4일 01시,목요일,경상북도 포항시 남구 연일읍,경상사고,0,0,1,0,차량단독 - 공작물충돌,중앙선침범,건조,맑음,교차로 - 교차로부근,승용,남,38세,경상,,,,
2021110400100029,2021년 11월 4일 02시,목요일,경상북도 포항시 남구 오천읍,중상사고,0,1,0,0,차대사람 - 기타,중앙선침범,건조,맑음,교차로 - 교차로부근,승용,남,65세,상해없음,보행자,남,45세,중상
2021110400100037,2021년 11월 4일 04시,목요일,경상북도 포항시 남구 해도동,중상사고,0,1,0,0,차대차 - 측면충돌,신호위반,건조,맑음,교차로 - 교차로안,승용,남,40세,상해없음,승용,여,55세,중상
2021110400100065,2021년 11월 4일 06시,목요일,경상북도 의성군 봉양면,중상사고,0,1,0,0,차대차 - 측면충돌,안전운전불이행,건조,맑음,단일로 - 기타,화물,남,48세,기타불명,승용,여,42세,중상
2021110400100079,2021년 11월 4일 07시,목요일,경상북도 구미시 인의동,경상사고,0,0,1,0,차대차 - 기타,안전거리미확보,건조,맑음,단일로 - 기타,승용,여,35세,상해없음,승합,남,49세,상해없음
2021110400100124,2021년 11월 4일 08시,목요일,경상북도 상주시 연원동,중상사고,0,2,0,0,차대차 - 기타,안전운전불이행,건조,맑음,교차로 - 교차로안,승용,남,58세,중상,승용,남,43세,중상
2021110400100125,2021년 11월 4일 08시,목요일,경상북도 영주시 순흥면,중상사고,0,1,0,0,차량단독 - 공작물충돌,안전운전불이행,건조,맑음,교차로 - 교차로부근,화물,남,72세,중상,,,,
2021110400100155,2021년 11월 4일 09시,목요일,경상북도 의성군 금성면,경상사고,0,0,1,0,차대차 - 측면충돌,안전운전불이행,건조,맑음,기타 - 기타,화물,남,63세,상해없음,승용,남,43세,경상
2021110400100176,2021년 11월 4일 10시,목요일,경상북도 포항시 북구 양덕동,경상사고,0,0,1,0,차대차 - 기타,안전운전불이행,건조,맑음,단일로 - 기타,승용,여,52세,상해없음,화물,남,49세,상해없음
2021110400100177,2021년 11월 4일 10시,목요일,경상북도 경산시 하양읍,중상사고,0,1,0,0,차대차 - 측면충돌,신호위반,건조,맑음,교차로 - 교차로안,승용,여,63세,상해없음,승합,남,47세,중상
2021110400100206,2021년 11월 4일 11시,목요일,경상북도 경주시 용강동,경상사고,0,0,1,0,차대차 - 추돌,안전운전불이행,건조,맑음,기타 - 기타,승용,남,37세,상해없음,승용,남,36세,경상
2021110400100207,2021년 11월 4일 11시,목요일,경상북도 포항시 북구 창포동,경상사고,0,0,1,0,차대차 - 측면충돌,안전운전불이행,건조,맑음,교차로 - 교차로안,이륜,남,53세,경상,화물,남,49세,상해없음
2021110400100208,2021년 11월 4일 11시,목요일,경상북도 영주시 하망동,중상사고,0,1,0,0,차대사람 - 횡단중,안전운전불이행,건조,맑음,단일로 - 기타,이륜,남,33세,상해없음,보행자,여,72세,중상
2021110400100209,2021년 11월 4일 11시,목요일,경상북도 고령군 대가야읍,경상사고,0,0,1,0,차대차 - 측면충돌,안전운전불이행,건조,맑음,단일로 - 기타,화물,남,69세,상해없음,승용,남,54세,경상
2021110400100275,2021년 11월 4일 13시,목요일,경상북도 고령군 개진면,중상사고,0,1,0,0,차량단독 - 전도전복 - 전복,안전운전불이행,건조,맑음,단일로 - 기타,이륜,남,59세,중상,,,,
2021110400100276,2021년 11월 4일 13시,목요일,경상북도 구미시 옥계동,경상사고,0,0,1,0,차대차 - 정면충돌,중앙선침범,건조,맑음,단일로 - 기타,승용,여,53세,상해없음,이륜,남,22세,경상
2021110400100303,2021년 11월 4일 14시,목요일,경상북도 안동시 서부동,경상사고,0,0,1,0,차대사람 - 기타,중앙선침범,건조,맑음,단일로 - 기타,화물,남,62세,상해없음,보행자,여,39세,경상
2021110400100304,2021년 11월 4일 14시,목요일,경상북도 상주시 함창읍,중상사고,0,1,0,0,차대차 - 측면충돌,중앙선침범,건조,맑음,교차로 - 교차로안,자전거,남,57세,중상,화물,남,47세,상해없음
2021110400100331,2021년 11월 4일 15시,목요일,경상북도 포항시 북구 우현동,경상사고,0,0,1,0,차대사람 - 기타,신호위반,건조,맑음,교차로 - 교차로횡단보도내,승용,남,63세,상해없음,보행자,남,32세,경상
2021110400100332,2021년 11월 4일 15시,목요일,경상북도 포항시 북구 환호동,경상사고,0,0,2,0,차대차 - 후진중충돌,불법유턴,건조,맑음,단일로 - 기타,승용,남,71세,상해없음,승합,남,24세,경상
2021110400100333,2021년 11월 4일 15시,목요일,경상북도 칠곡군 왜관읍,경상사고,0,0,3,0,차대차 - 측면충돌,안전거리미확보,건조,맑음,단일로 - 기타,승용,여,50세,경상,화물,남,25세,경상
2021110400100334,2021년 11월 4일 15시,목요일,경상북도 경산시 사동,경상사고,0,0,1,0,차대차 - 기타,안전운전불이행,건조,맑음,단일로 - 기타,승용,여,58세,상해없음,승용,여,67세,상해없음
2021110400100368,2021년 11월 4일 16시,목요일,경상북도 영천시 화산면,중상사고,0,2,0,0,차대차 - 측면충돌,중앙선침범,건조,맑음,단일로 - 기타,건설기계,남,61세,상해없음,이륜,여,44세,중상
2021110400100369,2021년 11월 4일 16시,목요일,경상북도 경산시 자인면,중상사고,0,1,0,0,차량단독 - 공작물충돌,안전운전불이행,건조,맑음,단일로 - 기타,승용,남,61세,중상,,,,
2021110400100370,2021년 11월 4일 16시,목요일,경상북도 성주군 성주읍,경상사고,0,0,1,0,차대사람 - 길가장자리구역통행중,안전운전불이행,건조,맑음,단일로 - 기타,승용,남,58세,상해없음,보행자,여,18세,경상
2021110400100430,2021년 11월 4일 17시,목요일,경상북도 영양군 영양읍,중상사고,0,1,0,0,차대사람 - 차도통행중,안전운전불이행,건조,맑음,단일로 - 기타,화물,남,52세,상해없음,보행자,여,69세,중상
2021110400100483,2021년 11월 4일 18시,목요일,경상북도 안동시 옥동,경상사고,0,0,1,0,차대차 - 측면충돌,안전운전불이행,건조,맑음,교차로 - 교차로안,승용,남,23세,상해없음,승용,남,60세,경상
2021110400100484,2021년 11월 4일 18시,목요일,경상북도 의성군 단밀면,경상사고,0,0,1,0,차대차 - 정면충돌,중앙선침범,건조,맑음,단일로 - 기타,승용,남,58세,상해없음,승용,남,41세,경상
2021110400100485,2021년 11월 4일 18시,목요일,경상북도 영주시 이산면,경상사고,0,0,1,0,차대차 - 추돌,안전운전불이행,건조,맑음,단일로 - 기타,승용,남,32세,상해없음,화물,남,72세,경상
2021110400100486,2021년 11월 4일 18시,목요일,경상북도 영천시 야사동,경상사고,0,0,4,0,차대차 - 측면충돌,직진우회전진행방해,건조,맑음,교차로 - 교차로안,승용,여,50세,경상,승용,남,21세,경상
2021110400100487,2021년 11월 4일 18시,목요일,경상북도 영천시 야사동,중상사고,0,1,0,0,차대사람 - 횡단중,보행자보호의무위반,건조,맑음,단일로 - 기타,승용,남,73세,상해없음,보행자,여,64세,중상