사고번호,사고일시,요일,시군구,사고내용,사망자수,중상자수,경상자수,부상신고자수,사고유형,법규위반,노면상태,기상상태,도로형태,가해운전자 차종,가해운전자 성별,가해운전자 연령,가해운전자 상해정도,피해운전자 차종,피해운전자 성별,피해운전자 연령,피해운전자 상해정도
2021110400100488,2021년 11월 4일 18시,목요일,경상북도 경산시 삼북동,중상사고,0,1,0,0,차대차 - 측면충돌,안전운전불이행,건조,맑음,단일로 - 기타,승용,남,71세,기타불명,승용,여,62세,중상
2021110400100489,2021년 11월 4일 18시,목요일,경상북도 청도군 풍각면,경상사고,0,0,1,0,차대차 - 측면충돌,안전운전불이행,건조,맑음,교차로 - 교차로안,승용,남,79세,상해없음,승용,여,52세,경상
2021110400100542,2021년 11월 4일 19시,목요일,경상북도 경주시 강동면,경상사고,0,0,1,1,차대차 - 추돌,안전운전불이행,건조,맑음,단일로 - 기타,승용,남,59세,경상,농기계,남,37세,부상신고
2021110400100543,2021년 11월 4일 19시,목요일,경상북도 포항시 북구 장성동,중상사고,0,1,0,0,차대차 - 기타,교차로운행방법위반,건조,맑음,교차로 - 교차로안,승용,여,51세,상해없음,이륜,남,64세,중상
2021110400100544,2021년 11월 4일 19시,목요일,경상북도 김천시 부곡동,경상사고,0,0,1,0,차대차 - 측면충돌,안전운전불이행,건조,맑음,교차로 - 교차로부근,승용,남,54세,상해없음,승용,남,32세,경상
2021110400100545,2021년 11월 4일 19시,목요일,경상북도 문경시 농암면,경상사고,0,0,1,0,차량단독 - 기타,안전운전불이행,건조,맑음,단일로 - 기타,이륜,남,75세,경상,,,,
2021110400100572,2021년 11월 4일 20시,목요일,경상북도 경주시 성건동,중상사고,0,1,0,0,차대사람 - 횡단중,안전운전불이행,건조,맑음,교차로 - 교차로안,승용,남,32세,상해없음,보행자,남,12세,중상
2021110400100573,2021년 11월 4일 20시,목요일,경상북도 영주시 풍기읍,경상사고,0,0,2,0,차대차 - 측면충돌,안전운전불이행,건조,맑음,교차로 - 교차로안,승용,여,61세,경상,승용,여,49세,경상
2021110400100586,2021년 11월 4일 21시,목요일,경상북도 포항시 북구 덕수동,경상사고,0,0,1,0,차대차 - 측면충돌,직진우회전진행방해,건조,맑음,교차로 - 교차로안,승용,여,57세,상해없음,이륜,남,24세,경상
2021110400100587,2021년 11월 4일 21시,목요일,경상북도 포항시 북구 장성동,경상사고,0,0,2,0,차대차 - 기타,교차로운행방법위반,건조,맑음,교차로 - 교차로안,승용,여,25세,상해없음,승용,남,40세,경상
2021110400100609,2021년 11월 4일 22시,목요일,경상북도 구미시 도량동,중상사고,0,1,0,0,차대차 - 측면충돌,안전거리미확보,건조,맑음,단일로 - 기타,승용,남,61세,상해없음,원동기,남,21세,중상
2021110500100021,2021년 11월 5일 01시,금요일,경상북도 포항시 북구 양덕동,경상사고,0,0,1,0,차대차 - 추돌,안전운전불이행,건조,맑음,단일로 - 기타,승용,남,34세,경상,화물,남,29세,기타불명
2021110500100022,2021년 11월 5일 01시,금요일,경상북도 경산시 압량읍,사망사고,1,0,0,0,차대사람 - 횡단중,기타,건조,맑음,교차로 - 교차로안,승용,여,58세,상해없음,보행자,남,54세,사망
2021110500100081,2021년 11월 5일 07시,금요일,경상북도 김천시 농소면,경상사고,0,0,3,0,차대차 - 추돌,안전운전불이행,건조,맑음,교차로 - 교차로부근,승용,여,38세,상해없음,승용,여,45세,경상
2021110500100082,2021년 11월 5일 07시,금요일,경상북도 상주시 무양동,경상사고,0,0,1,0,차대차 - 측면충돌,안전운전불이행,건조,맑음,교차로 - 교차로부근,승용,여,52세,상해없음,자전거,여,47세,경상
2021110500100083,2021년 11월 5일 07시,금요일,경상북도 칠곡군 석적읍,경상사고,0,0,2,1,차대차 - 측면충돌,교차로운행방법위반,건조,맑음,교차로 - 교차로안,승용,남,39세,부상신고,승용,남,66세,경상
2021110500100116,2021년 11월 5일 08시,금요일,경상북도 구미시 선산읍,경상사고,0,0,1,0,차대차 - 측면충돌,안전거리미확보,젖음/습기,안개,단일로 - 기타,승용,여,47세,상해없음,승용,여,37세,경상
2021110500100117,2021년 11월 5일 08시,금요일,경상북도 포항시 남구 오천읍,경상사고,0,0,1,0,차대차 - 추돌,안전거리미확보,건조,맑음,교차로 - 교차로부근,승용,남,56세,상해없음,승용,남,67세,경상
2021110500100157,2021년 11월 5일 09시,금요일,경상북도 포항시 북구 덕수동,경상사고,0,0,1,0,차대차 - 측면충돌,직진우회전진행방해,건조,맑음,교차로 - 교차로안,승용,남,39세,상해없음,승용,남,62세,경상
2021110500100158,2021년 11월 5일 09시,금요일,경상북도 구미시 옥계동,경상사고,0,0,1,0,차대차 - 기타,교차로운행방법위반,건조,맑음,교차로 - 교차로안,승용,여,40세,상해없음,승용,남,34세,경상
2021110500100184,2021년 11월 5일 10시,금요일,경상북도 구미시 공단동,사망사고,1,0,1,0,차대차 - 추돌,신호위반,건조,맑음,단일로 - 고가도로위,화물,남,60세,상해없음,화물,남,41세,경상
2021110500100185,2021년 11월 5일 10시,금요일,경상북도 포항시 남구 이동,경상사고,0,0,2,0,차대차 - 측면충돌,직진우회전진행방해,건조,맑음,교차로 - 교차로안,승용,남,72세,경상,승용,남,44세,경상
2021110500100210,2021년 11월 5일 11시,금요일,경상북도 경주시 동천동,중상사고,0,1,0,0,차대차 - 측면충돌,안전운전불이행,건조,맑음,교차로 - 교차로안,승용,남,31세,상해없음,승용,남,60세,중상
2021110500100211,2021년 11월 5일 11시,금요일,경상북도 김천시 황금동,경상사고,0,0,2,0,차대차 - 측면충돌,안전운전불이행,건조,맑음,교차로 - 교차로부근,승용,여,69세,상해없음,승용,남,49세,경상
2021110500100243,2021년 11월 5일 12시,금요일,경상북도 의성군 봉양면,경상사고,0,0,2,0,차대차 - 측면충돌,안전운전불이행,건조,맑음,교차로 - 교차로부근,승용,여,74세,경상,승합,남,42세,경상
2021110500100244,2021년 11월 5일 12시,금요일,경상북도 구미시 임수동,중상사고,0,1,1,0,차대차 - 측면충돌,신호위반,건조,맑음,교차로 - 교차로안,승용,남,64세,상해없음,승용,남,50세,경상
2021110500100245,2021년 11월 5일 12시,금요일,경상북도 포항시 남구 상도동,경상사고,0,0,1,0,차대차 - 측면충돌,안전운전불이행,건조,맑음,단일로 - 기타,승용,남,55세,상해없음,승용,여,48세,상해없음
2021110500100324,2021년 11월 5일 14시,금요일,경상북도 포항시 남구 오천읍,사망사고,1,0,0,0,차대사람 - 차도통행중,안전운전불이행,건조,맑음,교차로 - 교차로안,승용,남,44세,상해없음,보행자,남,64세,사망
2021110500100354,2021년 11월 5일 15시,금요일,경상북도 경주시 성건동,중상사고,0,1,0,0,차대차 - 측면충돌,안전운전불이행,건조,맑음,단일로 - 기타,이륜,남,73세,중상,승용,남,48세,상해없음
2021110500100355,2021년 11월 5일 15시,금요일,경상북도 포항시 북구 장성동,경상사고,0,0,1,0,차대사람 - 기타,중앙선침범,건조,맑음,교차로 - 교차로부근,화물,남,59세,상해없음,보행자,여,55세,경상
2021110500100392,2021년 11월 5일 16시,금요일,경상북도 경주시 양남면,경상사고,0,0,2,0,차대차 - 측면충돌,중앙선침범,건조,맑음,교차로 - 교차로부근,화물,남,62세,상해없음,화물,남,34세,경상
2021110500100393,2021년 11월 5일 16시,금요일,경상북도 포항시 북구 장성동,경상사고,0,0,1,0,차대사람 - 길가장자리구역통행중,안전운전불이행,건조,맑음,단일로 - 기타,개인형이동수단(PM),남,18세,상해없음,보행자,남,5세,경상
2021110500100446,2021년 11월 5일 17시,금요일,경상북도 포항시 북구 죽도동,중상사고,0,1,0,0,차대차 - 측면충돌,신호위반,건조,맑음,교차로 - 교차로안,이륜,남,18세,상해없음,이륜,남,50세,중상
2021110500100517,2021년 11월 5일 18시,금요일,경상북도 경주시 인왕동,경상사고,0,0,1,0,차대차 - 측면충돌,안전운전불이행,건조,맑음,단일로 - 지하차도(도로)내,승용,남,60세,상해없음,승용,남,33세,경상
2021110500100518,2021년 11월 5일 18시,금요일,경상북도 포항시 북구 흥해읍,중상사고,0,1,1,0,차대차 - 추돌,안전거리미확보,건조,맑음,단일로 - 기타,승용,여,29세,상해없음,승용,여,48세,경상
2021110500100519,2021년 11월 5일 18시,금요일,경상북도 김천시 용두동,경상사고,0,0,1,0,차대사람 - 기타,안전운전불이행,건조,맑음,교차로 - 교차로부근,승용,남,61세,상해없음,보행자,남,58세,경상
2021110500100520,2021년 11월 5일 18시,금요일,경상북도 칠곡군 왜관읍,경상사고,0,0,1,0,차대차 - 측면충돌,직진우회전진행방해,건조,맑음,교차로 - 교차로안,승용,남,46세,상해없음,자전거,남,12세,경상
2021110500100521,2021년 11월 5일 18시,금요일,경상북도 문경시 흥덕동,경상사고,0,0,2,0,차대차 - 측면충돌,안전운전불이행,건조,맑음,교차로 - 교차로안,승용,여,38세,상해없음,이륜,남,71세,경상
2021110500100522,2021년 11월 5일 18시,금요일,경상북도 구미시 원평동,경상사고,0,0,2,0,차대차 - 기타,안전거리미확보,건조,맑음,단일로 - 기타,승용,남,40세,상해없음,승용,남,34세,경상
2021110500100523,2021년 11월 5일 18시,금요일,경상북도 포항시 남구 연일읍,부상신고사고,0,0,0,1,차대차 - 측면충돌,안전운전불이행,건조,맑음,교차로 - 교차로안,승용,남,69세,상해없음,자전거,남,54세,부상신고
2021110500100569,2021년 11월 5일 19시,금요일,경상북도 경주시 용강동,경상사고,0,0,1,0,차대사람 - 기타,안전운전불이행,건조,맑음,단일로 - 기타,승용,남,60세,상해없음,보행자,여,61세,경상
2021110500100570,2021년 11월 5일 19시,금요일,경상북도 경주시 황성동,경상사고,0,0,1,0,차대차 - 측면충돌,안전운전불이행,건조,맑음,교차로 - 교차로안,승용,남,77세,상해없음,승용,남,31세,경상
2021110500100571,2021년 11월 5일 19시,금요일,경상북도 칠곡군 북삼읍,경상사고,0,0,2,1,차대차 - 측면충돌,신호위반,건조,맑음,교차로 - 교차로안,이륜,남,14세,부상신고,승용,남,45세,경상
2021110500100572,2021년 11월 5일 19시,금요일,경상북도 영천시 고경면,중상사고,0,1,0,0,차대차 - 측면충돌,안전운전불이행,건조,맑음,단일로 - 기타,승용,남,68세,중상,화물,기타불명,미분류,기타불명
2021110500100573,2021년 11월 5일 19시,금요일,경상북도 구미시 공단동,경상사고,0,0,1,0,차대차 - 측면충돌,안전운전불이행,건조,맑음,교차로 - 교차로안,승용,남,23세,상해없음,승용,남,50세,경상
2021110500100608,2021년 11월 5일 20시,금요일,경상북도 문경시 모전동,경상사고,0,0,1,0,차대차 - 측면충돌,교차로운행방법위반,건조,맑음,교차로 - 교차로안,승용,남,72세,경상,승용,남,52세,상해없음
2021110500100644,2021년 11월 5일 21시,금요일,경상북도 김천시 덕곡동,경상사고,0,0,1,0,차대차 - 추돌,안전운전불이행,건조,맑음,교차로 - 교차로부근,승용,남,34세,상해없음,승용,남,58세,상해없음
2021110500100675,2021년 11월 5일 22시,금요일,경상북도 경주시 건천읍,사망사고,1,0,0,0,차대사람 - 기타,안전운전불이행,건조,맑음,단일로 - 기타,승용,여,38세,상해없음,보행자,남,65세,사망
2021110600100016,2021년 11월 6일 00시,토요일,경상북도 포항시 남구 오천읍,경상사고,0,0,1,0,차대사람 - 기타,기타,건조,맑음,단일로 - 기타,승용,남,42세,상해없음,보행자,여,23세,경상
2021110600100050,2021년 11월 6일 03시,토요일,경상북도 구미시 봉곡동,경상사고,0,0,1,0,차대사람 - 기타,안전운전불이행,건조,맑음,단일로 - 기타,승용,남,21세,상해없음,보행자,남,20세,경상
2021110600100074,2021년 11월 6일 06시,토요일,경상북도 칠곡군 왜관읍,경상사고,0,0,1,0,차대차 - 정면충돌,중앙선침범,건조,맑음,단일로 - 기타,승용,남,65세,상해없음,승용,남,46세,경상
2021110600100075,2021년 11월 6일 06시,토요일,경상북도 포항시 남구 대잠동,경상사고,0,0,1,0,차대차 - 측면충돌,안전운전불이행,건조,맑음,교차로 - 교차로부근,승용,남,78세,상해없음,승용,남,22세,경상
2021110600100083,2021년 11월 6일 07시,토요일,경상북도 김천시 봉산면,사망사고,1,0,0,0,차대차 - 추돌,안전운전불이행,건조,맑음,기타 - 기타,건설기계,남,59세,상해없음,화물,남,31세,사망
2021110600100120,2021년 11월 6일 09시,토요일,경상북도 포항시 북구 죽도동,경상사고,0,0,1,0,차대차 - 측면충돌,기타,건조,맑음,교차로 - 교차로안,개인형이동수단(PM),남,70세,상해없음,승용,여,53세,경상
2021110600100136,2021년 11월 6일 10시,토요일,경상북도 포항시 북구 덕수동,경상사고,0,0,3,0,차대차 - 측면충돌,직진우회전진행방해,건조,맑음,교차로 - 교차로안,화물,남,54세,경상,승용,남,70세,경상
2021110600100137,2021년 11월 6일 10시,토요일,경상북도 포항시 북구 덕수동,경상사고,0,0,1,0,차대차 - 기타,안전운전불이행,건조,맑음,단일로 - 기타,승용,남,42세,상해없음,승용,남,35세,경상
2021110600100138,2021년 11월 6일 10시,토요일,경상북도 안동시 노하동,중상사고,0,1,0,0,차대차 - 기타,안전운전불이행,건조,맑음,단일로 - 기타,승용,남,36세,상해없음,자전거,남,49세,중상
2021110600100139,2021년 11월 6일 10시,토요일,경상북도 경산시 하양읍,경상사고,0,0,1,0,차대사람 - 횡단중,안전운전불이행,건조,맑음,교차로 - 교차로안,승용,여,59세,상해없음,보행자,여,78세,경상
2021110600100140,2021년 11월 6일 10시,토요일,경상북도 구미시 옥성면,경상사고,0,0,4,0,차대차 - 추돌,안전운전불이행,건조,맑음,단일로 - 터널,화물,남,38세,상해없음,승용,남,62세,경상
2021110600100172,2021년 11월 6일 11시,토요일,경상북도 의성군 금성면,경상사고,0,0,1,0,차대차 - 측면충돌,안전운전불이행,건조,맑음,교차로 - 교차로안,화물,남,79세,상해없음,승용,남,36세,경상
2021110600100173,2021년 11월 6일 11시,토요일,경상북도 칠곡군 왜관읍,부상신고사고,0,0,0,1,차대차 - 추돌,안전운전불이행,건조,맑음,단일로 - 기타,승용,남,37세,부상신고,건설기계,남,57세,상해없음
2021110600100217,2021년 11월 6일 12시,토요일,경상북도 경주시 강동면,중상사고,0,1,0,0,차대차 - 측면충돌,안전운전불이행,건조,맑음,단일로 - 지하차도(도로)내,승용,남,43세,상해없음,이륜,남,75세,중상
2021110600100218,2021년 11월 6일 12시,토요일,경상북도 성주군 성주읍,경상사고,0,0,2,0,차대차 - 측면충돌,직진우회전진행방해,건조,맑음,교차로 - 교차로안,승용,남,36세,경상,승용,여,61세,경상
2021110600100249,2021년 11월 6일 13시,토요일,경상북도 안동시 상아동,중상사고,0,1,1,0,차대차 - 측면충돌,안전운전불이행,건조,맑음,교차로 - 교차로부근,승용,여,39세,경상,승합,남,58세,상해없음
2021110600100250,2021년 11월 6일 13시,토요일,경상북도 문경시 모전동,경상사고,0,0,1,0,차대차 - 측면충돌,안전운전불이행,건조,맑음,교차로 - 교차로안,승용,남,71세,상해없음,승용,남,58세,경상
2021110600100251,2021년 11월 6일 13시,토요일,경상북도 구미시 산동읍,부상신고사고,0,0,0,1,차대차 - 측면충돌,신호위반,건조,맑음,교차로 - 교차로안,이륜,남,39세,부상신고,승용,남,60세,상해없음
2021110600100252,2021년 11월 6일 13시,토요일,경상북도 영천시 임고면,경상사고,0,0,2,1,차대차 - 기타,차로위반,건조,맑음,단일로 - 기타,승용,여,45세,상해없음,승용,남,42세,경상
2021110600100290,2021년 11월 6일 14시,토요일,경상북도 경주시 진현동,경상사고,0,0,6,0,차대차 - 측면충돌,직진우회전진행방해,건조,맑음,교차로 - 교차로안,승용,남,40세,경상,승용,남,53세,경상
2021110600100291,2021년 11월 6일 14시,토요일,경상북도 영천시 완산동,경상사고,0,0,1,0,차대사람 - 기타,안전운전불이행,건조,맑음,단일로 - 기타,승용,남,68세,상해없음,보행자,남,53세,경상
2021110600100293,2021년 11월 6일 14시,토요일,경상북도 예천군 호명면,경상사고,0,0,1,0,차대차 - 측면충돌,교차로운행방법위반,건조,맑음,교차로 - 교차로안,화물,남,65세,상해없음,승합,남,48세,경상
2021110600100294,2021년 11월 6일 14시,토요일,경상북도 구미시 황상동,부상신고사고,0,0,0,1,차대차 - 측면충돌,직진우회전진행방해,건조,맑음,교차로 - 교차로안,개인형이동수단(PM),남,18세,부상신고,승용,남,53세,상해없음
2021110600100332,2021년 11월 6일 15시,토요일,경상북도 경산시 옥산동,경상사고,0,0,1,0,차대차 - 측면충돌,차로위반,건조,맑음,단일로 - 기타,화물,남,55세,상해없음,화물,남,59세,경상
2021110600100333,2021년 11월 6일 15시,토요일,경상북도 구미시 공단동,경상사고,0,0,1,0,차대차 - 측면충돌,불법유턴,건조,맑음,교차로 - 교차로안,승용,남,52세,상해없음,승용,여,38세,경상
2021110600100376,2021년 11월 6일 16시,토요일,경상북도 안동시 옥동,경상사고,0,0,2,0,차대차 - 측면충돌,직진우회전진행방해,건조,맑음,교차로 - 교차로부근,승용,남,30세,상해없음,승용,남,56세,상해없음
2021110600100377,2021년 11월 6일 16시,토요일,경상북도 상주시 외답동,중상사고,0,1,0,0,차대차 - 측면충돌,안전운전불이행,건조,맑음,교차로 - 교차로안,승용,남,63세,상해없음,자전거,여,65세,중상
2021110600100378,2021년 11월 6일 16시,토요일,경상북도 청도군 풍각면,경상사고,0,0,1,0,차대차 - 정면충돌,안전운전불이행,건조,맑음,단일로 - 기타,이륜,여,66세,경상,화물,남,23세,상해없음
2021110600100379,2021년 11월 6일 16시,토요일,경상북도 구미시 부곡동,경상사고,0,0,1,0,차대차 - 측면충돌,직진우회전진행방해,건조,맑음,교차로 - 교차로안,화물,남,58세,상해없음,농기계,남,82세,경상
2021110600100418,2021년 11월 6일 17시,토요일,경상북도 경주시 외동읍,경상사고,0,0,1,0,차대사람 - 기타,안전운전불이행,건조,맑음,교차로 - 교차로부근,화물,남,58세,상해없음,보행자,남,64세,경상
2021110600100419,2021년 11월 6일 17시,토요일,경상북도 포항시 북구 청하면,경상사고,0,0,1,0,차대사람 - 길가장자리구역통행중,중앙선침범,건조,맑음,단일로 - 기타,승용,남,19세,상해없음,보행자,남,60세,경상
2021110600100420,2021년 11월 6일 17시,토요일,경상북도 안동시 용상동,중상사고,0,1,1,0,차대차 - 측면충돌,신호위반,건조,맑음,교차로 - 교차로안,승용,남,49세,경상,승용,여,40세,중상
2021110600100421,2021년 11월 6일 17시,토요일,경상북도 영천시 임고면,사망사고,1,0,0,0,차대차 - 추돌,안전운전불이행,건조,맑음,단일로 - 기타,화물,남,60세,상해없음,자전거,남,66세,사망
2021110600100422,2021년 11월 6일 17시,토요일,경상북도 구미시 오태동,경상사고,0,0,1,0,차대사람 - 기타,안전운전불이행,건조,맑음,기타 - 기타,승용,남,44세,상해없음,보행자,여,34세,경상
2021110600100466,2021년 11월 6일 18시,토요일,경상북도 경주시 석장동,경상사고,0,0,1,0,차대차 - 측면충돌,안전운전불이행,건조,맑음,단일로 - 터널,승용,남,23세,상해없음,승용,남,24세,경상
2021110600100467,2021년 11월 6일 18시,토요일,경상북도 김천시 성내동,경상사고,0,0,2,0,차대차 - 측면충돌,신호위반,젖음/습기,비,교차로 - 교차로안,이륜,남,19세,경상,승용,남,31세,경상
2021110600100468,2021년 11월 6일 18시,토요일,경상북도 상주시 인평동,중상사고,0,1,1,0,차대차 - 기타,교차로운행방법위반,건조,맑음,교차로 - 교차로안,승용,남,62세,경상,승용,여,44세,중상
2021110600100469,2021년 11월 6일 18시,토요일,경상북도 청송군 현서면,중상사고,0,1,2,0,차대차 - 추돌,중앙선침범,건조,맑음,교차로 - 교차로부근,승용,남,73세,상해없음,승용,남,48세,중상
2021110600100470,2021년 11월 6일 18시,토요일,경상북도 구미시 옥계동,경상사고,0,0,2,0,차대차 - 추돌,안전운전불이행,건조,맑음,단일로 - 기타,승용,남,21세,상해없음,승용,남,65세,상해없음
2021110600100512,2021년 11월 6일 19시,토요일,경상북도 영천시 야사동,경상사고,0,0,1,0,차대차 - 기타,교차로운행방법위반,건조,맑음,교차로 - 교차로안,승용,여,46세,상해없음,승용,남,60세,상해없음
2021110600100513,2021년 11월 6일 19시,토요일,경상북도 포항시 남구 연일읍,경상사고,0,0,1,0,차대차 - 측면충돌,직진우회전진행방해,건조,맑음,교차로 - 교차로안,이륜,남,43세,경상,승용,남,51세,상해없음
2021110600100547,2021년 11월 6일 20시,토요일,경상북도 경산시 옥산동,중상사고,0,1,1,0,차대차 - 정면충돌,신호위반,건조,맑음,교차로 - 교차로안,이륜,남,19세,상해없음,승용,여,58세,중상
2021110600100576,2021년 11월 6일 21시,토요일,경상북도 칠곡군 북삼읍,경상사고,0,0,1,0,차대사람 - 횡단중,안전운전불이행,건조,흐림,교차로 - 교차로안,승용,남,47세,상해없음,보행자,남,62세,경상
2021110600100577,2021년 11월 6일 21시,토요일,경상북도 포항시 남구 해도동,경상사고,0,0,1,0,차대차 - 기타,차로위반,건조,맑음,단일로 - 기타,승용,여,68세,상해없음,승합,남,46세,상해없음
2021110600100610,2021년 11월 6일 22시,토요일,경상북도 칠곡군 왜관읍,경상사고,0,0,2,0,차대차 - 측면충돌,안전운전불이행,건조,맑음,교차로 - 교차로부근,승용,남,47세,경상,승용,남,28세,경상
2021110600100611,2021년 11월 6일 22시,토요일,경상북도 문경시 마성면,중상사고,0,1,0,0,차대차 - 정면충돌,중앙선침범,건조,맑음,단일로 - 기타,승용,남,34세,상해없음,승용,남,39세,중상
2021110600100631,2021년 11월 6일 23시,토요일,경상북도 구미시 인의동,경상사고,0,0,1,0,차대차 - 추돌,안전운전불이행,건조,맑음,교차로 - 교차로부근,승용,남,30세,상해없음,승용,여,52세,경상
2021110700100011,2021년 11월 7일 00시,일요일,경상북도 구미시 사곡동,경상사고,0,0,1,0,차대사람 - 기타,안전운전불이행,건조,맑음,교차로 - 교차로횡단보도내,승용,남,57세,상해없음,보행자,남,24세,경상
2021110700100048,2021년 11월 7일 05시,일요일,경상북도 칠곡군 동명면,사망사고,1,0,0,0,차대차 - 추돌,안전운전불이행,건조,흐림,기타 - 기타,승용,남,30세,상해없음,농기계,남,87세,사망
2021110700100055,2021년 11월 7일 06시,일요일,경상북도 구미시 형곡동,중상사고,0,1,0,0,차대차 - 측면충돌,불법유턴,젖음/습기,비,단일로 - 기타,승용,여,53세,상해없음,이륜,남,66세,중상
2021110700100077,2021년 11월 7일 09시,일요일,경상북도 포항시 북구 청하면,중상사고,0,1,3,0,차대차 - 측면충돌,안전운전불이행,건조,맑음,교차로 - 교차로안,화물,남,51세,경상,승용,남,57세,경상
2021110700100078,2021년 11월 7일 09시,일요일,경상북도 예천군 용궁면,경상사고,0,0,1,0,차량단독 - 기타,안전운전불이행,건조,맑음,단일로 - 기타,원동기,남,82세,경상,,,,
2021110700100079,2021년 11월 7일 09시,일요일,경상북도 구미시 도량동,경상사고,0,0,3,0,차대차 - 측면충돌,안전운전불이행,건조,맑음,교차로 - 교차로안,승용,여,63세,상해없음,승용,남,68세,경상
2021110700100080,2021년 11월 7일 09시,일요일,경상북도 포항시 남구 상도동,경상사고,0,0,1,0,차대차 - 측면충돌,안전운전불이행,건조,맑음,교차로 - 교차로부근,개인형이동수단(PM),남,24세,상해없음,이륜,남,50세,경상
2021110700100101,2021년 11월 7일 10시,일요일,경상북도 영주시 하망동,경상사고,0,0,1,0,차대차 - 측면충돌,교차로운행방법위반,건조,맑음,교차로 - 교차로안,승용,남,40세,상해없음,승용,남,38세,경상
2021110700100131,2021년 11월 7일 11시,일요일,경상북도 포항시 북구 흥해읍,경상사고,0,0,5,0,차대차 - 측면충돌,안전운전불이행,건조,맑음,단일로 - 기타,승용,남,25세,기타불명,승용,남,63세,경상
2021110700100132,2021년 11월 7일 11시,일요일,경상북도 영주시 풍기읍,중상사고,0,1,0,0,차대차 - 추돌,안전거리미확보,건조,맑음,단일로 - 기타,화물,남,53세,기타불명,화물,남,71세,중상
2021110700100133,2021년 11월 7일 11시,일요일,경상북도 포항시 남구 오천읍,중상사고,0,1,2,0,차대차 - 측면충돌,교차로운행방법위반,건조,맑음,교차로 - 교차로안,승용,남,71세,상해없음,승용,남,27세,중상
2021110700100158,2021년 11월 7일 12시,일요일,경상북도 안동시 옥동,경상사고,0,0,1,0,차대차 - 기타,안전거리미확보,건조,맑음,교차로 - 교차로부근,이륜,남,63세,상해없음,승용,남,63세,경상
2021110700100159,2021년 11월 7일 12시,일요일,경상북도 포항시 남구 대잠동,경상사고,0,0,4,0,차대차 - 측면충돌,안전운전불이행,건조,맑음,교차로 - 교차로부근,승용,여,40세,상해없음,승용,남,33세,경상
2021110700100189,2021년 11월 7일 13시,일요일,경상북도 청도군 각북면,중상사고,0,1,0,0,차량단독 - 기타,안전운전불이행,건조,맑음,단일로 - 기타,자전거,남,61세,중상,,,,
2021110700100222,2021년 11월 7일 14시,일요일,경상북도 청도군 운문면,중상사고,0,1,0,0,차량단독 - 도로외이탈 - 추락,안전운전불이행,건조,맑음,단일로 - 기타,승용,남,73세,상해없음,,,,
2021110700100223,2021년 11월 7일 14시,일요일,경상북도 성주군 성주읍,중상사고,0,1,0,0,차대차 - 기타,기타,건조,맑음,교차로 - 교차로안,승용,여,66세,상해없음,이륜,남,84세,중상
2021110700100224,2021년 11월 7일 14시,일요일,경상북도 구미시 고아읍,부상신고사고,0,0,0,1,차대차 - 측면충돌,안전운전불이행,건조,맑음,교차로 - 교차로안,이륜,남,13세,상해없음,승용,남,37세,상해없음
2021110700100268,2021년 11월 7일 15시,일요일,경상북도 안동시 송현동,경상사고,0,0,1,0,차대차 - 측면충돌,불법유턴,건조,맑음,교차로 - 교차로안,승용,남,67세,상해없음,승용,남,60세,상해없음
2021110700100269,2021년 11월 7일 15시,일요일,경상북도 안동시 동부동,경상사고,0,0,1,0,차대차 - 기타,직진우회전진행방해,건조,맑음,교차로 - 교차로안,승용,여,31세,기타불명,승용,남,51세,경상
2021110700100270,2021년 11월 7일 15시,일요일,경상북도 경산시 용성면,중상사고,0,1,0,0,차대사람 - 횡단중,안전운전불이행,젖음/습기,맑음,단일로 - 기타,승용,남,65세,상해없음,보행자,여,87세,중상
2021110700100311,2021년 11월 7일 16시,일요일,경상북도 경주시 황남동,중상사고,0,1,0,0,차대사람 - 기타,안전운전불이행,건조,맑음,단일로 - 기타,승용,남,64세,상해없음,보행자,남,28세,중상
2021110700100312,2021년 11월 7일 16시,일요일,경상북도 포항시 북구 용흥동,중상사고,0,1,0,0,차대차 - 측면충돌,안전운전불이행,건조,맑음,교차로 - 교차로안,이륜,남,47세,중상,승용,여,39세,상해없음
2021110700100313,2021년 11월 7일 16시,일요일,경상북도 안동시 옥동,경상사고,0,0,1,0,차대차 - 측면충돌,신호위반,건조,맑음,교차로 - 교차로안,승용,여,31세,상해없음,이륜,남,32세,경상
2021110700100314,2021년 11월 7일 16시,일요일,경상북도 구미시 도개면,경상사고,0,0,1,0,차량단독 - 공작물충돌,안전운전불이행,건조,맑음,단일로 - 교량,이륜,남,65세,경상,,,,
2021110700100338,2021년 11월 7일 17시,일요일,경상북도 경주시 성건동,경상사고,0,0,1,0,차대사람 - 기타,보행자보호의무위반,건조,맑음,교차로 - 교차로횡단보도내,승용,남,72세,상해없음,보행자,남,10세,경상
2021110700100339,2021년 11월 7일 17시,일요일,경상북도 구미시 형곡동,중상사고,0,1,0,0,차대차 - 측면충돌,안전거리미확보,건조,맑음,교차로 - 교차로안,승용,여,57세,상해없음,이륜,남,19세,중상
2021110700100340,2021년 11월 7일 17시,일요일,경상북도 구미시 인의동,경상사고,0,0,1,0,차대차 - 기타,안전거리미확보,건조,맑음,단일로 - 기타,화물,남,49세,상해없음,승용,남,26세,경상