사고번호,사고일시,요일,시군구,사고내용,사망자수,중상자수,경상자수,부상신고자수,사고유형,법규위반,노면상태,기상상태,도로형태,가해운전자 차종,가해운전자 성별,가해운전자 연령,가해운전자 상해정도,피해운전자 차종,피해운전자 성별,피해운전자 연령,피해운전자 상해정도
2021110700100373,2021년 11월 7일 18시,일요일,경상북도 경주시 용강동,중상사고,0,1,0,1,차대차 - 측면충돌,직진우회전진행방해,건조,맑음,교차로 - 교차로안,승용,여,57세,부상신고,이륜,남,23세,중상
2021110700100374,2021년 11월 7일 18시,일요일,경상북도 포항시 남구 지곡동,중상사고,0,1,0,0,차대차 - 측면충돌,차로위반,건조,맑음,단일로 - 기타,승용,남,46세,상해없음,이륜,남,38세,중상
2021110700100403,2021년 11월 7일 19시,일요일,경상북도 김천시 덕곡동,중상사고,0,3,0,0,차대차 - 측면충돌,신호위반,건조,맑음,교차로 - 교차로안,승용,남,26세,중상,승합,남,66세,중상
2021110700100427,2021년 11월 7일 20시,일요일,경상북도 경산시 자인면,경상사고,0,0,1,0,차량단독 - 전도전복 - 전도,안전운전불이행,건조,맑음,단일로 - 기타,이륜,남,37세,경상,,,,
2021110700100449,2021년 11월 7일 21시,일요일,경상북도 포항시 북구 기계면,경상사고,0,0,1,0,차대차 - 측면충돌,안전운전불이행,건조,맑음,단일로 - 기타,승용,남,53세,경상,승용,남,61세,상해없음
2021110700100472,2021년 11월 7일 22시,일요일,경상북도 포항시 남구 상도동,경상사고,0,0,2,0,차대차 - 추돌,안전운전불이행,건조,맑음,교차로 - 교차로부근,이륜,남,17세,경상,승용,여,23세,경상
2021110700100482,2021년 11월 7일 23시,일요일,경상북도 포항시 북구 환호동,경상사고,0,0,1,0,차대차 - 측면충돌,교차로운행방법위반,건조,맑음,교차로 - 교차로안,승용,남,43세,상해없음,이륜,남,25세,경상
2021110700100483,2021년 11월 7일 23시,일요일,경상북도 칠곡군 석적읍,경상사고,0,0,2,0,차대차 - 측면충돌,안전운전불이행,건조,맑음,교차로 - 교차로안,승용,남,41세,상해없음,승용,남,37세,경상
2021110800100085,2021년 11월 8일 07시,월요일,경상북도 포항시 북구 죽도동,경상사고,0,0,1,0,차대차 - 측면충돌,안전운전불이행,건조,맑음,단일로 - 기타,승용,여,67세,상해없음,승용,남,68세,경상
2021110800100086,2021년 11월 8일 07시,월요일,경상북도 포항시 북구 흥해읍,경상사고,0,0,1,0,차대차 - 추돌,안전거리미확보,건조,맑음,교차로 - 교차로안,승용,남,70세,상해없음,승용,남,30세,경상
2021110800100120,2021년 11월 8일 08시,월요일,경상북도 영천시 야사동,경상사고,0,0,2,0,차대차 - 측면충돌,안전운전불이행,건조,맑음,교차로 - 교차로안,원동기,남,63세,경상,승용,여,56세,경상
2021110800100121,2021년 11월 8일 08시,월요일,경상북도 군위군 군위읍,중상사고,0,1,0,0,차대사람 - 횡단중,안전운전불이행,건조,맑음,단일로 - 기타,화물,남,47세,상해없음,보행자,남,79세,중상
2021110800100166,2021년 11월 8일 09시,월요일,경상북도 경주시 문무대왕면,중상사고,0,1,0,0,차대차 - 기타,안전운전불이행,건조,맑음,교차로 - 교차로부근,건설기계,남,58세,상해없음,농기계,남,77세,중상
2021110800100194,2021년 11월 8일 10시,월요일,경상북도 포항시 남구 송도동,경상사고,0,0,1,0,차대사람 - 기타,안전운전불이행,건조,맑음,단일로 - 기타,승용,여,53세,상해없음,보행자,여,48세,경상
2021110800100228,2021년 11월 8일 11시,월요일,경상북도 포항시 남구 해도동,부상신고사고,0,0,0,1,차대차 - 측면충돌,안전운전불이행,건조,맑음,단일로 - 기타,자전거,남,55세,부상신고,승용,남,49세,상해없음
2021110800100273,2021년 11월 8일 12시,월요일,경상북도 칠곡군 가산면,경상사고,0,0,1,0,차대차 - 측면충돌,신호위반,젖음/습기,비,교차로 - 교차로안,승용,남,79세,상해없음,승용,남,36세,경상
2021110800100274,2021년 11월 8일 12시,월요일,경상북도 영천시 임고면,경상사고,0,0,2,0,차대차 - 추돌,안전운전불이행,젖음/습기,비,교차로 - 교차로안,화물,남,78세,상해없음,승용,남,67세,경상
2021110800100275,2021년 11월 8일 12시,월요일,경상북도 포항시 남구 해도동,경상사고,0,0,1,0,차대차 - 측면충돌,신호위반,건조,맑음,교차로 - 교차로부근,이륜,남,21세,상해없음,자전거,남,21세,경상
2021110800100300,2021년 11월 8일 13시,월요일,경상북도 안동시 서후면,중상사고,0,1,2,0,차대차 - 기타,안전운전불이행,젖음/습기,비,기타 - 기타,승용,남,38세,상해없음,승용,남,69세,경상
2021110800100301,2021년 11월 8일 13시,월요일,경상북도 예천군 유천면,중상사고,0,1,0,0,차대차 - 추돌,안전운전불이행,젖음/습기,비,교차로 - 교차로안,화물,남,80세,상해없음,이륜,남,74세,중상
2021110800100302,2021년 11월 8일 13시,월요일,경상북도 청송군 진보면,중상사고,0,1,0,0,차대사람 - 횡단중,안전운전불이행,건조,맑음,단일로 - 지하차도(도로)내,승합,남,50세,상해없음,보행자,남,82세,중상
2021110800100341,2021년 11월 8일 14시,월요일,경상북도 영주시 가흥동,경상사고,0,0,1,0,차대차 - 추돌,안전운전불이행,건조,맑음,교차로 - 교차로부근,승용,남,56세,상해없음,승용,남,43세,경상
2021110800100370,2021년 11월 8일 15시,월요일,경상북도 포항시 북구 흥해읍,경상사고,0,0,1,0,차대차 - 기타,안전운전불이행,건조,맑음,교차로 - 교차로안,화물,여,63세,상해없음,승용,남,35세,경상
2021110800100372,2021년 11월 8일 15시,월요일,경상북도 청송군 현동면,중상사고,0,1,0,0,차대차 - 측면충돌,안전운전불이행,건조,맑음,단일로 - 지하차도(도로)내,화물,남,68세,상해없음,승용,여,58세,중상
2021110800100408,2021년 11월 8일 16시,월요일,경상북도 경주시 보문동,경상사고,0,0,3,0,차대차 - 추돌,안전운전불이행,건조,맑음,단일로 - 기타,승용,남,74세,상해없음,승합,남,52세,상해없음
2021110800100409,2021년 11월 8일 16시,월요일,경상북도 포항시 북구 덕산동,경상사고,0,0,2,0,차대차 - 기타,안전운전불이행,건조,맑음,단일로 - 기타,화물,남,48세,상해없음,승용,남,39세,경상
2021110800100460,2021년 11월 8일 17시,월요일,경상북도 칠곡군 약목면,경상사고,0,0,1,0,차대차 - 후진중충돌,안전운전불이행,건조,맑음,단일로 - 기타,승용,남,34세,상해없음,승용,여,35세,경상
2021110800100461,2021년 11월 8일 17시,월요일,경상북도 영천시 문외동,경상사고,0,0,1,0,차대사람 - 횡단중,보행자보호의무위반,건조,맑음,교차로 - 교차로안,승용,남,78세,상해없음,보행자,여,31세,경상
2021110800100462,2021년 11월 8일 17시,월요일,경상북도 경산시 하양읍,경상사고,0,0,1,0,차대차 - 측면충돌,신호위반,건조,맑음,교차로 - 교차로안,승용,남,76세,상해없음,승용,남,50세,경상
2021110800100463,2021년 11월 8일 17시,월요일,경상북도 성주군 수륜면,사망사고,1,0,0,0,차량단독 - 공작물충돌,신호위반,건조,맑음,교차로 - 교차로부근,화물,남,49세,사망,,,,
2021110800100464,2021년 11월 8일 17시,월요일,경상북도 고령군 개진면,경상사고,0,0,2,0,차대차 - 측면충돌,신호위반,건조,맑음,교차로 - 교차로안,승용,남,58세,상해없음,승용,남,56세,경상
2021110800100465,2021년 11월 8일 17시,월요일,경상북도 구미시 선산읍,중상사고,0,1,1,0,차대차 - 추돌,안전운전불이행,건조,흐림,단일로 - 기타,승용,여,56세,경상,농기계,남,71세,중상
2021110800100522,2021년 11월 8일 18시,월요일,경상북도 포항시 북구 흥해읍,경상사고,0,0,2,0,차대차 - 측면충돌,안전운전불이행,건조,맑음,교차로 - 교차로안,승용,남,75세,상해없음,승용,남,44세,경상
2021110800100523,2021년 11월 8일 18시,월요일,경상북도 포항시 북구 학산동,중상사고,0,1,0,0,차대사람 - 횡단중,보행자보호의무위반,건조,맑음,단일로 - 기타,승용,남,23세,상해없음,보행자,남,31세,중상
2021110800100524,2021년 11월 8일 18시,월요일,경상북도 안동시 안기동,부상신고사고,0,0,0,1,차대차 - 추돌,안전운전불이행,건조,맑음,단일로 - 기타,이륜,남,41세,부상신고,승용,남,47세,상해없음
2021110800100525,2021년 11월 8일 18시,월요일,경상북도 김천시 조마면,경상사고,0,0,1,0,차대차 - 추돌,안전운전불이행,건조,맑음,교차로 - 교차로부근,승용,남,42세,상해없음,이륜,여,63세,경상
2021110800100526,2021년 11월 8일 18시,월요일,경상북도 칠곡군 석적읍,경상사고,0,0,2,0,차대차 - 측면충돌,신호위반,건조,맑음,교차로 - 교차로안,승용,남,36세,상해없음,승용,남,41세,경상
2021110800100527,2021년 11월 8일 18시,월요일,경상북도 봉화군 재산면,중상사고,0,1,0,0,차대사람 - 기타,안전운전불이행,건조,맑음,기타 - 기타,승용,남,27세,상해없음,보행자,여,52세,중상
2021110800100528,2021년 11월 8일 18시,월요일,경상북도 포항시 남구 대잠동,경상사고,0,0,1,0,차대사람 - 기타,안전운전불이행,건조,맑음,교차로 - 교차로안,승용,여,24세,상해없음,보행자,남,54세,경상
2021110800100580,2021년 11월 8일 19시,월요일,경상북도 포항시 북구 양덕동,경상사고,0,0,1,0,차대사람 - 차도통행중,안전운전불이행,건조,맑음,단일로 - 기타,승용,여,54세,상해없음,보행자,여,74세,경상
2021110800100581,2021년 11월 8일 19시,월요일,경상북도 안동시 옥동,경상사고,0,0,1,0,차대차 - 기타,기타,건조,맑음,단일로 - 기타,이륜,남,47세,상해없음,이륜,남,44세,경상
2021110800100617,2021년 11월 8일 20시,월요일,경상북도 경주시 황성동,중상사고,0,1,0,0,차대차 - 측면충돌,안전운전불이행,건조,맑음,교차로 - 교차로부근,승용,여,43세,상해없음,화물,남,52세,중상
2021110800100648,2021년 11월 8일 21시,월요일,경상북도 경산시 임당동,경상사고,0,0,2,0,차대차 - 추돌,안전운전불이행,건조,맑음,교차로 - 교차로부근,승용,남,33세,상해없음,승용,남,59세,경상
2021110900100019,2021년 11월 9일 01시,화요일,경상북도 칠곡군 지천면,경상사고,0,0,1,0,차대차 - 측면충돌,안전운전불이행,건조,맑음,주차장 - 주차장,승용,남,60세,상해없음,화물,남,50세,경상
2021110900100035,2021년 11월 9일 04시,화요일,경상북도 포항시 북구 죽도동,중상사고,0,1,0,0,차대차 - 기타,직진우회전진행방해,건조,맑음,교차로 - 교차로안,승용,남,74세,상해없음,승합,남,52세,상해없음
2021110900100101,2021년 11월 9일 08시,화요일,경상북도 경주시 황성동,경상사고,0,0,1,0,차대차 - 측면충돌,안전운전불이행,건조,맑음,교차로 - 교차로부근,승용,남,68세,상해없음,승용,남,68세,경상
2021110900100102,2021년 11월 9일 08시,화요일,경상북도 포항시 북구 흥해읍,경상사고,0,0,1,0,차대차 - 측면충돌,안전운전불이행,건조,맑음,단일로 - 기타,승용,여,47세,상해없음,승용,남,35세,경상
2021110900100103,2021년 11월 9일 08시,화요일,경상북도 상주시 남성동,경상사고,0,0,1,0,차대차 - 기타,교차로운행방법위반,젖음/습기,비,교차로 - 교차로안,화물,남,65세,상해없음,자전거,남,60세,경상
2021110900100104,2021년 11월 9일 08시,화요일,경상북도 칠곡군 동명면,경상사고,0,0,1,0,차대차 - 측면충돌,안전거리미확보,건조,맑음,교차로 - 교차로안,화물,남,66세,상해없음,승용,남,24세,경상
2021110900100105,2021년 11월 9일 08시,화요일,경상북도 구미시 임은동,경상사고,0,0,1,0,차대차 - 추돌,안전운전불이행,건조,맑음,단일로 - 기타,화물,남,50세,상해없음,화물,남,66세,경상
2021110900100137,2021년 11월 9일 09시,화요일,경상북도 포항시 남구 송도동,경상사고,0,0,1,0,차대차 - 추돌,안전운전불이행,건조,맑음,교차로 - 교차로부근,승용,여,37세,상해없음,승용,여,53세,경상
2021110900100167,2021년 11월 9일 10시,화요일,경상북도 안동시 목성동,중상사고,0,1,0,0,차대사람 - 기타,안전운전불이행,건조,맑음,기타 - 기타,승용,여,40세,상해없음,보행자,여,72세,중상
2021110900100168,2021년 11월 9일 10시,화요일,경상북도 구미시 사곡동,중상사고,0,1,1,0,차대차 - 추돌,안전운전불이행,건조,맑음,단일로 - 기타,승용,남,27세,상해없음,승용,여,51세,중상
2021110900100210,2021년 11월 9일 11시,화요일,경상북도 경주시 황성동,경상사고,0,0,1,0,차대차 - 측면충돌,중앙선침범,건조,맑음,단일로 - 기타,승용,여,56세,상해없음,승용,여,49세,경상
2021110900100211,2021년 11월 9일 11시,화요일,경상북도 상주시 모서면,경상사고,0,0,1,0,차대사람 - 기타,안전운전불이행,젖음/습기,흐림,단일로 - 기타,승용,여,61세,상해없음,보행자,남,52세,경상
2021110900100212,2021년 11월 9일 11시,화요일,경상북도 영주시 문정동,경상사고,0,0,1,0,차대차 - 측면충돌,안전운전불이행,건조,맑음,교차로 - 교차로안,승용,남,25세,상해없음,승용,남,36세,경상
2021110900100213,2021년 11월 9일 11시,화요일,경상북도 문경시 농암면,중상사고,0,1,0,0,차량단독 - 기타,안전운전불이행,젖음/습기,흐림,단일로 - 기타,이륜,여,74세,중상,,,,
2021110900100214,2021년 11월 9일 11시,화요일,경상북도 포항시 남구 대도동,경상사고,0,0,1,0,차량단독 - 전도전복 - 전도,안전운전불이행,건조,맑음,교차로 - 교차로부근,자전거,여,68세,경상,,,,
2021110900100215,2021년 11월 9일 11시,화요일,경상북도 고령군 성산면,중상사고,0,1,0,0,차량단독 - 공작물충돌,안전운전불이행,젖음/습기,맑음,단일로 - 기타,승용,여,31세,중상,,,,
2021110900100279,2021년 11월 9일 13시,화요일,경상북도 영양군 영양읍,경상사고,0,0,1,0,차대차 - 후진중충돌,중앙선침범,건조,맑음,단일로 - 기타,화물,남,71세,상해없음,승용,남,77세,경상
2021110900100317,2021년 11월 9일 14시,화요일,경상북도 포항시 북구 양덕동,경상사고,0,0,1,0,차대차 - 정면충돌,안전운전불이행,건조,맑음,교차로 - 교차로부근,승용,여,46세,상해없음,승용,남,41세,경상
2021110900100318,2021년 11월 9일 14시,화요일,경상북도 영주시 하망동,중상사고,0,1,0,0,차대사람 - 횡단중,보행자보호의무위반,건조,맑음,교차로 - 교차로횡단보도내,승합,남,70세,상해없음,보행자,남,85세,중상
2021110900100319,2021년 11월 9일 14시,화요일,경상북도 포항시 남구 해도동,중상사고,0,1,0,0,차대사람 - 길가장자리구역통행중,안전운전불이행,건조,맑음,단일로 - 기타,승용,여,52세,상해없음,보행자,여,70세,중상
2021110900100345,2021년 11월 9일 15시,화요일,경상북도 경주시 외동읍,경상사고,0,0,1,0,차대차 - 측면충돌,안전운전불이행,건조,흐림,단일로 - 교량,승용,남,45세,상해없음,화물,남,47세,경상
2021110900100346,2021년 11월 9일 15시,화요일,경상북도 영양군 영양읍,경상사고,0,0,1,0,차대차 - 측면충돌,기타,건조,맑음,교차로 - 교차로안,화물,남,25세,상해없음,승용,여,60세,경상
2021110900100384,2021년 11월 9일 16시,화요일,경상북도 상주시 함창읍,중상사고,0,1,0,0,차량단독 - 공작물충돌,안전운전불이행,건조,맑음,단일로 - 기타,이륜,남,46세,중상,,,,
2021110900100385,2021년 11월 9일 16시,화요일,경상북도 영천시 완산동,경상사고,0,0,2,0,차대차 - 측면충돌,신호위반,건조,맑음,교차로 - 교차로안,승용,여,57세,경상,승용,여,69세,경상
2021110900100386,2021년 11월 9일 16시,화요일,경상북도 문경시 모전동,중상사고,0,1,1,0,차대차 - 측면충돌,신호위반,젖음/습기,비,교차로 - 교차로안,화물,여,77세,중상,화물,남,35세,경상
2021110900100436,2021년 11월 9일 17시,화요일,경상북도 안동시 이천동,중상사고,0,1,0,0,차대차 - 추돌,안전운전불이행,건조,맑음,단일로 - 기타,승용,남,65세,상해없음,농기계,남,76세,중상
2021110900100437,2021년 11월 9일 17시,화요일,경상북도 김천시 어모면,중상사고,0,1,1,0,차대차 - 측면충돌,교차로운행방법위반,건조,맑음,교차로 - 교차로안,승용,여,22세,중상,승용,남,62세,경상
2021110900100438,2021년 11월 9일 17시,화요일,경상북도 영주시 휴천동,중상사고,0,1,0,0,차대사람 - 기타,안전운전불이행,젖음/습기,흐림,교차로 - 교차로부근,화물,남,72세,상해없음,보행자,여,69세,중상
2021110900100439,2021년 11월 9일 17시,화요일,경상북도 성주군 선남면,경상사고,0,0,1,0,차대사람 - 차도통행중,안전운전불이행,건조,흐림,교차로 - 교차로부근,승용,남,47세,상해없음,보행자,여,56세,경상
2021110900100440,2021년 11월 9일 17시,화요일,경상북도 포항시 남구 해도동,부상신고사고,0,0,0,1,차대차 - 측면충돌,교차로운행방법위반,건조,맑음,교차로 - 교차로안,승용,여,61세,상해없음,승용,남,40세,부상신고
2021110900100500,2021년 11월 9일 18시,화요일,경상북도 영주시 하망동,중상사고,0,1,0,0,차대사람 - 차도통행중,안전운전불이행,건조,맑음,교차로 - 교차로안,승용,여,51세,상해없음,보행자,여,72세,중상
2021110900100501,2021년 11월 9일 18시,화요일,경상북도 경산시 평산동,경상사고,0,0,3,0,차대차 - 정면충돌,안전운전불이행,건조,맑음,교차로 - 교차로안,승용,여,61세,상해없음,승용,여,37세,경상
2021110900100502,2021년 11월 9일 18시,화요일,경상북도 경산시 사동,중상사고,0,1,0,0,차대사람 - 횡단중,보행자보호의무위반,건조,맑음,교차로 - 교차로부근,승합,남,37세,상해없음,보행자,여,15세,중상
2021110900100503,2021년 11월 9일 18시,화요일,경상북도 영덕군 영해면,중상사고,0,1,0,0,차대차 - 기타,중앙선침범,건조,맑음,단일로 - 기타,자전거,남,29세,상해없음,이륜,남,48세,중상
2021110900100504,2021년 11월 9일 18시,화요일,경상북도 구미시 임은동,경상사고,0,0,2,0,차대차 - 기타,교차로운행방법위반,젖음/습기,맑음,교차로 - 교차로안,승용,남,45세,기타불명,승용,남,27세,경상
2021110900100559,2021년 11월 9일 19시,화요일,경상북도 포항시 남구 상도동,경상사고,0,0,2,0,차대차 - 측면충돌,안전거리미확보,건조,흐림,교차로 - 교차로부근,승용,남,49세,상해없음,승용,남,25세,경상
2021110900100602,2021년 11월 9일 20시,화요일,경상북도 포항시 남구 해도동,경상사고,0,0,1,0,차대차 - 측면충돌,안전운전불이행,건조,맑음,교차로 - 교차로부근,승합,남,53세,상해없음,자전거,여,66세,경상
2021111000100030,2021년 11월 10일 02시,수요일,경상북도 포항시 북구 중앙동,경상사고,0,0,1,0,차대차 - 측면충돌,안전운전불이행,건조,맑음,단일로 - 기타,승용,남,62세,상해없음,승용,남,61세,경상
2021111000100065,2021년 11월 10일 06시,수요일,경상북도 의성군 의성읍,중상사고,0,2,0,0,차량단독 - 공작물충돌,안전운전불이행,젖음/습기,비,기타 - 기타,승용,남,78세,중상,,,,
2021111000100087,2021년 11월 10일 07시,수요일,경상북도 안동시 평화동,경상사고,0,0,1,0,차대차 - 기타,신호위반,건조,맑음,교차로 - 교차로안,승용,남,57세,상해없음,승용,남,51세,경상
2021111000100088,2021년 11월 10일 07시,수요일,경상북도 상주시 공성면,경상사고,0,0,1,0,차대차 - 측면충돌,안전운전불이행,건조,흐림,단일로 - 기타,승용,남,33세,상해없음,화물,남,65세,경상
2021111000100089,2021년 11월 10일 07시,수요일,경상북도 칠곡군 가산면,중상사고,0,1,0,0,차량단독 - 도로외이탈 - 추락,안전운전불이행,젖음/습기,비,단일로 - 기타,승합,여,46세,중상,,,,
2021111000100090,2021년 11월 10일 07시,수요일,경상북도 포항시 남구 동해면,경상사고,0,0,2,0,차대차 - 측면충돌,안전운전불이행,건조,맑음,교차로 - 교차로부근,승용,남,56세,경상,화물,남,50세,경상
2021111000100128,2021년 11월 10일 08시,수요일,경상북도 안동시 안막동,경상사고,0,0,1,0,차대차 - 후진중충돌,안전운전불이행,건조,맑음,단일로 - 기타,승용,남,66세,상해없음,승용,여,37세,경상
2021111000100129,2021년 11월 10일 08시,수요일,경상북도 영천시 화룡동,경상사고,0,0,1,1,차대차 - 측면충돌,안전운전불이행,건조,맑음,교차로 - 교차로안,승용,여,33세,부상신고,승용,여,30세,경상
2021111000100130,2021년 11월 10일 08시,수요일,경상북도 구미시 도량동,경상사고,0,0,1,0,차대차 - 측면충돌,안전운전불이행,건조,맑음,교차로 - 교차로안,승용,여,57세,상해없음,승용,남,63세,경상
2021111000100167,2021년 11월 10일 09시,수요일,경상북도 영천시 고경면,경상사고,0,0,1,0,차대차 - 측면충돌,안전거리미확보,건조,맑음,단일로 - 기타,승합,남,64세,상해없음,화물,남,76세,경상
2021111000100187,2021년 11월 10일 10시,수요일,경상북도 청도군 청도읍,사망사고,1,0,0,0,차량단독 - 도로외이탈 - 기타,안전운전불이행,건조,맑음,단일로 - 기타,화물,남,47세,사망,,,,
2021111000100213,2021년 11월 10일 11시,수요일,경상북도 경주시 율동,중상사고,0,2,0,0,차대차 - 측면충돌,신호위반,건조,맑음,기타 - 기타,화물,남,64세,상해없음,승용,여,45세,중상
2021111000100239,2021년 11월 10일 12시,수요일,경상북도 포항시 북구 죽도동,사망사고,1,0,0,0,차대사람 - 횡단중,안전운전불이행,건조,맑음,단일로 - 기타,이륜,남,26세,상해없음,보행자,여,94세,사망
2021111000100265,2021년 11월 10일 13시,수요일,경상북도 포항시 북구 학산동,경상사고,0,0,2,0,차대차 - 기타,안전운전불이행,건조,맑음,교차로 - 교차로안,화물,여,60세,상해없음,승용,여,37세,경상
2021111000100266,2021년 11월 10일 13시,수요일,경상북도 구미시 황상동,경상사고,0,0,1,0,차대차 - 기타,안전운전불이행,건조,맑음,교차로 - 교차로부근,화물,남,57세,상해없음,이륜,남,46세,경상
2021111000100267,2021년 11월 10일 13시,수요일,경상북도 포항시 남구 구룡포읍,경상사고,0,0,1,0,차대차 - 추돌,안전운전불이행,건조,맑음,단일로 - 기타,승용,남,56세,상해없음,이륜,여,51세,경상
2021111000100332,2021년 11월 10일 15시,수요일,경상북도 포항시 북구 기북면,중상사고,0,1,0,0,차대차 - 측면충돌,교차로운행방법위반,건조,맑음,교차로 - 교차로안,화물,남,57세,상해없음,농기계,남,68세,중상
2021111000100333,2021년 11월 10일 15시,수요일,경상북도 칠곡군 북삼읍,중상사고,0,1,1,0,차대차 - 추돌,안전운전불이행,건조,맑음,교차로 - 교차로부근,승용,여,39세,상해없음,승용,여,31세,중상
2021111000100370,2021년 11월 10일 16시,수요일,경상북도 영덕군 영덕읍,경상사고,0,0,1,0,차대차 - 정면충돌,안전운전불이행,건조,맑음,교차로 - 교차로안,승용,여,35세,상해없음,자전거,여,61세,경상
2021111000100463,2021년 11월 10일 18시,수요일,경상북도 포항시 북구 남빈동,중상사고,0,1,2,0,차대차 - 측면충돌,안전운전불이행,건조,맑음,교차로 - 교차로안,승용,남,64세,상해없음,승합,남,44세,상해없음
2021111000100464,2021년 11월 10일 18시,수요일,경상북도 의성군 의성읍,경상사고,0,0,1,0,차대차 - 기타,중앙선침범,건조,맑음,단일로 - 기타,화물,여,52세,상해없음,이륜,남,36세,경상
2021111000100465,2021년 11월 10일 18시,수요일,경상북도 구미시 지산동,경상사고,0,0,1,0,차대차 - 측면충돌,안전운전불이행,건조,맑음,교차로 - 교차로안,승용,남,35세,상해없음,승용,남,29세,경상
2021111000100517,2021년 11월 10일 19시,수요일,경상북도 칠곡군 석적읍,경상사고,0,0,2,0,차대차 - 기타,안전운전불이행,건조,흐림,교차로 - 교차로부근,이륜,남,43세,경상,이륜,남,25세,경상
2021111000100518,2021년 11월 10일 19시,수요일,경상북도 포항시 남구 오천읍,경상사고,0,0,1,0,차대사람 - 길가장자리구역통행중,안전운전불이행,건조,맑음,단일로 - 기타,승용,남,51세,상해없음,보행자,남,38세,경상
2021111000100555,2021년 11월 10일 20시,수요일,경상북도 구미시 산동읍,중상사고,0,1,0,0,차대차 - 측면충돌,중앙선침범,건조,맑음,교차로 - 교차로안,승용,남,40세,상해없음,승용,남,33세,중상
2021111000100556,2021년 11월 10일 20시,수요일,경상북도 포항시 남구 효자동,경상사고,0,0,1,0,차대사람 - 횡단중,보행자보호의무위반,건조,맑음,교차로 - 교차로안,승용,남,73세,상해없음,보행자,여,66세,경상
2021111000100586,2021년 11월 10일 21시,수요일,경상북도 구미시 사곡동,경상사고,0,0,1,0,차대차 - 기타,안전거리미확보,건조,흐림,교차로 - 교차로부근,승용,남,64세,상해없음,이륜,남,48세,경상
2021111000100609,2021년 11월 10일 22시,수요일,경상북도 포항시 남구 상도동,경상사고,0,0,1,0,차대차 - 측면충돌,중앙선침범,건조,맑음,단일로 - 기타,승용,남,66세,상해없음,승용,여,50세,경상
2021111100100053,2021년 11월 11일 06시,목요일,경상북도 포항시 북구 우현동,경상사고,0,0,1,0,차대차 - 기타,교차로운행방법위반,건조,맑음,교차로 - 교차로안,승용,남,57세,상해없음,승용,여,55세,경상
2021111100100054,2021년 11월 11일 06시,목요일,경상북도 구미시 도량동,중상사고,0,1,0,0,차대사람 - 횡단중,안전운전불이행,건조,맑음,단일로 - 기타,승용,남,39세,상해없음,보행자,여,77세,중상
2021111100100089,2021년 11월 11일 07시,목요일,경상북도 포항시 북구 양덕동,중상사고,0,1,0,0,차대사람 - 횡단중,안전운전불이행,건조,맑음,교차로 - 교차로횡단보도내,화물,남,66세,상해없음,보행자,여,71세,중상
2021111100100090,2021년 11월 11일 07시,목요일,경상북도 경산시 조영동,경상사고,0,0,2,0,차대차 - 측면충돌,안전거리미확보,건조,맑음,단일로 - 기타,승용,여,34세,상해없음,화물,남,52세,경상
2021111100100091,2021년 11월 11일 07시,목요일,경상북도 구미시 도량동,경상사고,0,0,1,0,차대사람 - 기타,안전운전불이행,건조,맑음,기타 - 기타,승용,여,48세,기타불명,보행자,여,53세,경상
2021111100100092,2021년 11월 11일 07시,목요일,경상북도 포항시 남구 송도동,중상사고,0,1,0,0,차대사람 - 횡단중,보행자보호의무위반,건조,맑음,교차로 - 교차로횡단보도내,화물,남,82세,상해없음,보행자,여,83세,중상
2021111100100093,2021년 11월 11일 07시,목요일,경상북도 포항시 남구 동해면,경상사고,0,0,3,0,차대차 - 추돌,차로위반,건조,맑음,단일로 - 고가도로위,화물,남,60세,상해없음,화물,남,67세,상해없음
2021111100100094,2021년 11월 11일 07시,목요일,경상북도 포항시 남구 대도동,경상사고,0,0,2,0,차대차 - 기타,안전거리미확보,건조,맑음,단일로 - 기타,승용,남,23세,상해없음,승용,남,60세,경상
2021111100100167,2021년 11월 11일 09시,목요일,경상북도 영주시 문수면,중상사고,0,1,0,0,차대차 - 추돌,안전운전불이행,건조,맑음,단일로 - 기타,화물,남,39세,상해없음,승용,여,57세,중상
2021111100100168,2021년 11월 11일 09시,목요일,경상북도 영덕군 강구면,경상사고,0,0,1,0,차대차 - 추돌,안전운전불이행,건조,맑음,교차로 - 교차로안,건설기계,남,49세,상해없음,화물,남,67세,경상
2021111100100169,2021년 11월 11일 09시,목요일,경상북도 포항시 남구 오천읍,경상사고,0,0,1,0,차대차 - 측면충돌,안전운전불이행,건조,맑음,교차로 - 교차로부근,승용,남,41세,상해없음,승용,여,57세,경상
2021111100100170,2021년 11월 11일 09시,목요일,경상북도 칠곡군 가산면,경상사고,0,0,4,0,차대차 - 추돌,안전거리미확보,건조,맑음,단일로 - 기타,화물,남,58세,경상,승용,남,30세,경상
2021111100100195,2021년 11월 11일 10시,목요일,경상북도 상주시 헌신동,중상사고,0,1,3,0,차대차 - 측면충돌,직진우회전진행방해,건조,맑음,교차로 - 교차로안,승용,남,58세,상해없음,승합,남,49세,경상
2021111100100196,2021년 11월 11일 10시,목요일,경상북도 구미시 원평동,경상사고,0,0,1,0,차대차 - 측면충돌,안전운전불이행,건조,맑음,교차로 - 교차로안,화물,남,71세,상해없음,화물,남,63세,경상