사고번호,사고일시,요일,시군구,사고내용,사망자수,중상자수,경상자수,부상신고자수,사고유형,법규위반,노면상태,기상상태,도로형태,가해운전자 차종,가해운전자 성별,가해운전자 연령,가해운전자 상해정도,피해운전자 차종,피해운전자 성별,피해운전자 연령,피해운전자 상해정도
2021111100100234,2021년 11월 11일 11시,목요일,경상북도 포항시 북구 창포동,경상사고,0,0,2,0,차대차 - 측면충돌,중앙선침범,건조,맑음,교차로 - 교차로부근,승용,남,74세,기타불명,승용,여,29세,경상
2021111100100235,2021년 11월 11일 11시,목요일,경상북도 영덕군 축산면,중상사고,0,1,3,0,차대차 - 측면충돌,직진우회전진행방해,건조,맑음,교차로 - 교차로안,승용,여,30세,경상,화물,남,56세,경상
2021111100100236,2021년 11월 11일 11시,목요일,경상북도 예천군 지보면,중상사고,0,1,0,0,차대차 - 측면충돌,중앙선침범,건조,맑음,단일로 - 기타,건설기계,남,51세,상해없음,건설기계,남,54세,중상
2021111100100237,2021년 11월 11일 11시,목요일,경상북도 포항시 남구 상도동,경상사고,0,0,1,0,차대차 - 추돌,안전운전불이행,건조,맑음,교차로 - 교차로부근,원동기,남,30세,상해없음,승용,남,58세,경상
2021111100100238,2021년 11월 11일 11시,목요일,경상북도 칠곡군 가산면,중상사고,0,1,2,0,차대차 - 추돌,안전운전불이행,건조,맑음,단일로 - 터널,승합,남,55세,상해없음,승용,여,66세,중상
2021111100100262,2021년 11월 11일 12시,목요일,경상북도 포항시 북구 죽도동,경상사고,0,0,3,0,차대차 - 기타,교차로운행방법위반,건조,맑음,교차로 - 교차로부근,승용,남,75세,상해없음,승용,남,21세,경상
2021111100100263,2021년 11월 11일 12시,목요일,경상북도 상주시 함창읍,경상사고,0,0,1,0,차대차 - 기타,안전운전불이행,건조,맑음,단일로 - 기타,이륜,남,27세,경상,승용,여,24세,상해없음
2021111100100264,2021년 11월 11일 12시,목요일,경상북도 영주시 고현동,사망사고,1,1,0,0,차대차 - 측면충돌,중앙선침범,건조,맑음,단일로 - 기타,승용,여,66세,중상,승용,남,79세,사망
2021111100100295,2021년 11월 11일 13시,목요일,경상북도 문경시 윤직동,중상사고,0,1,0,0,차대차 - 추돌,안전운전불이행,건조,맑음,단일로 - 기타,승용,남,72세,상해없음,승용,남,50세,중상
2021111100100296,2021년 11월 11일 13시,목요일,경상북도 청도군 이서면,경상사고,0,0,1,0,차대차 - 측면충돌,중앙선침범,건조,맑음,교차로 - 교차로부근,승용,남,74세,상해없음,승용,남,37세,경상
2021111100100323,2021년 11월 11일 14시,목요일,경상북도 경주시 외동읍,중상사고,0,1,1,0,차대차 - 추돌,안전운전불이행,건조,맑음,단일로 - 기타,승용,남,18세,상해없음,승용,여,48세,중상
2021111100100354,2021년 11월 11일 15시,목요일,경상북도 안동시 금곡동,경상사고,0,0,1,0,차대차 - 기타,교차로운행방법위반,건조,맑음,교차로 - 교차로안,승용,남,43세,상해없음,승용,남,61세,상해없음
2021111100100355,2021년 11월 11일 15시,목요일,경상북도 김천시 교동,중상사고,0,1,0,0,차대사람 - 차도통행중,안전운전불이행,건조,맑음,기타 - 기타,이륜,남,16세,상해없음,보행자,남,57세,중상
2021111100100356,2021년 11월 11일 15시,목요일,경상북도 상주시 공성면,중상사고,0,1,0,0,차대사람 - 차도통행중,안전운전불이행,젖음/습기,비,단일로 - 기타,승용,여,38세,상해없음,보행자,여,74세,중상
2021111100100393,2021년 11월 11일 16시,목요일,경상북도 포항시 남구 대잠동,경상사고,0,0,2,0,차대차 - 측면충돌,교차로운행방법위반,건조,맑음,교차로 - 교차로안,화물,남,60세,상해없음,승용,남,34세,경상
2021111100100495,2021년 11월 11일 18시,목요일,경상북도 김천시 황금동,경상사고,0,0,1,0,차대차 - 측면충돌,교차로운행방법위반,건조,맑음,교차로 - 교차로안,화물,남,55세,상해없음,자전거,남,71세,경상
2021111100100496,2021년 11월 11일 18시,목요일,경상북도 칠곡군 북삼읍,경상사고,0,0,1,0,차대차 - 측면충돌,안전거리미확보,건조,맑음,단일로 - 기타,특수,남,52세,상해없음,승용,남,60세,경상
2021111100100497,2021년 11월 11일 18시,목요일,경상북도 영천시 금호읍,중상사고,0,1,1,0,차대차 - 정면충돌,중앙선침범,건조,맑음,교차로 - 교차로부근,승용,여,38세,기타불명,승용,남,56세,경상
2021111100100498,2021년 11월 11일 18시,목요일,경상북도 경산시 중방동,경상사고,0,0,1,0,차대차 - 측면충돌,안전운전불이행,건조,맑음,교차로 - 교차로안,승용,남,64세,상해없음,자전거,여,58세,경상
2021111100100499,2021년 11월 11일 18시,목요일,경상북도 울진군 근남면,사망사고,1,0,0,0,차대사람 - 횡단중,안전운전불이행,건조,맑음,교차로 - 교차로부근,화물,여,19세,상해없음,보행자,여,79세,사망
2021111100100500,2021년 11월 11일 18시,목요일,경상북도 구미시 신평동,경상사고,0,0,1,0,차대사람 - 횡단중,보행자보호의무위반,건조,맑음,교차로 - 교차로횡단보도내,승용,남,47세,상해없음,보행자,남,35세,경상
2021111100100501,2021년 11월 11일 18시,목요일,경상북도 구미시 상모동,경상사고,0,0,1,0,차대차 - 기타,안전운전불이행,건조,맑음,단일로 - 기타,승용,남,66세,상해없음,승용,남,26세,경상
2021111100100603,2021년 11월 11일 21시,목요일,경상북도 성주군 성주읍,중상사고,0,1,0,0,차량단독 - 공작물충돌,안전운전불이행,건조,맑음,교차로 - 교차로부근,화물,여,49세,중상,,,,
2021111100100604,2021년 11월 11일 21시,목요일,경상북도 포항시 남구 해도동,중상사고,0,1,0,0,차대사람 - 횡단중,안전운전불이행,건조,맑음,단일로 - 기타,승용,여,35세,상해없음,보행자,남,65세,중상
2021111100100631,2021년 11월 11일 22시,목요일,경상북도 칠곡군 석적읍,경상사고,0,0,1,0,차대사람 - 기타,안전운전불이행,건조,맑음,교차로 - 교차로안,화물,남,40세,상해없음,보행자,여,33세,경상
2021111100100652,2021년 11월 11일 23시,목요일,경상북도 안동시 옥동,경상사고,0,0,2,0,차대차 - 기타,교차로운행방법위반,건조,맑음,교차로 - 교차로안,승용,남,19세,상해없음,승용,남,43세,경상
2021111200100049,2021년 11월 12일 05시,금요일,경상북도 고령군 개진면,중상사고,0,1,1,0,차대차 - 추돌,안전운전불이행,건조,맑음,단일로 - 기타,화물,남,58세,중상,화물,남,58세,경상
2021111200100109,2021년 11월 12일 08시,금요일,경상북도 영주시 가흥동,중상사고,0,1,0,0,차대차 - 기타,교차로운행방법위반,건조,맑음,교차로 - 교차로안,화물,남,66세,상해없음,승합,남,56세,상해없음
2021111200100110,2021년 11월 12일 08시,금요일,경상북도 칠곡군 북삼읍,경상사고,0,0,1,0,차대사람 - 기타,안전운전불이행,건조,맑음,단일로 - 기타,승용,남,49세,상해없음,보행자,남,46세,경상
2021111200100111,2021년 11월 12일 08시,금요일,경상북도 경산시 중방동,경상사고,0,0,1,0,차대사람 - 보도통행중,보행자보호의무위반,건조,맑음,교차로 - 교차로안,승용,남,50세,상해없음,보행자,남,7세,경상
2021111200100112,2021년 11월 12일 08시,금요일,경상북도 경산시 대정동,경상사고,0,0,1,0,차대사람 - 기타,안전운전불이행,건조,맑음,단일로 - 기타,승용,남,66세,상해없음,보행자,남,12세,경상
2021111200100113,2021년 11월 12일 08시,금요일,경상북도 영주시 이산면,중상사고,0,1,0,0,차대사람 - 기타,안전운전불이행,건조,맑음,기타 - 기타,승용,여,43세,상해없음,보행자,여,68세,중상
2021111200100149,2021년 11월 12일 09시,금요일,경상북도 군위군 군위읍,경상사고,0,0,1,0,차대사람 - 길가장자리구역통행중,안전운전불이행,건조,맑음,단일로 - 기타,승용,여,74세,상해없음,보행자,여,79세,경상
2021111200100150,2021년 11월 12일 09시,금요일,경상북도 포항시 남구 대잠동,경상사고,0,0,1,0,차량단독 - 기타,안전운전불이행,건조,맑음,단일로 - 기타,승용,남,55세,상해없음,,,,
2021111200100151,2021년 11월 12일 09시,금요일,경상북도 포항시 남구 대잠동,경상사고,0,0,1,0,차대차 - 측면충돌,안전거리미확보,건조,맑음,단일로 - 기타,승용,남,40세,상해없음,화물,남,37세,경상
2021111200100181,2021년 11월 12일 10시,금요일,경상북도 포항시 북구 상원동,경상사고,0,0,2,0,차대차 - 추돌,안전거리미확보,건조,맑음,단일로 - 기타,승용,남,54세,상해없음,승용,남,30세,경상
2021111200100217,2021년 11월 12일 11시,금요일,경상북도 포항시 북구 용흥동,경상사고,0,0,1,0,차대차 - 측면충돌,차로위반,건조,맑음,단일로 - 기타,화물,남,67세,상해없음,승용,여,35세,경상
2021111200100218,2021년 11월 12일 11시,금요일,경상북도 안동시 송현동,중상사고,0,1,0,0,차대차 - 측면충돌,교차로운행방법위반,건조,맑음,교차로 - 교차로부근,승용,여,64세,중상,화물,남,49세,상해없음
2021111200100219,2021년 11월 12일 11시,금요일,경상북도 포항시 남구 대도동,경상사고,0,0,1,0,차대차 - 측면충돌,직진우회전진행방해,건조,맑음,교차로 - 교차로안,승용,여,28세,상해없음,승합,남,57세,경상
2021111200100248,2021년 11월 12일 12시,금요일,경상북도 포항시 북구 죽도동,경상사고,0,0,1,0,차대사람 - 횡단중,보행자보호의무위반,건조,맑음,교차로 - 교차로부근,승용,남,66세,상해없음,보행자,여,36세,경상
2021111200100249,2021년 11월 12일 12시,금요일,경상북도 상주시 공성면,경상사고,0,0,1,0,차대차 - 측면충돌,안전운전불이행,건조,맑음,교차로 - 교차로안,화물,남,73세,상해없음,승용,남,61세,경상
2021111200100250,2021년 11월 12일 12시,금요일,경상북도 경산시 하양읍,경상사고,0,0,2,0,차대차 - 측면충돌,교차로운행방법위반,건조,맑음,교차로 - 교차로안,승용,남,21세,경상,승용,여,39세,경상
2021111200100251,2021년 11월 12일 12시,금요일,경상북도 경산시 사동,경상사고,0,0,1,0,차대차 - 측면충돌,안전거리미확보,건조,맑음,단일로 - 기타,승용,여,33세,상해없음,이륜,남,47세,경상
2021111200100252,2021년 11월 12일 12시,금요일,경상북도 예천군 용궁면,중상사고,0,1,0,0,차대차 - 추돌,안전운전불이행,건조,맑음,교차로 - 교차로부근,건설기계,남,59세,상해없음,승용,남,65세,중상
2021111200100285,2021년 11월 12일 13시,금요일,경상북도 경주시 외동읍,사망사고,1,0,0,0,차대차 - 측면충돌,중앙선침범,건조,맑음,단일로 - 지하차도(도로)내,승용,여,56세,상해없음,이륜,남,18세,사망
2021111200100286,2021년 11월 12일 13시,금요일,경상북도 경주시 용강동,경상사고,0,0,1,0,차대사람 - 횡단중,안전운전불이행,건조,맑음,교차로 - 교차로안,승용,남,53세,상해없음,보행자,여,9세,경상
2021111200100287,2021년 11월 12일 13시,금요일,경상북도 구미시 구평동,중상사고,0,1,0,0,차대차 - 측면충돌,중앙선침범,건조,맑음,단일로 - 기타,화물,남,48세,상해없음,이륜,남,28세,중상
2021111200100324,2021년 11월 12일 14시,금요일,경상북도 의성군 안계면,중상사고,0,1,0,0,차대차 - 측면충돌,안전운전불이행,건조,맑음,교차로 - 교차로안,승용,여,55세,상해없음,이륜,남,69세,중상
2021111200100325,2021년 11월 12일 14시,금요일,경상북도 성주군 성주읍,경상사고,0,0,2,0,차대차 - 기타,직진우회전진행방해,건조,맑음,교차로 - 교차로안,자전거,여,54세,경상,자전거,여,63세,경상
2021111200100366,2021년 11월 12일 15시,금요일,경상북도 포항시 북구 장성동,경상사고,0,0,1,0,차대차 - 측면충돌,중앙선침범,건조,맑음,단일로 - 기타,승용,남,76세,상해없음,승용,여,57세,경상
2021111200100367,2021년 11월 12일 15시,금요일,경상북도 포항시 남구 대잠동,경상사고,0,0,1,0,차대차 - 추돌,안전운전불이행,건조,맑음,교차로 - 교차로부근,승용,남,56세,상해없음,승용,여,46세,경상
2021111200100368,2021년 11월 12일 15시,금요일,경상북도 구미시 도개면,중상사고,0,1,1,1,차대차 - 측면충돌,안전운전불이행,건조,맑음,단일로 - 기타,화물,남,61세,부상신고,승용,남,51세,경상
2021111200100405,2021년 11월 12일 16시,금요일,경상북도 안동시 일직면,경상사고,0,0,1,0,차대차 - 추돌,안전운전불이행,건조,맑음,단일로 - 기타,화물,남,58세,상해없음,화물,남,49세,경상
2021111200100447,2021년 11월 12일 17시,금요일,경상북도 칠곡군 가산면,경상사고,0,0,1,0,차대차 - 기타,안전운전불이행,건조,맑음,기타 - 기타,승용,남,21세,상해없음,승용,남,34세,경상
2021111200100448,2021년 11월 12일 17시,금요일,경상북도 문경시 모전동,경상사고,0,0,1,0,차대차 - 측면충돌,안전운전불이행,건조,맑음,교차로 - 교차로안,승용,여,43세,상해없음,자전거,남,71세,경상
2021111200100449,2021년 11월 12일 17시,금요일,경상북도 포항시 남구 대도동,경상사고,0,0,1,0,차대차 - 측면충돌,신호위반,건조,맑음,교차로 - 교차로횡단보도내,화물,남,52세,상해없음,자전거,남,56세,경상
2021111200100450,2021년 11월 12일 17시,금요일,경상북도 포항시 남구 해도동,경상사고,0,0,1,0,차대사람 - 길가장자리구역통행중,안전운전불이행,건조,맑음,단일로 - 지하차도(도로)내,승용,여,37세,상해없음,보행자,여,28세,경상
2021111200100506,2021년 11월 12일 18시,금요일,경상북도 안동시 운안동,경상사고,0,0,1,0,차대차 - 측면충돌,안전운전불이행,건조,맑음,교차로 - 교차로안,이륜,남,32세,경상,승용,여,34세,상해없음
2021111200100507,2021년 11월 12일 18시,금요일,경상북도 영주시 상망동,경상사고,0,0,2,0,차대사람 - 횡단중,보행자보호의무위반,건조,맑음,교차로 - 교차로횡단보도내,승용,여,40세,기타불명,보행자,여,70세,경상
2021111200100508,2021년 11월 12일 18시,금요일,경상북도 군위군 효령면,중상사고,0,1,0,0,차대차 - 측면충돌,안전운전불이행,건조,맑음,교차로 - 교차로안,화물,남,55세,상해없음,승용,여,54세,중상
2021111200100509,2021년 11월 12일 18시,금요일,경상북도 포항시 남구 오천읍,중상사고,0,1,1,0,차대차 - 측면충돌,교차로운행방법위반,건조,맑음,교차로 - 교차로안,승용,남,46세,상해없음,자전거,남,12세,경상
2021111200100595,2021년 11월 12일 20시,금요일,경상북도 경주시 인왕동,경상사고,0,0,1,0,차대차 - 측면충돌,안전운전불이행,건조,맑음,교차로 - 교차로부근,승용,남,64세,상해없음,승용,남,45세,상해없음
2021111200100628,2021년 11월 12일 21시,금요일,경상북도 칠곡군 석적읍,경상사고,0,0,2,0,차대차 - 측면충돌,안전거리미확보,건조,맑음,단일로 - 기타,승용,남,31세,상해없음,승용,남,55세,경상
2021111200100629,2021년 11월 12일 21시,금요일,경상북도 포항시 남구 지곡동,경상사고,0,0,1,1,차대차 - 추돌,안전운전불이행,건조,맑음,단일로 - 기타,승용,여,43세,상해없음,승합,남,52세,경상
2021111200100676,2021년 11월 12일 23시,금요일,경상북도 포항시 북구 두호동,경상사고,0,0,1,0,차대차 - 정면충돌,신호위반,건조,맑음,교차로 - 교차로안,승용,남,20세,상해없음,승용,여,59세,경상
2021111300100016,2021년 11월 13일 00시,토요일,경상북도 포항시 남구 연일읍,경상사고,0,0,3,0,차대차 - 측면충돌,교차로운행방법위반,건조,맑음,교차로 - 교차로안,승용,남,52세,경상,승용,남,50세,경상
2021111300100040,2021년 11월 13일 01시,토요일,경상북도 경주시 동천동,경상사고,0,0,2,0,차대차 - 측면충돌,안전운전불이행,건조,맑음,교차로 - 교차로안,승용,남,64세,상해없음,승용,남,65세,경상
2021111300100070,2021년 11월 13일 05시,토요일,경상북도 영천시 화남면,경상사고,0,0,1,1,차대차 - 추돌,안전운전불이행,건조,맑음,교차로 - 교차로부근,화물,남,63세,상해없음,화물,남,54세,경상
2021111300100084,2021년 11월 13일 06시,토요일,경상북도 구미시 황상동,경상사고,0,0,1,0,차량단독 - 기타,안전운전불이행,건조,맑음,단일로 - 기타,승용,남,52세,상해없음,,,,
2021111300100139,2021년 11월 13일 09시,토요일,경상북도 구미시 도량동,경상사고,0,0,1,0,차대차 - 기타,안전운전불이행,건조,맑음,교차로 - 교차로부근,화물,남,35세,상해없음,승용,여,60세,경상
2021111300100220,2021년 11월 13일 11시,토요일,경상북도 경주시 북군동,중상사고,0,1,0,0,차대차 - 정면충돌,신호위반,건조,맑음,교차로 - 교차로부근,승용,남,39세,상해없음,이륜,남,63세,중상
2021111300100221,2021년 11월 13일 11시,토요일,경상북도 경주시 성동동,경상사고,0,0,1,0,차대차 - 기타,안전운전불이행,건조,맑음,주차장 - 주차장,승용,남,75세,상해없음,자전거,여,82세,경상
2021111300100222,2021년 11월 13일 11시,토요일,경상북도 김천시 응명동,중상사고,0,1,2,0,차대차 - 측면충돌,직진우회전진행방해,건조,맑음,교차로 - 교차로안,승용,남,40세,중상,화물,남,64세,경상
2021111300100223,2021년 11월 13일 11시,토요일,경상북도 예천군 용문면,중상사고,0,1,0,0,차대사람 - 기타,안전운전불이행,건조,맑음,교차로 - 교차로안,승용,남,69세,상해없음,보행자,남,76세,중상
2021111300100224,2021년 11월 13일 11시,토요일,경상북도 울진군 후포면,부상신고사고,0,0,0,1,차대차 - 추돌,안전운전불이행,건조,맑음,단일로 - 기타,화물,남,40세,상해없음,화물,남,78세,부상신고
2021111300100225,2021년 11월 13일 11시,토요일,경상북도 포항시 남구 장기면,경상사고,0,0,1,0,차대차 - 후진중충돌,안전운전불이행,건조,맑음,단일로 - 기타,화물,남,61세,상해없음,자전거,남,53세,경상
2021111300100259,2021년 11월 13일 12시,토요일,경상북도 경산시 진량읍,경상사고,0,0,1,0,차대차 - 정면충돌,안전운전불이행,건조,맑음,단일로 - 기타,승용,남,47세,상해없음,승용,여,66세,경상
2021111300100260,2021년 11월 13일 12시,토요일,경상북도 고령군 다산면,경상사고,0,0,1,0,차대차 - 측면충돌,안전운전불이행,건조,맑음,기타 - 기타,화물,남,66세,상해없음,자전거,여,44세,경상
2021111300100293,2021년 11월 13일 13시,토요일,경상북도 경주시 동천동,중상사고,0,2,2,0,차대차 - 측면충돌,안전운전불이행,건조,맑음,교차로 - 교차로안,승용,여,59세,상해없음,승용,남,39세,중상
2021111300100294,2021년 11월 13일 13시,토요일,경상북도 경주시 보문동,중상사고,0,1,1,0,차대차 - 추돌,안전운전불이행,건조,맑음,단일로 - 기타,승용,남,49세,상해없음,승용,여,53세,중상
2021111300100295,2021년 11월 13일 13시,토요일,경상북도 포항시 북구 두호동,경상사고,0,0,1,0,차대차 - 측면충돌,안전거리미확보,건조,맑음,단일로 - 기타,승용,남,65세,상해없음,승용,남,34세,경상
2021111300100296,2021년 11월 13일 13시,토요일,경상북도 안동시 일직면,경상사고,0,0,4,0,차대차 - 추돌,안전운전불이행,건조,맑음,교차로 - 교차로부근,승용,여,34세,상해없음,승용,남,64세,경상
2021111300100297,2021년 11월 13일 13시,토요일,경상북도 상주시 내서면,경상사고,0,0,1,0,차대차 - 측면충돌,안전운전불이행,건조,맑음,단일로 - 기타,원동기,여,81세,경상,승용,남,45세,상해없음
2021111300100298,2021년 11월 13일 13시,토요일,경상북도 영주시 휴천동,경상사고,0,0,1,0,차대차 - 측면충돌,신호위반,건조,맑음,교차로 - 교차로안,이륜,남,20세,상해없음,이륜,남,38세,경상
2021111300100299,2021년 11월 13일 13시,토요일,경상북도 영주시 영주동,중상사고,0,1,0,0,차대사람 - 보도통행중,안전운전불이행,건조,맑음,단일로 - 기타,승용,여,49세,상해없음,보행자,여,67세,중상
2021111300100300,2021년 11월 13일 13시,토요일,경상북도 칠곡군 북삼읍,경상사고,0,0,3,0,차대차 - 측면충돌,안전운전불이행,건조,맑음,교차로 - 교차로안,화물,남,52세,경상,승용,여,58세,경상
2021111300100301,2021년 11월 13일 13시,토요일,경상북도 구미시 광평동,경상사고,0,0,2,0,차대차 - 기타,안전운전불이행,건조,맑음,단일로 - 기타,승용,여,51세,상해없음,승용,남,32세,경상
2021111300100336,2021년 11월 13일 14시,토요일,경상북도 경주시 감포읍,중상사고,0,2,0,0,차대차 - 측면충돌,중앙선침범,건조,맑음,단일로 - 기타,화물,남,55세,상해없음,승용,여,42세,중상
2021111300100337,2021년 11월 13일 14시,토요일,경상북도 군위군 부계면,중상사고,0,3,1,0,차대차 - 측면충돌,교차로운행방법위반,건조,맑음,교차로 - 교차로안,승용,남,44세,경상,승합,남,53세,중상
2021111300100338,2021년 11월 13일 14시,토요일,경상북도 청송군 주왕산면,경상사고,0,0,1,0,차대사람 - 길가장자리구역통행중,안전운전불이행,건조,맑음,단일로 - 지하차도(도로)내,승용,남,70세,상해없음,보행자,여,62세,경상
2021111300100375,2021년 11월 13일 15시,토요일,경상북도 경주시 동천동,경상사고,0,0,1,0,차대사람 - 기타,안전운전불이행,건조,맑음,교차로 - 교차로부근,승용,남,25세,상해없음,보행자,여,26세,경상
2021111300100376,2021년 11월 13일 15시,토요일,경상북도 안동시 정상동,중상사고,0,2,0,0,차대차 - 추돌,안전운전불이행,건조,맑음,단일로 - 터널,화물,남,59세,상해없음,승용,남,71세,중상
2021111300100377,2021년 11월 13일 15시,토요일,경상북도 상주시 청리면,사망사고,1,1,0,0,차량단독 - 공작물충돌,안전운전불이행,건조,맑음,단일로 - 기타,승용,남,20세,중상,,,,
2021111300100378,2021년 11월 13일 15시,토요일,경상북도 청도군 화양읍,중상사고,0,3,0,0,차대차 - 정면충돌,신호위반,건조,맑음,교차로 - 교차로안,승합,남,61세,중상,승용,남,34세,중상
2021111300100379,2021년 11월 13일 15시,토요일,경상북도 구미시 오태동,경상사고,0,0,2,0,차대차 - 후진중충돌,안전운전불이행,건조,맑음,기타 - 기타,특수,남,42세,상해없음,승용,여,27세,경상
2021111300100407,2021년 11월 13일 16시,토요일,경상북도 구미시 인의동,경상사고,0,0,1,0,차대차 - 기타,중앙선침범,건조,맑음,단일로 - 기타,승용,여,50세,상해없음,이륜,남,29세,경상
2021111300100408,2021년 11월 13일 16시,토요일,경상북도 구미시 옥계동,경상사고,0,0,1,0,차대차 - 기타,안전운전불이행,건조,맑음,교차로 - 교차로부근,승용,남,52세,상해없음,승용,남,50세,경상
2021111300100409,2021년 11월 13일 16시,토요일,경상북도 구미시 오태동,경상사고,0,0,2,0,차대차 - 측면충돌,안전거리미확보,건조,맑음,단일로 - 기타,승용,여,68세,상해없음,승용,여,48세,경상
2021111300100453,2021년 11월 13일 17시,토요일,경상북도 상주시 화서면,경상사고,0,0,2,0,차대차 - 정면충돌,중앙선침범,건조,맑음,단일로 - 기타,승용,여,23세,상해없음,특수,남,51세,경상
2021111300100454,2021년 11월 13일 17시,토요일,경상북도 칠곡군 석적읍,경상사고,0,0,1,0,차대차 - 측면충돌,안전운전불이행,건조,맑음,교차로 - 교차로안,승용,남,49세,상해없음,자전거,남,18세,경상
2021111300100455,2021년 11월 13일 17시,토요일,경상북도 포항시 남구 오천읍,경상사고,0,0,2,0,차대차 - 측면충돌,차로위반,건조,맑음,단일로 - 기타,승용,남,69세,상해없음,승용,남,55세,경상
2021111300100498,2021년 11월 13일 18시,토요일,경상북도 안동시 태화동,경상사고,0,0,1,0,차대차 - 측면충돌,안전운전불이행,건조,맑음,교차로 - 교차로안,승용,남,58세,상해없음,승용,여,23세,경상
2021111300100499,2021년 11월 13일 18시,토요일,경상북도 영주시 하망동,경상사고,0,0,1,0,차대차 - 측면충돌,안전운전불이행,건조,맑음,기타 - 기타,화물,남,52세,상해없음,자전거,남,62세,경상
2021111300100500,2021년 11월 13일 18시,토요일,경상북도 포항시 남구 청림동,중상사고,0,1,0,0,차대차 - 측면충돌,차로위반,건조,맑음,교차로 - 교차로안,자전거,남,73세,중상,승합,남,50세,상해없음
2021111300100501,2021년 11월 13일 18시,토요일,경상북도 문경시 불정동,경상사고,0,0,1,0,차대차 - 추돌,안전운전불이행,건조,맑음,단일로 - 터널,화물,남,63세,상해없음,승용,남,55세,경상
2021111300100540,2021년 11월 13일 19시,토요일,경상북도 포항시 북구 흥해읍,경상사고,0,0,4,0,차대차 - 측면충돌,안전거리미확보,건조,맑음,단일로 - 기타,승용,남,40세,기타불명,승용,여,69세,경상
2021111300100541,2021년 11월 13일 19시,토요일,경상북도 김천시 부곡동,중상사고,0,1,0,0,차대차 - 측면충돌,안전운전불이행,건조,맑음,단일로 - 기타,승용,남,33세,상해없음,개인형이동수단(PM),남,14세,중상
2021111300100572,2021년 11월 13일 20시,토요일,경상북도 구미시 인의동,경상사고,0,0,1,0,차대차 - 측면충돌,직진우회전진행방해,건조,맑음,교차로 - 교차로안,승용,남,51세,상해없음,승용,남,63세,상해없음
2021111300100573,2021년 11월 13일 20시,토요일,경상북도 구미시 황상동,경상사고,0,0,1,0,차대차 - 기타,기타,건조,맑음,단일로 - 기타,승용,남,22세,상해없음,이륜,남,39세,경상
2021111300100626,2021년 11월 13일 22시,토요일,경상북도 경주시 성건동,중상사고,0,1,2,0,차대차 - 정면충돌,안전운전불이행,건조,맑음,단일로 - 기타,화물,남,44세,상해없음,화물,남,51세,경상
2021111300100627,2021년 11월 13일 22시,토요일,경상북도 포항시 북구 대흥동,경상사고,0,0,2,0,차대차 - 측면충돌,안전운전불이행,건조,맑음,단일로 - 기타,승용,남,25세,상해없음,승용,남,69세,경상
2021111300100649,2021년 11월 13일 23시,토요일,경상북도 칠곡군 동명면,부상신고사고,0,0,0,1,차대차 - 기타,안전운전불이행,건조,맑음,단일로 - 기타,승용,남,27세,부상신고,승용,남,29세,기타불명
2021111400100026,2021년 11월 14일 01시,일요일,경상북도 경산시 조영동,경상사고,0,0,1,0,차대사람 - 기타,안전운전불이행,건조,맑음,단일로 - 기타,승용,남,44세,상해없음,보행자,남,24세,경상
2021111400100038,2021년 11월 14일 02시,일요일,경상북도 포항시 북구 우현동,중상사고,0,1,0,0,차대차 - 측면충돌,안전거리미확보,건조,맑음,교차로 - 교차로부근,이륜,남,16세,중상,화물,남,68세,상해없음
2021111400100039,2021년 11월 14일 02시,일요일,경상북도 포항시 북구 우현동,경상사고,0,0,1,0,차대차 - 추돌,안전운전불이행,건조,맑음,단일로 - 기타,승용,남,57세,상해없음,승용,남,49세,경상
2021111400100118,2021년 11월 14일 10시,일요일,경상북도 의성군 봉양면,경상사고,0,0,1,0,차대차 - 기타,안전운전불이행,건조,맑음,교차로 - 교차로안,농기계,남,74세,상해없음,이륜,남,78세,경상
2021111400100119,2021년 11월 14일 10시,일요일,경상북도 경산시 조영동,중상사고,0,1,0,0,차대차 - 기타,기타,건조,맑음,교차로 - 교차로안,승용,여,60세,상해없음,이륜,남,43세,중상
2021111400100120,2021년 11월 14일 10시,일요일,경상북도 영양군 영양읍,경상사고,0,0,1,0,차대차 - 측면충돌,안전운전불이행,건조,맑음,교차로 - 교차로부근,화물,남,54세,상해없음,승용,남,53세,상해없음
2021111400100146,2021년 11월 14일 11시,일요일,경상북도 칠곡군 동명면,경상사고,0,0,2,2,차대차 - 측면충돌,교차로운행방법위반,건조,맑음,교차로 - 교차로안,승용,남,50세,경상,승용,남,69세,경상
2021111400100173,2021년 11월 14일 12시,일요일,경상북도 경주시 성건동,중상사고,0,1,1,0,차대차 - 측면충돌,신호위반,건조,맑음,교차로 - 교차로안,자전거,남,58세,중상,승용,여,23세,경상
2021111400100174,2021년 11월 14일 12시,일요일,경상북도 경주시 성건동,경상사고,0,0,1,0,차대차 - 추돌,안전운전불이행,건조,맑음,단일로 - 기타,승용,남,61세,상해없음,승용,남,30세,경상