사고번호,사고일시,요일,시군구,사고내용,사망자수,중상자수,경상자수,부상신고자수,사고유형,법규위반,노면상태,기상상태,도로형태,가해운전자 차종,가해운전자 성별,가해운전자 연령,가해운전자 상해정도,피해운전자 차종,피해운전자 성별,피해운전자 연령,피해운전자 상해정도
2021112000100144,2021년 11월 20일 10시,토요일,경상북도 칠곡군 가산면,경상사고,0,0,1,0,차대차 - 추돌,안전거리미확보,건조,맑음,단일로 - 기타,승용,남,33세,상해없음,화물,남,55세,경상
2021112000100145,2021년 11월 20일 10시,토요일,경상북도 문경시 모전동,중상사고,0,1,0,0,차대차 - 추돌,안전운전불이행,건조,맑음,교차로 - 교차로부근,승용,여,45세,상해없음,승용,여,48세,중상
2021112000100185,2021년 11월 20일 11시,토요일,경상북도 칠곡군 왜관읍,경상사고,0,0,1,0,차대차 - 추돌,안전운전불이행,건조,맑음,단일로 - 기타,승용,남,86세,상해없음,승용,남,39세,경상
2021112000100186,2021년 11월 20일 11시,토요일,경상북도 문경시 산북면,경상사고,0,0,1,0,차대차 - 측면충돌,안전운전불이행,건조,맑음,교차로 - 교차로안,화물,남,73세,상해없음,승용,여,43세,경상
2021112000100187,2021년 11월 20일 11시,토요일,경상북도 포항시 남구 해도동,중상사고,0,1,0,0,차대차 - 추돌,안전운전불이행,건조,맑음,교차로 - 교차로부근,승용,남,68세,상해없음,승용,여,58세,중상
2021112000100218,2021년 11월 20일 12시,토요일,경상북도 안동시 옥동,경상사고,0,0,2,0,차대차 - 측면충돌,직진우회전진행방해,건조,맑음,교차로 - 교차로안,승용,여,37세,경상,화물,남,45세,경상
2021112000100300,2021년 11월 20일 14시,토요일,경상북도 안동시 옥야동,경상사고,0,0,1,0,차대차 - 정면충돌,신호위반,건조,맑음,교차로 - 교차로안,이륜,남,45세,경상,승용,남,27세,상해없음
2021112000100301,2021년 11월 20일 14시,토요일,경상북도 영천시 금호읍,경상사고,0,0,1,0,차대차 - 측면충돌,안전운전불이행,건조,맑음,단일로 - 기타,승용,남,65세,상해없음,이륜,남,44세,경상
2021112000100336,2021년 11월 20일 15시,토요일,경상북도 포항시 북구 용흥동,부상신고사고,0,0,0,1,차대차 - 기타,안전운전불이행,건조,맑음,교차로 - 교차로안,원동기,남,79세,부상신고,승용,여,58세,상해없음
2021112000100337,2021년 11월 20일 15시,토요일,경상북도 경산시 계양동,경상사고,0,0,3,0,차대차 - 추돌,안전운전불이행,젖음/습기,맑음,단일로 - 기타,승용,남,28세,상해없음,승용,남,51세,경상
2021112000100368,2021년 11월 20일 16시,토요일,경상북도 안동시 송현동,중상사고,0,1,0,0,차량단독 - 기타,기타,건조,맑음,기타 - 기타,자전거,여,54세,중상,,,,
2021112000100369,2021년 11월 20일 16시,토요일,경상북도 영주시 풍기읍,경상사고,0,0,1,0,차대사람 - 기타,안전운전불이행,건조,맑음,단일로 - 기타,승용,여,60세,상해없음,보행자,여,61세,경상
2021112000100370,2021년 11월 20일 16시,토요일,경상북도 칠곡군 동명면,경상사고,0,0,4,0,차대차 - 측면충돌,안전거리미확보,건조,맑음,단일로 - 기타,승용,남,67세,상해없음,승용,남,50세,경상
2021112000100371,2021년 11월 20일 16시,토요일,경상북도 칠곡군 왜관읍,부상신고사고,0,0,0,1,차량단독 - 전도전복 - 전도,안전운전불이행,건조,맑음,단일로 - 기타,사륜오토바이(ATV),남,68세,부상신고,,,,
2021112000100405,2021년 11월 20일 17시,토요일,경상북도 경산시 하양읍,경상사고,0,0,1,0,차대차 - 기타,안전운전불이행,건조,맑음,교차로 - 교차로안,기타불명,기타불명,미분류,기타불명,이륜,남,51세,경상
2021112000100406,2021년 11월 20일 17시,토요일,경상북도 군위군 우보면,중상사고,0,1,0,0,차대차 - 후진중충돌,안전운전불이행,건조,맑음,단일로 - 기타,화물,남,60세,상해없음,승용,남,26세,상해없음
2021112000100407,2021년 11월 20일 17시,토요일,경상북도 포항시 남구 오천읍,경상사고,0,0,1,0,차대사람 - 차도통행중,불법유턴,건조,맑음,단일로 - 기타,승용,남,64세,상해없음,보행자,남,60세,경상
2021112000100450,2021년 11월 20일 18시,토요일,경상북도 문경시 농암면,중상사고,0,1,1,0,차대차 - 추돌,안전운전불이행,건조,맑음,단일로 - 기타,승용,남,73세,경상,농기계,남,69세,중상
2021112000100490,2021년 11월 20일 19시,토요일,경상북도 안동시 옥동,경상사고,0,0,1,0,차대차 - 측면충돌,교차로운행방법위반,건조,기타,교차로 - 교차로안,승용,남,28세,상해없음,이륜,남,37세,경상
2021112000100491,2021년 11월 20일 19시,토요일,경상북도 구미시 임은동,경상사고,0,0,2,0,차대차 - 측면충돌,안전운전불이행,건조,맑음,단일로 - 기타,승용,여,57세,상해없음,승용,여,56세,경상
2021112000100518,2021년 11월 20일 20시,토요일,경상북도 경주시 노서동,경상사고,0,0,1,0,차대차 - 측면충돌,교차로운행방법위반,건조,맑음,교차로 - 교차로안,승용,남,61세,상해없음,승용,남,30세,경상
2021112000100519,2021년 11월 20일 20시,토요일,경상북도 안동시 임동면,경상사고,0,0,1,0,차대차 - 기타,안전운전불이행,건조,맑음,단일로 - 기타,승용,여,43세,상해없음,승용,남,35세,경상
2021112000100520,2021년 11월 20일 20시,토요일,경상북도 경산시 옥산동,중상사고,0,1,0,0,차대사람 - 횡단중,보행자보호의무위반,건조,맑음,교차로 - 교차로횡단보도내,승용,여,33세,상해없음,보행자,남,66세,중상
2021112000100580,2021년 11월 20일 23시,토요일,경상북도 안동시 수상동,중상사고,0,1,0,0,차량단독 - 전도전복 - 전도,안전운전불이행,건조,맑음,단일로 - 지하차도(도로)내,화물,남,38세,중상,,,,
2021112100100038,2021년 11월 21일 02시,일요일,경상북도 영천시 망정동,경상사고,0,0,1,0,차대차 - 측면충돌,직진우회전진행방해,건조,맑음,교차로 - 교차로안,승용,남,20세,상해없음,승용,여,41세,경상
2021112100100039,2021년 11월 21일 02시,일요일,경상북도 포항시 남구 청림동,중상사고,0,1,1,0,차대차 - 추돌,안전운전불이행,건조,맑음,교차로 - 교차로안,승용,남,56세,상해없음,승용,남,62세,경상
2021112100100049,2021년 11월 21일 04시,일요일,경상북도 칠곡군 왜관읍,중상사고,0,1,0,0,차대차 - 측면충돌,안전운전불이행,건조,맑음,교차로 - 교차로안,승용,남,25세,기타불명,승용,남,59세,중상
2021112100100082,2021년 11월 21일 09시,일요일,경상북도 포항시 남구 오천읍,중상사고,0,1,0,0,차대차 - 정면충돌,중앙선침범,건조,맑음,단일로 - 기타,승용,여,28세,상해없음,이륜,남,46세,중상
2021112100100102,2021년 11월 21일 10시,일요일,경상북도 성주군 성주읍,경상사고,0,0,1,0,차대차 - 기타,불법유턴,건조,맑음,교차로 - 교차로부근,승용,여,63세,기타불명,승용,남,54세,경상
2021112100100123,2021년 11월 21일 11시,일요일,경상북도 의성군 안평면,경상사고,0,0,1,0,차량단독 - 도로외이탈 - 기타,안전운전불이행,건조,맑음,기타 - 기타,농기계,남,59세,경상,,,,
2021112100100155,2021년 11월 21일 12시,일요일,경상북도 안동시 수상동,중상사고,0,1,3,0,차대차 - 추돌,안전운전불이행,건조,맑음,단일로 - 기타,승용,여,58세,상해없음,승용,남,72세,경상
2021112100100156,2021년 11월 21일 12시,일요일,경상북도 영천시 문내동,경상사고,0,0,1,0,차대차 - 측면충돌,안전운전불이행,건조,맑음,교차로 - 교차로안,승용,남,54세,상해없음,자전거,남,65세,경상
2021112100100184,2021년 11월 21일 13시,일요일,경상북도 안동시 송천동,중상사고,0,1,0,0,차대차 - 정면충돌,신호위반,건조,맑음,교차로 - 교차로안,화물,남,64세,상해없음,승용,여,27세,중상
2021112100100185,2021년 11월 21일 13시,일요일,경상북도 영천시 고경면,경상사고,0,0,2,0,차대차 - 추돌,기타,건조,맑음,단일로 - 기타,화물,남,57세,상해없음,승용,남,55세,경상
2021112100100186,2021년 11월 21일 13시,일요일,경상북도 고령군 다산면,중상사고,0,1,1,0,차대차 - 측면충돌,기타,건조,맑음,교차로 - 교차로안,승용,여,24세,상해없음,승용,남,68세,경상
2021112100100214,2021년 11월 21일 14시,일요일,경상북도 경주시 황남동,경상사고,0,0,2,0,차대차 - 추돌,안전운전불이행,건조,맑음,단일로 - 기타,승용,여,19세,상해없음,승용,남,25세,경상
2021112100100215,2021년 11월 21일 14시,일요일,경상북도 안동시 태화동,경상사고,0,0,2,0,차대차 - 측면충돌,안전거리미확보,건조,맑음,교차로 - 교차로안,승용,남,60세,경상,승용,여,60세,경상
2021112100100216,2021년 11월 21일 14시,일요일,경상북도 구미시 해평면,경상사고,0,0,1,0,차대차 - 기타,교차로운행방법위반,건조,맑음,교차로 - 교차로안,화물,남,63세,상해없음,이륜,남,37세,경상
2021112100100217,2021년 11월 21일 14시,일요일,경상북도 구미시 산동읍,중상사고,0,1,1,0,차대차 - 기타,신호위반,건조,맑음,단일로 - 기타,승용,여,69세,중상,승용,남,34세,경상
2021112100100218,2021년 11월 21일 14시,일요일,경상북도 포항시 남구 대잠동,경상사고,0,0,2,0,차대차 - 측면충돌,중앙선침범,건조,맑음,교차로 - 교차로부근,승용,남,18세,경상,승용,남,55세,상해없음
2021112100100247,2021년 11월 21일 15시,일요일,경상북도 경산시 하양읍,경상사고,0,0,1,0,차대사람 - 횡단중,안전운전불이행,건조,맑음,단일로 - 기타,이륜,남,55세,상해없음,보행자,남,70세,경상
2021112100100287,2021년 11월 21일 16시,일요일,경상북도 포항시 북구 우현동,경상사고,0,0,1,0,차대차 - 측면충돌,안전운전불이행,건조,맑음,교차로 - 교차로안,승용,여,64세,상해없음,승용,남,64세,경상
2021112100100288,2021년 11월 21일 16시,일요일,경상북도 봉화군 소천면,경상사고,0,0,1,0,차대차 - 측면충돌,중앙선침범,건조,맑음,단일로 - 기타,승용,남,64세,상해없음,승용,남,45세,경상
2021112100100289,2021년 11월 21일 16시,일요일,경상북도 포항시 남구 구룡포읍,경상사고,0,0,1,0,차대차 - 측면충돌,안전운전불이행,건조,맑음,교차로 - 교차로안,이륜,여,60세,경상,승용,남,33세,상해없음
2021112100100318,2021년 11월 21일 17시,일요일,경상북도 포항시 남구 오천읍,경상사고,0,0,2,0,차대차 - 측면충돌,교차로운행방법위반,건조,맑음,교차로 - 교차로안,이륜,남,23세,경상,승용,여,52세,경상
2021112100100319,2021년 11월 21일 17시,일요일,경상북도 포항시 남구 일월동,경상사고,0,0,3,0,차대차 - 추돌,안전운전불이행,건조,맑음,교차로 - 교차로부근,승용,남,60세,경상,승용,남,20세,경상
2021112100100320,2021년 11월 21일 17시,일요일,경상북도 포항시 남구 오천읍,중상사고,0,1,0,0,차대사람 - 횡단중,불법유턴,건조,맑음,주차장 - 주차장,승용,남,60세,상해없음,보행자,남,72세,중상
2021112100100370,2021년 11월 21일 18시,일요일,경상북도 경주시 사정동,경상사고,0,0,1,0,차대차 - 추돌,안전운전불이행,건조,맑음,교차로 - 교차로부근,승용,남,39세,상해없음,이륜,여,63세,경상
2021112100100371,2021년 11월 21일 18시,일요일,경상북도 청도군 운문면,중상사고,0,1,0,0,차대사람 - 차도통행중,안전운전불이행,건조,맑음,단일로 - 기타,승합,남,66세,상해없음,보행자,여,79세,중상
2021112100100400,2021년 11월 21일 19시,일요일,경상북도 경주시 외동읍,경상사고,0,0,1,0,차대차 - 추돌,안전운전불이행,건조,맑음,단일로 - 기타,승용,남,63세,상해없음,승용,남,62세,경상
2021112100100401,2021년 11월 21일 19시,일요일,경상북도 포항시 북구 흥해읍,경상사고,0,0,1,0,차대차 - 측면충돌,안전운전불이행,건조,맑음,단일로 - 기타,승용,남,22세,상해없음,건설기계,남,37세,경상
2021112100100402,2021년 11월 21일 19시,일요일,경상북도 영주시 가흥동,경상사고,0,0,2,0,차대사람 - 기타,안전운전불이행,건조,맑음,단일로 - 기타,이륜,남,21세,상해없음,보행자,남,44세,경상
2021112100100423,2021년 11월 21일 20시,일요일,경상북도 경주시 배동,경상사고,0,0,1,0,차량단독 - 전도전복 - 전도,안전운전불이행,건조,맑음,단일로 - 교량,화물,남,57세,경상,,,,
2021112100100424,2021년 11월 21일 20시,일요일,경상북도 영주시 휴천동,경상사고,0,0,1,0,차대사람 - 횡단중,안전운전불이행,건조,흐림,기타 - 기타,승용,여,34세,상해없음,보행자,남,53세,경상
2021112100100425,2021년 11월 21일 20시,일요일,경상북도 영천시 청통면,중상사고,0,1,2,0,차대차 - 측면충돌,안전운전불이행,건조,맑음,교차로 - 교차로부근,화물,남,65세,경상,화물,남,60세,경상
2021112100100452,2021년 11월 21일 21시,일요일,경상북도 안동시 송현동,경상사고,0,0,1,0,차대차 - 후진중충돌,안전운전불이행,건조,맑음,교차로 - 교차로부근,승용,남,46세,상해없음,승용,남,36세,경상
2021112100100453,2021년 11월 21일 21시,일요일,경상북도 영덕군 병곡면,중상사고,0,1,0,1,차대차 - 정면충돌,중앙선침범,건조,맑음,단일로 - 기타,승용,여,55세,부상신고,승용,남,49세,중상
2021112200100010,2021년 11월 22일 00시,월요일,경상북도 안동시 옥동,중상사고,0,1,0,0,차대사람 - 기타,안전운전불이행,건조,맑음,단일로 - 기타,승용,남,23세,상해없음,보행자,남,55세,중상
2021112200100011,2021년 11월 22일 00시,월요일,경상북도 칠곡군 동명면,사망사고,1,0,0,0,차대사람 - 차도통행중,안전운전불이행,젖음/습기,비,단일로 - 기타,화물,남,54세,상해없음,보행자,남,58세,사망
2021112200100056,2021년 11월 22일 05시,월요일,경상북도 포항시 남구 상도동,경상사고,0,0,1,1,차대차 - 추돌,안전운전불이행,건조,맑음,단일로 - 기타,이륜,남,39세,경상,이륜,남,21세,부상신고
2021112200100091,2021년 11월 22일 07시,월요일,경상북도 칠곡군 동명면,경상사고,0,0,1,0,차대차 - 정면충돌,중앙선침범,건조,맑음,기타 - 기타,승용,여,71세,상해없음,승용,남,39세,경상
2021112200100092,2021년 11월 22일 07시,월요일,경상북도 칠곡군 왜관읍,경상사고,0,0,1,0,차대차 - 측면충돌,안전운전불이행,건조,맑음,교차로 - 교차로부근,승용,여,61세,상해없음,승용,남,38세,경상
2021112200100126,2021년 11월 22일 08시,월요일,경상북도 포항시 북구 동빈2가,경상사고,0,0,1,0,차대차 - 측면충돌,신호위반,건조,맑음,교차로 - 교차로안,화물,남,68세,상해없음,승용,여,28세,경상
2021112200100152,2021년 11월 22일 09시,월요일,경상북도 고령군 다산면,중상사고,0,1,0,0,차대차 - 측면충돌,안전운전불이행,건조,맑음,단일로 - 기타,승용,여,52세,상해없음,승용,여,64세,중상
2021112200100171,2021년 11월 22일 10시,월요일,경상북도 포항시 북구 청하면,경상사고,0,0,2,0,차대차 - 추돌,안전거리미확보,건조,맑음,단일로 - 기타,화물,남,42세,경상,화물,남,62세,상해없음
2021112200100172,2021년 11월 22일 10시,월요일,경상북도 성주군 선남면,중상사고,0,1,0,0,차대차 - 기타,안전운전불이행,건조,맑음,교차로 - 교차로안,원동기,남,25세,기타불명,승용,남,37세,중상
2021112200100214,2021년 11월 22일 11시,월요일,경상북도 포항시 북구 용흥동,경상사고,0,0,1,0,차대차 - 측면충돌,직진우회전진행방해,건조,맑음,교차로 - 교차로안,승용,남,32세,상해없음,자전거,남,88세,경상
2021112200100215,2021년 11월 22일 11시,월요일,경상북도 포항시 북구 죽도동,경상사고,0,0,1,0,차대사람 - 기타,기타,건조,맑음,기타 - 기타,승용,남,74세,상해없음,보행자,여,56세,경상
2021112200100216,2021년 11월 22일 11시,월요일,경상북도 안동시 송현동,경상사고,0,0,1,0,차대차 - 기타,안전운전불이행,건조,맑음,교차로 - 교차로안,이륜,남,48세,경상,승합,남,38세,상해없음
2021112200100217,2021년 11월 22일 11시,월요일,경상북도 칠곡군 동명면,경상사고,0,0,1,0,차대차 - 측면충돌,안전운전불이행,건조,맑음,단일로 - 기타,화물,남,51세,상해없음,이륜,남,42세,경상
2021112200100251,2021년 11월 22일 12시,월요일,경상북도 경주시 내남면,사망사고,1,0,0,0,차량단독 - 도로외이탈 - 기타,안전운전불이행,건조,맑음,단일로 - 지하차도(도로)내,농기계,남,87세,사망,,,,
2021112200100252,2021년 11월 22일 12시,월요일,경상북도 포항시 북구 죽도동,경상사고,0,0,1,0,차대차 - 측면충돌,중앙선침범,건조,맑음,단일로 - 기타,승용,여,66세,상해없음,화물,남,24세,경상
2021112200100253,2021년 11월 22일 12시,월요일,경상북도 영천시 대창면,중상사고,0,1,0,0,차량단독 - 공작물충돌,안전운전불이행,건조,맑음,기타 - 기타,화물,남,58세,중상,,,,
2021112200100254,2021년 11월 22일 12시,월요일,경상북도 경산시 정평동,경상사고,0,0,1,0,차대차 - 후진중충돌,안전운전불이행,건조,맑음,단일로 - 기타,승합,남,66세,상해없음,승용,여,43세,경상
2021112200100255,2021년 11월 22일 12시,월요일,경상북도 영덕군 병곡면,중상사고,0,2,1,1,차대차 - 추돌,안전운전불이행,건조,맑음,단일로 - 기타,승용,남,57세,부상신고,승용,여,55세,중상
2021112200100256,2021년 11월 22일 12시,월요일,경상북도 영덕군 영덕읍,경상사고,0,0,6,0,차대차 - 측면충돌,안전운전불이행,건조,맑음,단일로 - 기타,승용,여,49세,경상,승용,남,32세,경상
2021112200100295,2021년 11월 22일 13시,월요일,경상북도 고령군 대가야읍,경상사고,0,0,1,0,차대차 - 측면충돌,안전운전불이행,건조,맑음,단일로 - 기타,이륜,남,61세,경상,승용,남,68세,상해없음
2021112200100332,2021년 11월 22일 14시,월요일,경상북도 포항시 북구 흥해읍,경상사고,0,0,1,0,차대차 - 추돌,안전거리미확보,건조,맑음,교차로 - 교차로부근,화물,남,61세,상해없음,승용,여,61세,경상
2021112200100333,2021년 11월 22일 14시,월요일,경상북도 포항시 남구 오천읍,경상사고,0,0,2,0,차대차 - 측면충돌,교차로운행방법위반,건조,맑음,교차로 - 교차로안,승용,여,41세,경상,승용,여,39세,경상
2021112200100334,2021년 11월 22일 14시,월요일,경상북도 경산시 진량읍,경상사고,0,0,1,0,차대차 - 후진중충돌,안전운전불이행,건조,맑음,주차장 - 주차장,승용,남,66세,상해없음,승용,남,52세,경상
2021112200100365,2021년 11월 22일 15시,월요일,경상북도 경주시 성건동,중상사고,0,1,0,0,차대사람 - 차도통행중,안전운전불이행,건조,맑음,교차로 - 교차로안,화물,여,64세,상해없음,보행자,남,49세,중상
2021112200100406,2021년 11월 22일 16시,월요일,경상북도 영천시 고경면,부상신고사고,0,0,0,1,차량단독 - 전도전복 - 전도,안전운전불이행,건조,흐림,기타 - 기타,화물,남,63세,부상신고,,,,
2021112200100407,2021년 11월 22일 16시,월요일,경상북도 경산시 계양동,경상사고,0,0,1,0,차대차 - 추돌,안전운전불이행,건조,맑음,단일로 - 기타,승용,여,44세,상해없음,승용,남,41세,경상
2021112200100408,2021년 11월 22일 16시,월요일,경상북도 성주군 성주읍,중상사고,0,1,0,0,차대차 - 측면충돌,안전운전불이행,건조,맑음,단일로 - 기타,승용,남,58세,상해없음,승용,남,49세,중상
2021112200100436,2021년 11월 22일 17시,월요일,경상북도 경주시 성건동,중상사고,0,1,0,0,차대차 - 기타,안전운전불이행,건조,맑음,단일로 - 기타,승용,남,65세,상해없음,승용,남,23세,중상
2021112200100437,2021년 11월 22일 17시,월요일,경상북도 칠곡군 지천면,경상사고,0,0,1,0,차대차 - 기타,안전운전불이행,건조,흐림,단일로 - 기타,승합,남,67세,상해없음,화물,남,48세,경상
2021112200100438,2021년 11월 22일 17시,월요일,경상북도 군위군 소보면,중상사고,0,1,0,0,차대차 - 추돌,안전운전불이행,건조,맑음,단일로 - 기타,승용,남,42세,상해없음,농기계,남,62세,중상
2021112200100439,2021년 11월 22일 17시,월요일,경상북도 구미시 남통동,중상사고,0,1,0,0,차대차 - 기타,안전운전불이행,건조,맑음,단일로 - 기타,승용,여,20세,상해없음,자전거,남,69세,중상
2021112200100440,2021년 11월 22일 17시,월요일,경상북도 포항시 남구 괴동동,경상사고,0,0,1,0,차대차 - 측면충돌,안전거리미확보,건조,맑음,교차로 - 교차로안,화물,남,71세,기타불명,승용,남,46세,경상
2021112200100489,2021년 11월 22일 18시,월요일,경상북도 포항시 북구 죽도동,중상사고,0,1,1,0,차대차 - 기타,차로위반,건조,맑음,단일로 - 기타,승용,여,63세,상해없음,승용,여,37세,상해없음
2021112200100490,2021년 11월 22일 18시,월요일,경상북도 안동시 송현동,경상사고,0,0,2,0,차대차 - 기타,안전운전불이행,건조,맑음,교차로 - 교차로안,승용,남,41세,경상,승용,남,50세,경상
2021112200100491,2021년 11월 22일 18시,월요일,경상북도 안동시 용상동,중상사고,0,1,0,0,차대사람 - 횡단중,안전운전불이행,건조,맑음,교차로 - 교차로안,이륜,남,41세,상해없음,보행자,남,54세,중상
2021112200100492,2021년 11월 22일 18시,월요일,경상북도 김천시 용두동,경상사고,0,0,1,0,차대차 - 기타,안전운전불이행,건조,맑음,단일로 - 기타,승용,여,47세,상해없음,승용,남,23세,경상
2021112200100493,2021년 11월 22일 18시,월요일,경상북도 예천군 호명면,경상사고,0,0,1,0,차대차 - 추돌,안전운전불이행,건조,흐림,교차로 - 교차로부근,승용,여,35세,상해없음,승용,여,41세,경상
2021112200100541,2021년 11월 22일 19시,월요일,경상북도 울진군 후포면,중상사고,0,2,0,0,차대차 - 정면충돌,중앙선침범,건조,맑음,기타 - 기타,승용,남,76세,상해없음,승용,남,55세,중상
2021112200100600,2021년 11월 22일 22시,월요일,경상북도 경주시 성건동,경상사고,0,0,2,0,차대차 - 측면충돌,안전운전불이행,건조,맑음,교차로 - 교차로안,이륜,남,19세,경상,승용,남,49세,경상
2021112300100017,2021년 11월 23일 01시,화요일,경상북도 경주시 산내면,중상사고,0,1,0,0,차량단독 - 공작물충돌,안전운전불이행,건조,맑음,단일로 - 지하차도(도로)내,승용,남,58세,중상,,,,
2021112300100037,2021년 11월 23일 05시,화요일,경상북도 포항시 북구 죽도동,경상사고,0,0,1,0,차대차 - 측면충돌,불법유턴,건조,맑음,단일로 - 기타,승용,남,73세,상해없음,승용,남,21세,경상
2021112300100068,2021년 11월 23일 07시,화요일,경상북도 성주군 초전면,경상사고,0,0,1,0,차대차 - 정면충돌,중앙선침범,건조,맑음,단일로 - 기타,화물,남,34세,기타불명,승용,여,34세,경상
2021112300100106,2021년 11월 23일 08시,화요일,경상북도 경주시 노동동,경상사고,0,0,1,0,차대차 - 정면충돌,안전운전불이행,건조,맑음,단일로 - 기타,승용,여,48세,상해없음,화물,남,72세,경상
2021112300100107,2021년 11월 23일 08시,화요일,경상북도 경주시 효현동,사망사고,1,0,1,0,차대차 - 정면충돌,중앙선침범,건조,맑음,단일로 - 기타,승용,남,41세,경상,승용,여,49세,사망
2021112300100108,2021년 11월 23일 08시,화요일,경상북도 칠곡군 동명면,경상사고,0,0,1,0,차대차 - 측면충돌,교차로운행방법위반,건조,맑음,교차로 - 교차로안,승용,여,47세,상해없음,승용,여,61세,경상
2021112300100138,2021년 11월 23일 09시,화요일,경상북도 영양군 입암면,경상사고,0,0,1,0,차대차 - 정면충돌,직진우회전진행방해,건조,맑음,교차로 - 교차로안,화물,남,68세,상해없음,승용,여,62세,경상
2021112300100139,2021년 11월 23일 09시,화요일,경상북도 구미시 송정동,중상사고,0,1,1,0,차대차 - 측면충돌,안전운전불이행,건조,맑음,단일로 - 기타,승용,남,29세,경상,승용,남,27세,중상
2021112300100164,2021년 11월 23일 10시,화요일,경상북도 경주시 안강읍,경상사고,0,0,1,0,차량단독 - 기타,안전운전불이행,건조,맑음,단일로 - 기타,화물,남,76세,상해없음,,,,
2021112300100165,2021년 11월 23일 10시,화요일,경상북도 영주시 봉현면,중상사고,0,2,0,0,차대차 - 정면충돌,기타,건조,맑음,교차로 - 교차로안,승용,남,72세,중상,승용,남,87세,중상
2021112300100166,2021년 11월 23일 10시,화요일,경상북도 고령군 대가야읍,중상사고,0,1,0,0,차대차 - 측면충돌,안전운전불이행,건조,맑음,교차로 - 교차로안,승용,남,67세,상해없음,승용,남,65세,중상
2021112300100205,2021년 11월 23일 11시,화요일,경상북도 청도군 운문면,경상사고,0,0,4,0,차대차 - 측면충돌,안전운전불이행,건조,맑음,단일로 - 기타,화물,남,77세,상해없음,승용,여,74세,경상
2021112300100206,2021년 11월 23일 11시,화요일,경상북도 포항시 남구 송내동,경상사고,0,0,2,0,차대차 - 추돌,안전운전불이행,건조,맑음,교차로 - 교차로부근,승용,남,73세,상해없음,승용,남,57세,경상
2021112300100233,2021년 11월 23일 12시,화요일,경상북도 경주시 건천읍,경상사고,0,0,1,0,차대차 - 측면충돌,안전운전불이행,건조,맑음,기타 - 기타,특수,남,71세,상해없음,승용,여,51세,경상
2021112300100234,2021년 11월 23일 12시,화요일,경상북도 포항시 남구 대잠동,경상사고,0,0,2,0,차대차 - 측면충돌,신호위반,건조,맑음,교차로 - 교차로안,승용,여,43세,경상,이륜,남,54세,경상
2021112300100288,2021년 11월 23일 14시,화요일,경상북도 구미시 고아읍,중상사고,0,1,0,0,차대사람 - 횡단중,기타,건조,맑음,단일로 - 기타,승용,남,64세,상해없음,보행자,여,72세,중상
2021112300100317,2021년 11월 23일 15시,화요일,경상북도 경주시 안강읍,경상사고,0,0,1,0,차대차 - 추돌,안전운전불이행,건조,맑음,단일로 - 기타,화물,남,51세,상해없음,특수,남,36세,경상
2021112300100318,2021년 11월 23일 15시,화요일,경상북도 울진군 온정면,중상사고,0,2,0,0,차대차 - 정면충돌,중앙선침범,건조,맑음,기타 - 기타,화물,남,60세,상해없음,화물,남,80세,중상
2021112300100352,2021년 11월 23일 16시,화요일,경상북도 경주시 성건동,중상사고,0,1,0,0,차대사람 - 횡단중,안전운전불이행,건조,맑음,교차로 - 교차로부근,승용,남,39세,상해없음,보행자,여,52세,중상
2021112300100353,2021년 11월 23일 16시,화요일,경상북도 포항시 북구 흥해읍,경상사고,0,0,1,0,차대차 - 측면충돌,중앙선침범,건조,맑음,단일로 - 기타,화물,남,57세,상해없음,승용,남,29세,경상
2021112300100354,2021년 11월 23일 16시,화요일,경상북도 칠곡군 북삼읍,중상사고,0,1,0,0,차대차 - 측면충돌,신호위반,건조,맑음,교차로 - 교차로안,승용,여,46세,상해없음,승용,여,58세,중상
2021112300100395,2021년 11월 23일 17시,화요일,경상북도 상주시 외서면,중상사고,0,1,0,0,차대차 - 측면충돌,안전운전불이행,건조,맑음,단일로 - 기타,승용,남,46세,상해없음,기타불명,여,70세,중상
2021112300100396,2021년 11월 23일 17시,화요일,경상북도 영천시 성내동,경상사고,0,0,1,0,차대차 - 측면충돌,안전거리미확보,건조,맑음,단일로 - 기타,승용,여,65세,상해없음,승용,남,27세,경상
2021112300100397,2021년 11월 23일 17시,화요일,경상북도 경산시 중방동,경상사고,0,0,1,0,차대사람 - 횡단중,보행자보호의무위반,건조,맑음,교차로 - 교차로안,이륜,남,33세,상해없음,보행자,남,76세,경상
2021112300100398,2021년 11월 23일 17시,화요일,경상북도 구미시 도량동,중상사고,0,1,0,0,차대사람 - 차도통행중,안전운전불이행,건조,맑음,단일로 - 기타,승용,남,28세,상해없음,보행자,여,79세,중상
2021112300100399,2021년 11월 23일 17시,화요일,경상북도 구미시 양호동,경상사고,0,0,3,0,차대차 - 정면충돌,안전운전불이행,건조,맑음,단일로 - 기타,승용,여,44세,경상,화물,남,47세,경상
2021112300100400,2021년 11월 23일 17시,화요일,경상북도 구미시 고아읍,중상사고,0,1,0,0,차대차 - 추돌,안전거리미확보,건조,맑음,교차로 - 교차로안,화물,남,56세,상해없음,승용,남,61세,중상