사고번호,사고일시,요일,시군구,사고내용,사망자수,중상자수,경상자수,부상신고자수,사고유형,법규위반,노면상태,기상상태,도로형태,가해운전자 차종,가해운전자 성별,가해운전자 연령,가해운전자 상해정도,피해운전자 차종,피해운전자 성별,피해운전자 연령,피해운전자 상해정도
2021112300100401,2021년 11월 23일 17시,화요일,경상북도 포항시 남구 청림동,경상사고,0,0,4,0,차대차 - 측면충돌,교차로운행방법위반,건조,맑음,교차로 - 교차로안,승용,남,79세,상해없음,승합,남,21세,경상
2021112300100454,2021년 11월 23일 18시,화요일,경상북도 구미시 도개면,경상사고,0,0,2,0,차대차 - 기타,차로위반,건조,맑음,단일로 - 기타,승용,남,35세,상해없음,승용,남,52세,경상
2021112300100501,2021년 11월 23일 19시,화요일,경상북도 문경시 모전동,경상사고,0,0,2,0,차대차 - 정면충돌,안전운전불이행,건조,맑음,교차로 - 교차로안,승용,여,48세,경상,승용,남,66세,경상
2021112300100534,2021년 11월 23일 20시,화요일,경상북도 안동시 당북동,경상사고,0,0,1,0,차대차 - 기타,직진우회전진행방해,건조,맑음,교차로 - 교차로안,승용,남,71세,상해없음,승용,남,49세,경상
2021112300100535,2021년 11월 23일 20시,화요일,경상북도 김천시 성내동,경상사고,0,0,1,0,차대사람 - 횡단중,보행자보호의무위반,건조,맑음,단일로 - 기타,승용,남,57세,상해없음,보행자,여,78세,경상
2021112300100553,2021년 11월 23일 21시,화요일,경상북도 예천군 예천읍,중상사고,0,1,0,0,차대차 - 기타,안전운전불이행,건조,맑음,단일로 - 기타,승용,여,64세,상해없음,이륜,남,18세,중상
2021112300100596,2021년 11월 23일 23시,화요일,경상북도 경주시 강동면,경상사고,0,0,1,0,차량단독 - 기타,안전운전불이행,건조,맑음,단일로 - 기타,화물,남,29세,경상,,,,
2021112400100069,2021년 11월 24일 07시,수요일,경상북도 포항시 남구 상도동,중상사고,0,1,0,0,차대차 - 측면충돌,기타,건조,맑음,교차로 - 교차로안,이륜,여,69세,중상,승용,여,23세,상해없음
2021112400100070,2021년 11월 24일 07시,수요일,경상북도 포항시 남구 인덕동,경상사고,0,0,1,0,차대차 - 측면충돌,교차로운행방법위반,건조,맑음,교차로 - 교차로부근,승용,남,51세,상해없음,승용,남,57세,경상
2021112400100095,2021년 11월 24일 08시,수요일,경상북도 안동시 옥야동,경상사고,0,0,1,0,차대차 - 기타,안전운전불이행,건조,맑음,단일로 - 기타,건설기계,남,62세,상해없음,승용,남,59세,경상
2021112400100125,2021년 11월 24일 09시,수요일,경상북도 영주시 하망동,중상사고,0,1,0,0,차대사람 - 횡단중,보행자보호의무위반,건조,맑음,교차로 - 교차로안,화물,남,78세,상해없음,보행자,남,68세,중상
2021112400100126,2021년 11월 24일 09시,수요일,경상북도 포항시 남구 오천읍,경상사고,0,0,1,0,차대차 - 기타,기타,건조,맑음,단일로 - 기타,승용,남,55세,상해없음,자전거,남,61세,경상
2021112400100212,2021년 11월 24일 12시,수요일,경상북도 구미시 공단동,경상사고,0,0,1,0,차대차 - 측면충돌,신호위반,건조,맑음,교차로 - 교차로안,화물,남,57세,상해없음,승용,남,33세,경상
2021112400100213,2021년 11월 24일 12시,수요일,경상북도 구미시 산동읍,경상사고,0,0,2,1,차대차 - 측면충돌,교차로운행방법위반,건조,맑음,교차로 - 교차로안,화물,남,26세,부상신고,승용,남,27세,경상
2021112400100248,2021년 11월 24일 13시,수요일,경상북도 영천시 완산동,중상사고,0,1,0,0,차대사람 - 횡단중,안전운전불이행,건조,흐림,교차로 - 교차로안,승용,남,65세,상해없음,보행자,여,71세,중상
2021112400100271,2021년 11월 24일 14시,수요일,경상북도 영주시 휴천동,중상사고,0,1,0,0,차대차 - 측면충돌,안전운전불이행,건조,맑음,교차로 - 교차로안,화물,남,60세,상해없음,승용,여,63세,중상
2021112400100298,2021년 11월 24일 15시,수요일,경상북도 청도군 화양읍,경상사고,0,0,2,0,차대차 - 기타,기타,건조,맑음,단일로 - 기타,기타불명,기타불명,미분류,기타불명,승용,남,38세,경상
2021112400100335,2021년 11월 24일 16시,수요일,경상북도 포항시 북구 학산동,경상사고,0,0,1,0,차대차 - 측면충돌,안전거리미확보,건조,맑음,단일로 - 기타,승용,여,41세,상해없음,원동기,남,25세,경상
2021112400100336,2021년 11월 24일 16시,수요일,경상북도 경산시 갑제동,경상사고,0,0,2,0,차대차 - 추돌,안전거리미확보,건조,맑음,단일로 - 기타,이륜,남,23세,경상,승용,여,36세,경상
2021112400100337,2021년 11월 24일 16시,수요일,경상북도 포항시 남구 연일읍,경상사고,0,0,1,0,차대차 - 측면충돌,직진우회전진행방해,건조,맑음,교차로 - 교차로안,승용,남,55세,상해없음,승용,남,66세,경상
2021112400100369,2021년 11월 24일 17시,수요일,경상북도 칠곡군 북삼읍,경상사고,0,0,1,0,차대차 - 기타,직진우회전진행방해,건조,맑음,교차로 - 교차로안,화물,남,55세,상해없음,원동기,남,27세,경상
2021112400100370,2021년 11월 24일 17시,수요일,경상북도 포항시 남구 연일읍,경상사고,0,0,1,0,차대차 - 측면충돌,안전운전불이행,건조,맑음,단일로 - 교량,승용,남,46세,상해없음,승용,여,36세,경상
2021112400100371,2021년 11월 24일 17시,수요일,경상북도 포항시 남구 이동,경상사고,0,0,2,0,차대차 - 측면충돌,안전거리미확보,건조,맑음,단일로 - 기타,승용,남,59세,경상,승용,남,52세,경상
2021112400100441,2021년 11월 24일 18시,수요일,경상북도 경주시 성건동,경상사고,0,0,1,0,차대차 - 측면충돌,안전운전불이행,건조,맑음,교차로 - 교차로안,승용,남,27세,상해없음,승용,여,29세,경상
2021112400100442,2021년 11월 24일 18시,수요일,경상북도 칠곡군 약목면,중상사고,0,1,2,0,차대차 - 정면충돌,신호위반,건조,맑음,교차로 - 교차로안,승용,여,60세,경상,승용,남,58세,중상
2021112400100443,2021년 11월 24일 18시,수요일,경상북도 영천시 고경면,중상사고,0,1,0,0,차대차 - 정면충돌,안전운전불이행,건조,맑음,교차로 - 교차로부근,승용,여,53세,중상,화물,남,69세,상해없음
2021112400100444,2021년 11월 24일 18시,수요일,경상북도 문경시 점촌동,경상사고,0,0,1,0,차대사람 - 횡단중,신호위반,건조,맑음,단일로 - 기타,승용,남,69세,상해없음,보행자,여,27세,경상
2021112400100445,2021년 11월 24일 18시,수요일,경상북도 청도군 각북면,중상사고,0,1,1,0,차대차 - 측면충돌,중앙선침범,건조,흐림,단일로 - 기타,화물,남,48세,상해없음,승용,남,57세,중상
2021112400100446,2021년 11월 24일 18시,수요일,경상북도 성주군 용암면,경상사고,0,0,1,0,차대차 - 정면충돌,신호위반,건조,맑음,교차로 - 교차로안,화물,남,49세,상해없음,승합,남,61세,경상
2021112400100448,2021년 11월 24일 18시,수요일,경상북도 포항시 남구 오천읍,경상사고,0,0,1,1,차대차 - 추돌,안전운전불이행,건조,맑음,단일로 - 기타,이륜,남,23세,부상신고,승용,여,50세,경상
2021112400100488,2021년 11월 24일 19시,수요일,경상북도 칠곡군 동명면,경상사고,0,0,1,0,차대차 - 측면충돌,교차로운행방법위반,건조,맑음,교차로 - 교차로안,승용,여,68세,상해없음,승용,남,26세,경상
2021112400100489,2021년 11월 24일 19시,수요일,경상북도 영천시 야사동,중상사고,0,1,1,0,차대차 - 추돌,안전운전불이행,건조,맑음,교차로 - 교차로안,승용,여,37세,경상,승용,여,69세,중상
2021112400100490,2021년 11월 24일 19시,수요일,경상북도 경산시 하양읍,경상사고,0,0,1,0,차대사람 - 횡단중,안전운전불이행,건조,맑음,교차로 - 교차로부근,승용,남,48세,상해없음,보행자,남,27세,경상
2021112400100554,2021년 11월 24일 22시,수요일,경상북도 안동시 옥동,경상사고,0,0,1,0,차대차 - 추돌,안전운전불이행,건조,맑음,기타 - 기타,승용,남,39세,상해없음,이륜,남,45세,경상
2021112500100029,2021년 11월 25일 02시,목요일,경상북도 상주시 내서면,중상사고,0,1,0,0,차대차 - 측면충돌,안전운전불이행,건조,맑음,단일로 - 기타,승용,남,31세,중상,승용,여,43세,상해없음
2021112500100030,2021년 11월 25일 02시,목요일,경상북도 의성군 단촌면,중상사고,0,1,0,0,차대차 - 기타,중앙선침범,건조,맑음,단일로 - 기타,승용,남,51세,상해없음,승용,남,55세,중상
2021112500100081,2021년 11월 25일 07시,목요일,경상북도 포항시 남구 해도동,경상사고,0,0,1,0,차대차 - 측면충돌,안전거리미확보,건조,맑음,교차로 - 교차로부근,건설기계,남,38세,상해없음,승용,남,28세,경상
2021112500100123,2021년 11월 25일 08시,목요일,경상북도 영천시 금노동,경상사고,0,0,3,0,차대차 - 정면충돌,중앙선침범,건조,맑음,단일로 - 기타,승용,남,62세,상해없음,승용,남,54세,경상
2021112500100124,2021년 11월 25일 08시,목요일,경상북도 구미시 원평동,사망사고,1,0,0,0,차대차 - 기타,기타,건조,맑음,단일로 - 기타,승용,남,35세,상해없음,자전거,남,77세,사망
2021112500100155,2021년 11월 25일 09시,목요일,경상북도 안동시 송현동,경상사고,0,0,1,0,차대차 - 측면충돌,안전운전불이행,건조,맑음,단일로 - 기타,자전거,남,81세,경상,승용,여,61세,상해없음
2021112500100230,2021년 11월 25일 11시,목요일,경상북도 성주군 선남면,경상사고,0,0,1,0,차량단독 - 도로외이탈 - 기타,안전운전불이행,건조,맑음,기타 - 기타,이륜,남,70세,경상,,,,
2021112500100257,2021년 11월 25일 12시,목요일,경상북도 문경시 문경읍,중상사고,0,1,0,0,차량단독 - 전도전복 - 전도,안전운전불이행,젖음/습기,맑음,단일로 - 기타,이륜,남,31세,중상,,,,
2021112500100258,2021년 11월 25일 12시,목요일,경상북도 구미시 공단동,경상사고,0,0,1,0,차대차 - 추돌,신호위반,건조,맑음,교차로 - 교차로부근,승용,남,73세,상해없음,이륜,남,51세,경상
2021112500100290,2021년 11월 25일 13시,목요일,경상북도 포항시 북구 청하면,경상사고,0,0,1,0,차대차 - 측면충돌,안전운전불이행,건조,맑음,단일로 - 기타,승용,여,55세,경상,농기계,남,40세,상해없음
2021112500100291,2021년 11월 25일 13시,목요일,경상북도 구미시 공단동,중상사고,0,1,0,0,차대차 - 측면충돌,신호위반,건조,맑음,교차로 - 교차로안,화물,남,63세,상해없음,이륜,남,30세,중상
2021112500100337,2021년 11월 25일 14시,목요일,경상북도 상주시 함창읍,경상사고,0,0,1,0,차대차 - 추돌,안전운전불이행,건조,맑음,단일로 - 기타,건설기계,남,60세,상해없음,승용,남,51세,경상
2021112500100338,2021년 11월 25일 14시,목요일,경상북도 의성군 금성면,경상사고,0,0,1,0,차대차 - 측면충돌,안전운전불이행,건조,맑음,단일로 - 기타,승용,남,44세,상해없음,승용,남,61세,경상
2021112500100339,2021년 11월 25일 14시,목요일,경상북도 구미시 원평동,부상신고사고,0,0,0,1,차대차 - 측면충돌,안전운전불이행,건조,맑음,단일로 - 기타,화물,남,48세,상해없음,승용,남,47세,상해없음
2021112500100375,2021년 11월 25일 15시,목요일,경상북도 포항시 북구 항구동,경상사고,0,0,1,0,차대차 - 기타,안전운전불이행,건조,맑음,교차로 - 교차로안,승용,여,55세,상해없음,승용,남,60세,경상
2021112500100376,2021년 11월 25일 15시,목요일,경상북도 김천시 감호동,경상사고,0,0,1,0,차대차 - 기타,안전운전불이행,건조,맑음,교차로 - 교차로부근,화물,남,76세,상해없음,승합,남,46세,상해없음
2021112500100378,2021년 11월 25일 15시,목요일,경상북도 포항시 남구 동촌동,경상사고,0,0,1,0,차대차 - 측면충돌,안전거리미확보,건조,맑음,교차로 - 교차로부근,화물,남,26세,상해없음,승용,여,33세,경상
2021112500100416,2021년 11월 25일 16시,목요일,경상북도 경주시 성동동,경상사고,0,0,1,0,차대차 - 측면충돌,안전운전불이행,건조,맑음,교차로 - 교차로안,승용,여,61세,상해없음,승용,여,56세,경상
2021112500100417,2021년 11월 25일 16시,목요일,경상북도 포항시 북구 장성동,경상사고,0,0,3,0,차대차 - 추돌,안전운전불이행,건조,맑음,단일로 - 기타,승용,남,69세,상해없음,승용,남,44세,경상
2021112500100418,2021년 11월 25일 16시,목요일,경상북도 영천시 망정동,경상사고,0,0,1,0,차대차 - 측면충돌,중앙선침범,건조,맑음,교차로 - 교차로부근,승용,여,41세,상해없음,승합,남,58세,경상
2021112500100419,2021년 11월 25일 16시,목요일,경상북도 고령군 다산면,경상사고,0,0,1,0,차대차 - 추돌,안전운전불이행,건조,맑음,기타 - 기타,승용,남,67세,상해없음,건설기계,남,58세,상해없음
2021112500100469,2021년 11월 25일 17시,목요일,경상북도 경주시 성건동,중상사고,0,1,0,0,차대차 - 정면충돌,안전운전불이행,건조,맑음,교차로 - 교차로안,승용,여,21세,상해없음,자전거,남,64세,중상
2021112500100470,2021년 11월 25일 17시,목요일,경상북도 경주시 안강읍,중상사고,0,1,0,0,차대차 - 측면충돌,중앙선침범,건조,맑음,단일로 - 기타,승용,남,73세,상해없음,승용,여,54세,중상
2021112500100471,2021년 11월 25일 17시,목요일,경상북도 영주시 이산면,경상사고,0,0,1,0,차대차 - 측면충돌,중앙선침범,건조,맑음,단일로 - 기타,농기계,남,76세,경상,건설기계,남,60세,상해없음
2021112500100472,2021년 11월 25일 17시,목요일,경상북도 경산시 진량읍,중상사고,0,1,0,0,차량단독 - 기타,안전운전불이행,건조,맑음,단일로 - 기타,이륜,남,64세,중상,,,,
2021112500100473,2021년 11월 25일 17시,목요일,경상북도 구미시 사곡동,경상사고,0,0,1,0,차대사람 - 길가장자리구역통행중,안전운전불이행,건조,맑음,단일로 - 기타,승용,남,59세,상해없음,보행자,남,17세,경상
2021112500100524,2021년 11월 25일 18시,목요일,경상북도 안동시 태화동,경상사고,0,0,1,0,차대차 - 측면충돌,안전운전불이행,기타,기타,단일로 - 기타,승용,남,77세,상해없음,승합,여,43세,경상
2021112500100525,2021년 11월 25일 18시,목요일,경상북도 영천시 야사동,경상사고,0,0,1,0,차대사람 - 횡단중,안전운전불이행,건조,맑음,교차로 - 교차로안,승용,남,42세,상해없음,보행자,여,19세,경상
2021112500100526,2021년 11월 25일 18시,목요일,경상북도 예천군 용궁면,중상사고,0,1,0,0,차량단독 - 기타,안전운전불이행,기타,맑음,단일로 - 기타,이륜,남,53세,중상,,,,
2021112500100527,2021년 11월 25일 18시,목요일,경상북도 구미시 사곡동,경상사고,0,0,1,0,차대차 - 기타,기타,건조,맑음,단일로 - 기타,승용,남,51세,상해없음,이륜,남,51세,경상
2021112500100581,2021년 11월 25일 19시,목요일,경상북도 고령군 성산면,경상사고,0,0,2,0,차대차 - 측면충돌,교차로운행방법위반,건조,맑음,교차로 - 교차로안,승용,여,24세,경상,승용,남,51세,상해없음
2021112500100605,2021년 11월 25일 20시,목요일,경상북도 김천시 신음동,중상사고,0,1,0,0,차대차 - 측면충돌,교차로운행방법위반,건조,맑음,교차로 - 교차로안,승용,여,50세,상해없음,이륜,남,29세,중상
2021112500100632,2021년 11월 25일 21시,목요일,경상북도 포항시 북구 창포동,경상사고,0,0,2,0,차대차 - 측면충돌,교차로운행방법위반,건조,맑음,교차로 - 교차로안,승용,남,71세,상해없음,승용,여,22세,경상
2021112500100658,2021년 11월 25일 22시,목요일,경상북도 안동시 천리동,경상사고,0,0,2,0,차대차 - 측면충돌,안전운전불이행,건조,맑음,교차로 - 교차로안,승용,남,42세,상해없음,승용,남,47세,경상
2021112600100041,2021년 11월 26일 04시,금요일,경상북도 포항시 북구 흥해읍,사망사고,1,0,0,0,차대사람 - 횡단중,안전운전불이행,건조,맑음,교차로 - 교차로안,승용,남,77세,상해없음,보행자,여,81세,사망
2021112600100064,2021년 11월 26일 06시,금요일,경상북도 경산시 중방동,경상사고,0,0,1,0,차대차 - 정면충돌,안전운전불이행,건조,맑음,교차로 - 교차로안,승용,여,39세,상해없음,승용,남,47세,경상
2021112600100065,2021년 11월 26일 06시,금요일,경상북도 포항시 남구 지곡동,경상사고,0,0,2,0,차대차 - 측면충돌,안전운전불이행,건조,맑음,교차로 - 교차로안,건설기계,남,57세,경상,승용,남,53세,경상
2021112600100088,2021년 11월 26일 07시,금요일,경상북도 김천시 개령면,경상사고,0,0,1,0,차대차 - 기타,안전운전불이행,건조,맑음,단일로 - 기타,건설기계,남,57세,상해없음,승용,남,34세,경상
2021112600100089,2021년 11월 26일 07시,금요일,경상북도 울진군 북면,중상사고,0,1,0,0,차대사람 - 길가장자리구역통행중,안전운전불이행,건조,맑음,단일로 - 기타,화물,남,61세,상해없음,보행자,남,75세,중상
2021112600100135,2021년 11월 26일 08시,금요일,경상북도 김천시 황금동,중상사고,0,1,0,0,차대사람 - 횡단중,안전운전불이행,건조,맑음,교차로 - 교차로부근,화물,남,78세,상해없음,보행자,여,84세,중상
2021112600100136,2021년 11월 26일 08시,금요일,경상북도 의성군 안계면,경상사고,0,0,1,0,차대차 - 추돌,안전운전불이행,건조,맑음,교차로 - 교차로안,이륜,여,69세,경상,승용,여,33세,상해없음
2021112600100137,2021년 11월 26일 08시,금요일,경상북도 구미시 선산읍,중상사고,0,1,0,0,차대차 - 기타,기타,건조,맑음,단일로 - 기타,화물,남,50세,상해없음,승용,여,59세,중상
2021112600100183,2021년 11월 26일 09시,금요일,경상북도 영주시 가흥동,중상사고,0,1,0,0,차대차 - 측면충돌,안전운전불이행,건조,맑음,교차로 - 교차로부근,화물,남,71세,상해없음,자전거,남,74세,중상
2021112600100184,2021년 11월 26일 09시,금요일,경상북도 성주군 초전면,경상사고,0,0,2,0,차대차 - 기타,안전운전불이행,건조,맑음,교차로 - 교차로안,화물,남,37세,기타불명,승용,남,57세,경상
2021112600100210,2021년 11월 26일 10시,금요일,경상북도 경주시 내남면,경상사고,0,0,1,1,차대차 - 측면충돌,안전거리미확보,건조,맑음,교차로 - 교차로부근,승용,남,62세,부상신고,승용,남,46세,경상
2021112600100211,2021년 11월 26일 10시,금요일,경상북도 포항시 북구 죽도동,중상사고,0,1,0,0,차량단독 - 공작물충돌,안전운전불이행,건조,맑음,단일로 - 기타,승용,남,78세,중상,,,,
2021112600100212,2021년 11월 26일 10시,금요일,경상북도 영천시 망정동,중상사고,0,1,0,0,차대사람 - 기타,안전운전불이행,건조,맑음,단일로 - 기타,승합,남,57세,상해없음,보행자,여,78세,중상
2021112600100213,2021년 11월 26일 10시,금요일,경상북도 포항시 남구 대잠동,경상사고,0,0,1,0,차대차 - 기타,안전운전불이행,건조,맑음,단일로 - 기타,승용,여,71세,상해없음,승합,남,55세,경상
2021112600100241,2021년 11월 26일 11시,금요일,경상북도 의성군 안계면,중상사고,0,3,0,0,차대차 - 추돌,기타,건조,맑음,기타 - 기타,승용,남,29세,상해없음,승용,남,27세,중상
2021112600100242,2021년 11월 26일 11시,금요일,경상북도 구미시 옥계동,부상신고사고,0,0,0,1,차대차 - 기타,안전운전불이행,건조,맑음,단일로 - 기타,자전거,남,21세,부상신고,승용,남,46세,상해없음
2021112600100243,2021년 11월 26일 11시,금요일,경상북도 포항시 남구 해도동,부상신고사고,0,0,0,1,차대차 - 측면충돌,차로위반,건조,맑음,단일로 - 지하차도(도로)내,자전거,남,83세,부상신고,화물,남,48세,상해없음
2021112600100244,2021년 11월 26일 11시,금요일,경상북도 포항시 남구 송도동,경상사고,0,0,3,0,차대차 - 측면충돌,안전운전불이행,건조,맑음,단일로 - 기타,승용,여,67세,상해없음,승용,여,50세,경상
2021112600100323,2021년 11월 26일 13시,금요일,경상북도 안동시 풍천면,경상사고,0,0,1,0,차대차 - 측면충돌,신호위반,건조,맑음,교차로 - 교차로부근,승용,남,72세,상해없음,승용,남,63세,경상
2021112600100324,2021년 11월 26일 13시,금요일,경상북도 성주군 성주읍,경상사고,0,0,1,0,차대차 - 기타,안전운전불이행,건조,맑음,교차로 - 교차로안,자전거,남,69세,경상,승용,남,54세,상해없음
2021112600100325,2021년 11월 26일 13시,금요일,경상북도 구미시 비산동,경상사고,0,0,1,1,차대차 - 추돌,안전운전불이행,건조,맑음,단일로 - 기타,화물,남,54세,상해없음,승용,남,25세,경상
2021112600100326,2021년 11월 26일 13시,금요일,경상북도 포항시 남구 대잠동,경상사고,0,0,1,0,차대차 - 측면충돌,안전거리미확보,건조,맑음,교차로 - 교차로안,화물,남,54세,상해없음,건설기계,남,66세,경상
2021112600100344,2021년 11월 26일 14시,금요일,경상북도 구미시 선산읍,경상사고,0,0,3,0,차대차 - 측면충돌,안전운전불이행,건조,맑음,교차로 - 교차로안,승용,여,49세,상해없음,승용,여,53세,경상
2021112600100395,2021년 11월 26일 15시,금요일,경상북도 경주시 구정동,경상사고,0,0,2,0,차대차 - 정면충돌,중앙선침범,건조,맑음,교차로 - 교차로안,승용,남,64세,상해없음,승용,남,29세,경상
2021112600100396,2021년 11월 26일 15시,금요일,경상북도 포항시 남구 구룡포읍,중상사고,0,1,2,4,차대차 - 추돌,안전운전불이행,건조,맑음,단일로 - 기타,화물,남,63세,상해없음,승용,남,39세,부상신고
2021112600100437,2021년 11월 26일 16시,금요일,경상북도 안동시 옥야동,경상사고,0,0,2,0,차대차 - 기타,안전운전불이행,건조,맑음,교차로 - 교차로부근,승용,여,43세,상해없음,승용,남,25세,경상
2021112600100438,2021년 11월 26일 16시,금요일,경상북도 안동시 용상동,경상사고,0,0,2,0,차대차 - 추돌,안전운전불이행,건조,맑음,교차로 - 교차로부근,승용,여,60세,경상,승용,남,39세,경상
2021112600100439,2021년 11월 26일 16시,금요일,경상북도 포항시 남구 오천읍,경상사고,0,0,1,0,차대사람 - 횡단중,보행자보호의무위반,건조,맑음,교차로 - 교차로안,승용,여,47세,상해없음,보행자,여,20세,경상
2021112600100506,2021년 11월 26일 17시,금요일,경상북도 포항시 북구 죽도동,경상사고,0,0,2,0,차대차 - 측면충돌,안전운전불이행,건조,맑음,교차로 - 교차로부근,이륜,남,21세,상해없음,승용,남,30세,경상
2021112600100508,2021년 11월 26일 17시,금요일,경상북도 칠곡군 북삼읍,중상사고,0,1,1,0,차대차 - 측면충돌,안전운전불이행,건조,맑음,교차로 - 교차로안,화물,남,51세,중상,승용,남,61세,경상
2021112600100509,2021년 11월 26일 17시,금요일,경상북도 영천시 화룡동,경상사고,0,0,1,0,차대차 - 추돌,안전운전불이행,건조,맑음,교차로 - 교차로부근,화물,남,51세,상해없음,승용,남,53세,경상
2021112600100510,2021년 11월 26일 17시,금요일,경상북도 영천시 금호읍,경상사고,0,0,2,0,차대차 - 측면충돌,안전운전불이행,건조,맑음,교차로 - 교차로안,승용,남,56세,경상,승용,남,29세,경상
2021112600100511,2021년 11월 26일 17시,금요일,경상북도 구미시 형곡동,경상사고,0,0,1,0,차대차 - 기타,안전운전불이행,건조,맑음,단일로 - 기타,승용,여,62세,상해없음,승용,남,61세,경상
2021112600100512,2021년 11월 26일 17시,금요일,경상북도 포항시 남구 해도동,경상사고,0,0,1,0,차대차 - 기타,차로위반,건조,맑음,단일로 - 기타,승용,남,66세,상해없음,승합,남,54세,상해없음
2021112600100513,2021년 11월 26일 17시,금요일,경상북도 구미시 옥성면,경상사고,0,0,1,0,차대차 - 측면충돌,안전운전불이행,건조,맑음,기타 - 기타,승용,남,23세,상해없음,승용,남,63세,상해없음
2021112600100570,2021년 11월 26일 18시,금요일,경상북도 칠곡군 석적읍,경상사고,0,0,4,0,차대차 - 추돌,안전운전불이행,건조,흐림,단일로 - 기타,승용,여,37세,상해없음,승용,여,35세,경상
2021112600100571,2021년 11월 26일 18시,금요일,경상북도 성주군 선남면,사망사고,1,0,0,0,차대사람 - 횡단중,신호위반,건조,맑음,단일로 - 기타,승용,남,52세,상해없음,보행자,여,72세,사망
2021112600100572,2021년 11월 26일 18시,금요일,경상북도 칠곡군 동명면,경상사고,0,0,3,0,차대차 - 추돌,안전운전불이행,건조,맑음,단일로 - 기타,승용,남,57세,상해없음,승용,남,61세,경상
2021112600100635,2021년 11월 26일 19시,금요일,경상북도 포항시 북구 용흥동,경상사고,0,0,1,0,차대차 - 측면충돌,차로위반,건조,맑음,교차로 - 교차로부근,승용,남,73세,상해없음,승용,여,61세,경상
2021112600100636,2021년 11월 26일 19시,금요일,경상북도 포항시 남구 오천읍,경상사고,0,0,1,0,차대차 - 측면충돌,신호위반,건조,맑음,교차로 - 교차로안,이륜,남,35세,상해없음,이륜,남,26세,경상
2021112600100670,2021년 11월 26일 20시,금요일,경상북도 포항시 남구 오천읍,경상사고,0,0,1,0,차대차 - 측면충돌,중앙선침범,건조,맑음,교차로 - 교차로안,승용,남,22세,상해없음,승합,남,40세,경상
2021112600100701,2021년 11월 26일 21시,금요일,경상북도 경주시 북군동,중상사고,0,1,0,0,차대사람 - 기타,안전운전불이행,건조,맑음,단일로 - 기타,승용,여,57세,상해없음,보행자,남,50세,중상
2021112600100741,2021년 11월 26일 23시,금요일,경상북도 안동시 옥동,사망사고,1,0,0,0,차대차 - 기타,안전운전불이행,건조,맑음,단일로 - 기타,이륜,남,31세,사망,건설기계,남,46세,기타불명
2021112700100010,2021년 11월 27일 00시,토요일,경상북도 경산시 백천동,경상사고,0,0,2,0,차대차 - 추돌,안전운전불이행,건조,맑음,교차로 - 교차로부근,승용,남,37세,상해없음,승용,남,56세,경상
2021112700100011,2021년 11월 27일 00시,토요일,경상북도 구미시 상모동,중상사고,0,1,0,0,차대차 - 추돌,안전운전불이행,건조,맑음,교차로 - 교차로부근,원동기,남,38세,중상,승용,남,56세,상해없음
2021112700100024,2021년 11월 27일 01시,토요일,경상북도 포항시 남구 상도동,경상사고,0,0,2,0,차대차 - 추돌,안전운전불이행,건조,맑음,교차로 - 교차로부근,승용,여,59세,상해없음,승용,남,65세,경상
2021112700100104,2021년 11월 27일 09시,토요일,경상북도 칠곡군 왜관읍,경상사고,0,0,1,0,차대사람 - 기타,안전운전불이행,건조,맑음,교차로 - 교차로부근,화물,남,63세,상해없음,보행자,남,58세,경상
2021112700100105,2021년 11월 27일 09시,토요일,경상북도 칠곡군 석적읍,경상사고,0,0,1,0,차대차 - 측면충돌,안전운전불이행,건조,맑음,교차로 - 교차로횡단보도내,승용,남,35세,상해없음,승용,남,46세,경상
2021112700100106,2021년 11월 27일 09시,토요일,경상북도 경산시 남천면,경상사고,0,0,2,0,차대차 - 기타,안전운전불이행,건조,맑음,단일로 - 기타,승용,남,59세,상해없음,이륜,남,78세,경상
2021112700100107,2021년 11월 27일 09시,토요일,경상북도 구미시 공단동,경상사고,0,0,1,0,차대차 - 측면충돌,안전운전불이행,건조,맑음,교차로 - 교차로안,승용,남,30세,상해없음,승용,여,55세,경상
2021112700100108,2021년 11월 27일 09시,토요일,경상북도 포항시 남구 대잠동,중상사고,0,1,1,0,차대차 - 측면충돌,안전운전불이행,건조,맑음,교차로 - 교차로안,화물,남,63세,경상,승용,남,48세,중상
2021112700100143,2021년 11월 27일 10시,토요일,경상북도 상주시 남성동,중상사고,0,1,0,0,차대사람 - 기타,안전운전불이행,건조,맑음,단일로 - 기타,승용,남,36세,상해없음,보행자,여,69세,중상
2021112700100144,2021년 11월 27일 10시,토요일,경상북도 포항시 남구 해도동,경상사고,0,0,2,0,차대차 - 측면충돌,차로위반,건조,맑음,단일로 - 교량,건설기계,남,59세,상해없음,승용,남,50세,경상