사고번호,사고일시,요일,시군구,사고내용,사망자수,중상자수,경상자수,부상신고자수,사고유형,법규위반,노면상태,기상상태,도로형태,가해운전자 차종,가해운전자 성별,가해운전자 연령,가해운전자 상해정도,피해운전자 차종,피해운전자 성별,피해운전자 연령,피해운전자 상해정도
2021112700100176,2021년 11월 27일 11시,토요일,경상북도 경주시 강동면,경상사고,0,0,2,0,차대차 - 측면충돌,신호위반,건조,맑음,교차로 - 교차로안,승용,여,69세,경상,승용,남,72세,경상
2021112700100177,2021년 11월 27일 11시,토요일,경상북도 경주시 충효동,경상사고,0,0,1,0,차대차 - 측면충돌,신호위반,건조,맑음,교차로 - 교차로안,승용,남,63세,상해없음,승용,여,49세,경상
2021112700100178,2021년 11월 27일 11시,토요일,경상북도 울진군 금강송면,경상사고,0,0,2,0,차대차 - 측면충돌,중앙선침범,건조,맑음,단일로 - 기타,승용,남,64세,상해없음,승용,여,32세,경상
2021112700100213,2021년 11월 27일 12시,토요일,경상북도 문경시 문경읍,경상사고,0,0,1,0,차대차 - 측면충돌,안전운전불이행,건조,맑음,단일로 - 기타,화물,남,73세,상해없음,기타불명,여,82세,경상
2021112700100214,2021년 11월 27일 12시,토요일,경상북도 예천군 예천읍,중상사고,0,1,0,0,차대사람 - 차도통행중,안전운전불이행,건조,맑음,단일로 - 기타,화물,남,59세,상해없음,보행자,여,84세,중상
2021112700100256,2021년 11월 27일 13시,토요일,경상북도 포항시 북구 남빈동,경상사고,0,0,1,0,차대사람 - 횡단중,안전운전불이행,건조,맑음,단일로 - 기타,화물,남,42세,상해없음,보행자,남,34세,경상
2021112700100257,2021년 11월 27일 13시,토요일,경상북도 포항시 북구 두호동,경상사고,0,0,1,0,차대사람 - 보도통행중,기타,건조,맑음,교차로 - 교차로부근,승용,남,53세,상해없음,보행자,여,18세,경상
2021112700100258,2021년 11월 27일 13시,토요일,경상북도 경산시 사동,경상사고,0,0,1,0,차대차 - 측면충돌,안전운전불이행,건조,맑음,단일로 - 지하차도(도로)내,승용,여,30세,상해없음,승용,남,27세,경상
2021112700100259,2021년 11월 27일 13시,토요일,경상북도 구미시 임수동,경상사고,0,0,1,0,차대차 - 추돌,안전운전불이행,건조,맑음,교차로 - 교차로부근,승용,남,61세,상해없음,승용,남,24세,경상
2021112700100304,2021년 11월 27일 14시,토요일,경상북도 포항시 북구 덕산동,경상사고,0,0,2,0,차대차 - 추돌,안전운전불이행,건조,맑음,단일로 - 기타,승용,남,66세,상해없음,승용,남,30세,경상
2021112700100305,2021년 11월 27일 14시,토요일,경상북도 영주시 문정동,경상사고,0,0,5,0,차대차 - 추돌,안전운전불이행,건조,맑음,기타 - 기타,승용,남,61세,상해없음,승용,남,57세,경상
2021112700100344,2021년 11월 27일 15시,토요일,경상북도 칠곡군 왜관읍,경상사고,0,0,1,0,차대사람 - 횡단중,보행자보호의무위반,건조,맑음,교차로 - 교차로횡단보도내,승용,남,57세,상해없음,보행자,여,24세,경상
2021112700100345,2021년 11월 27일 15시,토요일,경상북도 칠곡군 북삼읍,중상사고,0,1,4,0,차대차 - 측면충돌,기타,건조,맑음,교차로 - 교차로안,승용,여,58세,중상,승용,여,39세,경상
2021112700100346,2021년 11월 27일 15시,토요일,경상북도 영천시 고경면,중상사고,0,1,2,0,차대차 - 추돌,안전운전불이행,건조,맑음,교차로 - 교차로부근,화물,남,62세,중상,승용,남,31세,경상
2021112700100347,2021년 11월 27일 15시,토요일,경상북도 포항시 북구 죽도동,경상사고,0,0,1,0,차대차 - 후진중충돌,안전운전불이행,건조,맑음,단일로 - 지하차도(도로)내,화물,남,60세,상해없음,원동기,남,21세,경상
2021112700100386,2021년 11월 27일 16시,토요일,경상북도 경주시 하동,중상사고,0,1,1,0,차대차 - 측면충돌,안전운전불이행,건조,맑음,단일로 - 기타,승용,여,45세,상해없음,승용,여,32세,경상
2021112700100428,2021년 11월 27일 17시,토요일,경상북도 안동시 광석동,중상사고,0,1,0,0,차대사람 - 횡단중,안전운전불이행,건조,맑음,단일로 - 기타,이륜,남,27세,상해없음,보행자,여,56세,중상
2021112700100474,2021년 11월 27일 18시,토요일,경상북도 경주시 문무대왕면,중상사고,0,1,0,0,차대차 - 추돌,안전운전불이행,건조,맑음,단일로 - 지하차도(도로)내,승용,남,57세,상해없음,승용,남,55세,중상
2021112700100475,2021년 11월 27일 18시,토요일,경상북도 경주시 노서동,경상사고,0,0,1,0,차대차 - 기타,안전운전불이행,건조,맑음,교차로 - 교차로부근,승용,남,55세,상해없음,승용,남,51세,경상
2021112700100476,2021년 11월 27일 18시,토요일,경상북도 구미시 인의동,경상사고,0,0,1,0,차대차 - 기타,직진우회전진행방해,건조,맑음,교차로 - 교차로안,승용,남,58세,상해없음,개인형이동수단(PM),남,13세,경상
2021112700100477,2021년 11월 27일 18시,토요일,경상북도 구미시 황상동,사망사고,1,0,0,0,차량단독 - 공작물충돌,안전운전불이행,건조,맑음,기타 - 기타,이륜,남,51세,사망,,,,
2021112700100479,2021년 11월 27일 18시,토요일,경상북도 포항시 남구 대잠동,경상사고,0,0,2,0,차대차 - 추돌,안전운전불이행,건조,맑음,단일로 - 기타,이륜,남,21세,경상,승용,남,50세,경상
2021112700100550,2021년 11월 27일 20시,토요일,경상북도 영주시 가흥동,경상사고,0,0,1,0,차대차 - 측면충돌,안전운전불이행,건조,맑음,교차로 - 교차로부근,승용,여,28세,경상,승용,남,46세,기타불명
2021112700100567,2021년 11월 27일 21시,토요일,경상북도 구미시 송정동,경상사고,0,0,1,0,차대차 - 기타,안전운전불이행,건조,맑음,교차로 - 교차로부근,승용,남,25세,상해없음,이륜,남,31세,경상
2021112700100568,2021년 11월 27일 21시,토요일,경상북도 구미시 황상동,경상사고,0,0,1,0,차대차 - 기타,교차로운행방법위반,건조,맑음,교차로 - 교차로안,이륜,남,46세,경상,이륜,남,30세,상해없음
2021112800100028,2021년 11월 28일 01시,일요일,경상북도 포항시 북구 죽도동,경상사고,0,0,3,0,차대차 - 추돌,안전운전불이행,건조,맑음,교차로 - 교차로부근,승용,남,35세,상해없음,승용,남,31세,경상
2021112800100029,2021년 11월 28일 01시,일요일,경상북도 구미시 구포동,경상사고,0,0,2,0,차대차 - 기타,안전운전불이행,건조,맑음,단일로 - 기타,승용,남,40세,상해없음,승용,여,25세,경상
2021112800100064,2021년 11월 28일 06시,일요일,경상북도 안동시 일직면,사망사고,1,2,0,0,차대차 - 정면충돌,기타,건조,맑음,단일로 - 기타,화물,남,50세,사망,승용,남,24세,중상
2021112800100090,2021년 11월 28일 09시,일요일,경상북도 구미시 산동읍,경상사고,0,0,1,0,차대차 - 측면충돌,신호위반,건조,맑음,교차로 - 교차로안,승용,여,37세,상해없음,승용,여,43세,경상
2021112800100120,2021년 11월 28일 10시,일요일,경상북도 경주시 외동읍,경상사고,0,0,1,0,차대사람 - 길가장자리구역통행중,안전운전불이행,건조,맑음,기타 - 기타,이륜,남,61세,상해없음,보행자,여,68세,경상
2021112800100121,2021년 11월 28일 10시,일요일,경상북도 경산시 임당동,경상사고,0,0,2,0,차대차 - 측면충돌,교차로운행방법위반,건조,맑음,교차로 - 교차로안,승용,남,38세,경상,이륜,남,28세,경상
2021112800100143,2021년 11월 28일 11시,일요일,경상북도 경주시 성건동,경상사고,0,0,1,0,차대차 - 측면충돌,중앙선침범,건조,맑음,교차로 - 교차로부근,승용,남,69세,상해없음,이륜,남,26세,경상
2021112800100144,2021년 11월 28일 11시,일요일,경상북도 경주시 문무대왕면,경상사고,0,0,1,0,차대사람 - 기타,안전운전불이행,건조,맑음,단일로 - 기타,승용,여,29세,상해없음,보행자,여,65세,경상
2021112800100145,2021년 11월 28일 11시,일요일,경상북도 안동시 용상동,경상사고,0,0,4,0,차대차 - 기타,안전운전불이행,건조,맑음,단일로 - 교량,승용,남,35세,경상,승용,남,65세,경상
2021112800100146,2021년 11월 28일 11시,일요일,경상북도 영덕군 창수면,중상사고,0,1,0,0,차량단독 - 도로외이탈 - 추락,안전운전불이행,건조,맑음,단일로 - 기타,사륜오토바이(ATV),여,65세,상해없음,,,,
2021112800100176,2021년 11월 28일 12시,일요일,경상북도 영천시 망정동,경상사고,0,0,1,0,차대차 - 후진중충돌,안전운전불이행,건조,맑음,교차로 - 교차로부근,승용,남,60세,상해없음,이륜,남,37세,경상
2021112800100205,2021년 11월 28일 13시,일요일,경상북도 영주시 풍기읍,부상신고사고,0,0,0,1,차대차 - 추돌,안전운전불이행,건조,맑음,단일로 - 기타,이륜,남,70세,부상신고,승용,여,62세,상해없음
2021112800100206,2021년 11월 28일 13시,일요일,경상북도 성주군 벽진면,경상사고,0,0,1,0,차량단독 - 도로외이탈 - 추락,안전운전불이행,건조,맑음,단일로 - 기타,이륜,남,56세,경상,,,,
2021112800100207,2021년 11월 28일 13시,일요일,경상북도 구미시 공단동,중상사고,0,1,0,0,차대차 - 측면충돌,안전운전불이행,건조,맑음,교차로 - 교차로부근,승용,남,24세,상해없음,승용,남,58세,중상
2021112800100238,2021년 11월 28일 14시,일요일,경상북도 포항시 북구 두호동,중상사고,0,1,0,0,차대사람 - 횡단중,보행자보호의무위반,건조,맑음,교차로 - 교차로횡단보도내,승용,남,75세,상해없음,보행자,남,62세,중상
2021112800100239,2021년 11월 28일 14시,일요일,경상북도 안동시 남선면,경상사고,0,0,1,0,차량단독 - 전도전복 - 전도,안전운전불이행,건조,맑음,단일로 - 기타,이륜,남,86세,경상,,,,
2021112800100274,2021년 11월 28일 15시,일요일,경상북도 영천시 완산동,중상사고,0,1,0,0,차대차 - 측면충돌,안전운전불이행,건조,맑음,교차로 - 교차로안,승용,남,65세,상해없음,승용,여,59세,중상
2021112800100296,2021년 11월 28일 16시,일요일,경상북도 경주시 탑동,경상사고,0,0,2,0,차대차 - 추돌,안전운전불이행,건조,맑음,단일로 - 기타,승용,남,65세,상해없음,승용,남,39세,경상
2021112800100297,2021년 11월 28일 16시,일요일,경상북도 포항시 남구 오천읍,중상사고,0,1,0,0,차대차 - 측면충돌,안전운전불이행,건조,맑음,단일로 - 기타,자전거,남,64세,중상,화물,남,79세,상해없음
2021112800100358,2021년 11월 28일 18시,일요일,경상북도 경주시 성건동,중상사고,0,1,0,0,차대차 - 정면충돌,기타,건조,맑음,교차로 - 교차로안,승용,남,25세,상해없음,자전거,남,63세,중상
2021112800100421,2021년 11월 28일 20시,일요일,경상북도 상주시 은척면,경상사고,0,0,1,0,차대사람 - 차도통행중,안전운전불이행,건조,맑음,단일로 - 기타,승용,남,45세,상해없음,보행자,여,77세,경상
2021112800100470,2021년 11월 28일 22시,일요일,경상북도 포항시 남구 이동,경상사고,0,0,3,0,차대차 - 측면충돌,교차로운행방법위반,건조,맑음,교차로 - 교차로안,이륜,남,43세,경상,승용,남,67세,상해없음
2021112800100481,2021년 11월 28일 23시,일요일,경상북도 경주시 외동읍,경상사고,0,0,1,0,차대차 - 추돌,안전운전불이행,건조,맑음,교차로 - 교차로부근,승용,남,63세,상해없음,승용,여,50세,경상
2021112900100018,2021년 11월 29일 02시,월요일,경상북도 상주시 화남면,사망사고,1,1,1,0,차대차 - 추돌,안전운전불이행,건조,맑음,단일로 - 기타,특수,남,49세,사망,화물,남,67세,중상
2021112900100046,2021년 11월 29일 06시,월요일,경상북도 상주시 남적동,사망사고,1,0,0,0,차대사람 - 횡단중,안전운전불이행,건조,맑음,교차로 - 교차로안,화물,남,68세,상해없음,보행자,여,85세,사망
2021112900100047,2021년 11월 29일 06시,월요일,경상북도 울진군 죽변면,중상사고,0,1,0,0,차량단독 - 전도전복 - 전도,기타,건조,맑음,기타 - 기타,이륜,남,59세,중상,,,,
2021112900100079,2021년 11월 29일 07시,월요일,경상북도 경산시 하양읍,중상사고,0,1,0,0,차대사람 - 기타,안전운전불이행,건조,맑음,단일로 - 기타,화물,남,62세,상해없음,보행자,남,79세,중상
2021112900100080,2021년 11월 29일 07시,월요일,경상북도 구미시 지산동,중상사고,0,1,0,0,차대차 - 정면충돌,안전운전불이행,건조,맑음,교차로 - 교차로부근,자전거,여,62세,중상,승용,여,57세,상해없음
2021112900100120,2021년 11월 29일 08시,월요일,경상북도 경산시 용성면,중상사고,0,1,0,0,차대차 - 측면충돌,안전운전불이행,건조,맑음,단일로 - 기타,화물,남,60세,상해없음,자전거,남,20세,중상
2021112900100121,2021년 11월 29일 08시,월요일,경상북도 성주군 가천면,중상사고,0,1,0,0,차대차 - 측면충돌,직진우회전진행방해,건조,맑음,교차로 - 교차로안,이륜,남,71세,중상,승용,남,63세,상해없음
2021112900100122,2021년 11월 29일 08시,월요일,경상북도 군위군 군위읍,중상사고,0,1,0,0,차대차 - 추돌,안전운전불이행,건조,맑음,단일로 - 기타,승용,여,22세,상해없음,화물,남,62세,중상
2021112900100161,2021년 11월 29일 09시,월요일,경상북도 상주시 성동동,경상사고,0,0,1,0,차대차 - 기타,교차로운행방법위반,건조,맑음,교차로 - 교차로안,특수,남,43세,경상,승용,남,43세,기타불명
2021112900100186,2021년 11월 29일 10시,월요일,경상북도 구미시 신평동,경상사고,0,0,1,0,차대차 - 추돌,안전운전불이행,건조,맑음,교차로 - 교차로부근,승용,남,40세,상해없음,화물,남,28세,경상
2021112900100217,2021년 11월 29일 11시,월요일,경상북도 상주시 공검면,경상사고,0,0,2,0,차대차 - 측면충돌,중앙선침범,건조,맑음,교차로 - 교차로안,이륜,남,66세,경상,승용,여,53세,경상
2021112900100218,2021년 11월 29일 11시,월요일,경상북도 영천시 화산면,경상사고,0,0,1,0,차량단독 - 공작물충돌,안전운전불이행,건조,맑음,단일로 - 기타,특수,남,53세,경상,,,,
2021112900100219,2021년 11월 29일 11시,월요일,경상북도 예천군 개포면,중상사고,0,2,0,0,차대차 - 정면충돌,중앙선침범,건조,맑음,교차로 - 교차로부근,화물,남,59세,중상,화물,남,42세,중상
2021112900100245,2021년 11월 29일 12시,월요일,경상북도 포항시 북구 양덕동,경상사고,0,0,1,0,차대사람 - 횡단중,안전운전불이행,건조,맑음,교차로 - 교차로횡단보도내,승용,여,28세,상해없음,보행자,여,7세,경상
2021112900100246,2021년 11월 29일 12시,월요일,경상북도 김천시 용두동,경상사고,0,0,1,0,차대차 - 측면충돌,안전운전불이행,건조,맑음,단일로 - 기타,승용,남,69세,상해없음,이륜,남,64세,경상
2021112900100281,2021년 11월 29일 13시,월요일,경상북도 구미시 공단동,중상사고,0,1,0,0,차대차 - 기타,안전운전불이행,건조,맑음,교차로 - 교차로부근,승용,여,52세,상해없음,이륜,남,47세,중상
2021112900100320,2021년 11월 29일 14시,월요일,경상북도 경주시 안강읍,중상사고,0,1,0,0,차대차 - 측면충돌,안전운전불이행,건조,맑음,단일로 - 지하차도(도로)내,승용,남,74세,상해없음,이륜,남,79세,중상
2021112900100321,2021년 11월 29일 14시,월요일,경상북도 포항시 북구 흥해읍,경상사고,0,0,1,0,차대차 - 추돌,안전운전불이행,건조,맑음,단일로 - 기타,승용,남,63세,기타불명,승용,남,34세,경상
2021112900100322,2021년 11월 29일 14시,월요일,경상북도 안동시 남문동,중상사고,0,1,0,0,차대사람 - 횡단중,안전운전불이행,건조,맑음,단일로 - 기타,승용,여,66세,상해없음,보행자,여,78세,중상
2021112900100323,2021년 11월 29일 14시,월요일,경상북도 영주시 고현동,중상사고,0,1,0,0,차대차 - 추돌,안전운전불이행,건조,맑음,단일로 - 기타,건설기계,남,60세,상해없음,화물,남,54세,중상
2021112900100324,2021년 11월 29일 14시,월요일,경상북도 영천시 청통면,사망사고,1,0,0,0,차대사람 - 기타,안전운전불이행,건조,맑음,단일로 - 기타,승용,여,42세,상해없음,보행자,여,22세,사망
2021112900100325,2021년 11월 29일 14시,월요일,경상북도 청도군 금천면,중상사고,0,1,0,0,차량단독 - 도로외이탈 - 추락,안전운전불이행,건조,맑음,단일로 - 기타,사륜오토바이(ATV),여,78세,중상,,,,
2021112900100326,2021년 11월 29일 14시,월요일,경상북도 성주군 성주읍,중상사고,0,1,0,0,차대사람 - 횡단중,보행자보호의무위반,건조,맑음,교차로 - 교차로부근,승용,여,50세,상해없음,보행자,남,7세,중상
2021112900100371,2021년 11월 29일 15시,월요일,경상북도 구미시 신평동,경상사고,0,0,1,0,차대차 - 추돌,안전운전불이행,건조,맑음,교차로 - 교차로부근,기타불명,기타불명,미분류,기타불명,승용,남,61세,경상
2021112900100408,2021년 11월 29일 16시,월요일,경상북도 영덕군 영덕읍,경상사고,0,0,2,1,차대차 - 측면충돌,직진우회전진행방해,건조,맑음,교차로 - 교차로안,승용,여,45세,부상신고,승용,여,35세,경상
2021112900100409,2021년 11월 29일 16시,월요일,경상북도 성주군 선남면,경상사고,0,0,2,0,차대차 - 기타,안전거리미확보,건조,맑음,단일로 - 기타,승용,남,27세,경상,승용,남,34세,경상
2021112900100410,2021년 11월 29일 16시,월요일,경상북도 구미시 형곡동,경상사고,0,0,1,0,차대사람 - 횡단중,안전운전불이행,건조,맑음,기타 - 기타,승용,여,36세,상해없음,보행자,여,6세,경상
2021112900100451,2021년 11월 29일 17시,월요일,경상북도 안동시 북후면,경상사고,0,0,1,0,차대차 - 측면충돌,교차로운행방법위반,건조,맑음,교차로 - 교차로안,승용,남,61세,상해없음,화물,남,54세,경상
2021112900100452,2021년 11월 29일 17시,월요일,경상북도 칠곡군 북삼읍,사망사고,1,0,0,0,차대차 - 기타,안전운전불이행,건조,맑음,단일로 - 기타,이륜,남,16세,사망,건설기계,남,51세,기타불명
2021112900100500,2021년 11월 29일 18시,월요일,경상북도 포항시 북구 장성동,경상사고,0,0,1,0,차대사람 - 횡단중,중앙선침범,건조,맑음,단일로 - 기타,승용,여,44세,상해없음,보행자,남,58세,경상
2021112900100501,2021년 11월 29일 18시,월요일,경상북도 안동시 도산면,중상사고,0,1,0,0,차대사람 - 차도통행중,안전운전불이행,건조,맑음,단일로 - 기타,사륜오토바이(ATV),남,48세,상해없음,보행자,여,81세,중상
2021112900100502,2021년 11월 29일 18시,월요일,경상북도 영천시 완산동,경상사고,0,0,1,0,차대차 - 측면충돌,안전운전불이행,건조,맑음,교차로 - 교차로안,승용,남,49세,상해없음,승용,여,39세,경상
2021112900100503,2021년 11월 29일 18시,월요일,경상북도 경산시 중방동,경상사고,0,0,1,0,차대차 - 기타,안전운전불이행,건조,맑음,단일로 - 기타,승용,남,69세,상해없음,승용,여,44세,경상
2021112900100504,2021년 11월 29일 18시,월요일,경상북도 포항시 남구 해도동,경상사고,0,0,1,0,차대차 - 정면충돌,신호위반,건조,맑음,교차로 - 교차로안,승용,남,51세,상해없음,이륜,남,33세,경상
2021112900100547,2021년 11월 29일 19시,월요일,경상북도 안동시 송현동,경상사고,0,0,4,0,차대차 - 측면충돌,안전운전불이행,건조,맑음,교차로 - 교차로안,승용,남,26세,상해없음,승용,남,25세,경상
2021112900100576,2021년 11월 29일 20시,월요일,경상북도 경산시 중방동,경상사고,0,0,2,1,차대차 - 추돌,안전운전불이행,건조,맑음,단일로 - 기타,승용,남,22세,상해없음,승용,남,28세,경상
2021112900100599,2021년 11월 29일 21시,월요일,경상북도 포항시 북구 죽도동,경상사고,0,0,1,0,차대차 - 기타,안전운전불이행,건조,맑음,기타 - 기타,승용,남,53세,상해없음,개인형이동수단(PM),남,61세,경상
2021112900100600,2021년 11월 29일 21시,월요일,경상북도 구미시 사곡동,중상사고,0,1,0,0,차대사람 - 차도통행중,안전운전불이행,건조,맑음,단일로 - 기타,승용,남,41세,상해없음,보행자,여,63세,중상
2021112900100638,2021년 11월 29일 23시,월요일,경상북도 상주시 공성면,경상사고,0,0,1,0,차량단독 - 도로외이탈 - 추락,안전운전불이행,건조,맑음,단일로 - 기타,사륜오토바이(ATV),남,78세,경상,,,,
2021112900100639,2021년 11월 29일 23시,월요일,경상북도 구미시 황상동,경상사고,0,0,2,0,차대차 - 기타,안전운전불이행,건조,맑음,단일로 - 기타,승용,남,39세,상해없음,승용,남,57세,경상
2021113000100018,2021년 11월 30일 01시,화요일,경상북도 포항시 남구 연일읍,부상신고사고,0,0,0,1,차량단독 - 전도전복 - 전도,안전운전불이행,건조,맑음,단일로 - 지하차도(도로)내,이륜,남,31세,부상신고,,,,
2021113000100058,2021년 11월 30일 06시,화요일,경상북도 경주시 외동읍,경상사고,0,0,1,0,차대차 - 측면충돌,안전운전불이행,건조,맑음,단일로 - 기타,승용,남,31세,상해없음,화물,남,45세,경상
2021113000100059,2021년 11월 30일 06시,화요일,경상북도 포항시 남구 오천읍,중상사고,0,2,0,0,차대사람 - 횡단중,신호위반,건조,맑음,교차로 - 교차로횡단보도내,이륜,남,63세,중상,보행자,여,17세,중상
2021113000100149,2021년 11월 30일 08시,화요일,경상북도 영주시 하망동,경상사고,0,0,2,0,차대차 - 측면충돌,교차로운행방법위반,젖음/습기,비,교차로 - 교차로안,승용,여,44세,상해없음,승용,여,46세,경상
2021113000100150,2021년 11월 30일 08시,화요일,경상북도 영주시 휴천동,경상사고,0,0,2,0,차대차 - 측면충돌,교차로운행방법위반,건조,맑음,교차로 - 교차로안,승용,여,54세,상해없음,승용,남,51세,경상
2021113000100183,2021년 11월 30일 09시,화요일,경상북도 안동시 용상동,경상사고,0,0,1,0,차대차 - 기타,신호위반,젖음/습기,비,교차로 - 교차로안,화물,남,54세,상해없음,화물,남,38세,경상
2021113000100184,2021년 11월 30일 09시,화요일,경상북도 영천시 고경면,경상사고,0,0,1,0,차대차 - 측면충돌,안전운전불이행,젖음/습기,비,교차로 - 교차로안,승용,남,78세,경상,건설기계,남,47세,상해없음
2021113000100221,2021년 11월 30일 10시,화요일,경상북도 포항시 남구 대도동,경상사고,0,0,2,1,차대차 - 측면충돌,신호위반,젖음/습기,비,교차로 - 교차로안,승용,남,38세,부상신고,승용,여,39세,경상
2021113000100222,2021년 11월 30일 10시,화요일,경상북도 포항시 남구 오천읍,경상사고,0,0,1,0,차대차 - 정면충돌,교차로운행방법위반,건조,맑음,교차로 - 교차로안,승용,여,40세,상해없음,승용,남,52세,상해없음
2021113000100253,2021년 11월 30일 11시,화요일,경상북도 청도군 청도읍,경상사고,0,0,1,0,차대사람 - 기타,안전운전불이행,건조,맑음,단일로 - 기타,화물,남,73세,상해없음,보행자,남,47세,경상
2021113000100281,2021년 11월 30일 12시,화요일,경상북도 경주시 서부동,경상사고,0,0,1,0,차대차 - 후진중충돌,안전운전불이행,젖음/습기,비,주차장 - 주차장,승용,남,70세,상해없음,승용,남,59세,경상
2021113000100312,2021년 11월 30일 13시,화요일,경상북도 칠곡군 북삼읍,경상사고,0,0,2,0,차대차 - 추돌,안전거리미확보,건조,맑음,단일로 - 기타,건설기계,남,46세,상해없음,승용,남,54세,경상
2021113000100339,2021년 11월 30일 14시,화요일,경상북도 상주시 무양동,경상사고,0,0,1,0,차대차 - 측면충돌,교차로운행방법위반,젖음/습기,비,교차로 - 교차로안,승용,남,45세,상해없음,승용,남,33세,경상
2021113000100340,2021년 11월 30일 14시,화요일,경상북도 상주시 내서면,경상사고,0,0,2,0,차대차 - 기타,중앙선침범,젖음/습기,비,단일로 - 기타,승용,남,66세,경상,화물,남,27세,경상
2021113000100373,2021년 11월 30일 15시,화요일,경상북도 경주시 서면,경상사고,0,0,1,0,차대차 - 기타,기타,젖음/습기,비,단일로 - 기타,기타불명,기타불명,미분류,기타불명,승용,여,43세,경상
2021113000100404,2021년 11월 30일 16시,화요일,경상북도 상주시 함창읍,경상사고,0,0,1,0,차대차 - 측면충돌,신호위반,젖음/습기,비,교차로 - 교차로안,승용,남,40세,상해없음,화물,남,43세,경상
2021113000100405,2021년 11월 30일 16시,화요일,경상북도 문경시 모전동,경상사고,0,0,1,0,차대사람 - 횡단중,안전운전불이행,젖음/습기,비,교차로 - 교차로안,승용,남,51세,상해없음,보행자,남,89세,경상
2021113000100406,2021년 11월 30일 16시,화요일,경상북도 구미시 광평동,경상사고,0,0,1,0,차대차 - 추돌,안전운전불이행,건조,흐림,단일로 - 기타,승합,남,33세,상해없음,승용,여,45세,경상
2021113000100407,2021년 11월 30일 16시,화요일,경상북도 포항시 남구 해도동,경상사고,0,0,1,0,차대차 - 측면충돌,신호위반,건조,맑음,단일로 - 지하차도(도로)내,이륜,남,62세,상해없음,자전거,남,64세,경상
2021113000100458,2021년 11월 30일 17시,화요일,경상북도 안동시 서후면,경상사고,0,0,1,0,차대사람 - 기타,안전운전불이행,기타,기타,단일로 - 기타,이륜,여,49세,상해없음,보행자,여,80세,경상
2021113000100459,2021년 11월 30일 17시,화요일,경상북도 영주시 가흥동,중상사고,0,1,0,0,차대사람 - 횡단중,보행자보호의무위반,젖음/습기,비,단일로 - 기타,승용,여,58세,기타불명,보행자,여,80세,중상
2021113000100460,2021년 11월 30일 17시,화요일,경상북도 경산시 압량읍,경상사고,0,0,3,0,차대차 - 추돌,안전운전불이행,건조,맑음,교차로 - 교차로부근,승용,남,43세,상해없음,승용,여,33세,경상
2021113000100508,2021년 11월 30일 18시,화요일,경상북도 경주시 동천동,경상사고,0,0,1,0,차대차 - 측면충돌,안전운전불이행,건조,맑음,교차로 - 교차로안,승용,여,69세,상해없음,승용,남,49세,경상
2021113000100509,2021년 11월 30일 18시,화요일,경상북도 의성군 의성읍,경상사고,0,0,1,0,차대사람 - 횡단중,보행자보호의무위반,젖음/습기,비,교차로 - 교차로안,승용,남,47세,상해없음,보행자,남,60세,경상
2021113000100510,2021년 11월 30일 18시,화요일,경상북도 포항시 남구 송도동,중상사고,0,1,0,0,차대사람 - 횡단중,안전운전불이행,건조,맑음,교차로 - 교차로부근,승용,여,49세,상해없음,보행자,여,78세,중상
2021113000100584,2021년 11월 30일 20시,화요일,경상북도 경주시 성건동,중상사고,0,2,1,0,차대차 - 추돌,안전운전불이행,건조,맑음,교차로 - 교차로부근,승용,여,66세,상해없음,승용,남,66세,중상
2021113000100585,2021년 11월 30일 20시,화요일,경상북도 구미시 선산읍,중상사고,0,1,0,0,차대사람 - 차도통행중,안전운전불이행,젖음/습기,흐림,단일로 - 기타,승용,남,47세,상해없음,보행자,남,59세,중상
2021113000100586,2021년 11월 30일 20시,화요일,경상북도 구미시 상모동,경상사고,0,0,1,0,차대차 - 기타,안전운전불이행,건조,맑음,교차로 - 교차로안,승용,여,27세,기타불명,이륜,남,51세,경상
2021113000100625,2021년 11월 30일 21시,화요일,경상북도 포항시 남구 오천읍,경상사고,0,0,1,0,차대사람 - 차도통행중,안전운전불이행,건조,맑음,단일로 - 기타,승용,남,23세,상해없음,보행자,여,5세,경상
2021113000100626,2021년 11월 30일 21시,화요일,경상북도 군위군 소보면,경상사고,0,0,1,0,차대차 - 추돌,안전운전불이행,건조,맑음,단일로 - 터널,화물,남,32세,상해없음,화물,남,45세,경상
2021113000100639,2021년 11월 30일 22시,화요일,경상북도 안동시 용상동,경상사고,0,0,2,0,차대차 - 기타,교차로운행방법위반,건조,맑음,교차로 - 교차로안,승용,여,41세,상해없음,승용,남,27세,경상
2021113000100640,2021년 11월 30일 22시,화요일,경상북도 영천시 도동,경상사고,0,0,2,0,차대차 - 측면충돌,안전운전불이행,건조,맑음,단일로 - 기타,승용,남,47세,경상,화물,남,54세,경상
2021120100100009,2021년 12월 1일 00시,수요일,경상북도 안동시 송천동,경상사고,0,0,1,0,차대사람 - 기타,안전운전불이행,건조,맑음,단일로 - 기타,기타불명,기타불명,미분류,기타불명,보행자,남,22세,경상