사고번호,사고일시,요일,시군구,사고내용,사망자수,중상자수,경상자수,부상신고자수,사고유형,법규위반,노면상태,기상상태,도로형태,가해운전자 차종,가해운전자 성별,가해운전자 연령,가해운전자 상해정도,피해운전자 차종,피해운전자 성별,피해운전자 연령,피해운전자 상해정도
2021120100100020,2021년 12월 1일 01시,수요일,경상북도 포항시 북구 죽도동,중상사고,0,1,0,0,차대사람 - 보도통행중,신호위반,건조,맑음,교차로 - 교차로횡단보도내,이륜,남,36세,상해없음,보행자,남,29세,중상
2021120100100043,2021년 12월 1일 05시,수요일,경상북도 경주시 하동,중상사고,0,2,0,0,차대차 - 측면충돌,중앙선침범,건조,맑음,교차로 - 교차로부근,승합,남,57세,중상,승용,남,59세,중상
2021120100100148,2021년 12월 1일 09시,수요일,경상북도 경주시 사정동,중상사고,0,1,0,0,차대사람 - 횡단중,보행자보호의무위반,건조,맑음,기타 - 기타,승용,남,74세,상해없음,보행자,여,64세,중상
2021120100100149,2021년 12월 1일 09시,수요일,경상북도 안동시 옥동,경상사고,0,0,2,0,차대차 - 기타,교차로운행방법위반,건조,맑음,교차로 - 교차로부근,승용,남,55세,상해없음,승용,남,25세,경상
2021120100100150,2021년 12월 1일 09시,수요일,경상북도 김천시 신음동,중상사고,0,1,0,0,차대사람 - 횡단중,신호위반,건조,맑음,교차로 - 교차로부근,승용,여,26세,상해없음,보행자,여,75세,중상
2021120100100151,2021년 12월 1일 09시,수요일,경상북도 칠곡군 동명면,경상사고,0,0,2,0,차대차 - 측면충돌,안전운전불이행,건조,맑음,교차로 - 교차로안,승용,남,68세,상해없음,승용,남,52세,경상
2021120100100152,2021년 12월 1일 09시,수요일,경상북도 영천시 완산동,경상사고,0,0,1,0,차대차 - 정면충돌,기타,건조,맑음,단일로 - 기타,이륜,남,77세,경상,승용,남,37세,기타불명
2021120100100194,2021년 12월 1일 10시,수요일,경상북도 영천시 작산동,중상사고,0,1,0,0,차량단독 - 공작물충돌,안전운전불이행,건조,맑음,단일로 - 기타,승용,남,60세,중상,,,,
2021120100100221,2021년 12월 1일 11시,수요일,경상북도 포항시 북구 죽도동,경상사고,0,0,1,0,차대차 - 기타,안전운전불이행,건조,맑음,교차로 - 교차로부근,승용,여,66세,상해없음,승합,남,51세,상해없음
2021120100100246,2021년 12월 1일 12시,수요일,경상북도 포항시 북구 죽도동,중상사고,0,1,0,0,차대사람 - 횡단중,보행자보호의무위반,건조,맑음,교차로 - 교차로횡단보도내,이륜,남,41세,상해없음,보행자,여,70세,중상
2021120100100247,2021년 12월 1일 12시,수요일,경상북도 안동시 옥동,중상사고,0,1,0,0,차대차 - 측면충돌,안전운전불이행,건조,맑음,교차로 - 교차로안,승용,여,69세,상해없음,이륜,남,59세,중상
2021120100100271,2021년 12월 1일 13시,수요일,경상북도 경주시 서부동,경상사고,0,0,1,0,차대차 - 추돌,안전운전불이행,건조,맑음,단일로 - 기타,화물,남,64세,상해없음,이륜,남,52세,경상
2021120100100272,2021년 12월 1일 13시,수요일,경상북도 영천시 완산동,경상사고,0,0,1,0,차대차 - 정면충돌,안전운전불이행,건조,맑음,교차로 - 교차로안,승용,여,63세,상해없음,승용,남,48세,경상
2021120100100308,2021년 12월 1일 14시,수요일,경상북도 영천시 화산면,경상사고,0,0,1,0,차대차 - 추돌,안전운전불이행,건조,맑음,단일로 - 기타,승용,남,41세,경상,화물,남,58세,기타불명
2021120100100342,2021년 12월 1일 15시,수요일,경상북도 성주군 용암면,경상사고,0,0,1,0,차대차 - 정면충돌,중앙선침범,건조,맑음,단일로 - 기타,화물,남,72세,상해없음,승용,남,29세,경상
2021120100100343,2021년 12월 1일 15시,수요일,경상북도 포항시 남구 지곡동,경상사고,0,0,2,1,차대차 - 측면충돌,직진우회전진행방해,건조,맑음,교차로 - 교차로안,승용,남,23세,경상,승용,남,60세,경상
2021120100100376,2021년 12월 1일 16시,수요일,경상북도 예천군 예천읍,중상사고,0,1,0,0,차대차 - 측면충돌,안전운전불이행,건조,맑음,단일로 - 기타,자전거,남,82세,중상,승용,여,39세,상해없음
2021120100100415,2021년 12월 1일 17시,수요일,경상북도 경주시 안강읍,부상신고사고,0,0,0,1,차대사람 - 기타,안전운전불이행,건조,맑음,단일로 - 기타,승용,여,48세,상해없음,보행자,여,6세,부상신고
2021120100100416,2021년 12월 1일 17시,수요일,경상북도 영주시 풍기읍,경상사고,0,0,1,0,차대차 - 후진중충돌,안전운전불이행,건조,맑음,교차로 - 교차로안,승용,남,50세,상해없음,승용,여,36세,경상
2021120100100417,2021년 12월 1일 17시,수요일,경상북도 칠곡군 왜관읍,중상사고,0,1,0,0,차대차 - 측면충돌,차로위반,건조,맑음,단일로 - 기타,승용,여,55세,상해없음,이륜,남,64세,중상
2021120100100485,2021년 12월 1일 18시,수요일,경상북도 구미시 봉곡동,중상사고,0,1,0,0,차대차 - 기타,안전운전불이행,건조,맑음,교차로 - 교차로안,승용,여,43세,상해없음,이륜,남,19세,중상
2021120100100560,2021년 12월 1일 20시,수요일,경상북도 영천시 금호읍,경상사고,0,0,1,0,차대차 - 측면충돌,안전운전불이행,건조,맑음,단일로 - 기타,승용,남,42세,상해없음,승용,여,25세,경상
2021120100100607,2021년 12월 1일 22시,수요일,경상북도 포항시 북구 장성동,중상사고,0,1,0,0,차대차 - 측면충돌,신호위반,건조,맑음,교차로 - 교차로안,승용,남,28세,상해없음,이륜,남,39세,중상
2021120100100608,2021년 12월 1일 22시,수요일,경상북도 구미시 도량동,경상사고,0,0,1,0,차대차 - 측면충돌,신호위반,건조,맑음,교차로 - 교차로안,승용,남,51세,상해없음,승용,여,45세,경상
2021120100100623,2021년 12월 1일 23시,수요일,경상북도 경주시 감포읍,경상사고,0,0,1,0,차대차 - 기타,안전운전불이행,건조,기타,단일로 - 기타,승용,남,33세,상해없음,승용,남,25세,경상
2021120100100624,2021년 12월 1일 23시,수요일,경상북도 포항시 북구 죽도동,경상사고,0,0,2,0,차대차 - 측면충돌,안전운전불이행,건조,맑음,단일로 - 기타,승용,여,65세,상해없음,이륜,남,23세,경상
2021120200100024,2021년 12월 2일 02시,목요일,경상북도 포항시 남구 연일읍,경상사고,0,0,4,0,차대차 - 측면충돌,안전운전불이행,건조,맑음,단일로 - 기타,승용,남,35세,상해없음,승용,남,22세,경상
2021120200100054,2021년 12월 2일 06시,목요일,경상북도 포항시 남구 송내동,중상사고,0,1,0,0,차대차 - 측면충돌,교차로운행방법위반,건조,맑음,교차로 - 교차로부근,승용,남,38세,상해없음,자전거,남,48세,중상
2021120200100072,2021년 12월 2일 07시,목요일,경상북도 경주시 사정동,중상사고,0,1,1,0,차대차 - 측면충돌,신호위반,건조,맑음,교차로 - 교차로안,승용,여,55세,중상,승용,여,34세,경상
2021120200100073,2021년 12월 2일 07시,목요일,경상북도 포항시 남구 지곡동,중상사고,0,1,0,0,차대차 - 추돌,안전거리미확보,건조,맑음,교차로 - 교차로부근,승용,여,32세,상해없음,승용,남,45세,중상
2021120200100117,2021년 12월 2일 08시,목요일,경상북도 포항시 북구 우현동,경상사고,0,0,1,0,차대차 - 기타,안전운전불이행,건조,맑음,단일로 - 기타,화물,남,61세,상해없음,승용,남,42세,경상
2021120200100118,2021년 12월 2일 08시,목요일,경상북도 안동시 안흥동,경상사고,0,0,1,0,차대사람 - 횡단중,안전운전불이행,건조,맑음,교차로 - 교차로안,승용,여,51세,상해없음,보행자,여,70세,경상
2021120200100119,2021년 12월 2일 08시,목요일,경상북도 군위군 부계면,경상사고,0,0,1,0,차대차 - 측면충돌,안전운전불이행,건조,맑음,교차로 - 교차로안,화물,여,66세,상해없음,이륜,남,43세,경상
2021120200100149,2021년 12월 2일 09시,목요일,경상북도 경주시 현곡면,경상사고,0,0,2,0,차대차 - 측면충돌,안전운전불이행,건조,맑음,단일로 - 기타,승용,여,56세,상해없음,승용,여,38세,경상
2021120200100151,2021년 12월 2일 09시,목요일,경상북도 김천시 양천동,부상신고사고,0,0,0,1,차대차 - 측면충돌,안전운전불이행,건조,맑음,단일로 - 기타,자전거,남,81세,부상신고,화물,여,49세,상해없음
2021120200100183,2021년 12월 2일 10시,목요일,경상북도 상주시 서문동,경상사고,0,0,1,0,차대차 - 측면충돌,안전운전불이행,건조,맑음,단일로 - 기타,승용,여,45세,상해없음,화물,남,51세,경상
2021120200100184,2021년 12월 2일 10시,목요일,경상북도 문경시 모전동,중상사고,0,2,0,0,차대차 - 측면충돌,교차로운행방법위반,건조,맑음,교차로 - 교차로부근,승용,여,36세,상해없음,승합,남,60세,상해없음
2021120200100220,2021년 12월 2일 11시,목요일,경상북도 경주시 성동동,경상사고,0,0,3,0,차대차 - 측면충돌,신호위반,건조,맑음,교차로 - 교차로안,승용,남,61세,상해없음,승용,남,59세,경상
2021120200100221,2021년 12월 2일 11시,목요일,경상북도 포항시 북구 신흥동,중상사고,0,2,0,0,차대사람 - 보도통행중,기타,건조,맑음,단일로 - 기타,승합,남,55세,상해없음,보행자,여,68세,중상
2021120200100222,2021년 12월 2일 11시,목요일,경상북도 포항시 북구 장성동,경상사고,0,0,2,0,차대차 - 측면충돌,안전운전불이행,건조,맑음,단일로 - 기타,승용,남,50세,경상,이륜,여,40세,경상
2021120200100249,2021년 12월 2일 12시,목요일,경상북도 상주시 공성면,중상사고,0,1,0,0,차대차 - 측면충돌,교차로운행방법위반,건조,맑음,교차로 - 교차로안,이륜,여,68세,중상,승용,여,65세,상해없음
2021120200100250,2021년 12월 2일 12시,목요일,경상북도 성주군 성주읍,경상사고,0,0,1,0,차량단독 - 전도전복 - 전도,안전운전불이행,건조,맑음,단일로 - 기타,이륜,남,73세,경상,,,,
2021120200100280,2021년 12월 2일 13시,목요일,경상북도 경주시 황성동,중상사고,0,1,0,0,차대차 - 측면충돌,안전운전불이행,건조,맑음,단일로 - 기타,화물,남,68세,상해없음,승용,여,29세,중상
2021120200100282,2021년 12월 2일 13시,목요일,경상북도 칠곡군 왜관읍,경상사고,0,0,2,0,차대차 - 측면충돌,직진우회전진행방해,건조,맑음,교차로 - 교차로안,승용,여,39세,경상,승용,여,54세,경상
2021120200100283,2021년 12월 2일 13시,목요일,경상북도 칠곡군 왜관읍,경상사고,0,0,1,0,차대사람 - 기타,안전운전불이행,건조,맑음,단일로 - 기타,화물,남,31세,상해없음,보행자,남,62세,경상
2021120200100284,2021년 12월 2일 13시,목요일,경상북도 경산시 하양읍,중상사고,0,1,3,0,차대차 - 측면충돌,차로위반,건조,맑음,단일로 - 기타,승용,여,35세,상해없음,승용,여,47세,경상
2021120200100285,2021년 12월 2일 13시,목요일,경상북도 구미시 공단동,경상사고,0,0,1,0,차대차 - 측면충돌,안전운전불이행,건조,맑음,기타 - 기타,승용,남,42세,상해없음,승용,여,61세,경상
2021120200100350,2021년 12월 2일 15시,목요일,경상북도 구미시 구포동,경상사고,0,0,1,0,차대차 - 기타,직진우회전진행방해,건조,맑음,교차로 - 교차로안,화물,남,44세,상해없음,승용,여,47세,경상
2021120200100432,2021년 12월 2일 17시,목요일,경상북도 의성군 금성면,중상사고,0,1,0,0,차대사람 - 길가장자리구역통행중,안전운전불이행,건조,맑음,단일로 - 기타,승용,남,31세,상해없음,보행자,남,62세,중상
2021120200100482,2021년 12월 2일 18시,목요일,경상북도 경주시 외동읍,경상사고,0,0,1,0,차대사람 - 횡단중,신호위반,건조,맑음,교차로 - 교차로부근,원동기,기타불명,미분류,기타불명,보행자,남,30세,경상
2021120200100483,2021년 12월 2일 18시,목요일,경상북도 포항시 북구 흥해읍,중상사고,0,1,0,0,차대사람 - 횡단중,보행자보호의무위반,건조,맑음,교차로 - 교차로안,승용,여,39세,상해없음,보행자,여,81세,중상
2021120200100484,2021년 12월 2일 18시,목요일,경상북도 포항시 북구 두호동,경상사고,0,0,3,0,차대사람 - 기타,신호위반,건조,맑음,교차로 - 교차로횡단보도내,승용,여,58세,상해없음,보행자,남,36세,경상
2021120200100485,2021년 12월 2일 18시,목요일,경상북도 예천군 예천읍,중상사고,0,1,0,0,차대사람 - 차도통행중,안전운전불이행,건조,맑음,단일로 - 기타,화물,남,31세,상해없음,보행자,남,79세,중상
2021120200100486,2021년 12월 2일 18시,목요일,경상북도 구미시 원평동,중상사고,0,1,0,0,차대사람 - 횡단중,보행자보호의무위반,건조,맑음,교차로 - 교차로횡단보도내,승용,남,41세,상해없음,보행자,남,65세,중상
2021120200100487,2021년 12월 2일 18시,목요일,경상북도 구미시 옥계동,경상사고,0,0,3,0,차대차 - 추돌,안전운전불이행,건조,맑음,교차로 - 교차로부근,이륜,남,33세,상해없음,승용,여,34세,경상
2021120200100488,2021년 12월 2일 18시,목요일,경상북도 포항시 남구 해도동,사망사고,1,0,1,0,차대차 - 측면충돌,안전거리미확보,건조,맑음,단일로 - 기타,이륜,남,66세,사망,이륜,남,35세,경상
2021120200100527,2021년 12월 2일 19시,목요일,경상북도 포항시 북구 흥해읍,경상사고,0,0,1,0,차대차 - 추돌,안전운전불이행,건조,맑음,교차로 - 교차로부근,화물,남,60세,상해없음,승용,남,44세,경상
2021120200100561,2021년 12월 2일 20시,목요일,경상북도 경주시 충효동,경상사고,0,0,1,0,차대차 - 측면충돌,안전운전불이행,건조,맑음,교차로 - 교차로부근,승용,남,54세,상해없음,승용,남,27세,기타불명
2021120200100562,2021년 12월 2일 20시,목요일,경상북도 경산시 대동,경상사고,0,0,2,0,차대차 - 측면충돌,중앙선침범,건조,맑음,단일로 - 기타,승용,남,24세,상해없음,이륜,남,36세,경상
2021120200100563,2021년 12월 2일 20시,목요일,경상북도 포항시 남구 해도동,중상사고,0,1,0,0,차대차 - 측면충돌,차로위반,건조,맑음,단일로 - 기타,승용,여,24세,상해없음,이륜,남,27세,중상
2021120200100564,2021년 12월 2일 20시,목요일,경상북도 포항시 남구 오천읍,경상사고,0,0,1,1,차대차 - 측면충돌,안전운전불이행,건조,맑음,교차로 - 교차로부근,승용,남,32세,부상신고,승용,남,72세,경상
2021120200100612,2021년 12월 2일 22시,목요일,경상북도 구미시 공단동,중상사고,0,1,0,0,차대차 - 기타,안전운전불이행,건조,맑음,교차로 - 교차로횡단보도내,승용,남,54세,상해없음,자전거,남,46세,중상
2021120200100631,2021년 12월 2일 23시,목요일,경상북도 경주시 신평동,사망사고,1,0,0,0,차대사람 - 횡단중,안전운전불이행,건조,맑음,단일로 - 지하차도(도로)내,승용,남,50세,상해없음,보행자,남,64세,사망
2021120200100632,2021년 12월 2일 23시,목요일,경상북도 포항시 북구 죽도동,경상사고,0,0,2,0,차대차 - 추돌,안전거리미확보,건조,맑음,교차로 - 교차로부근,승용,남,70세,상해없음,승용,여,34세,경상
2021120200100633,2021년 12월 2일 23시,목요일,경상북도 포항시 남구 대잠동,경상사고,0,0,3,0,차대차 - 정면충돌,직진우회전진행방해,건조,맑음,교차로 - 교차로안,승용,남,66세,경상,승용,남,23세,경상
2021120300100072,2021년 12월 3일 06시,금요일,경상북도 안동시 임하면,경상사고,0,0,1,0,차대차 - 추돌,안전운전불이행,젖음/습기,흐림,단일로 - 기타,화물,남,41세,상해없음,승용,남,75세,경상
2021120300100073,2021년 12월 3일 06시,금요일,경상북도 포항시 남구 대도동,경상사고,0,0,1,0,차대차 - 추돌,안전운전불이행,건조,맑음,단일로 - 기타,승용,남,34세,상해없음,승용,남,53세,경상
2021120300100074,2021년 12월 3일 06시,금요일,경상북도 포항시 남구 장흥동,경상사고,0,0,1,0,차대차 - 측면충돌,교차로운행방법위반,건조,맑음,교차로 - 교차로안,건설기계,남,54세,상해없음,자전거,남,57세,경상
2021120300100121,2021년 12월 3일 07시,금요일,경상북도 안동시 녹전면,사망사고,1,0,0,0,차대차 - 기타,안전운전불이행,서리/결빙,맑음,단일로 - 기타,건설기계,남,68세,상해없음,화물,남,69세,사망
2021120300100122,2021년 12월 3일 07시,금요일,경상북도 상주시 내서면,중상사고,0,1,0,0,차량단독 - 공작물충돌,안전운전불이행,서리/결빙,흐림,단일로 - 기타,승합,남,60세,상해없음,,,,
2021120300100123,2021년 12월 3일 07시,금요일,경상북도 경산시 자인면,경상사고,0,0,1,0,차대차 - 기타,안전운전불이행,건조,맑음,교차로 - 교차로안,승용,남,27세,상해없음,승용,남,42세,경상
2021120300100124,2021년 12월 3일 07시,금요일,경상북도 예천군 호명면,중상사고,0,1,0,0,차량단독 - 공작물충돌,안전운전불이행,젖음/습기,비,단일로 - 기타,화물,남,59세,상해없음,,,,
2021120300100168,2021년 12월 3일 08시,금요일,경상북도 영주시 영주동,경상사고,0,0,1,0,차대차 - 측면충돌,안전운전불이행,서리/결빙,흐림,교차로 - 교차로안,승용,남,75세,상해없음,승용,남,35세,경상
2021120300100169,2021년 12월 3일 08시,금요일,경상북도 영주시 상망동,경상사고,0,0,2,0,차대차 - 추돌,안전운전불이행,서리/결빙,맑음,단일로 - 기타,승용,여,28세,상해없음,승용,남,48세,경상
2021120300100170,2021년 12월 3일 08시,금요일,경상북도 영주시 평은면,경상사고,0,0,1,1,차대차 - 기타,안전운전불이행,서리/결빙,눈,단일로 - 교량,화물,남,40세,부상신고,승용,여,34세,경상
2021120300100171,2021년 12월 3일 08시,금요일,경상북도 칠곡군 석적읍,경상사고,0,0,3,0,차대차 - 측면충돌,안전운전불이행,젖음/습기,흐림,교차로 - 교차로안,승합,남,23세,경상,승용,여,31세,경상
2021120300100172,2021년 12월 3일 08시,금요일,경상북도 고령군 다산면,경상사고,0,0,2,0,차대차 - 측면충돌,기타,젖음/습기,맑음,교차로 - 교차로안,건설기계,남,66세,경상,화물,여,58세,경상
2021120300100202,2021년 12월 3일 09시,금요일,경상북도 경주시 동천동,중상사고,0,1,0,0,차대사람 - 길가장자리구역통행중,안전운전불이행,건조,맑음,단일로 - 기타,승용,여,47세,상해없음,보행자,여,78세,중상
2021120300100203,2021년 12월 3일 09시,금요일,경상북도 상주시 서문동,경상사고,0,0,2,0,차대차 - 추돌,안전거리미확보,건조,맑음,교차로 - 교차로안,승용,남,74세,상해없음,승용,남,53세,경상
2021120300100204,2021년 12월 3일 09시,금요일,경상북도 영천시 문외동,경상사고,0,0,2,0,차대차 - 측면충돌,안전운전불이행,건조,맑음,교차로 - 교차로안,승용,남,67세,상해없음,화물,남,71세,경상
2021120300100205,2021년 12월 3일 09시,금요일,경상북도 영덕군 강구면,부상신고사고,0,0,0,1,차대차 - 측면충돌,신호위반,건조,맑음,교차로 - 교차로안,자전거,남,87세,부상신고,화물,남,38세,상해없음
2021120300100242,2021년 12월 3일 10시,금요일,경상북도 영주시 순흥면,중상사고,0,1,0,0,차량단독 - 공작물충돌,안전운전불이행,서리/결빙,눈,단일로 - 기타,건설기계,남,67세,중상,,,,
2021120300100243,2021년 12월 3일 10시,금요일,경상북도 칠곡군 왜관읍,중상사고,0,1,0,0,차대사람 - 기타,안전운전불이행,건조,맑음,기타 - 기타,승용,남,30세,상해없음,보행자,남,49세,중상
2021120300100244,2021년 12월 3일 10시,금요일,경상북도 군위군 효령면,경상사고,0,0,1,0,차대차 - 정면충돌,안전운전불이행,건조,맑음,교차로 - 교차로부근,승용,여,71세,경상,화물,남,59세,상해없음
2021120300100245,2021년 12월 3일 10시,금요일,경상북도 포항시 남구 대잠동,경상사고,0,0,2,0,차대차 - 측면충돌,안전거리미확보,건조,맑음,교차로 - 교차로부근,화물,남,57세,상해없음,승용,남,62세,경상
2021120300100283,2021년 12월 3일 11시,금요일,경상북도 안동시 태화동,중상사고,0,1,0,0,차대차 - 추돌,안전운전불이행,건조,맑음,교차로 - 교차로안,승용,남,41세,상해없음,화물,남,80세,상해없음
2021120300100307,2021년 12월 3일 12시,금요일,경상북도 안동시 용상동,경상사고,0,0,2,0,차대차 - 측면충돌,신호위반,건조,맑음,교차로 - 교차로안,화물,남,47세,경상,화물,남,60세,경상
2021120300100308,2021년 12월 3일 12시,금요일,경상북도 예천군 보문면,경상사고,0,0,2,0,차대차 - 측면충돌,중앙선침범,서리/결빙,맑음,단일로 - 기타,건설기계,남,45세,상해없음,화물,남,58세,상해없음
2021120300100344,2021년 12월 3일 13시,금요일,경상북도 경주시 용강동,경상사고,0,0,2,0,차대차 - 측면충돌,중앙선침범,건조,맑음,단일로 - 기타,승용,남,69세,상해없음,승용,여,34세,경상
2021120300100345,2021년 12월 3일 13시,금요일,경상북도 경주시 사정동,경상사고,0,0,3,0,차대차 - 추돌,안전운전불이행,건조,맑음,교차로 - 교차로부근,승용,남,47세,상해없음,승용,여,27세,경상
2021120300100389,2021년 12월 3일 14시,금요일,경상북도 포항시 북구 항구동,경상사고,0,0,2,0,차대차 - 추돌,안전운전불이행,건조,맑음,단일로 - 기타,승용,남,64세,상해없음,승합,남,52세,경상
2021120300100390,2021년 12월 3일 14시,금요일,경상북도 문경시 흥덕동,경상사고,0,0,1,0,차대차 - 측면충돌,안전운전불이행,건조,맑음,교차로 - 교차로안,승용,남,50세,상해없음,자전거,여,70세,경상
2021120300100391,2021년 12월 3일 14시,금요일,경상북도 문경시 모전동,경상사고,0,0,1,0,차대차 - 측면충돌,안전운전불이행,건조,맑음,교차로 - 교차로안,승용,여,59세,상해없음,승용,여,33세,경상
2021120300100392,2021년 12월 3일 14시,금요일,경상북도 구미시 도량동,중상사고,0,1,0,0,차대차 - 측면충돌,신호위반,건조,맑음,교차로 - 교차로안,승용,여,65세,상해없음,승합,남,35세,중상
2021120300100465,2021년 12월 3일 16시,금요일,경상북도 경주시 외동읍,경상사고,0,0,1,0,차대사람 - 기타,안전운전불이행,건조,맑음,단일로 - 기타,화물,남,75세,상해없음,보행자,남,16세,경상
2021120300100466,2021년 12월 3일 16시,금요일,경상북도 영덕군 강구면,경상사고,0,0,1,0,차대차 - 추돌,안전운전불이행,건조,맑음,교차로 - 교차로부근,승용,남,71세,상해없음,승용,여,25세,경상
2021120300100513,2021년 12월 3일 17시,금요일,경상북도 상주시 낙양동,경상사고,0,0,1,0,차대차 - 측면충돌,중앙선침범,건조,맑음,교차로 - 교차로안,승용,남,41세,상해없음,승용,남,49세,경상
2021120300100514,2021년 12월 3일 17시,금요일,경상북도 영주시 풍기읍,중상사고,0,1,0,0,차대차 - 추돌,안전운전불이행,건조,맑음,단일로 - 기타,승용,남,77세,상해없음,농기계,남,91세,중상
2021120300100515,2021년 12월 3일 17시,금요일,경상북도 영주시 하망동,중상사고,0,1,0,0,차대차 - 측면충돌,안전운전불이행,건조,맑음,교차로 - 교차로부근,승용,남,69세,상해없음,자전거,여,58세,중상
2021120300100516,2021년 12월 3일 17시,금요일,경상북도 영천시 창구동,경상사고,0,0,1,0,차대차 - 측면충돌,안전운전불이행,건조,맑음,교차로 - 교차로부근,승용,여,64세,상해없음,승용,남,66세,경상
2021120300100566,2021년 12월 3일 18시,금요일,경상북도 경주시 동천동,경상사고,0,0,3,0,차대차 - 측면충돌,안전운전불이행,건조,맑음,단일로 - 기타,승용,남,55세,경상,승용,여,54세,경상
2021120300100567,2021년 12월 3일 18시,금요일,경상북도 칠곡군 지천면,부상신고사고,0,0,0,1,차량단독 - 공작물충돌,안전운전불이행,건조,맑음,단일로 - 기타,승용,남,55세,부상신고,,,,
2021120300100568,2021년 12월 3일 18시,금요일,경상북도 경산시 압량읍,경상사고,0,0,1,0,차대차 - 측면충돌,안전운전불이행,건조,맑음,교차로 - 교차로부근,승합,남,57세,상해없음,승용,남,52세,경상
2021120300100625,2021년 12월 3일 19시,금요일,경상북도 경주시 노동동,경상사고,0,0,1,0,차대차 - 측면충돌,안전운전불이행,건조,맑음,교차로 - 교차로부근,승용,여,61세,상해없음,개인형이동수단(PM),남,59세,경상
2021120300100626,2021년 12월 3일 19시,금요일,경상북도 경주시 노서동,경상사고,0,0,4,0,차대차 - 추돌,안전운전불이행,건조,맑음,교차로 - 교차로안,승용,남,69세,상해없음,승용,남,55세,경상
2021120300100662,2021년 12월 3일 20시,금요일,경상북도 안동시 광석동,경상사고,0,0,1,0,차대사람 - 횡단중,안전운전불이행,건조,맑음,단일로 - 기타,승용,남,64세,상해없음,보행자,남,55세,경상
2021120300100690,2021년 12월 3일 21시,금요일,경상북도 포항시 북구 두호동,중상사고,0,1,0,0,차대사람 - 횡단중,안전운전불이행,건조,맑음,단일로 - 기타,이륜,여,36세,상해없음,보행자,남,49세,중상
2021120300100735,2021년 12월 3일 23시,금요일,경상북도 경주시 양남면,경상사고,0,0,2,0,차대차 - 추돌,안전운전불이행,건조,맑음,단일로 - 기타,승용,여,32세,상해없음,승용,남,46세,경상
2021120300100736,2021년 12월 3일 23시,금요일,경상북도 구미시 임수동,경상사고,0,0,1,0,차대차 - 기타,안전운전불이행,건조,맑음,단일로 - 기타,승용,남,32세,상해없음,승용,남,45세,경상
2021120400100015,2021년 12월 4일 00시,토요일,경상북도 경주시 양남면,경상사고,0,0,3,0,차대차 - 측면충돌,기타,건조,맑음,교차로 - 교차로안,승용,여,48세,상해없음,승용,남,33세,경상
2021120400100016,2021년 12월 4일 00시,토요일,경상북도 구미시 시미동,중상사고,0,1,0,0,차대차 - 추돌,안전운전불이행,건조,맑음,단일로 - 기타,승용,남,22세,상해없음,승용,남,60세,중상
2021120400100039,2021년 12월 4일 02시,토요일,경상북도 김천시 성내동,중상사고,0,1,1,0,차대차 - 측면충돌,신호위반,건조,맑음,교차로 - 교차로안,승용,남,33세,상해없음,승용,남,55세,중상
2021120400100060,2021년 12월 4일 05시,토요일,경상북도 예천군 호명면,경상사고,0,0,1,0,차대차 - 측면충돌,직진우회전진행방해,건조,맑음,교차로 - 교차로안,화물,남,47세,상해없음,자전거,남,73세,경상
2021120400100094,2021년 12월 4일 08시,토요일,경상북도 경주시 천북면,중상사고,0,1,0,0,차대차 - 측면충돌,안전운전불이행,건조,맑음,교차로 - 교차로안,이륜,남,70세,중상,승용,여,54세,상해없음
2021120400100206,2021년 12월 4일 12시,토요일,경상북도 경주시 안강읍,경상사고,0,0,1,0,차대차 - 측면충돌,신호위반,건조,맑음,교차로 - 교차로안,승용,남,51세,상해없음,자전거,남,64세,경상
2021120400100207,2021년 12월 4일 12시,토요일,경상북도 포항시 남구 해도동,부상신고사고,0,0,0,1,차대차 - 기타,안전운전불이행,건조,맑음,교차로 - 교차로부근,이륜,남,54세,부상신고,기타불명,기타불명,미분류,기타불명
2021120400100241,2021년 12월 4일 13시,토요일,경상북도 포항시 북구 두호동,경상사고,0,0,1,0,차대차 - 추돌,안전거리미확보,건조,맑음,단일로 - 기타,승용,남,62세,상해없음,승용,남,41세,경상
2021120400100242,2021년 12월 4일 13시,토요일,경상북도 김천시 신음동,경상사고,0,0,1,0,차대차 - 측면충돌,차로위반,건조,맑음,단일로 - 기타,승용,여,69세,상해없음,승용,남,41세,경상
2021120400100272,2021년 12월 4일 14시,토요일,경상북도 영천시 망정동,경상사고,0,0,1,0,차대차 - 측면충돌,안전운전불이행,건조,맑음,단일로 - 기타,승용,여,59세,상해없음,승용,여,27세,경상
2021120400100302,2021년 12월 4일 15시,토요일,경상북도 포항시 북구 덕수동,경상사고,0,0,3,0,차대차 - 기타,교차로운행방법위반,건조,맑음,교차로 - 교차로안,화물,남,66세,상해없음,화물,남,70세,경상
2021120400100303,2021년 12월 4일 15시,토요일,경상북도 경산시 하양읍,경상사고,0,0,1,0,차량단독 - 전도전복 - 전도,안전운전불이행,건조,맑음,단일로 - 기타,이륜,남,59세,경상,,,,
2021120400100304,2021년 12월 4일 15시,토요일,경상북도 구미시 원평동,경상사고,0,0,1,0,차대사람 - 횡단중,보행자보호의무위반,건조,맑음,교차로 - 교차로부근,승용,여,58세,상해없음,보행자,여,54세,경상