사고번호,사고일시,요일,시군구,사고내용,사망자수,중상자수,경상자수,부상신고자수,사고유형,법규위반,노면상태,기상상태,도로형태,가해운전자 차종,가해운전자 성별,가해운전자 연령,가해운전자 상해정도,피해운전자 차종,피해운전자 성별,피해운전자 연령,피해운전자 상해정도
2021121600100236,2021년 12월 16일 13시,목요일,경상북도 경주시 건천읍,경상사고,0,0,1,0,차대차 - 추돌,안전운전불이행,젖음/습기,비,단일로 - 기타,승용,여,58세,상해없음,승용,여,38세,경상
2021121600100260,2021년 12월 16일 14시,목요일,경상북도 상주시 이안면,사망사고,1,0,0,0,차대차 - 측면충돌,중앙선침범,건조,흐림,단일로 - 기타,이륜,남,83세,사망,승용,남,60세,상해없음
2021121600100314,2021년 12월 16일 16시,목요일,경상북도 포항시 북구 양덕동,경상사고,0,0,2,0,차대차 - 측면충돌,안전운전불이행,건조,맑음,교차로 - 교차로안,승용,여,46세,경상,승용,남,61세,경상
2021121600100315,2021년 12월 16일 16시,목요일,경상북도 구미시 신평동,중상사고,0,1,0,0,차대차 - 측면충돌,안전운전불이행,건조,맑음,교차로 - 교차로안,화물,남,63세,상해없음,승용,남,60세,중상
2021121600100356,2021년 12월 16일 17시,목요일,경상북도 경주시 탑동,경상사고,0,0,4,0,차대차 - 측면충돌,안전운전불이행,건조,맑음,교차로 - 교차로안,화물,남,40세,상해없음,승용,남,40세,경상
2021121600100357,2021년 12월 16일 17시,목요일,경상북도 안동시 송현동,중상사고,0,2,0,0,차대차 - 측면충돌,신호위반,건조,맑음,교차로 - 교차로안,이륜,남,77세,중상,승용,남,19세,상해없음
2021121600100358,2021년 12월 16일 17시,목요일,경상북도 구미시 옥계동,경상사고,0,0,1,0,차대사람 - 횡단중,보행자보호의무위반,건조,맑음,교차로 - 교차로부근,승용,남,28세,상해없음,보행자,여,27세,경상
2021121600100359,2021년 12월 16일 17시,목요일,경상북도 포항시 남구 대잠동,경상사고,0,0,3,0,차대차 - 측면충돌,기타,건조,맑음,단일로 - 기타,승용,여,40세,경상,이륜,남,55세,경상
2021121600100402,2021년 12월 16일 18시,목요일,경상북도 안동시 태화동,경상사고,0,0,1,0,차대차 - 측면충돌,직진우회전진행방해,건조,맑음,단일로 - 기타,승용,여,32세,상해없음,이륜,남,29세,경상
2021121600100403,2021년 12월 16일 18시,목요일,경상북도 구미시 진평동,경상사고,0,0,1,0,차대차 - 측면충돌,안전거리미확보,건조,기타,교차로 - 교차로안,승용,여,27세,상해없음,승용,남,28세,경상
2021121600100464,2021년 12월 16일 20시,목요일,경상북도 칠곡군 석적읍,경상사고,0,0,2,0,차대차 - 측면충돌,안전운전불이행,건조,맑음,단일로 - 기타,승용,남,42세,상해없음,승용,여,46세,경상
2021121600100465,2021년 12월 16일 20시,목요일,경상북도 영천시 망정동,중상사고,0,1,0,0,차대사람 - 기타,안전운전불이행,건조,맑음,단일로 - 기타,승용,남,38세,상해없음,보행자,여,79세,중상
2021121600100521,2021년 12월 16일 23시,목요일,경상북도 포항시 북구 죽도동,경상사고,0,0,1,0,차대차 - 측면충돌,안전운전불이행,건조,맑음,교차로 - 교차로안,승용,남,26세,상해없음,승용,여,28세,경상
2021121600100522,2021년 12월 16일 23시,목요일,경상북도 영천시 금호읍,중상사고,0,2,1,0,차대차 - 후진중충돌,안전운전불이행,건조,맑음,단일로 - 기타,승용,여,63세,경상,승용,여,48세,중상
2021121700100011,2021년 12월 17일 00시,금요일,경상북도 경산시 옥곡동,경상사고,0,0,1,0,차량단독 - 전도전복 - 전도,안전운전불이행,건조,맑음,단일로 - 기타,이륜,남,50세,경상,,,,
2021121700100020,2021년 12월 17일 01시,금요일,경상북도 김천시 모암동,중상사고,0,1,0,0,차대사람 - 기타,안전운전불이행,건조,맑음,단일로 - 기타,승용,남,46세,상해없음,보행자,남,69세,중상
2021121700100041,2021년 12월 17일 04시,금요일,경상북도 경산시 자인면,경상사고,0,0,2,0,차대차 - 측면충돌,신호위반,건조,맑음,교차로 - 교차로안,화물,남,53세,상해없음,승용,남,65세,경상
2021121700100060,2021년 12월 17일 06시,금요일,경상북도 안동시 와룡면,중상사고,0,1,0,0,차대사람 - 기타,안전운전불이행,건조,맑음,단일로 - 기타,화물,남,69세,상해없음,보행자,남,70세,중상
2021121700100076,2021년 12월 17일 07시,금요일,경상북도 의성군 안계면,중상사고,0,1,0,0,차대차 - 측면충돌,직진우회전진행방해,건조,맑음,교차로 - 교차로안,승용,남,69세,상해없음,승용,여,45세,중상
2021121700100077,2021년 12월 17일 07시,금요일,경상북도 영천시 완산동,경상사고,0,0,1,0,차대차 - 추돌,안전운전불이행,건조,맑음,단일로 - 기타,승용,남,68세,상해없음,승용,남,45세,경상
2021121700100078,2021년 12월 17일 07시,금요일,경상북도 영천시 망정동,경상사고,0,0,2,0,차대차 - 후진중충돌,안전운전불이행,건조,맑음,단일로 - 기타,승용,여,33세,경상,승용,남,57세,경상
2021121700100079,2021년 12월 17일 07시,금요일,경상북도 울진군 울진읍,경상사고,0,0,1,0,차대사람 - 기타,안전운전불이행,건조,맑음,교차로 - 교차로안,승용,여,40세,상해없음,보행자,여,73세,경상
2021121700100105,2021년 12월 17일 08시,금요일,경상북도 포항시 남구 효자동,경상사고,0,0,3,0,차대차 - 측면충돌,직진우회전진행방해,건조,맑음,교차로 - 교차로안,승용,남,27세,경상,승용,남,29세,경상
2021121700100159,2021년 12월 17일 10시,금요일,경상북도 안동시 옥동,경상사고,0,0,1,0,차대차 - 측면충돌,교차로운행방법위반,건조,맑음,교차로 - 교차로안,승용,남,69세,상해없음,승용,남,69세,경상
2021121700100160,2021년 12월 17일 10시,금요일,경상북도 구미시 비산동,경상사고,0,0,1,0,차대차 - 측면충돌,신호위반,건조,맑음,교차로 - 교차로안,화물,남,63세,기타불명,승용,여,64세,경상
2021121700100191,2021년 12월 17일 11시,금요일,경상북도 상주시 냉림동,경상사고,0,0,1,0,차대차 - 기타,신호위반,건조,맑음,교차로 - 교차로안,승용,남,19세,상해없음,승용,남,43세,상해없음
2021121700100192,2021년 12월 17일 11시,금요일,경상북도 경산시 압량읍,경상사고,0,0,1,0,차대차 - 측면충돌,신호위반,건조,맑음,교차로 - 교차로안,화물,여,69세,상해없음,승용,여,60세,경상
2021121700100193,2021년 12월 17일 11시,금요일,경상북도 포항시 남구 대잠동,중상사고,0,1,0,1,차대차 - 측면충돌,안전운전불이행,건조,맑음,단일로 - 지하차도(도로)내,승용,여,46세,부상신고,승용,여,45세,중상
2021121700100228,2021년 12월 17일 12시,금요일,경상북도 봉화군 상운면,경상사고,0,0,1,0,차대차 - 측면충돌,교차로운행방법위반,건조,맑음,교차로 - 교차로안,농기계,남,69세,상해없음,승용,남,79세,경상
2021121700100229,2021년 12월 17일 12시,금요일,경상북도 구미시 봉곡동,경상사고,0,0,1,0,차대차 - 측면충돌,안전운전불이행,건조,맑음,교차로 - 교차로안,화물,남,59세,상해없음,승용,남,46세,경상
2021121700100259,2021년 12월 17일 13시,금요일,경상북도 포항시 북구 장성동,경상사고,0,0,1,0,차대차 - 측면충돌,중앙선침범,건조,맑음,단일로 - 기타,승용,남,57세,상해없음,승용,여,47세,경상
2021121700100260,2021년 12월 17일 13시,금요일,경상북도 문경시 창동,중상사고,0,1,0,0,차대차 - 후진중충돌,안전운전불이행,건조,맑음,교차로 - 교차로안,화물,남,62세,상해없음,승용,여,66세,중상
2021121700100261,2021년 12월 17일 13시,금요일,경상북도 영덕군 영덕읍,부상신고사고,0,0,0,1,차량단독 - 기타,안전운전불이행,건조,맑음,교차로 - 교차로부근,이륜,남,24세,부상신고,,,,
2021121700100296,2021년 12월 17일 14시,금요일,경상북도 칠곡군 석적읍,부상신고사고,0,0,0,1,차량단독 - 공작물충돌,안전운전불이행,건조,맑음,단일로 - 기타,승용,여,33세,부상신고,,,,
2021121700100332,2021년 12월 17일 15시,금요일,경상북도 경산시 진량읍,중상사고,0,1,0,0,차대차 - 측면충돌,안전운전불이행,건조,맑음,단일로 - 기타,승용,여,20세,상해없음,이륜,남,23세,중상
2021121700100333,2021년 12월 17일 15시,금요일,경상북도 영덕군 영덕읍,경상사고,0,0,3,0,차대차 - 측면충돌,안전운전불이행,건조,맑음,단일로 - 기타,승용,남,33세,경상,승용,남,30세,경상
2021121700100334,2021년 12월 17일 15시,금요일,경상북도 구미시 옥성면,경상사고,0,0,1,0,차량단독 - 기타,중앙선침범,건조,맑음,단일로 - 기타,승용,여,62세,경상,,,,
2021121700100378,2021년 12월 17일 16시,금요일,경상북도 포항시 북구 학산동,경상사고,0,0,2,0,차대차 - 측면충돌,안전운전불이행,건조,맑음,교차로 - 교차로부근,승용,여,38세,상해없음,승용,여,59세,경상
2021121700100504,2021년 12월 17일 18시,금요일,경상북도 칠곡군 왜관읍,경상사고,0,0,1,0,차대사람 - 횡단중,안전운전불이행,건조,흐림,단일로 - 기타,승용,여,34세,상해없음,보행자,남,26세,경상
2021121700100505,2021년 12월 17일 18시,금요일,경상북도 영덕군 강구면,중상사고,0,1,0,0,차대차 - 측면충돌,안전운전불이행,건조,맑음,단일로 - 기타,이륜,여,65세,중상,승용,남,48세,상해없음
2021121700100506,2021년 12월 17일 18시,금요일,경상북도 구미시 원평동,중상사고,0,1,0,0,차대차 - 측면충돌,안전운전불이행,건조,맑음,교차로 - 교차로안,승용,남,67세,상해없음,이륜,남,41세,중상
2021121700100562,2021년 12월 17일 19시,금요일,경상북도 경주시 노서동,경상사고,0,0,1,0,차대차 - 측면충돌,안전운전불이행,건조,맑음,교차로 - 교차로안,승용,남,22세,상해없음,자전거,남,78세,경상
2021121700100563,2021년 12월 17일 19시,금요일,경상북도 포항시 북구 환호동,경상사고,0,0,1,0,차대차 - 측면충돌,안전거리미확보,건조,맑음,단일로 - 기타,승용,여,46세,상해없음,승용,남,20세,경상
2021121700100564,2021년 12월 17일 19시,금요일,경상북도 경산시 사동,중상사고,0,2,0,0,차대사람 - 횡단중,보행자보호의무위반,건조,맑음,교차로 - 교차로횡단보도내,승합,남,73세,기타불명,보행자,남,27세,중상
2021121700100635,2021년 12월 17일 21시,금요일,경상북도 성주군 월항면,경상사고,0,0,1,0,차대차 - 기타,안전운전불이행,건조,맑음,단일로 - 기타,화물,남,60세,경상,화물,남,61세,상해없음
2021121700100685,2021년 12월 17일 23시,금요일,경상북도 구미시 황상동,경상사고,0,0,3,0,차대차 - 기타,안전운전불이행,건조,맑음,교차로 - 교차로부근,승용,남,26세,상해없음,승용,남,19세,경상
2021121800100048,2021년 12월 18일 01시,토요일,경상북도 포항시 북구 남빈동,경상사고,0,0,2,0,차대차 - 측면충돌,안전운전불이행,건조,맑음,교차로 - 교차로안,승용,남,45세,상해없음,승용,남,22세,경상
2021121800100049,2021년 12월 18일 01시,토요일,경상북도 구미시 산동읍,사망사고,1,0,0,0,차대사람 - 횡단중,안전운전불이행,건조,맑음,단일로 - 기타,승용,남,39세,상해없음,보행자,남,46세,사망
2021121800100124,2021년 12월 18일 09시,토요일,경상북도 포항시 북구 남빈동,중상사고,0,1,0,0,차대사람 - 횡단중,안전운전불이행,건조,맑음,교차로 - 교차로안,화물,남,27세,상해없음,보행자,여,81세,중상
2021121800100149,2021년 12월 18일 10시,토요일,경상북도 경주시 건천읍,중상사고,0,1,0,0,차대차 - 측면충돌,안전운전불이행,건조,맑음,교차로 - 교차로안,승용,남,62세,상해없음,승용,남,28세,중상
2021121800100150,2021년 12월 18일 10시,토요일,경상북도 포항시 남구 오천읍,경상사고,0,0,1,0,차대차 - 측면충돌,안전운전불이행,건조,맑음,단일로 - 기타,승용,여,70세,상해없음,승용,남,43세,경상
2021121800100179,2021년 12월 18일 11시,토요일,경상북도 포항시 남구 오천읍,중상사고,0,1,1,0,차대차 - 측면충돌,직진우회전진행방해,건조,맑음,교차로 - 교차로안,승용,여,68세,중상,승용,남,21세,경상
2021121800100204,2021년 12월 18일 12시,토요일,경상북도 상주시 성하동,중상사고,0,1,0,0,차대차 - 측면충돌,교차로운행방법위반,건조,맑음,교차로 - 교차로안,자전거,남,81세,중상,승용,남,26세,상해없음
2021121800100237,2021년 12월 18일 13시,토요일,경상북도 경주시 내남면,중상사고,0,2,1,0,차대차 - 측면충돌,직진우회전진행방해,건조,맑음,교차로 - 교차로안,승용,남,46세,상해없음,승용,남,71세,경상
2021121800100238,2021년 12월 18일 13시,토요일,경상북도 구미시 봉곡동,중상사고,0,1,0,0,차대차 - 측면충돌,교차로운행방법위반,건조,맑음,교차로 - 교차로안,승용,남,43세,상해없음,원동기,남,20세,중상
2021121800100239,2021년 12월 18일 13시,토요일,경상북도 포항시 남구 대도동,경상사고,0,0,1,0,차대차 - 측면충돌,안전운전불이행,건조,맑음,단일로 - 기타,승용,남,30세,상해없음,승용,남,67세,경상
2021121800100279,2021년 12월 18일 14시,토요일,경상북도 경주시 성건동,중상사고,0,1,0,0,차대차 - 기타,안전운전불이행,건조,맑음,교차로 - 교차로안,승용,남,30세,상해없음,이륜,남,22세,중상
2021121800100280,2021년 12월 18일 14시,토요일,경상북도 경주시 용강동,경상사고,0,0,1,0,차대사람 - 기타,안전운전불이행,건조,맑음,단일로 - 기타,승용,남,49세,상해없음,보행자,남,74세,경상
2021121800100281,2021년 12월 18일 14시,토요일,경상북도 구미시 송정동,부상신고사고,0,0,0,1,차대차 - 기타,안전운전불이행,건조,맑음,단일로 - 기타,이륜,남,69세,부상신고,승용,남,45세,상해없음
2021121800100282,2021년 12월 18일 14시,토요일,경상북도 구미시 형곡동,중상사고,0,1,0,0,차대사람 - 기타,안전운전불이행,건조,맑음,교차로 - 교차로안,승용,여,50세,상해없음,보행자,여,11세,중상
2021121800100335,2021년 12월 18일 15시,토요일,경상북도 김천시 평화동,경상사고,0,0,1,0,차대사람 - 횡단중,교차로운행방법위반,건조,맑음,교차로 - 교차로부근,승용,여,28세,상해없음,보행자,여,54세,경상
2021121800100389,2021년 12월 18일 16시,토요일,경상북도 포항시 북구 죽도동,경상사고,0,0,2,0,차대차 - 측면충돌,안전운전불이행,건조,맑음,단일로 - 기타,원동기,남,18세,경상,승용,여,59세,경상
2021121800100390,2021년 12월 18일 16시,토요일,경상북도 안동시 동부동,경상사고,0,0,2,0,차대차 - 측면충돌,안전운전불이행,건조,맑음,단일로 - 기타,승용,남,51세,경상,승용,남,46세,경상
2021121800100391,2021년 12월 18일 16시,토요일,경상북도 포항시 남구 동촌동,경상사고,0,0,1,1,차대차 - 측면충돌,안전운전불이행,건조,맑음,교차로 - 교차로부근,특수,남,50세,상해없음,승용,남,30세,경상
2021121800100436,2021년 12월 18일 17시,토요일,경상북도 봉화군 춘양면,경상사고,0,0,2,0,차대차 - 기타,교차로운행방법위반,건조,맑음,기타 - 기타,화물,남,61세,상해없음,승용,남,27세,경상
2021121800100437,2021년 12월 18일 17시,토요일,경상북도 고령군 운수면,중상사고,0,1,0,0,차대사람 - 차도통행중,안전운전불이행,건조,맑음,교차로 - 교차로부근,화물,남,63세,상해없음,보행자,남,60세,중상
2021121800100438,2021년 12월 18일 17시,토요일,경상북도 구미시 봉곡동,중상사고,0,1,0,0,차대사람 - 횡단중,안전운전불이행,건조,맑음,교차로 - 교차로부근,화물,여,45세,기타불명,보행자,여,74세,중상
2021121800100439,2021년 12월 18일 17시,토요일,경상북도 구미시 임수동,경상사고,0,0,2,0,차대차 - 기타,교차로운행방법위반,건조,맑음,교차로 - 교차로안,승용,남,26세,상해없음,승용,남,30세,경상
2021121800100440,2021년 12월 18일 17시,토요일,경상북도 포항시 남구 호미곶면,경상사고,0,0,1,0,차대사람 - 차도통행중,안전운전불이행,건조,맑음,교차로 - 교차로부근,화물,남,49세,상해없음,보행자,여,70세,경상
2021121800100474,2021년 12월 18일 18시,토요일,경상북도 경주시 용강동,중상사고,0,1,1,0,차대차 - 측면충돌,안전운전불이행,건조,맑음,교차로 - 교차로안,승용,남,19세,중상,승합,남,54세,경상
2021121800100475,2021년 12월 18일 18시,토요일,경상북도 영주시 순흥면,중상사고,0,1,0,0,차대사람 - 차도통행중,안전운전불이행,건조,맑음,교차로 - 교차로부근,승용,남,57세,상해없음,보행자,여,75세,중상
2021121800100476,2021년 12월 18일 18시,토요일,경상북도 구미시 상모동,부상신고사고,0,0,0,1,차대사람 - 기타,안전운전불이행,건조,맑음,단일로 - 기타,승용,여,19세,상해없음,보행자,남,58세,부상신고
2021121800100512,2021년 12월 18일 19시,토요일,경상북도 포항시 북구 두호동,경상사고,0,0,1,0,차대사람 - 보도통행중,기타,건조,맑음,기타 - 기타,기타불명,남,44세,상해없음,보행자,여,24세,경상
2021121800100537,2021년 12월 18일 20시,토요일,경상북도 안동시 옥동,중상사고,0,1,0,0,차대차 - 기타,안전운전불이행,건조,맑음,교차로 - 교차로부근,승용,남,29세,상해없음,승용,남,32세,상해없음
2021121800100538,2021년 12월 18일 20시,토요일,경상북도 김천시 신음동,경상사고,0,0,2,0,차대차 - 추돌,안전운전불이행,건조,맑음,단일로 - 기타,승용,남,47세,상해없음,승용,남,29세,경상
2021121800100539,2021년 12월 18일 20시,토요일,경상북도 성주군 선남면,경상사고,0,0,1,0,차대사람 - 차도통행중,안전운전불이행,건조,맑음,단일로 - 기타,화물,남,48세,상해없음,보행자,남,66세,경상
2021121800100540,2021년 12월 18일 20시,토요일,경상북도 포항시 남구 오천읍,경상사고,0,0,1,0,차대차 - 정면충돌,교차로운행방법위반,건조,맑음,교차로 - 교차로안,승용,남,29세,상해없음,승용,여,49세,경상
2021121800100570,2021년 12월 18일 21시,토요일,경상북도 칠곡군 왜관읍,경상사고,0,0,2,0,차량단독 - 공작물충돌,안전운전불이행,서리/결빙,맑음,교차로 - 교차로부근,승용,남,25세,경상,,,,
2021121800100571,2021년 12월 18일 21시,토요일,경상북도 경산시 대동,경상사고,0,0,1,0,차대차 - 추돌,안전거리미확보,건조,맑음,단일로 - 기타,승합,남,70세,상해없음,승용,여,35세,경상
2021121800100594,2021년 12월 18일 22시,토요일,경상북도 구미시 옥계동,경상사고,0,0,1,0,차대차 - 정면충돌,신호위반,건조,기타,교차로 - 교차로안,이륜,남,39세,기타불명,승용,남,34세,경상
2021121900100021,2021년 12월 19일 01시,일요일,경상북도 칠곡군 북삼읍,경상사고,0,0,1,0,차대차 - 추돌,안전운전불이행,건조,맑음,단일로 - 기타,화물,남,60세,상해없음,승용,남,34세,경상
2021121900100035,2021년 12월 19일 05시,일요일,경상북도 포항시 북구 죽도동,경상사고,0,0,1,0,차대차 - 정면충돌,신호위반,건조,맑음,교차로 - 교차로부근,승용,여,59세,상해없음,승용,남,77세,경상
2021121900100050,2021년 12월 19일 08시,일요일,경상북도 영양군 입암면,사망사고,1,0,0,0,차대사람 - 길가장자리구역통행중,안전운전불이행,적설,맑음,단일로 - 기타,화물,남,66세,상해없음,보행자,남,85세,사망
2021121900100051,2021년 12월 19일 08시,일요일,경상북도 구미시 인의동,중상사고,0,1,0,0,차대차 - 측면충돌,안전운전불이행,건조,맑음,교차로 - 교차로부근,승용,남,41세,상해없음,이륜,남,45세,중상
2021121900100064,2021년 12월 19일 09시,일요일,경상북도 경주시 황성동,중상사고,0,1,2,0,차대차 - 측면충돌,신호위반,건조,맑음,교차로 - 교차로안,승용,여,24세,경상,승용,여,52세,중상
2021121900100088,2021년 12월 19일 11시,일요일,경상북도 영천시 신녕면,경상사고,0,0,1,0,차량단독 - 공작물충돌,기타,건조,맑음,단일로 - 기타,승용,남,38세,경상,,,,
2021121900100110,2021년 12월 19일 12시,일요일,경상북도 포항시 북구 흥해읍,경상사고,0,0,2,0,차대차 - 측면충돌,안전거리미확보,건조,맑음,단일로 - 기타,승용,남,73세,상해없음,승용,남,26세,경상
2021121900100111,2021년 12월 19일 12시,일요일,경상북도 안동시 옥동,부상신고사고,0,0,0,1,차대차 - 기타,안전운전불이행,건조,맑음,단일로 - 기타,이륜,남,51세,부상신고,승용,남,35세,상해없음
2021121900100140,2021년 12월 19일 13시,일요일,경상북도 포항시 북구 청하면,경상사고,0,0,4,0,차대차 - 기타,교차로운행방법위반,건조,맑음,교차로 - 교차로안,승용,남,49세,상해없음,승용,남,56세,경상
2021121900100141,2021년 12월 19일 13시,일요일,경상북도 예천군 호명면,경상사고,0,0,5,0,차대차 - 측면충돌,기타,건조,맑음,교차로 - 교차로안,승용,여,64세,경상,승용,여,41세,경상
2021121900100214,2021년 12월 19일 16시,일요일,경상북도 경주시 외동읍,경상사고,0,0,2,0,차대차 - 측면충돌,안전운전불이행,건조,맑음,교차로 - 교차로부근,승용,기타불명,미분류,기타불명,승용,남,26세,경상
2021121900100215,2021년 12월 19일 16시,일요일,경상북도 의성군 안계면,중상사고,0,1,0,0,차대차 - 측면충돌,안전운전불이행,건조,맑음,교차로 - 교차로안,화물,남,62세,기타불명,화물,남,39세,중상
2021121900100216,2021년 12월 19일 16시,일요일,경상북도 영천시 화남면,경상사고,0,0,3,0,차대차 - 후진중충돌,안전운전불이행,건조,맑음,단일로 - 기타,화물,남,69세,상해없음,승용,남,57세,상해없음
2021121900100232,2021년 12월 19일 17시,일요일,경상북도 구미시 옥계동,중상사고,0,1,0,0,차대사람 - 기타,안전운전불이행,건조,맑음,단일로 - 기타,승용,남,45세,상해없음,보행자,남,17세,중상
2021121900100261,2021년 12월 19일 18시,일요일,경상북도 칠곡군 석적읍,경상사고,0,0,1,1,차대차 - 측면충돌,기타,건조,맑음,교차로 - 교차로안,승용,남,25세,부상신고,승용,남,28세,경상
2021121900100281,2021년 12월 19일 19시,일요일,경상북도 청도군 이서면,경상사고,0,0,1,0,차대차 - 측면충돌,안전운전불이행,건조,맑음,단일로 - 기타,승용,남,32세,상해없음,승용,여,62세,경상
2021121900100311,2021년 12월 19일 20시,일요일,경상북도 영천시 금호읍,경상사고,0,0,1,0,차대차 - 측면충돌,안전운전불이행,건조,맑음,기타 - 기타,승용,여,33세,기타불명,승용,여,23세,경상
2021121900100312,2021년 12월 19일 20시,일요일,경상북도 영천시 완산동,중상사고,0,1,0,0,차량단독 - 공작물충돌,안전운전불이행,건조,맑음,교차로 - 교차로부근,승용,남,56세,중상,,,,
2021121900100353,2021년 12월 19일 22시,일요일,경상북도 경산시 압량읍,경상사고,0,0,1,0,차대차 - 추돌,안전운전불이행,건조,맑음,교차로 - 교차로부근,승용,남,34세,상해없음,승용,여,30세,경상
2021122000100014,2021년 12월 20일 05시,월요일,경상북도 경주시 율동,경상사고,0,0,1,0,차대차 - 측면충돌,안전운전불이행,건조,맑음,교차로 - 교차로부근,승용,남,31세,상해없음,승용,남,43세,경상
2021122000100030,2021년 12월 20일 06시,월요일,경상북도 포항시 북구 죽도동,중상사고,0,1,0,0,차대사람 - 기타,안전운전불이행,건조,맑음,교차로 - 교차로부근,승용,여,67세,상해없음,보행자,남,50세,중상
2021122000100083,2021년 12월 20일 08시,월요일,경상북도 경주시 황성동,경상사고,0,0,2,1,차대차 - 측면충돌,신호위반,건조,맑음,교차로 - 교차로안,승용,남,74세,부상신고,승용,남,70세,경상
2021122000100084,2021년 12월 20일 08시,월요일,경상북도 김천시 어모면,경상사고,0,0,1,0,차대차 - 측면충돌,직진우회전진행방해,건조,맑음,교차로 - 교차로안,건설기계,남,57세,상해없음,화물,남,55세,경상
2021122000100110,2021년 12월 20일 09시,월요일,경상북도 경산시 중방동,경상사고,0,0,2,0,차대차 - 정면충돌,신호위반,건조,맑음,교차로 - 교차로안,승용,여,64세,상해없음,승용,남,62세,경상
2021122000100111,2021년 12월 20일 09시,월요일,경상북도 포항시 남구 해도동,중상사고,0,1,0,0,차대차 - 측면충돌,안전운전불이행,건조,맑음,교차로 - 교차로부근,화물,남,49세,상해없음,원동기,남,56세,중상
2021122000100131,2021년 12월 20일 10시,월요일,경상북도 포항시 북구 장성동,경상사고,0,0,2,0,차대차 - 측면충돌,안전운전불이행,건조,맑음,교차로 - 교차로부근,승용,남,66세,상해없음,승용,여,34세,경상
2021122000100132,2021년 12월 20일 10시,월요일,경상북도 상주시 부원동,경상사고,0,0,1,0,차대차 - 측면충돌,중앙선침범,건조,맑음,교차로 - 교차로안,승용,여,48세,상해없음,원동기,남,38세,경상
2021122000100133,2021년 12월 20일 10시,월요일,경상북도 구미시 선산읍,경상사고,0,0,1,0,차대차 - 후진중충돌,안전운전불이행,건조,맑음,단일로 - 기타,기타불명,기타불명,미분류,기타불명,승용,남,47세,경상
2021122000100134,2021년 12월 20일 10시,월요일,경상북도 포항시 남구 대도동,부상신고사고,0,0,0,1,차대차 - 기타,교차로운행방법위반,건조,맑음,교차로 - 교차로안,승용,남,71세,상해없음,승용,남,49세,상해없음
2021122000100203,2021년 12월 20일 12시,월요일,경상북도 의성군 안계면,경상사고,0,0,1,0,차대차 - 정면충돌,중앙선침범,건조,맑음,단일로 - 기타,화물,남,55세,상해없음,승용,여,54세,경상
2021122000100204,2021년 12월 20일 12시,월요일,경상북도 영주시 가흥동,경상사고,0,0,1,0,차대차 - 측면충돌,안전운전불이행,건조,맑음,단일로 - 기타,승용,남,50세,상해없음,이륜,남,40세,경상
2021122000100235,2021년 12월 20일 13시,월요일,경상북도 김천시 황금동,중상사고,0,1,0,0,차대사람 - 차도통행중,안전운전불이행,건조,맑음,단일로 - 기타,이륜,남,61세,상해없음,보행자,여,62세,중상
2021122000100236,2021년 12월 20일 13시,월요일,경상북도 김천시 덕곡동,부상신고사고,0,0,0,1,차량단독 - 기타,안전운전불이행,건조,맑음,단일로 - 기타,승합,남,35세,상해없음,,,,
2021122000100237,2021년 12월 20일 13시,월요일,경상북도 영천시 금호읍,중상사고,0,1,1,0,차대차 - 측면충돌,중앙선침범,건조,맑음,교차로 - 교차로안,승용,여,47세,경상,이륜,여,74세,중상
2021122000100238,2021년 12월 20일 13시,월요일,경상북도 구미시 지산동,중상사고,0,2,0,0,차대차 - 측면충돌,안전거리미확보,건조,맑음,단일로 - 기타,특수,남,38세,상해없음,승용,여,61세,중상
2021122000100239,2021년 12월 20일 13시,월요일,경상북도 구미시 고아읍,경상사고,0,0,1,0,차대차 - 기타,교차로운행방법위반,건조,맑음,교차로 - 교차로안,승용,남,23세,상해없음,승용,여,34세,경상
2021122000100271,2021년 12월 20일 14시,월요일,경상북도 포항시 남구 오천읍,중상사고,0,1,0,0,차대사람 - 차도통행중,안전운전불이행,건조,맑음,단일로 - 기타,승용,남,74세,상해없음,보행자,남,91세,중상
2021122000100313,2021년 12월 20일 15시,월요일,경상북도 포항시 북구 양덕동,경상사고,0,0,3,0,차대차 - 측면충돌,차로위반,건조,맑음,교차로 - 교차로부근,승용,여,69세,경상,승용,여,34세,경상
2021122000100314,2021년 12월 20일 15시,월요일,경상북도 안동시 풍산읍,경상사고,0,0,1,0,차대차 - 측면충돌,교차로운행방법위반,건조,맑음,교차로 - 교차로안,승합,남,54세,상해없음,이륜,남,34세,경상
2021122000100315,2021년 12월 20일 15시,월요일,경상북도 의성군 봉양면,중상사고,0,1,0,0,차대차 - 측면충돌,안전운전불이행,건조,맑음,단일로 - 기타,승용,남,64세,상해없음,승용,여,46세,중상
2021122000100316,2021년 12월 20일 15시,월요일,경상북도 의성군 안계면,중상사고,0,1,0,0,차대차 - 기타,안전운전불이행,건조,맑음,단일로 - 기타,승용,남,31세,상해없음,이륜,남,85세,중상
2021122000100317,2021년 12월 20일 15시,월요일,경상북도 의성군 의성읍,경상사고,0,0,2,0,차대차 - 측면충돌,안전운전불이행,건조,맑음,교차로 - 교차로안,화물,남,61세,상해없음,화물,남,65세,경상