사고번호,사고일시,요일,시군구,사고내용,사망자수,중상자수,경상자수,부상신고자수,사고유형,법규위반,노면상태,기상상태,도로형태,가해운전자 차종,가해운전자 성별,가해운전자 연령,가해운전자 상해정도,피해운전자 차종,피해운전자 성별,피해운전자 연령,피해운전자 상해정도
2021122000100318,2021년 12월 20일 15시,월요일,경상북도 영천시 금호읍,경상사고,0,0,2,0,차대차 - 추돌,안전운전불이행,건조,맑음,교차로 - 교차로부근,승용,여,42세,상해없음,승용,남,31세,경상
2021122000100319,2021년 12월 20일 15시,월요일,경상북도 청도군 각북면,경상사고,0,0,1,0,차대차 - 측면충돌,기타,건조,맑음,교차로 - 교차로안,화물,남,64세,상해없음,승용,여,35세,경상
2021122000100351,2021년 12월 20일 16시,월요일,경상북도 포항시 북구 두호동,중상사고,0,1,0,0,차대사람 - 차도통행중,안전운전불이행,건조,맑음,단일로 - 기타,승용,여,38세,상해없음,보행자,남,68세,중상
2021122000100407,2021년 12월 20일 17시,월요일,경상북도 경산시 서상동,중상사고,0,1,0,0,차대차 - 측면충돌,중앙선침범,건조,맑음,단일로 - 기타,승용,남,37세,중상,승용,남,36세,상해없음
2021122000100408,2021년 12월 20일 17시,월요일,경상북도 경산시 계양동,경상사고,0,0,1,0,차대차 - 측면충돌,안전운전불이행,건조,맑음,교차로 - 교차로안,화물,남,51세,상해없음,승용,여,52세,경상
2021122000100409,2021년 12월 20일 17시,월요일,경상북도 청송군 파천면,중상사고,0,1,1,0,차대차 - 측면충돌,직진우회전진행방해,건조,맑음,교차로 - 교차로안,화물,남,71세,상해없음,화물,남,53세,중상
2021122000100410,2021년 12월 20일 17시,월요일,경상북도 구미시 선산읍,중상사고,0,1,0,0,차대차 - 추돌,안전운전불이행,건조,맑음,단일로 - 기타,화물,남,32세,상해없음,개인형이동수단(PM),남,39세,중상
2021122000100477,2021년 12월 20일 18시,월요일,경상북도 영천시 임고면,중상사고,0,1,2,1,차대차 - 추돌,안전운전불이행,건조,맑음,단일로 - 기타,승용,남,39세,상해없음,승용,남,64세,부상신고
2021122000100478,2021년 12월 20일 18시,월요일,경상북도 영천시 화북면,사망사고,1,0,0,0,차량단독 - 도로외이탈 - 추락,안전운전불이행,건조,맑음,단일로 - 기타,화물,남,70세,사망,,,,
2021122000100479,2021년 12월 20일 18시,월요일,경상북도 영천시 완산동,경상사고,0,0,1,0,차대차 - 측면충돌,안전운전불이행,건조,맑음,단일로 - 기타,승용,남,73세,상해없음,화물,남,67세,경상
2021122000100480,2021년 12월 20일 18시,월요일,경상북도 구미시 임수동,경상사고,0,0,3,0,차대차 - 기타,안전운전불이행,건조,맑음,단일로 - 기타,승용,남,27세,상해없음,승용,여,61세,경상
2021122000100560,2021년 12월 20일 20시,월요일,경상북도 구미시 옥계동,경상사고,0,0,1,0,차대차 - 추돌,안전운전불이행,건조,맑음,단일로 - 기타,화물,남,38세,상해없음,승용,남,33세,경상
2021122000100561,2021년 12월 20일 20시,월요일,경상북도 구미시 지산동,경상사고,0,0,1,0,차대차 - 추돌,안전운전불이행,건조,맑음,단일로 - 기타,승용,남,28세,상해없음,승용,여,24세,경상
2021122000100597,2021년 12월 20일 21시,월요일,경상북도 경주시 황성동,경상사고,0,0,3,1,차대차 - 측면충돌,교차로운행방법위반,건조,맑음,교차로 - 교차로안,승용,남,32세,상해없음,승용,남,49세,경상
2021122000100616,2021년 12월 20일 22시,월요일,경상북도 경산시 옥곡동,경상사고,0,0,1,0,차대차 - 측면충돌,기타,건조,맑음,교차로 - 교차로안,승용,남,32세,기타불명,승용,여,47세,경상
2021122100100099,2021년 12월 21일 08시,화요일,경상북도 영주시 상망동,경상사고,0,0,1,0,차대차 - 측면충돌,안전운전불이행,건조,맑음,교차로 - 교차로부근,승용,남,57세,상해없음,승합,남,46세,경상
2021122100100100,2021년 12월 21일 08시,화요일,경상북도 영주시 적서동,경상사고,0,0,1,0,차대차 - 측면충돌,안전운전불이행,건조,맑음,교차로 - 교차로안,승용,남,26세,상해없음,화물,남,52세,경상
2021122100100122,2021년 12월 21일 09시,화요일,경상북도 경산시 하양읍,경상사고,0,0,1,0,차대차 - 측면충돌,안전운전불이행,건조,맑음,교차로 - 교차로안,승용,남,61세,상해없음,승합,남,54세,상해없음
2021122100100123,2021년 12월 21일 09시,화요일,경상북도 고령군 다산면,중상사고,0,2,1,0,차대차 - 추돌,안전운전불이행,건조,맑음,기타 - 기타,승용,남,65세,경상,승용,여,50세,중상
2021122100100124,2021년 12월 21일 09시,화요일,경상북도 구미시 인의동,경상사고,0,0,1,0,차대차 - 기타,직진우회전진행방해,건조,맑음,교차로 - 교차로안,화물,남,63세,상해없음,승용,남,30세,경상
2021122100100149,2021년 12월 21일 10시,화요일,경상북도 구미시 황상동,경상사고,0,0,1,0,차대차 - 측면충돌,안전거리미확보,건조,맑음,교차로 - 교차로안,화물,남,37세,상해없음,승용,남,37세,경상
2021122100100182,2021년 12월 21일 11시,화요일,경상북도 청송군 진보면,경상사고,0,0,1,0,차대차 - 측면충돌,안전운전불이행,건조,맑음,단일로 - 지하차도(도로)내,화물,남,75세,상해없음,승용,남,70세,경상
2021122100100202,2021년 12월 21일 12시,화요일,경상북도 경주시 성동동,중상사고,0,1,0,0,차대차 - 측면충돌,안전운전불이행,건조,맑음,단일로 - 기타,화물,남,67세,상해없음,이륜,남,35세,중상
2021122100100232,2021년 12월 21일 13시,화요일,경상북도 구미시 송정동,경상사고,0,0,1,0,차대사람 - 기타,안전운전불이행,건조,맑음,단일로 - 기타,이륜,남,53세,상해없음,보행자,여,47세,경상
2021122100100254,2021년 12월 21일 14시,화요일,경상북도 영주시 풍기읍,경상사고,0,0,1,0,차량단독 - 전도전복 - 전도,안전운전불이행,건조,맑음,교차로 - 교차로안,이륜,남,81세,경상,,,,
2021122100100255,2021년 12월 21일 14시,화요일,경상북도 청송군 안덕면,중상사고,0,2,0,0,차대차 - 측면충돌,중앙선침범,건조,맑음,단일로 - 지하차도(도로)내,승용,여,42세,상해없음,이륜,남,72세,중상
2021122100100256,2021년 12월 21일 14시,화요일,경상북도 구미시 도량동,중상사고,0,1,0,0,차량단독 - 전도전복 - 전도,안전운전불이행,건조,맑음,단일로 - 기타,이륜,남,18세,상해없음,,,,
2021122100100257,2021년 12월 21일 14시,화요일,경상북도 구미시 공단동,경상사고,0,0,2,0,차대차 - 추돌,안전운전불이행,건조,맑음,기타 - 기타,화물,남,60세,상해없음,화물,남,54세,경상
2021122100100258,2021년 12월 21일 14시,화요일,경상북도 구미시 장천면,부상신고사고,0,0,0,1,차량단독 - 공작물충돌,안전운전불이행,건조,맑음,단일로 - 기타,승용,여,32세,부상신고,,,,
2021122100100292,2021년 12월 21일 15시,화요일,경상북도 경산시 중방동,중상사고,0,1,0,0,차량단독 - 전도전복 - 전도,안전운전불이행,건조,맑음,단일로 - 기타,원동기,남,15세,중상,,,,
2021122100100293,2021년 12월 21일 15시,화요일,경상북도 구미시 형곡동,경상사고,0,0,2,1,차대차 - 추돌,안전운전불이행,건조,맑음,단일로 - 기타,승용,여,62세,부상신고,승용,여,44세,경상
2021122100100314,2021년 12월 21일 16시,화요일,경상북도 봉화군 봉성면,경상사고,0,0,5,0,차대차 - 측면충돌,안전운전불이행,건조,맑음,단일로 - 기타,승용,남,69세,경상,승용,남,55세,경상
2021122100100315,2021년 12월 21일 16시,화요일,경상북도 군위군 산성면,경상사고,0,0,1,0,차대사람 - 기타,안전운전불이행,건조,맑음,기타 - 기타,화물,남,28세,상해없음,보행자,여,81세,경상
2021122100100349,2021년 12월 21일 17시,화요일,경상북도 경주시 황성동,중상사고,0,1,0,0,차대사람 - 기타,안전운전불이행,건조,맑음,교차로 - 교차로부근,원동기,남,20세,상해없음,보행자,여,42세,중상
2021122100100350,2021년 12월 21일 17시,화요일,경상북도 영천시 문외동,경상사고,0,0,1,0,차대차 - 추돌,안전운전불이행,건조,맑음,단일로 - 기타,승용,여,43세,상해없음,이륜,남,27세,경상
2021122100100396,2021년 12월 21일 18시,화요일,경상북도 구미시 봉곡동,경상사고,0,0,1,0,차대차 - 추돌,안전운전불이행,건조,맑음,단일로 - 기타,승합,남,60세,상해없음,승용,여,47세,경상
2021122100100452,2021년 12월 21일 19시,화요일,경상북도 경주시 충효동,경상사고,0,0,1,0,차대사람 - 횡단중,신호위반,건조,맑음,교차로 - 교차로횡단보도내,승용,남,55세,상해없음,보행자,남,42세,경상
2021122100100453,2021년 12월 21일 19시,화요일,경상북도 안동시 옥동,경상사고,0,0,1,0,차대차 - 기타,기타,건조,맑음,단일로 - 기타,승용,남,47세,상해없음,승용,여,49세,경상
2021122100100481,2021년 12월 21일 20시,화요일,경상북도 상주시 낙동면,중상사고,0,1,0,0,차대사람 - 차도통행중,안전운전불이행,건조,맑음,단일로 - 기타,승용,남,46세,상해없음,보행자,남,50세,중상
2021122100100482,2021년 12월 21일 20시,화요일,경상북도 구미시 고아읍,경상사고,0,0,1,0,차대차 - 추돌,안전운전불이행,건조,맑음,교차로 - 교차로부근,승용,남,41세,상해없음,이륜,남,25세,경상
2021122100100516,2021년 12월 21일 21시,화요일,경상북도 구미시 진평동,경상사고,0,0,1,0,차대차 - 후진중충돌,안전운전불이행,건조,맑음,교차로 - 교차로부근,승용,남,60세,상해없음,이륜,남,32세,경상
2021122100100517,2021년 12월 21일 21시,화요일,경상북도 구미시 광평동,경상사고,0,0,2,0,차대차 - 측면충돌,교차로운행방법위반,건조,맑음,교차로 - 교차로안,승용,남,60세,상해없음,승합,남,58세,경상
2021122100100518,2021년 12월 21일 21시,화요일,경상북도 구미시 신동,경상사고,0,0,3,0,차대차 - 기타,안전운전불이행,건조,맑음,단일로 - 기타,승용,남,40세,상해없음,승용,여,37세,경상
2021122200100003,2021년 12월 22일 00시,수요일,경상북도 고령군 성산면,중상사고,0,1,1,0,차대차 - 추돌,안전운전불이행,건조,흐림,단일로 - 기타,화물,남,34세,중상,승용,남,33세,경상
2021122200100023,2021년 12월 22일 06시,수요일,경상북도 고령군 성산면,중상사고,0,1,0,0,차대차 - 측면충돌,중앙선침범,건조,맑음,단일로 - 기타,승용,여,63세,상해없음,승용,남,50세,중상
2021122200100054,2021년 12월 22일 07시,수요일,경상북도 칠곡군 북삼읍,경상사고,0,0,1,1,차대차 - 측면충돌,안전운전불이행,건조,맑음,교차로 - 교차로안,화물,남,59세,부상신고,승용,여,57세,경상
2021122200100055,2021년 12월 22일 07시,수요일,경상북도 구미시 황상동,경상사고,0,0,1,0,차대차 - 기타,안전운전불이행,건조,맑음,단일로 - 기타,승용,남,48세,상해없음,자전거,남,39세,경상
2021122200100056,2021년 12월 22일 07시,수요일,경상북도 구미시 임은동,중상사고,0,1,0,0,차대차 - 기타,중앙선침범,건조,맑음,교차로 - 교차로안,자전거,여,56세,중상,승용,남,34세,상해없음
2021122200100083,2021년 12월 22일 08시,수요일,경상북도 영주시 휴천동,중상사고,0,1,0,0,차대차 - 측면충돌,교차로운행방법위반,건조,맑음,교차로 - 교차로안,승용,여,47세,상해없음,이륜,남,44세,중상
2021122200100084,2021년 12월 22일 08시,수요일,경상북도 구미시 봉곡동,중상사고,0,1,0,0,차대차 - 기타,교차로운행방법위반,건조,맑음,교차로 - 교차로안,승용,남,39세,상해없음,화물,남,51세,상해없음
2021122200100126,2021년 12월 22일 09시,수요일,경상북도 김천시 모암동,경상사고,0,0,1,0,차대사람 - 횡단중,보행자보호의무위반,건조,맑음,단일로 - 기타,승용,여,25세,상해없음,보행자,남,41세,경상
2021122200100154,2021년 12월 22일 10시,수요일,경상북도 영주시 휴천동,경상사고,0,0,1,0,차대사람 - 차도통행중,중앙선침범,건조,맑음,단일로 - 기타,화물,남,23세,기타불명,보행자,남,20세,경상
2021122200100184,2021년 12월 22일 11시,수요일,경상북도 문경시 흥덕동,사망사고,1,0,0,0,차대차 - 측면충돌,안전운전불이행,건조,맑음,교차로 - 교차로안,승용,남,68세,상해없음,자전거,남,77세,사망
2021122200100185,2021년 12월 22일 11시,수요일,경상북도 문경시 산양면,사망사고,1,0,0,0,차량단독 - 전도전복 - 전도,안전운전불이행,건조,맑음,단일로 - 기타,농기계,남,75세,사망,,,,
2021122200100217,2021년 12월 22일 12시,수요일,경상북도 경주시 서부동,경상사고,0,0,1,0,차대사람 - 횡단중,보행자보호의무위반,건조,맑음,교차로 - 교차로횡단보도내,승용,남,58세,상해없음,보행자,여,65세,경상
2021122200100253,2021년 12월 22일 13시,수요일,경상북도 포항시 남구 송내동,경상사고,0,0,1,0,차대차 - 측면충돌,안전운전불이행,건조,맑음,교차로 - 교차로부근,화물,남,57세,상해없음,승용,남,60세,경상
2021122200100287,2021년 12월 22일 14시,수요일,경상북도 안동시 옥동,경상사고,0,0,1,0,차대차 - 기타,안전운전불이행,건조,맑음,교차로 - 교차로안,이륜,남,87세,경상,화물,남,34세,상해없음
2021122200100288,2021년 12월 22일 14시,수요일,경상북도 안동시 풍산읍,경상사고,0,0,1,0,차대차 - 기타,안전운전불이행,건조,맑음,단일로 - 기타,사륜오토바이(ATV),남,78세,경상,화물,남,59세,상해없음
2021122200100289,2021년 12월 22일 14시,수요일,경상북도 김천시 부곡동,경상사고,0,0,1,0,차대사람 - 보도통행중,기타,건조,맑음,단일로 - 기타,개인형이동수단(PM),남,14세,상해없음,보행자,여,60세,경상
2021122200100290,2021년 12월 22일 14시,수요일,경상북도 영천시 임고면,경상사고,0,0,1,0,차대차 - 측면충돌,중앙선침범,건조,맑음,단일로 - 기타,승용,남,57세,상해없음,승용,여,53세,경상
2021122200100291,2021년 12월 22일 14시,수요일,경상북도 문경시 마성면,경상사고,0,0,1,0,차대차 - 추돌,안전운전불이행,건조,맑음,교차로 - 교차로안,승용,남,36세,상해없음,승용,여,54세,경상
2021122200100327,2021년 12월 22일 15시,수요일,경상북도 경주시 황성동,중상사고,0,1,0,0,차대차 - 측면충돌,안전운전불이행,건조,맑음,단일로 - 기타,자전거,남,79세,중상,화물,남,73세,상해없음
2021122200100328,2021년 12월 22일 15시,수요일,경상북도 안동시 태화동,경상사고,0,0,1,0,차대사람 - 횡단중,안전운전불이행,건조,맑음,교차로 - 교차로횡단보도내,승용,남,63세,상해없음,보행자,남,10세,경상
2021122200100329,2021년 12월 22일 15시,수요일,경상북도 김천시 덕곡동,경상사고,0,0,1,0,차대차 - 정면충돌,중앙선침범,건조,맑음,단일로 - 기타,이륜,남,57세,상해없음,승용,여,49세,경상
2021122200100330,2021년 12월 22일 15시,수요일,경상북도 고령군 쌍림면,경상사고,0,0,1,0,차대차 - 기타,안전운전불이행,건조,맑음,단일로 - 기타,승용,남,61세,상해없음,화물,남,42세,경상
2021122200100368,2021년 12월 22일 16시,수요일,경상북도 경주시 외동읍,경상사고,0,0,1,0,차대차 - 추돌,안전운전불이행,건조,맑음,단일로 - 기타,승용,기타불명,미분류,기타불명,승용,남,31세,경상
2021122200100369,2021년 12월 22일 16시,수요일,경상북도 고령군 성산면,경상사고,0,0,2,0,차대차 - 추돌,안전거리미확보,건조,맑음,단일로 - 기타,승용,여,56세,상해없음,승용,남,67세,경상
2021122200100370,2021년 12월 22일 16시,수요일,경상북도 구미시 선산읍,경상사고,0,0,1,0,차대차 - 기타,안전운전불이행,건조,맑음,단일로 - 기타,농기계,남,37세,상해없음,승용,남,39세,경상
2021122200100408,2021년 12월 22일 17시,수요일,경상북도 안동시 태화동,경상사고,0,0,1,0,차대차 - 측면충돌,안전운전불이행,건조,맑음,교차로 - 교차로안,승용,남,51세,상해없음,화물,남,61세,경상
2021122200100409,2021년 12월 22일 17시,수요일,경상북도 경산시 서상동,경상사고,0,0,1,0,차대사람 - 횡단중,안전운전불이행,건조,맑음,교차로 - 교차로안,화물,남,63세,상해없음,보행자,여,74세,경상
2021122200100410,2021년 12월 22일 17시,수요일,경상북도 봉화군 봉화읍,중상사고,0,1,0,0,차대사람 - 길가장자리구역통행중,보행자보호의무위반,건조,맑음,교차로 - 교차로횡단보도내,승용,남,31세,상해없음,보행자,남,75세,중상
2021122200100411,2021년 12월 22일 17시,수요일,경상북도 구미시 황상동,경상사고,0,0,1,0,차대차 - 측면충돌,안전거리미확보,건조,맑음,교차로 - 교차로부근,승용,남,32세,상해없음,승용,남,33세,경상
2021122200100451,2021년 12월 22일 18시,수요일,경상북도 포항시 북구 득량동,경상사고,0,0,1,0,차대차 - 기타,안전운전불이행,건조,맑음,단일로 - 기타,승용,남,70세,상해없음,승용,남,74세,기타불명
2021122200100452,2021년 12월 22일 18시,수요일,경상북도 영천시 봉동,사망사고,1,0,1,0,차대차 - 정면충돌,중앙선침범,건조,맑음,기타 - 기타,승용,남,62세,사망,승용,남,56세,경상
2021122200100453,2021년 12월 22일 18시,수요일,경상북도 경산시 중방동,경상사고,0,0,1,0,차대사람 - 횡단중,보행자보호의무위반,건조,맑음,단일로 - 기타,승용,여,31세,상해없음,보행자,여,64세,경상
2021122200100454,2021년 12월 22일 18시,수요일,경상북도 포항시 남구 동촌동,경상사고,0,0,2,0,차대차 - 측면충돌,차로위반,건조,맑음,교차로 - 교차로부근,승용,남,31세,경상,화물,남,65세,상해없음
2021122200100512,2021년 12월 22일 19시,수요일,경상북도 경주시 효현동,경상사고,0,0,1,0,차대차 - 측면충돌,신호위반,건조,맑음,교차로 - 교차로안,승용,남,61세,상해없음,승용,남,30세,경상
2021122200100513,2021년 12월 22일 19시,수요일,경상북도 경주시 효현동,중상사고,0,1,0,0,차대차 - 추돌,안전운전불이행,건조,맑음,단일로 - 기타,승용,여,23세,상해없음,화물,남,58세,중상
2021122200100514,2021년 12월 22일 19시,수요일,경상북도 안동시 송현동,경상사고,0,0,1,0,차대차 - 측면충돌,교차로운행방법위반,건조,맑음,교차로 - 교차로안,승용,남,68세,상해없음,승용,남,33세,경상
2021122200100515,2021년 12월 22일 19시,수요일,경상북도 포항시 남구 효자동,경상사고,0,0,1,0,차대차 - 측면충돌,안전운전불이행,건조,맑음,단일로 - 기타,승용,여,27세,상해없음,이륜,남,23세,경상
2021122200100542,2021년 12월 22일 20시,수요일,경상북도 김천시 율곡동,경상사고,0,0,1,0,차대차 - 기타,중앙선침범,건조,맑음,기타 - 기타,화물,남,47세,상해없음,승용,여,31세,경상
2021122200100630,2021년 12월 22일 23시,수요일,경상북도 칠곡군 기산면,부상신고사고,0,0,0,1,차량단독 - 공작물충돌,안전운전불이행,건조,맑음,단일로 - 기타,승용,남,51세,부상신고,,,,
2021122300100003,2021년 12월 23일 00시,목요일,경상북도 포항시 북구 항구동,경상사고,0,0,1,0,차대차 - 측면충돌,신호위반,건조,맑음,교차로 - 교차로안,승용,여,50세,상해없음,승용,남,63세,상해없음
2021122300100036,2021년 12월 23일 06시,목요일,경상북도 경산시 진량읍,중상사고,0,1,0,0,차대차 - 추돌,안전운전불이행,건조,맑음,단일로 - 기타,승용,남,41세,상해없음,이륜,남,42세,중상
2021122300100037,2021년 12월 23일 06시,목요일,경상북도 포항시 남구 해도동,중상사고,0,1,0,0,차대차 - 추돌,안전운전불이행,건조,맑음,단일로 - 기타,화물,남,25세,상해없음,승용,남,32세,중상
2021122300100054,2021년 12월 23일 07시,목요일,경상북도 경주시 탑동,중상사고,0,1,0,0,차대차 - 측면충돌,신호위반,건조,맑음,교차로 - 교차로안,승용,남,55세,상해없음,승용,남,47세,중상
2021122300100055,2021년 12월 23일 07시,목요일,경상북도 상주시 함창읍,중상사고,0,1,0,0,차대사람 - 횡단중,안전운전불이행,건조,맑음,단일로 - 기타,승용,여,51세,상해없음,보행자,여,83세,중상
2021122300100056,2021년 12월 23일 07시,목요일,경상북도 구미시 신평동,경상사고,0,0,1,1,차대차 - 측면충돌,교차로운행방법위반,건조,맑음,교차로 - 교차로안,화물,남,34세,부상신고,승용,남,59세,경상
2021122300100057,2021년 12월 23일 07시,목요일,경상북도 포항시 남구 괴동동,경상사고,0,0,1,0,차대차 - 측면충돌,안전거리미확보,건조,맑음,교차로 - 교차로안,승합,남,76세,상해없음,승용,남,43세,경상
2021122300100086,2021년 12월 23일 08시,목요일,경상북도 안동시 운안동,경상사고,0,0,1,0,차대차 - 추돌,안전운전불이행,건조,맑음,단일로 - 기타,승용,여,33세,상해없음,승용,남,38세,경상
2021122300100087,2021년 12월 23일 08시,목요일,경상북도 칠곡군 석적읍,경상사고,0,0,3,0,차대차 - 측면충돌,교차로운행방법위반,건조,맑음,교차로 - 교차로안,승용,여,46세,경상,승용,남,30세,경상
2021122300100115,2021년 12월 23일 09시,목요일,경상북도 구미시 진평동,경상사고,0,0,1,0,차대차 - 추돌,안전운전불이행,건조,맑음,교차로 - 교차로부근,승용,여,38세,상해없음,승용,남,23세,경상
2021122300100116,2021년 12월 23일 09시,목요일,경상북도 구미시 남통동,경상사고,0,0,1,0,차대차 - 측면충돌,교차로운행방법위반,건조,맑음,교차로 - 교차로안,화물,남,43세,상해없음,자전거,남,63세,경상
2021122300100137,2021년 12월 23일 10시,목요일,경상북도 칠곡군 동명면,경상사고,0,0,1,0,차대차 - 측면충돌,안전운전불이행,건조,맑음,단일로 - 기타,화물,남,84세,상해없음,승용,여,51세,경상
2021122300100202,2021년 12월 23일 12시,목요일,경상북도 구미시 고아읍,중상사고,0,1,0,0,차대차 - 기타,안전운전불이행,건조,맑음,교차로 - 교차로안,화물,남,51세,상해없음,이륜,남,52세,중상
2021122300100225,2021년 12월 23일 13시,목요일,경상북도 영천시 문외동,경상사고,0,0,3,0,차대차 - 측면충돌,안전운전불이행,건조,맑음,교차로 - 교차로안,승용,남,58세,경상,이륜,남,54세,경상
2021122300100258,2021년 12월 23일 14시,목요일,경상북도 경주시 건천읍,경상사고,0,0,1,0,차대차 - 측면충돌,안전운전불이행,건조,맑음,교차로 - 교차로안,승용,여,57세,상해없음,승용,남,72세,경상
2021122300100259,2021년 12월 23일 14시,목요일,경상북도 경주시 외동읍,부상신고사고,0,0,0,1,차대차 - 측면충돌,안전운전불이행,건조,맑음,교차로 - 교차로안,승합,남,60세,기타불명,화물,남,48세,부상신고
2021122300100260,2021년 12월 23일 14시,목요일,경상북도 안동시 임하면,경상사고,0,0,1,0,차량단독 - 도로외이탈 - 추락,안전운전불이행,건조,맑음,단일로 - 기타,건설기계,남,66세,경상,,,,
2021122300100261,2021년 12월 23일 14시,목요일,경상북도 영천시 완산동,경상사고,0,0,2,0,차대차 - 측면충돌,안전운전불이행,건조,맑음,교차로 - 교차로안,승용,여,54세,경상,승용,남,58세,경상
2021122300100294,2021년 12월 23일 15시,목요일,경상북도 구미시 도량동,중상사고,0,1,1,0,차대사람 - 기타,안전운전불이행,건조,맑음,주차장 - 주차장,승용,남,60세,상해없음,보행자,남,61세,중상
2021122300100320,2021년 12월 23일 16시,목요일,경상북도 경주시 용강동,중상사고,0,1,0,0,차대사람 - 차도통행중,안전운전불이행,건조,맑음,교차로 - 교차로부근,승용,여,50세,상해없음,보행자,여,10세,중상
2021122300100362,2021년 12월 23일 17시,목요일,경상북도 포항시 북구 장성동,경상사고,0,0,1,0,차대차 - 측면충돌,안전운전불이행,건조,맑음,단일로 - 기타,승용,남,58세,상해없음,승용,여,34세,경상
2021122300100363,2021년 12월 23일 17시,목요일,경상북도 포항시 남구 청림동,중상사고,0,1,1,0,차대사람 - 횡단중,안전운전불이행,건조,맑음,교차로 - 교차로안,승용,남,37세,상해없음,보행자,여,67세,중상
2021122300100424,2021년 12월 23일 18시,목요일,경상북도 경산시 중산동,중상사고,0,1,0,0,차대사람 - 횡단중,보행자보호의무위반,건조,맑음,교차로 - 교차로안,승용,여,36세,상해없음,보행자,여,56세,중상
2021122300100425,2021년 12월 23일 18시,목요일,경상북도 예천군 예천읍,중상사고,0,1,0,0,차대차 - 추돌,안전운전불이행,건조,맑음,교차로 - 교차로부근,화물,남,68세,중상,화물,남,58세,상해없음
2021122300100426,2021년 12월 23일 18시,목요일,경상북도 포항시 남구 이동,경상사고,0,0,1,0,차대차 - 기타,안전운전불이행,건조,맑음,기타 - 기타,승용,여,53세,상해없음,승용,여,25세,경상
2021122300100505,2021년 12월 23일 20시,목요일,경상북도 구미시 광평동,경상사고,0,0,1,0,차대차 - 추돌,안전운전불이행,건조,맑음,단일로 - 기타,이륜,남,54세,상해없음,승용,남,60세,경상
2021122300100536,2021년 12월 23일 21시,목요일,경상북도 포항시 남구 오천읍,중상사고,0,1,2,0,차대차 - 측면충돌,신호위반,건조,맑음,교차로 - 교차로안,이륜,남,37세,중상,승용,남,67세,경상
2021122300100571,2021년 12월 23일 23시,목요일,경상북도 경주시 황성동,경상사고,0,0,1,0,차대차 - 추돌,안전운전불이행,건조,맑음,기타 - 기타,승용,여,47세,상해없음,자전거,남,39세,경상
2021122300100572,2021년 12월 23일 23시,목요일,경상북도 구미시 공단동,경상사고,0,0,1,0,차대차 - 추돌,안전운전불이행,건조,맑음,교차로 - 교차로부근,승용,남,46세,상해없음,승용,여,49세,경상
2021122400100005,2021년 12월 24일 00시,금요일,경상북도 성주군 성주읍,경상사고,0,0,1,0,차량단독 - 공작물충돌,안전운전불이행,건조,맑음,단일로 - 기타,승용,남,40세,경상,,,,
2021122400100065,2021년 12월 24일 07시,금요일,경상북도 영천시 완산동,경상사고,0,0,1,0,차대차 - 측면충돌,신호위반,건조,맑음,교차로 - 교차로안,승용,여,69세,상해없음,승용,여,53세,경상
2021122400100066,2021년 12월 24일 07시,금요일,경상북도 포항시 남구 해도동,경상사고,0,0,1,0,차대차 - 측면충돌,신호위반,건조,맑음,교차로 - 교차로안,승용,남,39세,상해없음,화물,남,65세,경상
2021122400100092,2021년 12월 24일 08시,금요일,경상북도 영주시 문수면,중상사고,0,1,0,1,차대차 - 추돌,안전운전불이행,건조,맑음,단일로 - 기타,승용,남,72세,부상신고,승용,여,30세,상해없음
2021122400100093,2021년 12월 24일 08시,금요일,경상북도 칠곡군 왜관읍,경상사고,0,0,2,0,차대차 - 추돌,안전운전불이행,건조,맑음,단일로 - 기타,승용,남,72세,상해없음,승용,남,43세,상해없음
2021122400100094,2021년 12월 24일 08시,금요일,경상북도 구미시 공단동,경상사고,0,0,1,0,차대차 - 후진중충돌,안전운전불이행,건조,맑음,단일로 - 기타,승용,남,29세,상해없음,승용,여,24세,경상
2021122400100122,2021년 12월 24일 09시,금요일,경상북도 경주시 성동동,경상사고,0,0,1,0,차대차 - 기타,안전운전불이행,건조,맑음,단일로 - 기타,승용,남,52세,상해없음,승용,남,61세,상해없음
2021122400100140,2021년 12월 24일 10시,금요일,경상북도 경주시 외동읍,경상사고,0,0,1,0,차대차 - 측면충돌,안전운전불이행,건조,맑음,단일로 - 기타,화물,남,38세,상해없음,승용,남,59세,경상
2021122400100141,2021년 12월 24일 10시,금요일,경상북도 포항시 북구 죽도동,경상사고,0,0,2,0,차대차 - 측면충돌,안전거리미확보,건조,맑음,단일로 - 기타,승용,남,48세,기타불명,승합,남,54세,경상
2021122400100143,2021년 12월 24일 10시,금요일,경상북도 경산시 옥곡동,경상사고,0,0,1,0,차대차 - 정면충돌,안전운전불이행,건조,맑음,교차로 - 교차로안,승용,여,56세,상해없음,이륜,남,30세,경상