사고번호,사고일시,요일,시군구,사고내용,사망자수,중상자수,경상자수,부상신고자수,사고유형,법규위반,노면상태,기상상태,도로형태,가해운전자 차종,가해운전자 성별,가해운전자 연령,가해운전자 상해정도,피해운전자 차종,피해운전자 성별,피해운전자 연령,피해운전자 상해정도
2021122400100169,2021년 12월 24일 11시,금요일,경상북도 경주시 동부동,중상사고,0,1,0,0,차대사람 - 차도통행중,안전운전불이행,건조,맑음,교차로 - 교차로안,승용,남,53세,상해없음,보행자,여,78세,중상
2021122400100170,2021년 12월 24일 11시,금요일,경상북도 경주시 안강읍,중상사고,0,1,0,0,차대사람 - 길가장자리구역통행중,안전운전불이행,건조,맑음,교차로 - 교차로안,승용,남,89세,상해없음,보행자,남,66세,중상
2021122400100171,2021년 12월 24일 11시,금요일,경상북도 안동시 태화동,경상사고,0,0,1,0,차대차 - 측면충돌,안전운전불이행,건조,맑음,단일로 - 기타,화물,남,50세,상해없음,화물,남,45세,경상
2021122400100172,2021년 12월 24일 11시,금요일,경상북도 군위군 소보면,경상사고,0,0,1,0,차대차 - 측면충돌,안전운전불이행,건조,맑음,단일로 - 기타,농기계,남,73세,경상,승용,남,76세,상해없음
2021122400100227,2021년 12월 24일 13시,금요일,경상북도 경주시 율동,중상사고,0,1,0,0,차대차 - 정면충돌,중앙선침범,건조,맑음,단일로 - 기타,승용,남,18세,상해없음,이륜,남,46세,중상
2021122400100228,2021년 12월 24일 13시,금요일,경상북도 봉화군 봉성면,중상사고,0,1,0,0,차대차 - 기타,안전운전불이행,건조,맑음,기타 - 기타,화물,남,44세,상해없음,승용,여,32세,중상
2021122400100229,2021년 12월 24일 13시,금요일,경상북도 포항시 남구 구룡포읍,경상사고,0,0,2,0,차대차 - 추돌,안전운전불이행,건조,맑음,교차로 - 교차로부근,승용,여,76세,경상,승용,여,62세,경상
2021122400100251,2021년 12월 24일 14시,금요일,경상북도 구미시 도량동,중상사고,0,1,0,0,차대사람 - 기타,기타,건조,맑음,교차로 - 교차로부근,개인형이동수단(PM),여,21세,상해없음,보행자,남,11세,중상
2021122400100286,2021년 12월 24일 15시,금요일,경상북도 포항시 북구 우현동,경상사고,0,0,1,0,차대차 - 추돌,안전운전불이행,건조,맑음,단일로 - 기타,승용,남,27세,상해없음,승용,남,60세,경상
2021122400100326,2021년 12월 24일 16시,금요일,경상북도 포항시 북구 죽도동,경상사고,0,0,1,0,차대차 - 추돌,안전운전불이행,건조,맑음,단일로 - 기타,승용,여,52세,상해없음,승용,남,72세,경상
2021122400100327,2021년 12월 24일 16시,금요일,경상북도 칠곡군 가산면,중상사고,0,1,2,0,차대차 - 추돌,안전운전불이행,건조,맑음,단일로 - 기타,건설기계,여,45세,상해없음,화물,남,59세,중상
2021122400100368,2021년 12월 24일 17시,금요일,경상북도 포항시 북구 양덕동,경상사고,0,0,1,0,차대차 - 기타,직진우회전진행방해,건조,맑음,교차로 - 교차로안,승용,남,47세,상해없음,이륜,남,38세,경상
2021122400100369,2021년 12월 24일 17시,금요일,경상북도 포항시 북구 덕산동,경상사고,0,0,1,0,차대사람 - 횡단중,보행자보호의무위반,건조,맑음,교차로 - 교차로횡단보도내,화물,남,52세,상해없음,보행자,여,59세,경상
2021122400100370,2021년 12월 24일 17시,금요일,경상북도 상주시 냉림동,경상사고,0,0,1,0,차대차 - 측면충돌,중앙선침범,건조,맑음,단일로 - 기타,승용,여,51세,상해없음,승용,남,38세,경상
2021122400100371,2021년 12월 24일 17시,금요일,경상북도 구미시 옥계동,중상사고,0,1,0,0,차대차 - 측면충돌,중앙선침범,건조,맑음,단일로 - 기타,화물,남,35세,기타불명,이륜,남,22세,중상
2021122400100426,2021년 12월 24일 18시,금요일,경상북도 경주시 외동읍,경상사고,0,0,1,0,차대차 - 측면충돌,안전운전불이행,건조,맑음,단일로 - 지하차도(도로)내,화물,남,40세,상해없음,승용,남,20세,경상
2021122400100427,2021년 12월 24일 18시,금요일,경상북도 포항시 북구 우현동,중상사고,0,1,0,0,차대사람 - 기타,기타,건조,맑음,단일로 - 기타,승용,남,53세,상해없음,보행자,여,52세,중상
2021122400100428,2021년 12월 24일 18시,금요일,경상북도 문경시 가은읍,경상사고,0,0,1,0,차량단독 - 전도전복 - 전도,안전운전불이행,건조,맑음,단일로 - 기타,농기계,남,44세,경상,,,,
2021122400100429,2021년 12월 24일 18시,금요일,경상북도 구미시 옥계동,중상사고,0,1,0,0,차대사람 - 보도통행중,보행자보호의무위반,건조,맑음,교차로 - 교차로횡단보도내,승용,남,74세,상해없음,보행자,여,60세,중상
2021122400100430,2021년 12월 24일 18시,금요일,경상북도 군위군 효령면,경상사고,0,0,1,0,차대차 - 측면충돌,차로위반,건조,맑음,단일로 - 기타,승용,남,58세,상해없음,승용,남,36세,경상
2021122400100490,2021년 12월 24일 19시,금요일,경상북도 포항시 북구 흥해읍,경상사고,0,0,2,0,차대차 - 측면충돌,중앙선침범,건조,맑음,단일로 - 기타,승용,남,54세,상해없음,승용,남,47세,경상
2021122400100491,2021년 12월 24일 19시,금요일,경상북도 김천시 모암동,경상사고,0,0,2,1,차대차 - 측면충돌,불법유턴,건조,맑음,교차로 - 교차로안,승용,남,24세,부상신고,승용,여,62세,경상
2021122400100492,2021년 12월 24일 19시,금요일,경상북도 경산시 진량읍,중상사고,0,1,0,0,차대사람 - 횡단중,안전운전불이행,건조,맑음,단일로 - 기타,승용,남,55세,상해없음,보행자,남,32세,중상
2021122400100493,2021년 12월 24일 19시,금요일,경상북도 경산시 압량읍,경상사고,0,0,1,0,차대차 - 측면충돌,안전운전불이행,건조,맑음,교차로 - 교차로안,승용,여,66세,상해없음,승용,여,50세,경상
2021122400100494,2021년 12월 24일 19시,금요일,경상북도 포항시 남구 연일읍,부상신고사고,0,0,0,1,차대차 - 추돌,안전운전불이행,건조,맑음,단일로 - 기타,승용,남,23세,기타불명,승용,남,31세,부상신고
2021122400100582,2021년 12월 24일 21시,금요일,경상북도 경주시 동천동,경상사고,0,0,1,0,차대차 - 측면충돌,안전운전불이행,건조,맑음,기타 - 기타,승용,남,29세,상해없음,승용,여,42세,경상
2021122400100583,2021년 12월 24일 21시,금요일,경상북도 포항시 북구 죽도동,경상사고,0,0,1,0,차대차 - 측면충돌,중앙선침범,건조,맑음,교차로 - 교차로부근,승용,남,53세,상해없음,승용,여,64세,경상
2021122400100584,2021년 12월 24일 21시,금요일,경상북도 영천시 야사동,경상사고,0,0,1,0,차대사람 - 횡단중,안전운전불이행,건조,맑음,교차로 - 교차로부근,승용,남,49세,상해없음,보행자,남,57세,경상
2021122400100585,2021년 12월 24일 21시,금요일,경상북도 포항시 남구 장흥동,경상사고,0,0,1,0,차대차 - 측면충돌,신호위반,건조,맑음,교차로 - 교차로안,승용,남,69세,상해없음,승용,남,24세,경상
2021122400100619,2021년 12월 24일 22시,금요일,경상북도 상주시 내서면,중상사고,0,1,0,0,차량단독 - 전도전복 - 전도,안전운전불이행,건조,맑음,단일로 - 기타,이륜,남,51세,중상,,,,
2021122400100620,2021년 12월 24일 22시,금요일,경상북도 포항시 남구 상도동,경상사고,0,0,1,0,차대차 - 측면충돌,차로위반,건조,맑음,단일로 - 기타,이륜,남,32세,경상,승용,남,34세,상해없음
2021122400100621,2021년 12월 24일 22시,금요일,경상북도 포항시 남구 오천읍,중상사고,0,1,0,0,차대차 - 정면충돌,중앙선침범,건조,맑음,교차로 - 교차로안,승용,남,25세,상해없음,이륜,남,62세,중상
2021122400100638,2021년 12월 24일 23시,금요일,경상북도 경주시 시래동,중상사고,0,1,0,0,차대차 - 기타,안전운전불이행,건조,맑음,단일로 - 기타,화물,기타불명,미분류,기타불명,승용,남,19세,중상
2021122500100006,2021년 12월 25일 00시,토요일,경상북도 안동시 송천동,중상사고,0,1,0,0,차량단독 - 도로외이탈 - 추락,안전운전불이행,건조,맑음,단일로 - 기타,개인형이동수단(PM),남,23세,중상,,,,
2021122500100012,2021년 12월 25일 01시,토요일,경상북도 안동시 풍천면,경상사고,0,0,1,0,차량단독 - 기타,기타,서리/결빙,맑음,단일로 - 기타,이륜,남,55세,경상,,,,
2021122500100050,2021년 12월 25일 08시,토요일,경상북도 칠곡군 왜관읍,경상사고,0,0,1,0,차대차 - 측면충돌,교차로운행방법위반,건조,맑음,교차로 - 교차로안,승합,여,26세,상해없음,승용,여,41세,경상
2021122500100082,2021년 12월 25일 10시,토요일,경상북도 포항시 북구 흥해읍,경상사고,0,0,2,0,차대차 - 추돌,안전거리미확보,건조,맑음,단일로 - 기타,화물,남,45세,상해없음,승용,남,46세,경상
2021122500100083,2021년 12월 25일 10시,토요일,경상북도 포항시 북구 흥해읍,경상사고,0,0,2,0,차대차 - 측면충돌,신호위반,건조,맑음,단일로 - 기타,승용,남,50세,상해없음,승용,남,71세,경상
2021122500100084,2021년 12월 25일 10시,토요일,경상북도 문경시 신기동,경상사고,0,0,1,0,차대차 - 측면충돌,직진우회전진행방해,건조,맑음,교차로 - 교차로안,승용,남,61세,상해없음,화물,남,48세,경상
2021122500100085,2021년 12월 25일 10시,토요일,경상북도 고령군 성산면,중상사고,0,2,0,0,차량단독 - 공작물충돌,안전운전불이행,건조,맑음,단일로 - 교량,승용,남,61세,중상,,,,
2021122500100096,2021년 12월 25일 11시,토요일,경상북도 경주시 성동동,경상사고,0,0,1,0,차대차 - 측면충돌,신호위반,건조,맑음,교차로 - 교차로부근,승용,남,31세,상해없음,승용,남,63세,경상
2021122500100097,2021년 12월 25일 11시,토요일,경상북도 상주시 공검면,경상사고,0,0,1,0,차대차 - 측면충돌,중앙선침범,건조,맑음,단일로 - 기타,화물,남,72세,상해없음,화물,남,64세,경상
2021122500100098,2021년 12월 25일 11시,토요일,경상북도 구미시 고아읍,중상사고,0,1,0,0,차대차 - 측면충돌,안전운전불이행,건조,맑음,교차로 - 교차로부근,승용,남,18세,상해없음,이륜,남,52세,중상
2021122500100127,2021년 12월 25일 12시,토요일,경상북도 포항시 북구 두호동,경상사고,0,0,2,0,차대차 - 측면충돌,안전운전불이행,건조,맑음,교차로 - 교차로안,이륜,남,25세,경상,승용,여,33세,경상
2021122500100128,2021년 12월 25일 12시,토요일,경상북도 안동시 옥동,경상사고,0,0,1,0,차대차 - 측면충돌,중앙선침범,건조,맑음,교차로 - 교차로부근,이륜,남,52세,경상,승용,남,50세,상해없음
2021122500100155,2021년 12월 25일 13시,토요일,경상북도 칠곡군 석적읍,경상사고,0,0,1,0,차대차 - 측면충돌,안전거리미확보,건조,맑음,교차로 - 교차로부근,승용,남,43세,상해없음,승용,남,35세,경상
2021122500100156,2021년 12월 25일 13시,토요일,경상북도 경산시 옥산동,경상사고,0,0,1,0,차대차 - 측면충돌,안전거리미확보,기타,맑음,단일로 - 기타,승용,남,25세,상해없음,이륜,남,34세,경상
2021122500100157,2021년 12월 25일 13시,토요일,경상북도 구미시 옥계동,경상사고,0,0,1,0,차대차 - 추돌,신호위반,건조,맑음,교차로 - 교차로부근,승용,여,61세,상해없음,승용,남,43세,경상
2021122500100158,2021년 12월 25일 13시,토요일,경상북도 포항시 남구 인덕동,경상사고,0,0,2,0,차대차 - 기타,안전운전불이행,건조,맑음,단일로 - 기타,승용,남,68세,상해없음,승용,남,32세,경상
2021122500100184,2021년 12월 25일 14시,토요일,경상북도 포항시 북구 남빈동,경상사고,0,0,4,0,차대차 - 측면충돌,안전운전불이행,건조,맑음,교차로 - 교차로안,승용,여,51세,상해없음,승용,남,54세,경상
2021122500100185,2021년 12월 25일 14시,토요일,경상북도 영덕군 강구면,경상사고,0,0,3,0,차대차 - 측면충돌,직진우회전진행방해,건조,맑음,교차로 - 교차로안,승용,여,62세,경상,승용,여,40세,경상
2021122500100213,2021년 12월 25일 15시,토요일,경상북도 포항시 북구 청하면,경상사고,0,0,1,0,차대차 - 정면충돌,중앙선침범,건조,맑음,단일로 - 기타,승용,여,56세,기타불명,화물,남,71세,경상
2021122500100214,2021년 12월 25일 15시,토요일,경상북도 포항시 남구 청림동,경상사고,0,0,1,0,차대차 - 측면충돌,직진우회전진행방해,건조,맑음,교차로 - 교차로안,이륜,남,38세,상해없음,승용,남,60세,경상
2021122500100215,2021년 12월 25일 15시,토요일,경상북도 포항시 남구 구룡포읍,경상사고,0,0,1,0,차대차 - 추돌,안전운전불이행,건조,맑음,단일로 - 기타,승용,여,25세,상해없음,승용,남,36세,경상
2021122500100237,2021년 12월 25일 16시,토요일,경상북도 포항시 남구 효자동,경상사고,0,0,1,0,차대차 - 측면충돌,안전거리미확보,건조,맑음,단일로 - 기타,승용,남,54세,상해없음,승용,여,35세,경상
2021122500100261,2021년 12월 25일 17시,토요일,경상북도 봉화군 춘양면,중상사고,0,2,0,0,차대차 - 정면충돌,중앙선침범,건조,맑음,교차로 - 교차로안,승용,남,53세,중상,승용,여,59세,상해없음
2021122500100325,2021년 12월 25일 19시,토요일,경상북도 영주시 하망동,중상사고,0,1,0,0,차대차 - 측면충돌,안전운전불이행,건조,맑음,기타 - 기타,승용,남,70세,상해없음,이륜,남,43세,중상
2021122500100326,2021년 12월 25일 19시,토요일,경상북도 경산시 임당동,경상사고,0,0,1,0,차대사람 - 기타,안전운전불이행,건조,맑음,단일로 - 기타,승용,남,52세,상해없음,보행자,여,24세,경상
2021122500100327,2021년 12월 25일 19시,토요일,경상북도 구미시 산동읍,부상신고사고,0,0,0,1,차대차 - 기타,안전운전불이행,건조,맑음,주차장 - 주차장,기타불명,기타불명,미분류,기타불명,이륜,남,29세,부상신고
2021122500100345,2021년 12월 25일 20시,토요일,경상북도 봉화군 봉화읍,중상사고,0,1,0,0,차량단독 - 공작물충돌,기타,건조,맑음,단일로 - 기타,화물,남,73세,중상,,,,
2021122500100375,2021년 12월 25일 21시,토요일,경상북도 경주시 황성동,경상사고,0,0,2,0,차대차 - 측면충돌,안전운전불이행,건조,맑음,단일로 - 지하차도(도로)내,승용,남,63세,상해없음,승용,남,24세,경상
2021122500100376,2021년 12월 25일 21시,토요일,경상북도 영주시 가흥동,경상사고,0,0,1,0,차대차 - 측면충돌,교차로운행방법위반,건조,맑음,교차로 - 교차로안,승용,남,19세,상해없음,이륜,남,40세,경상
2021122500100377,2021년 12월 25일 21시,토요일,경상북도 구미시 진평동,경상사고,0,0,1,0,차대차 - 기타,신호위반,건조,맑음,교차로 - 교차로안,승용,남,34세,상해없음,승용,여,56세,경상
2021122500100378,2021년 12월 25일 21시,토요일,경상북도 구미시 진평동,중상사고,0,1,0,0,차대차 - 측면충돌,안전운전불이행,건조,맑음,단일로 - 기타,승용,여,44세,상해없음,이륜,남,51세,중상
2021122500100379,2021년 12월 25일 21시,토요일,경상북도 구미시 선기동,경상사고,0,0,1,0,차대차 - 측면충돌,안전거리미확보,건조,맑음,교차로 - 교차로안,승용,남,56세,기타불명,승용,여,44세,경상
2021122500100405,2021년 12월 25일 22시,토요일,경상북도 경주시 황성동,중상사고,0,1,0,0,차대차 - 추돌,안전운전불이행,건조,맑음,단일로 - 기타,승용,여,50세,상해없음,승용,남,56세,중상
2021122500100406,2021년 12월 25일 22시,토요일,경상북도 안동시 용상동,경상사고,0,0,1,0,차대차 - 측면충돌,신호위반,건조,맑음,교차로 - 교차로안,승용,여,40세,상해없음,승용,여,26세,경상
2021122600100014,2021년 12월 26일 02시,일요일,경상북도 경주시 외동읍,경상사고,0,0,1,0,차대차 - 추돌,안전운전불이행,건조,맑음,단일로 - 기타,승용,남,31세,경상,화물,남,44세,상해없음
2021122600100049,2021년 12월 26일 10시,일요일,경상북도 포항시 북구 죽도동,경상사고,0,0,1,0,차대차 - 측면충돌,안전운전불이행,건조,맑음,교차로 - 교차로부근,승용,남,44세,상해없음,승용,남,61세,경상
2021122600100065,2021년 12월 26일 11시,일요일,경상북도 영주시 가흥동,경상사고,0,0,1,0,차대차 - 측면충돌,신호위반,건조,맑음,교차로 - 교차로안,승용,남,57세,상해없음,승용,여,38세,경상
2021122600100078,2021년 12월 26일 12시,일요일,경상북도 칠곡군 석적읍,중상사고,0,1,0,0,차대차 - 측면충돌,신호위반,건조,맑음,교차로 - 교차로안,화물,남,24세,상해없음,이륜,남,54세,중상
2021122600100079,2021년 12월 26일 12시,일요일,경상북도 경산시 옥곡동,경상사고,0,0,1,0,차대차 - 측면충돌,교차로운행방법위반,건조,맑음,교차로 - 교차로안,화물,남,71세,상해없음,이륜,남,28세,경상
2021122600100080,2021년 12월 26일 12시,일요일,경상북도 구미시 도량동,경상사고,0,0,1,0,차대차 - 후진중충돌,안전운전불이행,건조,맑음,주차장 - 주차장,특수,남,32세,상해없음,승용,남,47세,경상
2021122600100109,2021년 12월 26일 13시,일요일,경상북도 경주시 강동면,중상사고,0,1,0,0,차대차 - 추돌,안전운전불이행,건조,맑음,교차로 - 교차로부근,화물,남,68세,상해없음,승용,남,44세,상해없음
2021122600100110,2021년 12월 26일 13시,일요일,경상북도 경주시 도지동,중상사고,0,3,1,0,차대차 - 추돌,안전운전불이행,건조,맑음,단일로 - 기타,승용,남,65세,상해없음,승용,여,24세,중상
2021122600100167,2021년 12월 26일 15시,일요일,경상북도 상주시 남성동,중상사고,0,1,0,0,차대사람 - 길가장자리구역통행중,안전운전불이행,건조,맑음,단일로 - 기타,화물,남,65세,상해없음,보행자,여,50세,중상
2021122600100168,2021년 12월 26일 15시,일요일,경상북도 영천시 문외동,중상사고,0,1,1,0,차대차 - 정면충돌,안전운전불이행,건조,맑음,교차로 - 교차로안,승용,여,48세,상해없음,이륜,남,49세,중상
2021122600100190,2021년 12월 26일 16시,일요일,경상북도 영덕군 강구면,경상사고,0,0,1,0,차대사람 - 길가장자리구역통행중,안전운전불이행,건조,맑음,단일로 - 기타,승용,남,36세,상해없음,보행자,남,52세,경상
2021122600100216,2021년 12월 26일 17시,일요일,경상북도 상주시 함창읍,중상사고,0,1,0,0,차대차 - 측면충돌,직진우회전진행방해,건조,맑음,교차로 - 교차로안,화물,남,29세,상해없음,자전거,남,72세,중상
2021122600100252,2021년 12월 26일 18시,일요일,경상북도 영천시 창구동,중상사고,0,1,0,0,차대사람 - 횡단중,안전운전불이행,건조,맑음,단일로 - 기타,이륜,남,30세,상해없음,보행자,여,78세,중상
2021122600100253,2021년 12월 26일 18시,일요일,경상북도 경산시 압량읍,경상사고,0,0,1,0,차대사람 - 차도통행중,안전운전불이행,건조,맑음,교차로 - 교차로부근,화물,남,62세,상해없음,보행자,여,71세,경상
2021122600100254,2021년 12월 26일 18시,일요일,경상북도 성주군 초전면,경상사고,0,0,1,0,차대차 - 측면충돌,차로위반,건조,맑음,단일로 - 기타,승용,남,24세,상해없음,승용,남,26세,경상
2021122600100308,2021년 12월 26일 20시,일요일,경상북도 구미시 고아읍,경상사고,0,0,1,0,차대사람 - 횡단중,안전운전불이행,건조,맑음,교차로 - 교차로횡단보도내,승용,여,47세,상해없음,보행자,남,59세,경상
2021122600100327,2021년 12월 26일 21시,일요일,경상북도 포항시 북구 동빈1가,경상사고,0,0,2,0,차대차 - 추돌,안전운전불이행,건조,맑음,단일로 - 기타,승용,남,51세,상해없음,승용,남,29세,경상
2021122600100328,2021년 12월 26일 21시,일요일,경상북도 경산시 압량읍,경상사고,0,0,1,0,차대사람 - 보도통행중,기타,건조,맑음,단일로 - 기타,이륜,남,39세,기타불명,보행자,남,43세,경상
2021122700100013,2021년 12월 27일 04시,월요일,경상북도 영천시 봉동,경상사고,0,0,1,0,차대차 - 측면충돌,안전운전불이행,건조,맑음,단일로 - 기타,승용,여,51세,상해없음,승용,남,47세,경상
2021122700100035,2021년 12월 27일 06시,월요일,경상북도 구미시 송정동,경상사고,0,0,1,0,차대차 - 정면충돌,신호위반,건조,맑음,교차로 - 교차로안,승용,남,56세,상해없음,승용,남,58세,경상
2021122700100036,2021년 12월 27일 06시,월요일,경상북도 구미시 광평동,중상사고,0,1,1,0,차대차 - 측면충돌,직진우회전진행방해,건조,기타,교차로 - 교차로부근,승용,여,74세,중상,승용,남,61세,경상
2021122700100077,2021년 12월 27일 08시,월요일,경상북도 경주시 황성동,경상사고,0,0,3,0,차대차 - 측면충돌,교차로운행방법위반,건조,맑음,교차로 - 교차로안,승용,남,38세,경상,승용,남,31세,경상
2021122700100078,2021년 12월 27일 08시,월요일,경상북도 상주시 냉림동,중상사고,0,1,0,0,차대차 - 측면충돌,교차로운행방법위반,건조,맑음,교차로 - 교차로안,승용,여,51세,상해없음,자전거,남,72세,중상
2021122700100079,2021년 12월 27일 08시,월요일,경상북도 경산시 남산면,경상사고,0,0,1,0,차대차 - 측면충돌,신호위반,건조,맑음,교차로 - 교차로안,건설기계,남,62세,상해없음,화물,남,66세,경상
2021122700100080,2021년 12월 27일 08시,월요일,경상북도 포항시 남구 대잠동,경상사고,0,0,7,0,차대차 - 기타,안전운전불이행,건조,맑음,교차로 - 교차로부근,승용,남,61세,상해없음,승용,여,49세,경상
2021122700100113,2021년 12월 27일 09시,월요일,경상북도 안동시 정하동,경상사고,0,0,2,0,차대차 - 측면충돌,교차로운행방법위반,건조,맑음,교차로 - 교차로안,승용,여,33세,경상,승용,여,44세,경상
2021122700100136,2021년 12월 27일 10시,월요일,경상북도 포항시 북구 죽도동,중상사고,0,1,0,0,차대차 - 측면충돌,신호위반,건조,맑음,교차로 - 교차로부근,승용,남,57세,상해없음,자전거,남,67세,중상
2021122700100138,2021년 12월 27일 10시,월요일,경상북도 칠곡군 왜관읍,경상사고,0,0,1,0,차대차 - 측면충돌,안전운전불이행,건조,맑음,교차로 - 교차로안,승용,남,55세,상해없음,승용,남,59세,경상
2021122700100139,2021년 12월 27일 10시,월요일,경상북도 영천시 청통면,경상사고,0,0,3,0,차대차 - 측면충돌,안전운전불이행,건조,맑음,단일로 - 기타,승용,여,61세,경상,화물,여,60세,경상
2021122700100140,2021년 12월 27일 10시,월요일,경상북도 구미시 진평동,경상사고,0,0,1,0,차대차 - 측면충돌,안전운전불이행,건조,맑음,교차로 - 교차로부근,원동기,남,34세,경상,승용,여,53세,상해없음
2021122700100169,2021년 12월 27일 11시,월요일,경상북도 영덕군 축산면,사망사고,1,0,0,0,차량단독 - 공작물충돌,안전운전불이행,건조,맑음,교차로 - 교차로부근,승용,여,53세,사망,,,,
2021122700100222,2021년 12월 27일 13시,월요일,경상북도 경주시 산내면,경상사고,0,0,1,0,차대차 - 기타,안전운전불이행,건조,맑음,교차로 - 교차로안,승용,남,54세,상해없음,승용,여,26세,경상
2021122700100265,2021년 12월 27일 14시,월요일,경상북도 구미시 임은동,경상사고,0,0,1,0,차대차 - 측면충돌,직진우회전진행방해,건조,맑음,교차로 - 교차로안,승용,여,30세,상해없음,승용,여,56세,경상
2021122700100266,2021년 12월 27일 14시,월요일,경상북도 포항시 남구 이동,경상사고,0,0,1,0,차대차 - 추돌,안전운전불이행,건조,맑음,교차로 - 교차로부근,승용,남,57세,상해없음,승용,남,52세,경상
2021122700100310,2021년 12월 27일 15시,월요일,경상북도 포항시 북구 장성동,경상사고,0,0,1,0,차대차 - 측면충돌,직진우회전진행방해,건조,맑음,교차로 - 교차로안,승용,여,45세,상해없음,승용,남,66세,경상
2021122700100336,2021년 12월 27일 16시,월요일,경상북도 포항시 북구 흥해읍,경상사고,0,0,1,0,차대차 - 기타,안전운전불이행,건조,맑음,교차로 - 교차로안,승용,남,70세,상해없음,승용,남,75세,경상
2021122700100376,2021년 12월 27일 17시,월요일,경상북도 칠곡군 가산면,중상사고,0,1,0,0,차량단독 - 공작물충돌,안전운전불이행,건조,맑음,단일로 - 기타,승용,여,64세,중상,,,,
2021122700100378,2021년 12월 27일 17시,월요일,경상북도 경주시 건천읍,중상사고,0,1,0,0,차대차 - 측면충돌,안전운전불이행,건조,맑음,단일로 - 기타,화물,남,60세,상해없음,승용,여,55세,중상
2021122700100419,2021년 12월 27일 18시,월요일,경상북도 포항시 북구 두호동,경상사고,0,0,2,0,차대차 - 기타,교차로운행방법위반,건조,맑음,교차로 - 교차로안,승용,남,67세,상해없음,승합,남,52세,경상
2021122700100420,2021년 12월 27일 18시,월요일,경상북도 의성군 의성읍,경상사고,0,0,2,0,차대차 - 측면충돌,안전운전불이행,건조,맑음,교차로 - 교차로안,화물,남,65세,경상,승용,남,64세,경상
2021122700100421,2021년 12월 27일 18시,월요일,경상북도 경산시 옥산동,중상사고,0,1,0,0,차대차 - 측면충돌,중앙선침범,건조,맑음,단일로 - 기타,승용,남,52세,상해없음,승용,여,50세,중상
2021122700100422,2021년 12월 27일 18시,월요일,경상북도 구미시 도개면,부상신고사고,0,0,0,1,차대차 - 측면충돌,안전운전불이행,건조,맑음,단일로 - 기타,화물,남,77세,부상신고,화물,남,71세,상해없음
2021122700100458,2021년 12월 27일 19시,월요일,경상북도 안동시 태화동,경상사고,0,0,1,0,차대차 - 측면충돌,신호위반,건조,맑음,교차로 - 교차로안,승용,남,50세,상해없음,승용,남,25세,경상
2021122700100494,2021년 12월 27일 20시,월요일,경상북도 영천시 야사동,경상사고,0,0,3,0,차대차 - 측면충돌,안전운전불이행,건조,맑음,교차로 - 교차로안,승용,남,49세,경상,승용,남,47세,경상
2021122700100526,2021년 12월 27일 21시,월요일,경상북도 구미시 고아읍,경상사고,0,0,1,0,차대차 - 기타,안전운전불이행,건조,맑음,단일로 - 기타,승합,남,71세,상해없음,승용,여,19세,경상
2021122700100576,2021년 12월 27일 23시,월요일,경상북도 영천시 청통면,경상사고,0,0,1,0,차량단독 - 공작물충돌,안전운전불이행,건조,맑음,단일로 - 기타,승용,남,34세,경상,,,,
2021122800100050,2021년 12월 28일 06시,화요일,경상북도 경산시 하양읍,사망사고,1,0,0,0,차대사람 - 횡단중,안전운전불이행,건조,맑음,단일로 - 기타,승용,남,69세,상해없음,보행자,여,91세,사망
2021122800100071,2021년 12월 28일 07시,화요일,경상북도 안동시 평화동,중상사고,0,1,0,0,차대사람 - 기타,안전운전불이행,건조,맑음,단일로 - 기타,화물,남,55세,상해없음,보행자,여,69세,중상
2021122800100072,2021년 12월 28일 07시,화요일,경상북도 안동시 풍산읍,경상사고,0,0,2,0,차대차 - 측면충돌,신호위반,건조,맑음,교차로 - 교차로안,승용,남,31세,경상,승용,남,28세,경상
2021122800100073,2021년 12월 28일 07시,화요일,경상북도 경산시 평산동,경상사고,0,0,1,0,차대차 - 측면충돌,신호위반,건조,맑음,교차로 - 교차로안,화물,남,28세,상해없음,승용,남,29세,경상
2021122800100134,2021년 12월 28일 09시,화요일,경상북도 경주시 구황동,중상사고,0,1,0,0,차대차 - 측면충돌,중앙선침범,건조,맑음,교차로 - 교차로부근,승용,남,69세,상해없음,화물,남,48세,중상
2021122800100135,2021년 12월 28일 09시,화요일,경상북도 포항시 남구 오천읍,경상사고,0,0,1,0,차대차 - 측면충돌,신호위반,건조,맑음,교차로 - 교차로안,승용,남,29세,상해없음,승용,여,36세,경상
2021122800100157,2021년 12월 28일 10시,화요일,경상북도 포항시 남구 인덕동,경상사고,0,0,1,0,차대차 - 측면충돌,교차로운행방법위반,건조,맑음,교차로 - 교차로안,승용,남,54세,상해없음,승용,남,46세,경상
2021122800100158,2021년 12월 28일 10시,화요일,경상북도 포항시 남구 인덕동,경상사고,0,0,1,0,차대차 - 측면충돌,안전거리미확보,건조,맑음,단일로 - 지하차도(도로)내,건설기계,남,58세,상해없음,화물,남,50세,상해없음
2021122800100184,2021년 12월 28일 11시,화요일,경상북도 안동시 일직면,경상사고,0,0,2,0,차대차 - 기타,직진우회전진행방해,건조,맑음,교차로 - 교차로안,화물,남,56세,경상,화물,남,69세,경상